{"imageWidth": 512, "height": 116, "imageHeight": 512, "psf": [[0.0003650140715762973, 0.0006182256038300693, 0.0007743022288195789, 0.0009469975484535098, 0.0010488287080079317, 0.0011459689121693373, 0.0012495961273089051, 0.0009941586758941412, 0.0007773019606247544, 0.00044035864993929863, 0.00029301008908078074], [0.0004641077830456197, 0.0009135126019828022, 0.0012471434893086553, 0.001885526697151363, 0.0024970148224383593, 0.0027085249312222004, 0.0024978877045214176, 0.0018776641227304935, 0.0011003550607711077, 0.0007203163113445044, 0.0004138032963965088], [0.0006791387568227947, 0.0013239033287391067, 0.002397798700258136, 0.004097791388630867, 0.006447373889386654, 0.007672340143471956, 0.006459677591919899, 0.003998833242803812, 0.001992220524698496, 0.001055029104463756, 0.0005009306478314102], [0.0009068387444131076, 0.0018492777599021792, 0.0040796916000545025, 0.009414887987077236, 0.019264521077275276, 0.02564013935625553, 0.018228670582175255, 0.008342515677213669, 0.0034793769009411335, 0.0014275875873863697, 0.0007488707778975368], [0.0009697832865640521, 0.0022707998286932707, 0.005991929676383734, 0.017384657636284828, 0.0448506698012352, 0.06447593867778778, 0.0421815849840641, 0.015870705246925354, 0.005502571351826191, 0.002031410112977028, 0.0008104359149001539], [0.0010850246762856841, 0.002368016168475151, 0.006778100971132517, 0.02063705585896969, 0.059657882899045944, 0.08828888088464737, 0.05935370549559593, 0.02224520407617092, 0.006901179440319538, 0.0024532161187380552, 0.0010294356616213918], [0.0009959576418623328, 0.0022008505184203386, 0.005631243344396353, 0.01615253835916519, 0.04288730397820473, 0.06298179924488068, 0.04529203847050667, 0.01897597312927246, 0.0064295935444533825, 0.0023342017084360123, 0.001008412567898631], [0.0008890311582945287, 0.0017740728799253702, 0.003767160465940833, 0.00894509069621563, 0.019190941005945206, 0.026753559708595276, 0.020761823281645775, 0.010356434620916843, 0.004314543679356575, 0.0017277994193136692, 0.0007392466068267822], [0.000639395322650671, 0.001216149888932705, 0.0023732990957796574, 0.004264778923243284, 0.007129219360649586, 0.008897336199879646, 0.007520314306020737, 0.004486204124987125, 0.0024560107849538326, 0.0012787465238943696, 0.0006102794432081282], [0.0005068841855973005, 0.0008199189323931932, 0.001299241790547967, 0.0019447517115622759, 0.002818368375301361, 0.0033140485174953938, 0.0028849532827734947, 0.0020861499942839146, 0.0011941454140469432, 0.0007216969970613718, 0.00042270385893061757], [0.0003585992963053286, 0.0005775087047368288, 0.0006915658013895154, 0.0009190862765535712, 0.0011033326154574752, 0.0013363671023398638, 0.0013299359707161784, 0.0010581688256934285, 0.0007513817981816828, 0.0004580775275826454, 0.0002965805761050433]], "psfHeight": 11, "psfWidth": 11, "width": 116}