{"psfHeight": 11, "width": 106, "psf": [[0.00018578818708192557, 0.0005401092930696905, 0.0007012452697381377, 0.00108079903293401, 0.0013104738900437951, 0.0013132019666954875, 0.0011209246004000306, 0.0007624803110957146, 0.0007055979804135859, 0.00042502788710407913, 0.0002226277720183134], [0.0002405573322903365, 0.0005297083989717066, 0.0010555937187746167, 0.0018466163892298937, 0.00233440357260406, 0.0022767980117350817, 0.002176290610805154, 0.0018007599283009768, 0.0012056470150128007, 0.0007923330413177609, 0.00041189114563167095], [0.00039597353315912187, 0.0007794085540808737, 0.0015784141141921282, 0.0036726014222949743, 0.00630631810054183, 0.007232014089822769, 0.0058722770772874355, 0.003645033109933138, 0.0021036951802670956, 0.001173831638880074, 0.0006263962131924927], [0.000597909209318459, 0.0012008153134956956, 0.0029388698749244213, 0.007416208740323782, 0.01782190427184105, 0.024057865142822266, 0.017297061160206795, 0.008426484651863575, 0.0036688854452222586, 0.0016920380294322968, 0.0007063800585456192], [0.0007840922335162759, 0.0015565023059025407, 0.004696755204349756, 0.014652486890554428, 0.04784167557954788, 0.07127015292644501, 0.04600231349468231, 0.017031874507665634, 0.005512744188308716, 0.0019905248191207647, 0.0009579372126609087], [0.001062117051333189, 0.0018852177308872342, 0.0057958029210567474, 0.019627606496214867, 0.07172482460737228, 0.11249274760484695, 0.06952755898237228, 0.022697409614920616, 0.006697037722915411, 0.0020148197654634714, 0.0010071411961689591], [0.000959615979809314, 0.0016087780240923166, 0.00469233887270093, 0.01465341541916132, 0.04620392993092537, 0.07321971654891968, 0.048496320843696594, 0.017383823171257973, 0.005659742280840874, 0.0017993665533140302, 0.0009270301088690758], [0.0007509489078074694, 0.0012749332236126065, 0.002508854027837515, 0.006349425762891769, 0.013847018592059612, 0.01986975036561489, 0.01592911407351494, 0.007801881991326809, 0.003424275666475296, 0.001383953494951129, 0.0006271849269978702], [0.0004732886445708573, 0.0007118262001313269, 0.0014089517062529922, 0.0025517030153423548, 0.00443714763969183, 0.0055040582083165646, 0.004804182797670364, 0.0030138634610921144, 0.0017178358975797892, 0.0008252278785221279, 0.00035622555878944695], [0.0002445883583277464, 0.00036712049040943384, 0.0007660127012059093, 0.0011813656892627478, 0.0014094642829149961, 0.0016422847984358668, 0.0016162932151928544, 0.0012023025192320347, 0.0007781036547385156, 0.0004247534670867026, 0.0002782884403131902], [0.00026578831602819264, 0.0002036530349869281, 0.00040581077337265015, 0.0005654211854562163, 0.0008619519066996872, 0.0011183287715539336, 0.0008704132633283734, 0.000528904958628118, 0.0005498543614521623, 0.00029767220257781446, 0.00016731105279177427]], "height": 106, "imageWidth": 512, "psfWidth": 11, "imageHeight": 512}