{"psfHeight": 11, "width": 253, "psf": [[0.00015763455303385854, 0.00040720016113482416, 0.0006438484997488558, 0.0009965647477656603, 0.0010837401496246457, 0.0011941205011680722, 0.0010706395842134953, 0.0006392341456376016, 0.0007260434213094413, 0.0005252616829238832, 0.00032321433536708355], [0.00031845280318520963, 0.000543452799320221, 0.0011072892230004072, 0.0018410810735076666, 0.002325992565602064, 0.002318622777238488, 0.0019961351063102484, 0.0015446997713297606, 0.0010943212546408176, 0.0006669736467301846, 0.00043387184268794954], [0.0004577479267027229, 0.0009739759843796492, 0.0017960496479645371, 0.003532907459884882, 0.005717321764677763, 0.006877449341118336, 0.005356048233807087, 0.003390299156308174, 0.0018386871088296175, 0.0009950209641829133, 0.00047722464660182595], [0.0005423299153335392, 0.0012932242825627327, 0.003167902585119009, 0.008139386773109436, 0.016517536714673042, 0.022733405232429504, 0.01768459379673004, 0.007833736017346382, 0.003257115138694644, 0.0012430015485733747, 0.0005252054543234408], [0.0009914212860167027, 0.001975324470549822, 0.005599163938313723, 0.016547759994864464, 0.04388194903731346, 0.07200434803962708, 0.05103389918804169, 0.015801167115569115, 0.004346853122115135, 0.0013538975035771728, 0.0007127179997041821], [0.0012153297429904342, 0.00237660831771791, 0.0072446418926119804, 0.023368123918771744, 0.07006451487541199, 0.11787538975477219, 0.07371260970830917, 0.019101811572909355, 0.005053039640188217, 0.0014690991956740618, 0.0006946754874661565], [0.001043520518578589, 0.002370525849983096, 0.00636333180591464, 0.018880868330597878, 0.05026707053184509, 0.07449232786893845, 0.04276333004236221, 0.012529600411653519, 0.003665410215035081, 0.001331045408733189, 0.0005836143391206861], [0.0008314314763993025, 0.0014780666679143906, 0.00346751743927598, 0.008358420804142952, 0.016923001036047935, 0.020781531929969788, 0.013570966199040413, 0.005796581972390413, 0.0023481769021600485, 0.0009768205927684903, 0.00044797584996558726], [0.00047696911497041583, 0.0006998606841079891, 0.0014426473062485456, 0.0028935126028954983, 0.004521472379565239, 0.0052158161997795105, 0.004066749941557646, 0.002283186186105013, 0.0013025946682319045, 0.0006482378812506795, 0.000356578326318413], [0.00012410023191478103, 0.0004884066293016076, 0.0007974914042279124, 0.0011626406339928508, 0.0013832001714035869, 0.001437057857401669, 0.0013987934216856956, 0.0009203618974424899, 0.0007060557254590094, 0.0004546988056972623, 0.0002988722699228674], [0.0002076234668493271, 0.00020282781042624265, 0.0004968736320734024, 0.00046318431850522757, 0.0007547943969257176, 0.0006723252008669078, 0.0006395021919161081, 0.0005164300091564655, 0.00038030106225050986, 0.0003214004682376981, 0.0002613832475617528]], "height": 253, "imageWidth": 512, "psfWidth": 11, "imageHeight": 512}