{"imageWidth": 512, "height": 270, "imageHeight": 512, "psf": [[0.0003286674327682704, 0.00039324912359006703, 0.0004676902317442, 0.0004900545463897288, 0.00063845090335235, 0.0008226983482018113, 0.0006908723153173923, 0.0005667457007803023, 0.0006213181768544018, 0.0005566647741943598, 0.0002816939086187631], [0.00029876266489736736, 0.0005743560614064336, 0.0008481538970954716, 0.0010502152144908905, 0.0012662283843383193, 0.0013944589300081134, 0.001268767286092043, 0.0012945731868967414, 0.0010549258440732956, 0.0007241685525514185, 0.0003652813902590424], [0.000314194243401289, 0.0006383132422342896, 0.0014292527921497822, 0.002543008653447032, 0.004343660548329353, 0.005497907288372517, 0.004304949194192886, 0.002885841764509678, 0.0017421827651560307, 0.0008793006418272853, 0.000557093764655292], [0.00048455497017130256, 0.000926232198253274, 0.0021021629218012094, 0.005892347078770399, 0.014173628762364388, 0.01942683383822441, 0.01348445750772953, 0.005965248215943575, 0.0027401000261306763, 0.0011063804849982262, 0.0006175267044454813], [0.0007990100421011448, 0.000755223270971328, 0.003858329728245735, 0.011355643160641193, 0.04980457201600075, 0.0832434892654419, 0.04814571887254715, 0.012689966708421707, 0.004505053162574768, 0.0013952130684629083, 0.0009772700723260641], [0.0009559087920933962, 0.00033245576196350157, 0.005584837403148413, 0.014440933242440224, 0.08631280064582825, 0.15341268479824066, 0.08611466735601425, 0.01860303059220314, 0.005740239284932613, 0.001514830277301371, 0.0013782880268990993], [0.0006228344282135367, 0.0006804170552641153, 0.0035461746156215668, 0.010271835140883923, 0.04840664938092232, 0.08386790752410889, 0.05033125355839729, 0.012358509935438633, 0.004075154196470976, 0.0012851838255301118, 0.0010512121953070164], [0.000440722651546821, 0.0007488132687285542, 0.0017882066313177347, 0.004171299748122692, 0.010974373668432236, 0.016041496768593788, 0.011326880194246769, 0.004740632604807615, 0.0020013973116874695, 0.000931444694288075, 0.0005934006185270846], [0.00034427159698680043, 0.0005516126402653754, 0.001061340095475316, 0.001671798643656075, 0.0035572813358157873, 0.004620837979018688, 0.003303521778434515, 0.0018683145754039288, 0.0010323256719857454, 0.00046700023813173175, 0.0003117291780654341], [0.00026222746237181127, 0.0004025435773655772, 0.00048756960313767195, 0.0007776916027069092, 0.0009160107001662254, 0.0008028618176467717, 0.0009193315636366606, 0.0007344571058638394, 0.0005293297581374645, 0.0003795705270022154, 0.0002496819070074707], [0.0001590685424162075, 0.00022243756393436342, 0.00037934299325570464, 0.000402593839680776, 0.0005796671030111611, 0.0008885368006303906, 0.0006703237304463983, 0.00043176396866329014, 0.0003374833904672414, 0.0002373137540416792, 0.00021101263700984418]], "psfHeight": 11, "psfWidth": 11, "width": 270}