{"psfHeight": 11, "width": 437, "psf": [[0.0003148621181026101, 0.0004089067515451461, 0.0007227664464153349, 0.0007842154009267688, 0.0008221730822697282, 0.0008943350985646248, 0.0008309659315273166, 0.0005424958071671426, 0.00034165941178798676, 0.0003525633364915848, 0.000302254717098549], [0.0003217162739019841, 0.0006765355938114226, 0.001279032207094133, 0.0020202938467264175, 0.0021581570617854595, 0.002071433700621128, 0.0015420730924233794, 0.0013041229685768485, 0.0008949299226514995, 0.0007075330358929932, 0.00025768240448087454], [0.0008376100449822843, 0.0014669897500425577, 0.002439613686874509, 0.004656949546188116, 0.007260436657816172, 0.006634151563048363, 0.004861153196543455, 0.0027121398597955704, 0.0014370209537446499, 0.0007444206275977194, 0.0003572995774447918], [0.0010754703544080257, 0.0021408700849860907, 0.004610463045537472, 0.010808293707668781, 0.02210211381316185, 0.02367207035422325, 0.014327697455883026, 0.006635123863816261, 0.002768015256151557, 0.001326472614891827, 0.0005058702663518488], [0.0011219496373087168, 0.0021264851093292236, 0.005662423092871904, 0.018541736528277397, 0.05505039915442467, 0.07266230136156082, 0.04119043052196503, 0.012883005663752556, 0.0045209527015686035, 0.0014303099596872926, 0.0005004956037737429], [0.0012920638546347618, 0.001804014784283936, 0.005845952313393354, 0.01790887862443924, 0.06934069842100143, 0.1209028884768486, 0.07150434702634811, 0.016584083437919617, 0.005158933810889721, 0.0012131507974117994, 0.0010608056327328086], [0.0010785141494125128, 0.0012361591216176748, 0.003762845415621996, 0.010227590799331665, 0.03777403384447098, 0.0782364010810852, 0.05006464943289757, 0.01116065215319395, 0.0036882921122014523, 0.0008494628709740937, 0.0005381724331527948], [0.0006061280728317797, 0.0010925789829343557, 0.0016857475275173783, 0.005790077615529299, 0.013295555487275124, 0.02231268398463726, 0.01658538542687893, 0.0055987038649618626, 0.0019218978704884648, 0.0003253334143664688, 0.0001767102221492678], [0.0005047144368290901, 0.0005266146617941558, 0.0016797274583950639, 0.0005374434986151755, 0.003491706447675824, 0.006641059648245573, 0.004029819741845131, 0.0023481263779103756, 0.0009275387856177986, 0.0002429037995170802, 0.0002291967539349571], [-0.00024825672153383493, 0.0020700220484286547, -0.002335728146135807, 0.012902975082397461, 0.013082115910947323, 0.00013058770855423063, 0.002707986393943429, 0.00039562801248393953, 0.0009745183051563799, 0.0003570862172637135, 0.0002125845494447276], [-3.6009627365274355e-05, 0.0003373602230567485, -0.0004515195032581687, 0.0028284883592277765, 0.0030422245617955923, 0.0009474516846239567, 0.0010093156015500426, 0.00042198991286568344, 0.0006317319930531085, 0.00041518922080285847, 0.00020058851805515587]], "height": 437, "imageWidth": 512, "psfWidth": 11, "imageHeight": 512}