{"imageWidth": 512, "height": 284, "imageHeight": 512, "psf": [[0.0001968284195754677, 0.00027125602355226874, 0.00035307672806084156, 0.0006748784217052162, 0.0008849109872244298, 0.0010960043873637915, 0.0010305559262633324, 0.0008745575323700905, 0.0006733064656145871, 0.0004403253842610866, 0.00026060102391056716], [0.00034499051980674267, 0.0005907589802518487, 0.0008781366632319987, 0.0011907947482541203, 0.0015568959061056376, 0.002014012774452567, 0.002194223226979375, 0.001571585307829082, 0.0010116365738213062, 0.0005628458457067609, 0.00026739956228993833], [0.0004850384721066803, 0.000948410714045167, 0.0016614870401099324, 0.0027983272448182106, 0.00480667594820261, 0.0065962523221969604, 0.005867886822670698, 0.0034722546115517616, 0.0018308144062757492, 0.000910914852283895, 0.00044812666601501405], [0.0007579968078061938, 0.0013447230448946357, 0.003095972817391157, 0.007391837891191244, 0.015260429121553898, 0.021725159138441086, 0.017278730869293213, 0.008301093243062496, 0.0034529257100075483, 0.0015232455916702747, 0.0008501206175424159], [0.0007405003998428583, 0.0020229679066687822, 0.0047756945714354515, 0.0190606527030468, 0.04542168974876404, 0.06727736443281174, 0.048431508243083954, 0.017851708456873894, 0.005733795464038849, 0.0020264338236302137, 0.0010570520535111427], [0.0006354553624987602, 0.0021620518527925014, 0.005156551022082567, 0.026779962703585625, 0.07061995565891266, 0.10448969900608063, 0.07132507115602493, 0.024199053645133972, 0.007071697618812323, 0.0022269163746386766, 0.001098359702154994], [0.0005889994790777564, 0.001794588053599, 0.004482378717511892, 0.01820841245353222, 0.04759014770388603, 0.0672767162322998, 0.045819733291864395, 0.016942456364631653, 0.0054174549877643585, 0.0019501707283779979, 0.0008038159576244652], [0.0006444005412049592, 0.0011240141466259956, 0.0028728297911584377, 0.0072392309084534645, 0.01775139942765236, 0.021691391244530678, 0.015665017068386078, 0.007446229457855225, 0.0029571992345154285, 0.0014002800453454256, 0.000666944426484406], [0.0004358152218628675, 0.0007173499907366931, 0.0015502324094995856, 0.002624290995299816, 0.007593726739287376, 0.0072290790267288685, 0.00506242411211133, 0.003097456879913807, 0.0014336701715365052, 0.0008795444737188518, 0.00037169334245845675], [0.0002617901482153684, 0.0003728842129930854, 0.0009139653411693871, 0.0009910200024023652, 0.0029848855920135975, 0.0023827580735087395, 0.0017464215634390712, 0.0013427380472421646, 0.0006441659643314779, 0.00045292553841136396, 0.0002721597847994417], [0.0001166688307421282, 0.0002758951741270721, 0.0004334778059273958, 0.0006459050346165895, 0.0011100538540631533, 0.0011750974226742983, 0.0010389521485194564, 0.000748873280826956, 0.0003937784058507532, 0.0002322041691513732, 0.00022218255617190152]], "psfHeight": 11, "psfWidth": 11, "width": 284}