{"psfHeight": 11, "width": 66, "psf": [[0.00022267420717980713, 0.0002716648450586945, 0.0004490966384764761, 0.0005763631779700518, 0.0008222953183576465, 0.0008784452802501619, 0.000835830403957516, 0.0007297736592590809, 0.00041469340794719756, 0.00017159862909466028, 0.00016119657084345818], [0.00034593322197906673, 0.0005473085911944509, 0.0008179223514162004, 0.001343361334875226, 0.0018772338517010212, 0.002097790827974677, 0.001985353883355856, 0.0014942217385396361, 0.0007740395958535373, 0.000468628277303651, 0.00024742577807046473], [0.0004131993919145316, 0.0008239985327236354, 0.0015772496117278934, 0.003243550192564726, 0.005795327015221119, 0.0071985553950071335, 0.005909876432269812, 0.003506164066493511, 0.0016608609585091472, 0.0007655571680516005, 0.00041761560714803636], [0.0006421783473342657, 0.0011598175624385476, 0.0028592487797141075, 0.007560049183666706, 0.01844959706068039, 0.024888062849640846, 0.0177682526409626, 0.008406123146414757, 0.0032737511210143566, 0.0013317747507244349, 0.0004694849776569754], [0.0008276401204057038, 0.001367072225548327, 0.004380266182124615, 0.014388244599103928, 0.04847852140665054, 0.07333914190530777, 0.04632769897580147, 0.016732586547732353, 0.005669519770890474, 0.0017631908413022757, 0.0007325590122491121], [0.0010053451405838132, 0.0014578939881175756, 0.00537542998790741, 0.0176182072609663, 0.07004540413618088, 0.11407139897346497, 0.06906658411026001, 0.02148316614329815, 0.007006170693784952, 0.001939775189384818, 0.0009095045388676226], [0.0009711534949019551, 0.001522367587313056, 0.004678697790950537, 0.013643848709762096, 0.04711872711777687, 0.07536695152521133, 0.046783048659563065, 0.015717435628175735, 0.005611693952232599, 0.0019062604987993836, 0.000959727680310607], [0.0006847003824077547, 0.0012102450709789991, 0.002807553391903639, 0.006819996051490307, 0.016434496268630028, 0.02310303784906864, 0.01587425172328949, 0.007160211447626352, 0.0032143162097781897, 0.0014139859704300761, 0.000727184466086328], [0.0004662628343794495, 0.0008414445910602808, 0.0015775477513670921, 0.0030491757206618786, 0.005469613708555698, 0.006557149812579155, 0.004649528302252293, 0.00267029064707458, 0.0015007182955741882, 0.0008889934397302568, 0.0005948588950559497], [0.0002899857936426997, 0.00045705537195317447, 0.0009265225380659103, 0.0014755900483578444, 0.0021915484685450792, 0.0022078319452703, 0.0015478353016078472, 0.0011448296718299389, 0.0007637013331986964, 0.0004863007925450802, 0.00033610587706789374], [0.0001995648053707555, 0.00031012549879960716, 0.0005538261611945927, 0.0008999824640341103, 0.0011981087736785412, 0.0011735408334061503, 0.0008129507768899202, 0.0005677470471709967, 0.00035570733598433435, 0.00029378061299212277, 0.0001734064717311412]], "height": 66, "imageWidth": 512, "psfWidth": 11, "imageHeight": 512}