{"psfHeight": 11, "width": 210, "psf": [[0.00021828056196682155, 0.00048098142724484205, 0.0006035052356310189, 0.0007135816267691553, 0.0009056845447048545, 0.0010012984275817871, 0.0010678025428205729, 0.0008128018234856427, 0.0005422353278845549, 0.00027469111955724657, 0.00019845152564812452], [0.00036432978231459856, 0.0005976658430881798, 0.0011169902281835675, 0.001665138523094356, 0.001975662773475051, 0.0021808231249451637, 0.002036608988419175, 0.001486162655055523, 0.0008074185461737216, 0.0003936445864383131, 0.0002579233841970563], [0.00047790660755708814, 0.0009196080500259995, 0.0018039310816675425, 0.0035621621645987034, 0.005796312820166349, 0.007005169056355953, 0.00559511361643672, 0.003067554207518697, 0.0016525163082405925, 0.0008449453162029386, 0.0005184196052141488], [0.0006088766967877746, 0.0012820723932236433, 0.0033032307401299477, 0.007840928621590137, 0.018291017040610313, 0.02532634697854519, 0.017633069306612015, 0.007389197126030922, 0.003062910633161664, 0.0013705081073567271, 0.0008247209480032325], [0.0007839950849302113, 0.0014380578650161624, 0.004913059063255787, 0.015455665066838264, 0.047252360731363297, 0.07192989438772202, 0.04640449211001396, 0.014934362843632698, 0.0050943149253726006, 0.0014635975239798427, 0.0007878367905505002], [0.0008775196620263159, 0.0019156689522787929, 0.006054464261978865, 0.021728182211518288, 0.06826875358819962, 0.10506042093038559, 0.06790533661842346, 0.02053542621433735, 0.006121678277850151, 0.0016457962337881327, 0.0009084183839149773], [0.0008974463562481105, 0.001921381801366806, 0.005383712705224752, 0.01698099449276924, 0.04679208993911743, 0.0708284080028534, 0.04981024190783501, 0.01696677692234516, 0.005060299765318632, 0.0017395400209352374, 0.0008857346838340163], [0.0008234400302171707, 0.0014103291323408484, 0.0032874480821192265, 0.007913108915090561, 0.01672171615064144, 0.023916034027934074, 0.018978837877511978, 0.008505843579769135, 0.003215427277609706, 0.0013966284459456801, 0.0008013080223463476], [0.00048494478687644005, 0.0009849054040387273, 0.0016484139487147331, 0.002951189409941435, 0.004881503991782665, 0.0062004150822758675, 0.005440527573227882, 0.0033257410395890474, 0.0015867179026827216, 0.0008640835294499993, 0.0005712391575798392], [0.0003525539068505168, 0.0006185335805639625, 0.0008256875444203615, 0.001169217866845429, 0.0016501081408932805, 0.001825946499593556, 0.0019303875742480159, 0.0013063097139820457, 0.0008499553659930825, 0.0006010755896568298, 0.00024230332928709686], [0.00031004869379103184, 0.00027343290275894105, 0.0005437583313323557, 0.0004745554178953171, 0.000763528048992157, 0.0010483680525794625, 0.0008210124797187746, 0.0008021893445402384, 0.00044971713214181364, 0.0003340471303090453, 0.00027334512560628355]], "height": 210, "imageWidth": 512, "psfWidth": 11, "imageHeight": 512}