{"psfHeight": 11, "width": 139, "psf": [[0.0002401938836555928, 0.0002911174378823489, 0.000596395751927048, 0.000752387975808233, 0.0008531210478395224, 0.0009685062686912715, 0.0008820323273539543, 0.0006542645860463381, 0.00041581716504879296, 0.00033462350256741047, 0.00016077749023679644], [0.0002746341342572123, 0.00042674431460909545, 0.0008486649603582919, 0.001318683265708387, 0.0012155604781582952, 0.0008110685157589614, 0.0012936338316649199, 0.001347248093225062, 0.0008762548677623272, 0.000451188359875232, 0.0002319062768947333], [0.00023514822532888502, 0.0005381480441428721, 0.0012456737458705902, 0.002533351769670844, 0.00392974354326725, 0.005035686306655407, 0.004372167866677046, 0.002856493229046464, 0.0015063040191307664, 0.0006598884356208146, 0.0003094993007835001], [0.0002960718993563205, 0.000632650509942323, 0.0015839484985917807, 0.004644230008125305, 0.010731793008744717, 0.015403108671307564, 0.01334368996322155, 0.006224473938345909, 0.0023856216575950384, 0.0010529569117352366, 0.00046016499982215464], [0.0006564033101312816, 0.0005477121449075639, 0.00292465602979064, 0.00856656115502119, 0.04460255801677704, 0.0870465487241745, 0.05195946991443634, 0.012317522428929806, 0.004193186294287443, 0.0010791472159326077, 0.0007887313258834183], [0.001145432237535715, 0.00011438840010669082, 0.005316259805113077, 0.012158329598605633, 0.08901827782392502, 0.1721758395433426, 0.08815602213144302, 0.01724870130419731, 0.00571751594543457, 0.0010188916930928826, 0.0010117351775988936], [0.0009091357351280749, 0.0009530604584142566, 0.0038665824104100466, 0.010382700711488724, 0.05005890503525734, 0.08718861639499664, 0.0476716011762619, 0.012298821471631527, 0.0043722051195800304, 0.0012411447241902351, 0.0007007957901805639], [0.0005201993626542389, 0.0009752085315994918, 0.0017459566006436944, 0.004264675080776215, 0.009347738698124886, 0.012915842235088348, 0.010189656168222427, 0.00472491979598999, 0.0022320544812828302, 0.0010215295478701591, 0.0004547926364466548], [0.0003223997773602605, 0.0005610701045952737, 0.0008503934950567782, 0.001486131688579917, 0.003403406823053956, 0.004591196309775114, 0.0032989562023431063, 0.001847921870648861, 0.0010641029803082347, 0.0005246791988611221, 0.00032282722531817853], [0.00022221432300284505, 0.0003769749600905925, 0.0005592848174273968, 0.0007214631768874824, 0.0007297216216102242, 0.0005134355742484331, 0.0010430477559566498, 0.0008959866827353835, 0.0005150093929842114, 0.0003022548626177013, 0.0001225262531079352], [0.0001170016112155281, 0.0002453281485941261, 0.0002711725828703493, 0.0003697327629197389, 0.0007454428123310208, 0.001023248303681612, 0.0007592164329253137, 0.0006085506756789982, 0.0003045990888494998, 0.00016147506539709866, 9.357175440527499e-05]], "height": 139, "imageWidth": 512, "psfWidth": 11, "imageHeight": 512}