{"psfHeight": 11, "width": 174, "psf": [[0.0003205575922038406, 0.00048590495134703815, 0.0005854159826412797, 0.0008286686497740448, 0.0010449172696098685, 0.0013820660533383489, 0.0011954531073570251, 0.0008731989655643702, 0.0005496842204593122, 0.0002988278865814209, 0.0002772392181213945], [0.0003990615368820727, 0.0006064235349185765, 0.001058136229403317, 0.0016214114148169756, 0.002411708701401949, 0.0029043189715594053, 0.0027013523504137993, 0.0016299146227538586, 0.000942844373639673, 0.0006165696540847421, 0.0003487693320494145], [0.00046537548769265413, 0.0008379208738915622, 0.0017047661822289228, 0.0032982348930090666, 0.006577926687896252, 0.009135177358984947, 0.007722899317741394, 0.003974387887865305, 0.0018840371631085873, 0.0009429867495782673, 0.000429685169365257], [0.0006360450643114746, 0.0012537972070276737, 0.0028901102486997843, 0.00688684917986393, 0.018911276012659073, 0.02898235060274601, 0.021787703037261963, 0.00944620929658413, 0.0034186970442533493, 0.0013852398842573166, 0.0006718678632751107], [0.0007292174850590527, 0.0012400081614032388, 0.004176420159637928, 0.012419155798852444, 0.045513443648815155, 0.07246918231248856, 0.04765893518924713, 0.017678527161478996, 0.005574511829763651, 0.0017936029471457005, 0.0008248733938671649], [0.0006400388665497303, 0.0011722298804670572, 0.004580812994390726, 0.016788963228464127, 0.06772235035896301, 0.10573584586381912, 0.064957395195961, 0.0220151599496603, 0.006754415575414896, 0.002255112398415804, 0.0009359336690977216], [0.0006148943793959916, 0.0011968797771260142, 0.003929515369236469, 0.014483447186648846, 0.050847895443439484, 0.07433149218559265, 0.04601758345961571, 0.01663576439023018, 0.005348340142518282, 0.00196115137077868, 0.0008715865551494062], [0.0005960393464192748, 0.0010061435168609023, 0.0025953513104468584, 0.0072807916440069675, 0.018348315730690956, 0.024050205945968628, 0.016266709193587303, 0.007293786387890577, 0.0029018758796155453, 0.0011966318124905229, 0.0005964343436062336], [0.00045554916141554713, 0.0008681279723532498, 0.0015987983206287026, 0.002896710066124797, 0.004791521467268467, 0.005629553925246, 0.004381657112389803, 0.0024228314869105816, 0.001346856472082436, 0.000754490785766393, 0.0004378416924737394], [0.000437766284449026, 0.0007750227232463658, 0.0010397778823971748, 0.001316408975981176, 0.001513828756287694, 0.0015894707757979631, 0.001313660992309451, 0.0010093097807839513, 0.0006985830841585994, 0.00044254775275476277, 0.00036315727629698813], [0.00034776810207404196, 0.00040055112913250923, 0.0005485151777975261, 0.000721322896424681, 0.0007643734570592642, 0.0007205301080830395, 0.0006580138579010963, 0.0005142898298799992, 0.0003499146259855479, 0.00030058115953579545, 0.00025770303909666836]], "height": 174, "imageWidth": 512, "psfWidth": 11, "imageHeight": 512}