{"imageWidth": 512, "height": 153, "imageHeight": 512, "psf": [[0.00010287258919561282, 0.00031958415638655424, 0.0006521698087453842, 0.0007952931919135153, 0.0011733522405847907, 0.0013686016900464892, 0.001094673527404666, 0.0008473648340441287, 0.0004941430524922907, 0.0003042483585886657, 0.0002603551256470382], [0.0003765532746911049, 0.0005749299889430404, 0.0012366323499009013, 0.0018933509709313512, 0.002653176663443446, 0.0032627435866743326, 0.002795193111523986, 0.0018602479249238968, 0.0010853270068764687, 0.0006826596800237894, 0.00040306078153662384], [0.0005504213040694594, 0.0010332268429920077, 0.002023967681452632, 0.003960554488003254, 0.00735931983217597, 0.009619057178497314, 0.007682992611080408, 0.004338182974606752, 0.0021041224244982004, 0.0010050178971141577, 0.0005494345678016543], [0.0007391366525553167, 0.001617229776456952, 0.003408134914934635, 0.008487209677696228, 0.019540397450327873, 0.027981532737612724, 0.020777052268385887, 0.009476916864514351, 0.0037158604245632887, 0.0015870596980676055, 0.0007772571407258511], [0.0011247589718550444, 0.002116576535627246, 0.00539453886449337, 0.015287525951862335, 0.044851649552583694, 0.06878919154405594, 0.045333947986364365, 0.016398821026086807, 0.005319857504218817, 0.001925887307152152, 0.0010579450754448771], [0.001198361162096262, 0.002095920732244849, 0.006425133906304836, 0.019028285518288612, 0.06372914463281631, 0.10148870944976807, 0.06225045025348663, 0.019797317683696747, 0.006206244695931673, 0.0019547189585864544, 0.0010229583131149411], [0.001022316631861031, 0.0018227135296911001, 0.005170821212232113, 0.01467112172394991, 0.04545983299612999, 0.07162689417600632, 0.045688096433877945, 0.015740491449832916, 0.005267719272524118, 0.0017882073298096657, 0.0009270244627259672], [0.0008361233631148934, 0.0014582984149456024, 0.0032737746369093657, 0.007509808521717787, 0.016850806772708893, 0.024358656257390976, 0.018222883343696594, 0.008140595629811287, 0.0034353919327259064, 0.001413374557159841, 0.0008281028713099658], [0.000685475708451122, 0.0011925958096981049, 0.0018718609353527427, 0.0030264558736234903, 0.004839710891246796, 0.0064666783437132835, 0.0055990018881857395, 0.0034597492776811123, 0.0018687531119212508, 0.0009580071200616658, 0.000572970078792423], [0.0006220161449164152, 0.0007316572009585798, 0.000914600386749953, 0.0013095828471705317, 0.001528227119706571, 0.001864850171841681, 0.0018594225402921438, 0.0015672901645302773, 0.000989942462183535, 0.000622438034042716, 0.00038007160765118897], [0.00027407819288782775, 0.0004143686674069613, 0.0005086504970677197, 0.0006423027953132987, 0.0007294456590898335, 0.0008127911132760346, 0.0008305499795824289, 0.0007184136775322258, 0.0005405579577200115, 0.0003913807449862361, 0.0003244538384024054]], "psfHeight": 11, "psfWidth": 11, "width": 153}