{"imageWidth": 512, "height": 293, "imageHeight": 512, "psf": [[0.00042751512955874205, 0.0006254963227547705, 0.00089882971951738, 0.001079773297533393, 0.001565279671922326, 0.0016824707854539156, 0.0013914323644712567, 0.001199350692331791, 0.0008164345053955913, 0.0005748354597017169, 0.0002928139583673328], [0.0007006241357885301, 0.0007772152894176543, 0.0015515006380155683, 0.002437826246023178, 0.0034823620226234198, 0.003828659188002348, 0.0034673979971557856, 0.00273117795586586, 0.001617544679902494, 0.0009759943932294846, 0.0005567537737078965], [0.00077798031270504, 0.0014469493180513382, 0.0024165064096450806, 0.0047745974734425545, 0.00819089449942112, 0.01040029525756836, 0.009586751461029053, 0.006383036263287067, 0.003214039606973529, 0.001573581830598414, 0.0008104580920189619], [0.0008638982544653118, 0.0020202291198074818, 0.004252131562680006, 0.009937888942658901, 0.01954066939651966, 0.026963531970977783, 0.022969303652644157, 0.012875879183411598, 0.005169580690562725, 0.0021963813342154026, 0.0008055017096921802], [0.0012475852854549885, 0.002676154486835003, 0.006706469226628542, 0.016902457922697067, 0.03899919614195824, 0.055597610771656036, 0.04279455170035362, 0.01991545781493187, 0.007582040037959814, 0.0029377504251897335, 0.0013157568173483014], [0.0012635696912184358, 0.0029542141128331423, 0.007800599094480276, 0.02156032994389534, 0.05219029635190964, 0.07320185005664825, 0.052257150411605835, 0.022197777405381203, 0.008009997196495533, 0.002652563387528062, 0.0012408251641318202], [0.0013437640154734254, 0.0027736572083085775, 0.006728069856762886, 0.01842430792748928, 0.04335298016667366, 0.057337772101163864, 0.039201412349939346, 0.01651485450565815, 0.006355430465191603, 0.0021747371647506952, 0.0013602038379758596], [0.0010947893606498837, 0.0020142158027738333, 0.004429916851222515, 0.01082218624651432, 0.02223144844174385, 0.02704574167728424, 0.0192174781113863, 0.009160625748336315, 0.003867733059450984, 0.0015123585471883416, 0.0007441167254000902], [0.0007099867216311395, 0.001192901167087257, 0.002413830254226923, 0.005130746867507696, 0.008282650262117386, 0.009675264358520508, 0.007554521784186363, 0.004136400297284126, 0.0019745295867323875, 0.0010531635489314795, 0.0006405125604942441], [0.00041790021350607276, 0.0008786097168922424, 0.0013115581823512912, 0.00216050841845572, 0.0031972608994692564, 0.0036252851132303476, 0.0029333329293876886, 0.0019514027517288923, 0.0013383637415245175, 0.000636947515886277, 0.00045678712194785476], [0.0003582374774850905, 0.0002969388442579657, 0.0006327300216071308, 0.0010618699016049504, 0.001569243147969246, 0.0014190516667440534, 0.0012220883509144187, 0.0010604395065456629, 0.0005966178141534328, 0.00039038521936163306, 0.00015655938477721065]], "psfHeight": 11, "psfWidth": 11, "width": 293}