{"psfHeight": 11, "width": 145, "psf": [[0.0004018399049527943, 0.0005992457736283541, 0.0006911898963153362, 0.0008700793841853738, 0.0011689122766256332, 0.001290422398597002, 0.0010846952209249139, 0.0008544367155991495, 0.0005023938720114529, 0.00036585412453860044, 0.0002666407963261008], [0.0005773670854978263, 0.0008338725892826915, 0.0013340318109840155, 0.0019116010516881943, 0.0024626024533063173, 0.0028090164996683598, 0.002475310582667589, 0.0017457081703469157, 0.0010033119469881058, 0.0006357977399602532, 0.0003731566248461604], [0.0008774148300290108, 0.001413346966728568, 0.0024236266035586596, 0.004267561249434948, 0.006942983251065016, 0.008310610428452492, 0.0067421142011880875, 0.0037812096998095512, 0.00188054284080863, 0.0009604076622053981, 0.0005103842122480273], [0.0010570489102974534, 0.0019871501717716455, 0.004177359864115715, 0.009539075195789337, 0.019488854333758354, 0.02600330114364624, 0.019167790189385414, 0.0089343236759305, 0.0036156156565994024, 0.0014239230658859015, 0.0006941960891708732], [0.0011044592829421163, 0.0023534707725048065, 0.006341781001538038, 0.017563868314027786, 0.04475286602973938, 0.06560350954532623, 0.04523145407438278, 0.017830638214945793, 0.005894492845982313, 0.0020177022088319063, 0.0008775046444498003], [0.0010872941929847002, 0.0024553255643695593, 0.007178862113505602, 0.02182154916226864, 0.061540067195892334, 0.09324371069669724, 0.0629059374332428, 0.022161632776260376, 0.006851918995380402, 0.0021568681113421917, 0.000920028192922473], [0.0008781402721069753, 0.002053685486316681, 0.005977010354399681, 0.017181724309921265, 0.04599810391664505, 0.06693914532661438, 0.04412398859858513, 0.01599244773387909, 0.005371214356273413, 0.001754392171278596, 0.0007577792275696993], [0.0007343381294049323, 0.0016712007345631719, 0.0038370995316654444, 0.009491903707385063, 0.019634248688817024, 0.024900661781430244, 0.01705818623304367, 0.007323218509554863, 0.002986493054777384, 0.001432511257007718, 0.0007544150575995445], [0.0006599947810173035, 0.0011612967355176806, 0.002213121624663472, 0.004058239050209522, 0.006157825700938702, 0.006837699096649885, 0.00509175518527627, 0.002920175902545452, 0.0015323925763368607, 0.001409548451192677, 0.000759040645789355], [0.000524295202922076, 0.0007927113911136985, 0.0013145665870979428, 0.0017128130421042442, 0.0020728139206767082, 0.0022023702040314674, 0.001825881190598011, 0.0013246573507785797, 0.0008464826969429851, 0.0004504749667830765, 0.00026767616509459913], [0.0004004544171039015, 0.0004731296212412417, 0.000633185263723135, 0.0007679184200242162, 0.0009121615439653397, 0.0008880952373147011, 0.0007748141069896519, 0.000664567924104631, 0.00048000464448705316, 0.00043117572204209864, 0.00023554416839033365]], "height": 145, "imageWidth": 512, "psfWidth": 11, "imageHeight": 512}