{"psfHeight": 11, "width": 137, "psf": [[0.00020996843522880226, 0.00035710493102669716, 0.0006233641761355102, 0.0007416323642246425, 0.0009696767665445805, 0.001063789241015911, 0.0009711733437143266, 0.0007753481040708721, 0.0005238408921286464, 0.00027730423607863486, 0.00019099019118584692], [0.0002726672973949462, 0.0005994778475724161, 0.0009689854341559112, 0.001465663663111627, 0.0017546556191518903, 0.0018862892175093293, 0.0019321745494380593, 0.0014160145074129105, 0.0008667922811582685, 0.0004110425943508744, 0.00018714142788667232], [0.00032778229797258973, 0.0008258589659817517, 0.001704861526377499, 0.0030690773855894804, 0.005298220552504063, 0.0063347965478897095, 0.0052003758028149605, 0.003064917167648673, 0.0013942319201305509, 0.0006473231478594244, 0.00039131875382736325], [0.0005152046796865761, 0.001247541280463338, 0.003013524692505598, 0.007996730506420135, 0.016688279807567596, 0.022626549005508423, 0.01673290878534317, 0.0066246213391423225, 0.0024225073866546154, 0.000911479233764112, 0.0004392658593133092], [0.0006034700199961662, 0.0016106199473142624, 0.005226661916822195, 0.017952993512153625, 0.052807316184043884, 0.07512547820806503, 0.0486888587474823, 0.015107386745512486, 0.003879362950101495, 0.0012089834781363606, 0.0005357903428375721], [0.0007465893286280334, 0.0016163691179826856, 0.005649983417242765, 0.020543182268738747, 0.07622893899679184, 0.12180119752883911, 0.07526180893182755, 0.02119359001517296, 0.004890142474323511, 0.0013871141709387302, 0.0006209331913851202], [0.0007807030924595892, 0.0014987676404416561, 0.004312196746468544, 0.013173220679163933, 0.045514173805713654, 0.0786687359213829, 0.051351241767406464, 0.0159023217856884, 0.00437043746933341, 0.0012756289215758443, 0.0005856858333572745], [0.0006760749965906143, 0.0012848778860643506, 0.0025135576725006104, 0.005842909216880798, 0.013520323671400547, 0.020835723727941513, 0.015780717134475708, 0.006772398483008146, 0.0024348387960344553, 0.0009187168907374144, 0.0005004765698686242], [0.0005895985523238778, 0.0008547286270186305, 0.0012102092150598764, 0.0020208177156746387, 0.003654200816527009, 0.004753343295305967, 0.003750352654606104, 0.002132813446223736, 0.0011045786086469889, 0.0005641378811560571, 0.00040253749466501176], [0.0002686929365154356, 0.00046889184159226716, 0.0006077637663111091, 0.0008472620975226164, 0.0010188642190769315, 0.001197204226627946, 0.001247239182703197, 0.0009060835000127554, 0.0005643675103783607, 0.00029326044023036957, 0.0002737310715019703], [0.0002035341749433428, 0.0002645004715304822, 0.0003360695845913142, 0.0004163989797234535, 0.0005669345846399665, 0.0006612883298657835, 0.0005375795299187303, 0.00040751832420937717, 0.00034014141419902444, 0.0002516305830795318, 0.00014075938088353723]], "height": 137, "imageWidth": 512, "psfWidth": 11, "imageHeight": 512}