{"imageWidth": 512, "height": 179, "imageHeight": 512, "psf": [[0.00016498133481945843, 0.000279032887192443, 0.000366351509001106, 0.000605818466283381, 0.0010780220618471503, 0.0014270999236032367, 0.0012692775344476104, 0.0009953974513337016, 0.0005163638270460069, 0.00026959480601362884, 0.00019165377307217568], [0.0001528988650534302, 0.0003549588145688176, 0.000734385394025594, 0.0012475749244913459, 0.0024839192628860474, 0.0032521618995815516, 0.0024323288816958666, 0.001610701670870185, 0.0008578092674724758, 0.0005064983852207661, 0.000257162464549765], [0.00034990988206118345, 0.0005984213203191757, 0.0012277481146156788, 0.002920394530519843, 0.008106173016130924, 0.01138326060026884, 0.0064480057917535305, 0.0031707175076007843, 0.0012003565207123756, 0.0005401048110798001, 0.0003131113771814853], [0.0004164788988418877, 0.0007792569231241941, 0.002382979029789567, 0.0065139285288751125, 0.022656582295894623, 0.03555743768811226, 0.01929398998618126, 0.006087303627282381, 0.002060194965451956, 0.0008490932523272932, 0.00045951129868626595], [0.0006270452868193388, 0.0010708685731515288, 0.0038572410121560097, 0.01358399260789156, 0.04430273547768593, 0.08494824916124344, 0.0481712743639946, 0.011082234792411327, 0.0032108037266880274, 0.0009379141847603023, 0.0005573378875851631], [0.0007507714908570051, 0.00125536834821105, 0.005307799205183983, 0.019299622625112534, 0.06719987839460373, 0.13110874593257904, 0.07017020881175995, 0.014745303429663181, 0.004420636687427759, 0.0011417821515351534, 0.0009045528713613749], [0.0006095761782489717, 0.0010705811437219381, 0.004595955368131399, 0.01433170773088932, 0.051036182790994644, 0.08855968713760376, 0.04589726775884628, 0.01097624097019434, 0.0036943210288882256, 0.0014298136811703444, 0.0009408892365172505], [0.0004570708842948079, 0.0007209566538222134, 0.0020402027294039726, 0.005732906050980091, 0.014758274890482426, 0.02082750014960766, 0.012342939153313637, 0.004700465127825737, 0.0017833574675023556, 0.0009626136743463576, 0.0005711711128242314], [0.0002878771920222789, 0.0005735664744861424, 0.0009490547236055136, 0.0020202307496219873, 0.0037965259980410337, 0.004287124611437321, 0.0030410890467464924, 0.001756075187586248, 0.0009048205683939159, 0.0004926148103550076, 0.00037155370227992535], [0.00024805645807646215, 0.00032311060931533575, 0.0004807088407687843, 0.0007719544810242951, 0.001188600086607039, 0.0008605164475739002, 0.0007904776721261442, 0.0007325009792111814, 0.0005309681873768568, 0.0003611053980421275, 0.0003550035471562296], [8.774288289714605e-05, 0.00019366679771337658, 0.0003106443618889898, 0.0005184101755730808, 0.0006214432651177049, 0.0006396084208972752, 0.00042227402445860207, 0.0003947693621739745, 0.00022323662415146828, 0.00023216729459818453, 0.0001694846578175202]], "psfHeight": 11, "psfWidth": 11, "width": 179}