{"psfHeight": 11, "width": 165, "psf": [[0.00013738837151322514, 0.00017984701844397932, 0.0006345942965708673, 0.0009106324869208038, 0.0011238844599574804, 0.0011732965940609574, 0.0011612161761149764, 0.0006718090153299272, 0.00046208887943066657, 0.00033580459421500564, 3.763736458495259e-05], [0.0003806126769632101, 0.00068995839683339, 0.0007287862827070057, 0.0014459379017353058, 0.0020571390632539988, 0.0022699444089084864, 0.001832659705542028, 0.0012875590473413467, 0.0010015885345637798, 0.0005868941079825163, 0.00038117135409265757], [0.00032590958289802074, 0.000794614024925977, 0.0015140087343752384, 0.0033941909205168486, 0.005509556736797094, 0.0064354888163506985, 0.005276299547404051, 0.0027765026316046715, 0.0015282864915207028, 0.0009883884340524673, 0.0005805970286019146], [0.000738041358999908, 0.0013271651696413755, 0.002966461703181267, 0.007307406980544329, 0.017314456403255463, 0.022826237604022026, 0.015440141782164574, 0.006789094768464565, 0.0029231784865260124, 0.0013590611051768064, 0.0008725391235202551], [0.0009169871918857098, 0.0023086685687303543, 0.004639605060219765, 0.01615046337246895, 0.044776834547519684, 0.07332472503185272, 0.04258092865347862, 0.0146696912124753, 0.004357660189270973, 0.001664360286667943, 0.0009861260186880827], [0.0009037022246047854, 0.0021682020742446184, 0.005819941870868206, 0.022493552416563034, 0.06741253286600113, 0.11502635478973389, 0.06767188012599945, 0.021563982591032982, 0.005992833990603685, 0.0023586906027048826, 0.0009008240303955972], [0.0009398847469128668, 0.0020625342149287462, 0.0048192269168794155, 0.016714133322238922, 0.04721997678279877, 0.07044268399477005, 0.04803558066487312, 0.018704619258642197, 0.005686180666089058, 0.0021690167486667633, 0.0008610443910583854], [0.0006121348706074059, 0.0013133060419932008, 0.0032234489917755127, 0.007306763902306557, 0.017134344205260277, 0.023682698607444763, 0.018840085715055466, 0.009338256902992725, 0.003533070208504796, 0.0014414486940950155, 0.0006470828084275126], [0.00037633886677213013, 0.0009550334070809186, 0.0017165455501526594, 0.0029416123870760202, 0.004948324989527464, 0.006394445430487394, 0.005673121195286512, 0.0036301142536103725, 0.0020298424642533064, 0.0007628706516698003, 0.00035540282260626554], [0.00030747329583391547, 0.0004914238816127181, 0.0007259100675582886, 0.001494607888162136, 0.0020159294363111258, 0.002275981241837144, 0.002422029385343194, 0.0015892826486378908, 0.001069039455614984, 0.000535328988917172, 0.0005056504742242396], [-1.3194257007853594e-05, 0.00018052529776468873, 0.00034095626324415207, 0.0004916618927381933, 0.0006849310593679547, 0.00100292032584548, 0.0006736670038662851, 0.0006586312665604055, 0.0004087085253559053, 0.0003639640926849097, 9.67328087426722e-05]], "height": 165, "imageWidth": 512, "psfWidth": 11, "imageHeight": 512}