{"imageWidth": 512, "height": 87, "imageHeight": 512, "psf": [[0.000299839855870232, 0.0004764961777254939, 0.0006491848034784198, 0.0010259606642648578, 0.0013137654168531299, 0.0013462909264490008, 0.001250165281817317, 0.0008237423608079553, 0.0006018173298798501, 0.0003387332835700363, 0.0002118911943398416], [0.0004232024948578328, 0.0006405104068107903, 0.0012514940463006496, 0.0021662802901118994, 0.0030366205610334873, 0.0032851221039891243, 0.002795969368889928, 0.001934019266627729, 0.0012083651963621378, 0.0007551125600002706, 0.0005218404694460332], [0.0005504108848981559, 0.001291925203986466, 0.0024370322935283184, 0.004738933406770229, 0.007357416208833456, 0.00893031433224678, 0.007147805765271187, 0.0044686091132462025, 0.0023403039667755365, 0.0014433207688853145, 0.0008613435784354806], [0.0009344359859824181, 0.001990220509469509, 0.004446056205779314, 0.010194886475801468, 0.01939314790070057, 0.024475274607539177, 0.01857646368443966, 0.009698626585304737, 0.004579202737659216, 0.0022391185630112886, 0.001210759743116796], [0.0011706113582476974, 0.002634664298966527, 0.0071394918486475945, 0.01942603848874569, 0.04240894690155983, 0.05690252408385277, 0.04123837128281593, 0.01881140097975731, 0.007513595744967461, 0.002976147225126624, 0.0015587214147672057], [0.0012085526250302792, 0.0029188813641667366, 0.008155398070812225, 0.024436425417661667, 0.05831937864422798, 0.07922672480344772, 0.05757110193371773, 0.025306405499577522, 0.009111580438911915, 0.0034622298553586006, 0.0015261450316756964], [0.0012159893522039056, 0.0025987287517637014, 0.006736432667821646, 0.018853988498449326, 0.04224194586277008, 0.05705071985721588, 0.04313884302973747, 0.020221566781401634, 0.007701729889959097, 0.0030684827361255884, 0.001392274396494031], [0.0009408637997694314, 0.0017751565901562572, 0.004204339347779751, 0.00985093042254448, 0.018354665488004684, 0.023306692019104958, 0.01882910542190075, 0.010457416996359825, 0.004818979185074568, 0.002221976174041629, 0.0010304024908691645], [0.0005746920360252261, 0.0011913039488717914, 0.002191687235608697, 0.004105685278773308, 0.006850749254226685, 0.0077837370336055756, 0.006575385574251413, 0.004322703927755356, 0.002391624031588435, 0.0014206604100763798, 0.0007934874156489968], [0.0004274032835382968, 0.0005567476619035006, 0.0010695620439946651, 0.001621176372282207, 0.002537841210141778, 0.0027478658594191074, 0.002453397959470749, 0.002011733828112483, 0.0011907087173312902, 0.0007481614593416452, 0.0004914256278425455], [0.000249701231950894, 0.00024392221530433744, 0.00046670835581608117, 0.0006703638937324286, 0.0010663365246728063, 0.0011700984323397279, 0.0011293074348941445, 0.0009446559124626219, 0.00062852434348315, 0.0004442444769665599, 0.00023181158758234233]], "psfHeight": 11, "psfWidth": 11, "width": 87}