{"psfHeight": 11, "width": 92, "psf": [[0.00020497650257311761, 0.0004495321772992611, 0.000828784890472889, 0.0011345447273924947, 0.0015484755858778954, 0.0015338861849159002, 0.0012589112157002091, 0.0010759091237559915, 0.0009364975267089903, 0.0005973238148726523, 0.0004348137881606817], [0.0005000267992727458, 0.0007623802521266043, 0.001266112900339067, 0.00199449947103858, 0.002601285930722952, 0.002982357982546091, 0.002858851570636034, 0.0023884386755526066, 0.0014857292408123612, 0.0011492572957649827, 0.0007662585121579468], [0.0006980204489082098, 0.001246367464773357, 0.0020858950447291136, 0.004044767003506422, 0.0064532700926065445, 0.007591398898512125, 0.006858197972178459, 0.004775494337081909, 0.0027878773398697376, 0.0016641768161207438, 0.0009451396181248128], [0.0009379140683449805, 0.0017363213701173663, 0.003922575153410435, 0.008709680289030075, 0.01653696782886982, 0.02146083302795887, 0.01776965521275997, 0.010503905825316906, 0.005205390974879265, 0.0023907446302473545, 0.0011618996504694223], [0.0013780416920781136, 0.002618217607960105, 0.006723074242472649, 0.018104836344718933, 0.04280561953783035, 0.056691475212574005, 0.040945570915937424, 0.01989864371716976, 0.008163688704371452, 0.0033815354108810425, 0.0014333765720948577], [0.0014082001289352775, 0.002782562281936407, 0.00831354409456253, 0.024006998166441917, 0.06352183222770691, 0.08694013953208923, 0.05943484976887703, 0.026216790080070496, 0.010183514095842838, 0.0038065246772021055, 0.0015704085817560554], [0.0012130006216466427, 0.0025097867473959923, 0.006528993137180805, 0.017091916874051094, 0.041235942393541336, 0.05776798725128174, 0.043160248547792435, 0.021377425640821457, 0.008708037436008453, 0.0032277447171509266, 0.001594343688338995], [0.000976736657321453, 0.0018654511077329516, 0.0038354182615876198, 0.008002706803381443, 0.014855360612273216, 0.019982580095529556, 0.017769668251276016, 0.011004006490111351, 0.005364449694752693, 0.002498707501217723, 0.0012620664201676846], [0.0007343364995904267, 0.0011813915334641933, 0.002136151073500514, 0.0034390895161777735, 0.005413528066128492, 0.006621414329856634, 0.006011591758579016, 0.004739620257169008, 0.0028434081468731165, 0.0016662890557199717, 0.0009140879265032709], [0.0004059728526044637, 0.0006642816006205976, 0.0010716035030782223, 0.0016199550591409206, 0.002080602804198861, 0.0023873555473983288, 0.0023469917941838503, 0.0020587360486388206, 0.0013909476110711694, 0.001019198214635253, 0.0005113525548949838], [0.00030747728305868804, 0.000535178987774998, 0.0006181061617098749, 0.0009434362291358411, 0.0010296915424987674, 0.001150669762864709, 0.0012549528619274497, 0.0009907316416501999, 0.0007151200552470982, 0.0005702364142052829, 0.00021911133080720901]], "height": 92, "imageWidth": 512, "psfWidth": 11, "imageHeight": 512}