{"psfHeight": 11, "width": 90, "psf": [[0.00019272456120233983, 0.00021877452672924846, 0.000477067194879055, 0.0008417725912295282, 0.0010060830973088741, 0.0009518414735794067, 0.0007834171410650015, 0.0006241598166525364, 0.0006101323524489999, 0.00047396079753525555, 0.0002844643604476005], [0.00021166085207369179, 0.00043476803693920374, 0.0007749441429041326, 0.0014172615483403206, 0.0018987767398357391, 0.0018723215907812119, 0.0016960834618657827, 0.0014312488492578268, 0.001060663373209536, 0.0006264862022362649, 0.00041469535790383816], [0.0003130662953481078, 0.0006812748033553362, 0.001305168610997498, 0.0026926344726234674, 0.004730703309178352, 0.005964761134237051, 0.005009095650166273, 0.0032680323347449303, 0.001920453505590558, 0.0011093260254710913, 0.00047012747381813824], [0.0004589269810821861, 0.0009954884881153703, 0.002362821251153946, 0.006372229661792517, 0.014495346695184708, 0.02243405021727085, 0.018228091299533844, 0.007814235985279083, 0.0028347608167678118, 0.00109877809882164, 0.0004919067723676562], [0.0006477535935118794, 0.0012518255971372128, 0.0037184488028287888, 0.012424022890627384, 0.04348766431212425, 0.08264454454183578, 0.05527637526392937, 0.014836614951491356, 0.004545534960925579, 0.0012395067606121302, 0.0006442309822887182], [0.0008730468107387424, 0.0015477510169148445, 0.004758445546030998, 0.017702560871839523, 0.0773240476846695, 0.13825099170207977, 0.07634072750806808, 0.017048876732587814, 0.004786587320268154, 0.0012319666566327214, 0.0006157003226689994], [0.0008229789091274142, 0.0015859098639339209, 0.0040664952248334885, 0.013926366344094276, 0.053761351853609085, 0.08452433347702026, 0.04483345150947571, 0.012012755498290062, 0.0037743928842246532, 0.001084224204532802, 0.00045211915858089924], [0.000621150538790971, 0.001058859983459115, 0.002179919509217143, 0.00570383807644248, 0.013475815765559673, 0.019049273803830147, 0.012874585576355457, 0.005500428844243288, 0.0021817702800035477, 0.0008953097858466208, 0.00044948578579351306], [0.00039226491935551167, 0.0005598123534582555, 0.0010118158534169197, 0.001989091280847788, 0.0034774737432599068, 0.0040289792232215405, 0.003247724147513509, 0.002105078427121043, 0.001189401955343783, 0.0007189474999904633, 0.00039107754128053784], [0.00022161811648402363, 0.00031308166217058897, 0.0005491807241924107, 0.000850826792884618, 0.000975794973783195, 0.001030442421324551, 0.001138943014666438, 0.0008800250361673534, 0.0006222137017175555, 0.0004602666012942791, 0.0002496922097634524], [0.00014331817510537803, 0.00018634417210705578, 0.000375586561858654, 0.0005190226947888732, 0.0006468970677815378, 0.0006722399848513305, 0.0005681084003299475, 0.0004274225502740592, 0.00029793675639666617, 0.00021983020997140557, 0.00015288512804545462]], "height": 90, "imageWidth": 512, "psfWidth": 11, "imageHeight": 512}