{"imageWidth": 512, "height": 178, "imageHeight": 512, "psf": [[0.0002779533970169723, 0.0003844236198347062, 0.0006043566972948611, 0.0009928252547979355, 0.0013665328733623028, 0.001436138991266489, 0.0012958403676748276, 0.0010133461328223348, 0.0007531783194281161, 0.0005467071896418929, 0.0003921081079170108], [0.0003980268957093358, 0.0006323534762486815, 0.0011090560583397746, 0.001921037444844842, 0.002716291230171919, 0.0031006555072963238, 0.00275041488930583, 0.002057741628959775, 0.0012763342820107937, 0.0008244659402407706, 0.0006056297570466995], [0.0005922477575950325, 0.0010974431643262506, 0.0021326157730072737, 0.004010621923953295, 0.006761766970157623, 0.008268618956208229, 0.007202552165836096, 0.0046722800470888615, 0.0025261645205318928, 0.0013882431667298079, 0.0007592930924147367], [0.000848650757689029, 0.001735334168188274, 0.003850882640108466, 0.00874503143131733, 0.017612077295780182, 0.024426637217402458, 0.02007714845240116, 0.010512541979551315, 0.004503124393522739, 0.001972140744328499, 0.0009157339227385819], [0.0012263109674677253, 0.0025306176394224167, 0.006323345936834812, 0.01716109924018383, 0.04075165465474129, 0.060881901532411575, 0.04675253853201866, 0.01957329921424389, 0.006687053479254246, 0.0023686743807047606, 0.0011268415255472064], [0.0013776259729638696, 0.002864195266738534, 0.008011200465261936, 0.023904114961624146, 0.06083080917596817, 0.08734717965126038, 0.061198245733976364, 0.023555677384138107, 0.007406318094581366, 0.0024479031562805176, 0.0010677976533770561], [0.0011731060221791267, 0.002473624888807535, 0.006988153327256441, 0.01988641545176506, 0.04683544114232063, 0.06162748113274574, 0.041258275508880615, 0.016783524304628372, 0.005812255199998617, 0.0021021333523094654, 0.0009410013444721699], [0.0008850715239532292, 0.0018243067897856236, 0.004252362065017223, 0.010045879520475864, 0.019563674926757812, 0.023593610152602196, 0.016832903027534485, 0.008321046829223633, 0.0036465944722294807, 0.001527449581772089, 0.0007827022345736623], [0.0006065472844056785, 0.001136230886913836, 0.0021761038806289434, 0.003984460607171059, 0.006529312580823898, 0.0074537890031933784, 0.0058243656530976295, 0.003642364637926221, 0.0019126255065202713, 0.0009935549460351467, 0.0005539266858249903], [0.000417419447330758, 0.0006574866711162031, 0.00109696330036968, 0.0017184895696118474, 0.002311417367309332, 0.0024179595056921244, 0.0021374914795160294, 0.0016274485969915986, 0.0009976628934964538, 0.0006125115905888379, 0.0003767887828871608], [0.0003019680152647197, 0.00036933354567736387, 0.0006009567296132445, 0.0007998867658898234, 0.0010075803147628903, 0.0011201229644939303, 0.0009357545059174299, 0.0008142011356540024, 0.0005363259697332978, 0.00040183961391448975, 0.0003091353573836386]], "psfHeight": 11, "psfWidth": 11, "width": 178}