{"psfHeight": 11, "width": 184, "psf": [[0.0002570139477029443, 0.0003774524957407266, 0.0005442716646939516, 0.001081122667528689, 0.0012594598811119795, 0.0014170741196721792, 0.0015640284400433302, 0.0013990729348734021, 0.0011465826537460089, 0.0009975022403523326, 0.0006239166832529008], [0.0006417703698389232, 0.0008208109065890312, 0.0014056831132620573, 0.0024556033313274384, 0.0033596742432564497, 0.004022500477731228, 0.003801495535299182, 0.003181430045515299, 0.002259636763483286, 0.00128134002443403, 0.0008875619969330728], [0.0007003252976574004, 0.0010615860810503364, 0.002598855411633849, 0.005226180888712406, 0.00857838150113821, 0.010735836811363697, 0.009778889827430248, 0.007265677209943533, 0.004330149851739407, 0.00198356038890779, 0.000947645865380764], [0.0005341837531886995, 0.0016903261421248317, 0.004387772176414728, 0.0106619568541646, 0.01985885389149189, 0.025903962552547455, 0.023179082199931145, 0.01488750334829092, 0.007105077616870403, 0.002822114387527108, 0.001146036433055997], [0.0009025667677633464, 0.0024264862295240164, 0.006970376241952181, 0.01856335997581482, 0.037177518010139465, 0.04943603277206421, 0.04142819344997406, 0.023211225867271423, 0.009296496398746967, 0.0034174001775681973, 0.0015900923172011971], [0.0008800466312095523, 0.0029153984505683184, 0.008521156385540962, 0.024054240435361862, 0.049657631665468216, 0.0632019191980362, 0.04829443618655205, 0.02514907531440258, 0.008987418375909328, 0.0032777884043753147, 0.0015806176234036684], [0.0009832027135416865, 0.002573112491518259, 0.007696988992393017, 0.021197188645601273, 0.04251060634851456, 0.05054009333252907, 0.036788687109947205, 0.01800447329878807, 0.006923462729901075, 0.002566845854744315, 0.00121503125410527], [0.000997897470369935, 0.001989208161830902, 0.005084383767098188, 0.01264869887381792, 0.023226190358400345, 0.0262964628636837, 0.01864008419215679, 0.009568175300955772, 0.004196661524474621, 0.0019143957179039717, 0.0008973911753855646], [0.0007198397070169449, 0.0012558165472000837, 0.0029765793588012457, 0.005983422510325909, 0.009334621950984001, 0.00991231668740511, 0.007200274150818586, 0.004436402581632137, 0.0021204682998359203, 0.0012492673704400659, 0.0005328297265805304], [0.000430307729402557, 0.0008296596352010965, 0.0014554460067301989, 0.002327199326828122, 0.003256590571254492, 0.0033991257660090923, 0.002956722630187869, 0.001945674535818398, 0.0011523051653057337, 0.0006245964323170483, 0.0004265469906385988], [0.0003093981649726629, 0.00047786335926502943, 0.0005276261945255101, 0.0008406961569562554, 0.0011594968382269144, 0.0012800437398254871, 0.001159984734840691, 0.0009443723829463124, 0.000487209006678313, 0.0004581069515552372, 0.00026148275355808437]], "height": 184, "imageWidth": 512, "psfWidth": 11, "imageHeight": 512}