{"imageWidth": 512, "height": 87, "imageHeight": 512, "psf": [[0.00016470289847347885, 0.0002737193717621267, 0.0003974917344748974, 0.0005525321466848254, 0.0008591641089878976, 0.0011042350670322776, 0.0009084050543606281, 0.000657369033433497, 0.0004933482268825173, 0.0002613930555526167, 0.0002466370351612568], [0.0002754299493972212, 0.0004731098306365311, 0.0007616207003593445, 0.0012314895866438746, 0.0016986073460429907, 0.0023682645987719297, 0.0021644379012286663, 0.0013055818853899837, 0.0007831823313608766, 0.00039573319372721016, 0.0002925898879766464], [0.0004203009302727878, 0.0008034395286813378, 0.0016094758175313473, 0.0028662150725722313, 0.005316874478012323, 0.007913612760603428, 0.0062386589124798775, 0.0029147169552743435, 0.0015292845200747252, 0.0007043571677058935, 0.0004324137116782367], [0.0007013120339252055, 0.0012408160837367177, 0.0030048745684325695, 0.006503117270767689, 0.01634366437792778, 0.02598409540951252, 0.017879482358694077, 0.006612594239413738, 0.0027592377737164497, 0.00104573555290699, 0.000527083408087492], [0.0009409175254404545, 0.0015272576129063964, 0.005067683756351471, 0.013137804344296455, 0.04727642238140106, 0.07954893261194229, 0.047783415764570236, 0.012774830684065819, 0.004421537276357412, 0.00115559296682477, 0.0007797214784659445], [0.0011293217539787292, 0.0012811837950721383, 0.0062498790211975574, 0.017469728365540504, 0.07243037223815918, 0.12553144991397858, 0.07176540046930313, 0.01651238277554512, 0.006002434063702822, 0.0010342164896428585, 0.0010438516037538648], [0.0009547591907903552, 0.0014465302228927612, 0.005023891106247902, 0.013446931727230549, 0.04762132465839386, 0.08088681101799011, 0.04890497773885727, 0.013593578711152077, 0.005150781013071537, 0.00104852847289294, 0.0008160376455634832], [0.0007524007232859731, 0.001550684915855527, 0.0031790733337402344, 0.006477691698819399, 0.013968774117529392, 0.020356524735689163, 0.015375593677163124, 0.006996951065957546, 0.0028155851177871227, 0.001213679788634181, 0.0005583166494034231], [0.000616512552369386, 0.0010695679811760783, 0.0017008371651172638, 0.002566677052527666, 0.004150307737290859, 0.005494026001542807, 0.004607941024005413, 0.0028263707645237446, 0.0015751732280477881, 0.0007031613495200872, 0.00037182416417635977], [0.00039564011967740953, 0.0005988953053019941, 0.0008985657477751374, 0.0010619822423905134, 0.0011815533507615328, 0.0013071042485535145, 0.001378620625473559, 0.0013179100351408124, 0.001007367973215878, 0.0004866551316808909, 0.00032250891672447324], [0.000309160677716136, 0.0003215085598640144, 0.0005358820781111717, 0.0006644732202403247, 0.0007410402758978307, 0.0009428795892745256, 0.0008706322405487299, 0.0007382475887425244, 0.0006740589160472155, 0.00046252773609012365, 7.624411227880046e-05]], "psfHeight": 11, "psfWidth": 11, "width": 87}