{"imageWidth": 512, "height": 68, "imageHeight": 512, "psf": [[0.00047539209481328726, 0.0006270047160796821, 0.0007853173301555216, 0.0010768485954031348, 0.0013578362995758653, 0.0015738883521407843, 0.0014249675441533327, 0.0011130822822451591, 0.0008125004242174327, 0.0004876606981270015, 0.00037252434412948787], [0.0006025037146173418, 0.0009948938386514783, 0.0014610992511734366, 0.002223388059064746, 0.0030556649435311556, 0.0033926081378012896, 0.0030199019238352776, 0.0021892832592129707, 0.0014220186276361346, 0.000846032053232193, 0.0005328916013240814], [0.0007602235418744385, 0.0015219770139083266, 0.002742072567343712, 0.00480636628344655, 0.007498764432966709, 0.008732953108847141, 0.007204962894320488, 0.004561363719403744, 0.0025451271794736385, 0.0013580716913565993, 0.0007824346539564431], [0.0010366569040343165, 0.0021702030207961798, 0.004690486937761307, 0.010336844250559807, 0.019153378903865814, 0.02333769015967846, 0.01784960925579071, 0.009704646654427052, 0.004525454249233007, 0.0020904892589896917, 0.001046741264872253], [0.0012062393361702561, 0.0026838304474949837, 0.007005497347563505, 0.01877003163099289, 0.043648283928632736, 0.05824733152985573, 0.0405123345553875, 0.018198486417531967, 0.007201330736279488, 0.002798826200887561, 0.0012865766184404492], [0.0012635408202186227, 0.0028709566686302423, 0.008006340824067593, 0.02292606420814991, 0.0595821850001812, 0.08576466888189316, 0.05875334516167641, 0.024133939296007156, 0.00871492549777031, 0.003128268290311098, 0.0014534337678924203], [0.0011612877715379, 0.0025625191628932953, 0.006557806394994259, 0.017318058758974075, 0.04145394265651703, 0.0594954788684845, 0.04365485906600952, 0.019363002851605415, 0.007440529298037291, 0.002906838431954384, 0.0013318255078047514], [0.0009801876731216908, 0.0019854430574923754, 0.004250148311257362, 0.008927090093493462, 0.01674041338264942, 0.022129861637949944, 0.01792069524526596, 0.009817703627049923, 0.004486819263547659, 0.0021368637681007385, 0.001054678694345057], [0.0007515990873798728, 0.0013045177329331636, 0.0023993700742721558, 0.004060070496052504, 0.005858924239873886, 0.007140717469155788, 0.006208422593772411, 0.004102987237274647, 0.002332118107005954, 0.0012857826659455895, 0.0007478260085918009], [0.000515315739903599, 0.0007472796714864671, 0.0013139179209247231, 0.001944705960340798, 0.0020815348252654076, 0.0024117249995470047, 0.0022993397433310747, 0.0018523604376241565, 0.001216828590258956, 0.0008359858184121549, 0.0005177494022063911], [0.00031462888000532985, 0.00043928876402787864, 0.0006816118839196861, 0.0007868847460485995, 0.001104049733839929, 0.0011793456505984068, 0.0010577207431197166, 0.0008718142053112388, 0.0006619803607463837, 0.0005083225551061332, 0.00032895602635107934]], "psfHeight": 11, "psfWidth": 11, "width": 68}