{"imageWidth": 512, "height": 99, "imageHeight": 512, "psf": [[0.00030125578632578254, 0.0004181245167274028, 0.0005279864999465644, 0.0008621024899184704, 0.001032472588121891, 0.0012916662963107228, 0.0010761028388515115, 0.001027304562740028, 0.0008457477670162916, 0.0005671798717230558, 0.00022264990548137575], [0.000481493683764711, 0.0007398322341032326, 0.0009602172067388892, 0.0017036139033734798, 0.002268093405291438, 0.002909895731136203, 0.0028174372855573893, 0.0022711209021508694, 0.0014209222281351686, 0.0006377823883667588, 0.00043812784133479], [0.0004957185592502356, 0.0010658381506800652, 0.001892595086246729, 0.0035032411105930805, 0.005937550682574511, 0.008417177014052868, 0.008347118273377419, 0.00525882001966238, 0.002468897495418787, 0.001081194612197578, 0.0006063852924853563], [0.0007239317055791616, 0.0015341765247285366, 0.0033077991101890802, 0.0074593685567379, 0.016765551641583443, 0.02669200673699379, 0.023280100896954536, 0.011288111098110676, 0.0043211630545556545, 0.0017061022808775306, 0.0007822251063771546], [0.0007147538708522916, 0.0015785093419253826, 0.005035803187638521, 0.014846966601908207, 0.04053587093949318, 0.06731539219617844, 0.0497487373650074, 0.019000496715307236, 0.006236518267542124, 0.0021020264830440283, 0.0009480868466198444], [0.0007742238231003284, 0.00190503871999681, 0.0063299392350018024, 0.020520033314824104, 0.06465887278318405, 0.10091690719127655, 0.06286975741386414, 0.02075868286192417, 0.0064074015244841576, 0.0021671983413398266, 0.0009006767650134861], [0.0009313570917584002, 0.0017701663309708238, 0.005356775131076574, 0.016528429463505745, 0.04864603281021118, 0.070347860455513, 0.04105298966169357, 0.014506655745208263, 0.004919816739857197, 0.0016764858737587929, 0.0008056404767557979], [0.0007660376722924411, 0.0013742903247475624, 0.003402399132028222, 0.00816418044269085, 0.018263578414916992, 0.02437921240925789, 0.0164540633559227, 0.007207250222563744, 0.0030570949893444777, 0.0012222270015627146, 0.0005615244735963643], [0.0004767560458276421, 0.0011070242617279291, 0.0016154544427990913, 0.0032068565487861633, 0.005654553417116404, 0.007065060082823038, 0.0055396659299731255, 0.0030886426102370024, 0.0016734219389036298, 0.0008054716163314879, 0.000398719945224002], [0.0002850817400030792, 0.000695511931553483, 0.0008038873202167451, 0.0014422016683965921, 0.0020373426377773285, 0.002432439476251602, 0.0021177304442971945, 0.001668568467721343, 0.0009112654370255768, 0.0005637791473418474, 0.00032862898660823703], [0.00010518987255636603, 0.00035565614234656096, 0.0004133587353862822, 0.0005938434042036533, 0.000978898606263101, 0.0012514966074377298, 0.0011435751803219318, 0.0007912758737802505, 0.0005725478404201567, 0.00022185919806361198, 0.00023207969206850976]], "psfHeight": 11, "psfWidth": 11, "width": 99}