{"imageWidth": 512, "height": 102, "imageHeight": 512, "psf": [[0.00012643025547731668, 0.00022475337027572095, 0.00038561306428164244, 0.0007705635507591069, 0.0011747358366847038, 0.0012568087549880147, 0.0009745514835231006, 0.0006049762014299631, 0.00044424404040910304, 0.00034110789420083165, 0.00018043277668766677], [0.00018777295190375298, 0.0003484205808490515, 0.000593660632148385, 0.0011782655492424965, 0.0019774686079472303, 0.0018528737127780914, 0.0014718726743012667, 0.0012088102521374822, 0.0008187722414731979, 0.0005307701649144292, 0.0002808348508551717], [0.00029903941322118044, 0.0005698062595911324, 0.0011610224610194564, 0.0022971699945628643, 0.004560187458992004, 0.006354893557727337, 0.005279496777802706, 0.0028388500213623047, 0.0013764799805358052, 0.0006310386233963072, 0.00034748142934404314], [0.0004734150134027004, 0.000979205360636115, 0.002080553909763694, 0.005426556803286076, 0.013616985641419888, 0.02086310274899006, 0.01657738909125328, 0.0072113205678761005, 0.0025499286130070686, 0.000889497809112072, 0.0003975720319431275], [0.0007923507946543396, 0.001305849989876151, 0.003707530442625284, 0.011416441760957241, 0.041883692145347595, 0.08079013973474503, 0.05790587514638901, 0.01588384248316288, 0.0044298297725617886, 0.0010332128731533885, 0.0006124814390204847], [0.0009936736896634102, 0.0013741509756073356, 0.0053006066009402275, 0.019849449396133423, 0.08140862733125687, 0.1351933628320694, 0.0816231369972229, 0.018931029364466667, 0.004895260091871023, 0.0011150178033858538, 0.0007194243953563273], [0.0008786440012045205, 0.0011561973951756954, 0.004483044147491455, 0.01576785370707512, 0.05824534595012665, 0.08094348758459091, 0.042851172387599945, 0.011894135735929012, 0.0034517317544668913, 0.0010991039453074336, 0.0005748298717662692], [0.0005294326110742986, 0.0008743382059037685, 0.0022610605228692293, 0.0059187160804867744, 0.014875615015625954, 0.019068337976932526, 0.011480468325316906, 0.0048573752865195274, 0.001991216093301773, 0.0008295031730085611, 0.00039813306648284197], [0.00037347429315559566, 0.000593000091612339, 0.0010612724581733346, 0.002145778387784958, 0.0037840004079043865, 0.004439210053533316, 0.003309449413791299, 0.0018771988106891513, 0.0010155398631468415, 0.0005368667771108449, 0.0002905828005168587], [0.0003310524334665388, 0.0003938866138923913, 0.0006012152880430222, 0.0008919037063606083, 0.0010710995411500335, 0.0009689947473816574, 0.0008319022599607706, 0.0007760144653730094, 0.0005734013975597918, 0.00033726709079928696, 0.00020040670642629266], [0.00018823964637704194, 0.00023794984736014158, 0.0003440366417635232, 0.00048360752407461405, 0.0006845307652838528, 0.0007076022448018193, 0.0005423434195108712, 0.00039570691296830773, 0.0003282070974819362, 0.00021824802388437092, 0.00015658071788493544]], "psfHeight": 11, "psfWidth": 11, "width": 102}