{"imageWidth": 512, "height": 144, "imageHeight": 512, "psf": [[0.00015718794020358473, 0.0003295013739261776, 0.0003971087862737477, 0.0005933797219768167, 0.000836826569866389, 0.0011465535499155521, 0.0011498667299747467, 0.0009311833418905735, 0.0006555501604452729, 0.0003143962530884892, 0.00016969736316241324], [0.00024095698609016836, 0.0004803315387107432, 0.0007694805972278118, 0.0012032894883304834, 0.0017512913327664137, 0.0020518021192401648, 0.001978532178327441, 0.0015593540156260133, 0.0009742936817929149, 0.0005188870709389448, 0.00037952885031700134], [0.00046896212734282017, 0.0008127636392600834, 0.0014011043822392821, 0.0027585735078901052, 0.005104688927531242, 0.006489899009466171, 0.005382060073316097, 0.003241744125261903, 0.0016450854018330574, 0.0009171292185783386, 0.0006096548167988658], [0.0007363589247688651, 0.0012555111898109317, 0.0027336974162608385, 0.0062581137754023075, 0.015472535975277424, 0.02259286865592003, 0.01622992940247059, 0.007436482235789299, 0.0031211443711072206, 0.0014149402268230915, 0.0007673087529838085], [0.0009864041348919272, 0.0015291179297491908, 0.004535200539976358, 0.012595489621162415, 0.04691557586193085, 0.07974468171596527, 0.049136705696582794, 0.015352397225797176, 0.005103797186166048, 0.0018016897374764085, 0.0010072279255837202], [0.0009041004232130945, 0.0012149622198194265, 0.0054257032461464405, 0.017099881544709206, 0.07597412914037704, 0.13119713962078094, 0.07538916170597076, 0.019532522186636925, 0.005777027457952499, 0.0016146327834576368, 0.0010683421278372407], [0.0006851453799754381, 0.0010506733087822795, 0.0040772599168121815, 0.012738027609884739, 0.04944290220737457, 0.08034617453813553, 0.04685644432902336, 0.013243477791547775, 0.00421888055279851, 0.0013048835098743439, 0.0008024623384699225], [0.00046277217916212976, 0.0008543707663193345, 0.0022274015937000513, 0.005524716805666685, 0.0146518899127841, 0.021632811054587364, 0.01471351832151413, 0.005916006863117218, 0.0022708920296281576, 0.0009449278004467487, 0.0005290896515361965], [0.0004046522080898285, 0.0006631030701100826, 0.001206051791086793, 0.0022122941445559263, 0.004050349351018667, 0.005463124718517065, 0.0044075543992221355, 0.0023518120869994164, 0.0012031367514282465, 0.0005652427207678556, 0.0003053098334930837], [0.0002999026910401881, 0.00038578841486014426, 0.0006335658254101872, 0.0009532004478387535, 0.0013006326043978333, 0.0014609204372391105, 0.001391214900650084, 0.0009873051894828677, 0.0005470424075610936, 0.00036954114330001175, 0.0001681264693615958], [0.00019674804934766144, 0.0002474677748978138, 0.00041280395817011595, 0.0005466053262352943, 0.0006633801967836916, 0.0007159964879974723, 0.0007238953257910907, 0.0005047236918471754, 0.0003813640505541116, 0.0002631770621519536, 0.00017372582806274295]], "psfHeight": 11, "psfWidth": 11, "width": 144}