{"imageWidth": 512, "height": 179, "imageHeight": 512, "psf": [[0.00037423946196213365, 0.0006624562665820122, 0.0008900881512090564, 0.0012185164960101247, 0.0016890661790966988, 0.001890223124064505, 0.001782678533345461, 0.0013079522177577019, 0.0008870308520272374, 0.0006007638876326382, 0.0003570105182006955], [0.0004883601795881987, 0.0011167054763063788, 0.0017232784302905202, 0.002772439504042268, 0.003813836956396699, 0.004226940218359232, 0.0038906566333025694, 0.002824334427714348, 0.001796172116883099, 0.001027428894303739, 0.0006160263437777758], [0.0006936495192348957, 0.0016902019269764423, 0.00318005564622581, 0.005886268336325884, 0.008989209309220314, 0.011033877730369568, 0.009825699962675571, 0.0059812311083078384, 0.0032950686290860176, 0.0015689233550801873, 0.0007775212288834155], [0.0010566582204774022, 0.0025164622347801924, 0.005677676293998957, 0.012237049639225006, 0.02057763561606407, 0.02600204013288021, 0.021870488300919533, 0.012239466421306133, 0.0058203223161399364, 0.002489258535206318, 0.0012603276409208775], [0.0015115912538021803, 0.0035407121758908033, 0.008570943959057331, 0.019719719886779785, 0.036938268691301346, 0.048175327479839325, 0.03881979361176491, 0.0196002796292305, 0.008208765648305416, 0.003081094240769744, 0.0013776476262137294], [0.0015707336133345962, 0.0036328646820038557, 0.009692865423858166, 0.02385137975215912, 0.04570149630308151, 0.05992633104324341, 0.04714665934443474, 0.02283094823360443, 0.008845378644764423, 0.003416761290282011, 0.0014297990128397942], [0.0014808959094807506, 0.0032204000744968653, 0.008275818079710007, 0.019567593932151794, 0.03804199770092964, 0.048537932336330414, 0.03726102039217949, 0.01836978830397129, 0.007300492376089096, 0.0028591423761099577, 0.00101261876989156], [0.0011010200250893831, 0.00233767949976027, 0.005592778325080872, 0.011937879957258701, 0.02188960649073124, 0.026582954451441765, 0.02065451629459858, 0.010715755634009838, 0.004516031593084335, 0.0020511329639703035, 0.0009767251322045922], [0.0008591378573328257, 0.0015750586753711104, 0.003226103261113167, 0.006304258946329355, 0.009554648771882057, 0.01102911401540041, 0.008841977454721928, 0.0052024805918335915, 0.002592473290860653, 0.0012867305194959044, 0.0009006215259432793], [0.000586489331908524, 0.0012234976748004556, 0.001736763515509665, 0.0027497189585119486, 0.004301812034100294, 0.004422364756464958, 0.003612484084442258, 0.002373990835621953, 0.0014256667345762253, 0.0009757136576808989, 0.00043304022983647883], [0.0003890736843459308, 0.0007085914257913828, 0.0010667364113032818, 0.0015856706304475665, 0.002004703739657998, 0.001958958338946104, 0.0017290526302531362, 0.0012513615656644106, 0.0007674081134609878, 0.00042236014269292355, 0.0004034976300317794]], "psfHeight": 11, "psfWidth": 11, "width": 179}