{"psfHeight": 11, "width": 135, "psf": [[0.00040649951552040875, 0.0006183382938615978, 0.0008269257959909737, 0.0009292777976952493, 0.0012431571958586574, 0.0012963819317519665, 0.0012858358677476645, 0.0009694854961708188, 0.00067223294172436, 0.0004086729313712567, 0.0002503732102923095], [0.000601087580434978, 0.0009282910032197833, 0.0014465964632108808, 0.0020514458883553743, 0.0029558916576206684, 0.003284769132733345, 0.003050267929211259, 0.00206009135581553, 0.001292151864618063, 0.0006868102354928851, 0.00037769772461615503], [0.00073973648250103, 0.0013520620996132493, 0.0026355679146945477, 0.004618270322680473, 0.007735841441899538, 0.00954262726008892, 0.008191135711967945, 0.004934741649776697, 0.002464878838509321, 0.0010623786365613341, 0.0005972556537017226], [0.0009259881335310638, 0.002040343126282096, 0.004452037625014782, 0.01018565334379673, 0.020086223259568214, 0.02685929648578167, 0.021709470078349113, 0.01085167657583952, 0.004290311131626368, 0.001741755404509604, 0.0008372892043553293], [0.0012223803205415606, 0.0025874071288853884, 0.006690224166959524, 0.018258627504110336, 0.042402055114507675, 0.06133869290351868, 0.04514196515083313, 0.01854787953197956, 0.006188316736370325, 0.0021366989240050316, 0.0009683363023214042], [0.0013363041216507554, 0.0026734645944088697, 0.007591353729367256, 0.022706788033246994, 0.05847136676311493, 0.08646838366985321, 0.059416137635707855, 0.021397607401013374, 0.00650476710870862, 0.002087990054860711, 0.0009373010252602398], [0.001294262707233429, 0.002438959665596485, 0.0063279010355472565, 0.01779775694012642, 0.044553156942129135, 0.06433561444282532, 0.042992811650037766, 0.015354801900684834, 0.005070479586720467, 0.001834202790632844, 0.0007402502233162522], [0.00109662429895252, 0.001857735333032906, 0.003876529401168227, 0.00888521783053875, 0.019112011417746544, 0.025762483477592468, 0.018030138686299324, 0.007693448103964329, 0.003031161380931735, 0.0012583194766193628, 0.0006024643662385643], [0.0006749373278580606, 0.001104074763134122, 0.0019986287225037813, 0.0036867852322757244, 0.00626383488997817, 0.007979210466146469, 0.0061448439955711365, 0.0032568967435508966, 0.0016599935479462147, 0.0008276449516415596, 0.0004325473273638636], [0.0004681537684518844, 0.0007214915822260082, 0.001025534700602293, 0.0015743342228233814, 0.0022159270010888577, 0.002793600084260106, 0.0022485346999019384, 0.00153159920591861, 0.0009631896391510963, 0.0004830645921174437, 0.00037002391763962805], [0.0002663606428541243, 0.0003596493334043771, 0.0005519345286302269, 0.0006489279912784696, 0.0011174745159223676, 0.0013349713990464807, 0.00109781080391258, 0.0007863288628868759, 0.000523902359418571, 0.00023456702183466405, 0.00013600340753328055]], "height": 135, "imageWidth": 512, "psfWidth": 11, "imageHeight": 512}