{"imageWidth": 512, "height": 88, "imageHeight": 512, "psf": [[0.00010923188528977334, 0.0002668912638910115, 0.00031313212821260095, 0.00043256639037281275, 0.0007854123250581324, 0.0010719745187088847, 0.0011995697859674692, 0.0008957028039731085, 0.0005916506634093821, 0.00038607142050750554, 0.00020376715110614896], [0.0003003515303134918, 0.00047150644240900874, 0.0006621465436182916, 0.0011180914007127285, 0.001511528855189681, 0.001603308948688209, 0.0018176366575062275, 0.001564168487675488, 0.0009447134216316044, 0.000589215022046119, 0.0003456689591985196], [0.0005117003456689417, 0.0007894509471952915, 0.0012064569164067507, 0.0025960002094507217, 0.004852058831602335, 0.006366129033267498, 0.005320745054632425, 0.0031225327402353287, 0.0015784121351316571, 0.0008513372158631682, 0.0005457020597532392], [0.0008197865099646151, 0.0012983432970941067, 0.0026032233145087957, 0.005688679404556751, 0.014049655757844448, 0.02092580311000347, 0.014953711070120335, 0.00693915318697691, 0.0028892785776406527, 0.0013297307305037975, 0.0006787992315366864], [0.0008869359153322875, 0.0014718127204105258, 0.004393089096993208, 0.012269478291273117, 0.04635577276349068, 0.08254572749137878, 0.05014164000749588, 0.014901227317750454, 0.004821539390832186, 0.001670952420681715, 0.0009302683174610138], [0.0008073467761278152, 0.001104091526940465, 0.0050999876111745834, 0.017254294827580452, 0.08074814826250076, 0.14179278910160065, 0.08002851158380508, 0.019686689600348473, 0.0054963091388344765, 0.0016350139630958438, 0.0009290017769671977], [0.0006301429821178317, 0.000980538665316999, 0.003775025252252817, 0.012157149612903595, 0.05099101737141609, 0.08299222588539124, 0.047148287296295166, 0.01332432497292757, 0.003956011030822992, 0.0012493424583226442, 0.0007119588553905487], [0.00045553225209005177, 0.0008365836110897362, 0.0019102366641163826, 0.00472395122051239, 0.011844282038509846, 0.01751157082617283, 0.012480093166232109, 0.005205449648201466, 0.0020660185255110264, 0.0009062655153684318, 0.000476115383207798], [0.00027456911629997194, 0.0005957276443950832, 0.0011047041043639183, 0.0019489320693537593, 0.0035968259908258915, 0.005081575363874435, 0.004013444762676954, 0.002003964502364397, 0.0009448836790397763, 0.0005616917624138296, 0.0002896044170483947], [0.00020618137205019593, 0.00042878201929852366, 0.0006361861014738679, 0.0008812823216430843, 0.0007766454946249723, 0.0008162902668118477, 0.0010576184140518308, 0.0008866015123203397, 0.0005110432975925505, 0.0002464186691213399, 0.000170900922967121], [0.00021683095837943256, 0.00026467052521184087, 0.000345048465533182, 0.00042309335549362004, 0.0005787545815110207, 0.0008339728810824454, 0.0007337262504734099, 0.00048213236732408404, 0.0003224085085093975, 0.00025317358085885644, 0.00010850305261556059]], "psfHeight": 11, "psfWidth": 11, "width": 88}