{"imageWidth": 512, "height": 141, "imageHeight": 512, "psf": [[0.0003057477006223053, 0.00036763070966117084, 0.00047391236876137555, 0.0005103140720166266, 0.0006194360321387649, 0.0008115172968246043, 0.0009791034972295165, 0.0009657658520154655, 0.0005612344248220325, 0.0005631710519082844, 0.0003736996732186526], [0.0004946058616042137, 0.0007105114636942744, 0.0009678445640020072, 0.0011773442383855581, 0.0013279286213219166, 0.0015551734250038862, 0.0017902788240462542, 0.0015835721278563142, 0.0008482484263367951, 0.000592575001064688, 0.0002590469957794994], [0.0007369284285232425, 0.001234825816936791, 0.002031303010880947, 0.003222142579033971, 0.004318842664361, 0.005174778401851654, 0.00470354687422514, 0.0028205672279000282, 0.0016367539064958692, 0.00073820207035169, 0.000318643607897684], [0.00090673757949844, 0.0019295859383419156, 0.004673314746469259, 0.011741871014237404, 0.018600676208734512, 0.018407419323921204, 0.013566344045102596, 0.006481018383055925, 0.0026643848977983, 0.001055736793205142, 0.000614787160884589], [0.0008171733934432268, 0.0022534066811203957, 0.007442959118634462, 0.028769420459866524, 0.057734474539756775, 0.06305070221424103, 0.04379112273454666, 0.01596699468791485, 0.004480206407606602, 0.0017036398639902472, 0.0007932416046969593], [0.0007535770419053733, 0.0019679185934364796, 0.006655203644186258, 0.02906934544444084, 0.07487676292657852, 0.10800623893737793, 0.07890835404396057, 0.025901714339852333, 0.006391151342540979, 0.002025466412305832, 0.000984584679827094], [0.0005905395373702049, 0.0013657344970852137, 0.004368718713521957, 0.014776885509490967, 0.04123235121369362, 0.06868837028741837, 0.05348438024520874, 0.019852809607982635, 0.005634587723761797, 0.0019199935486540198, 0.0008030946482904255], [0.000434846238931641, 0.0011304966174066067, 0.0022535971365869045, 0.005525938700884581, 0.012090282514691353, 0.017617739737033844, 0.01430234033614397, 0.0074338060803711414, 0.003000302705913782, 0.0012274266919121146, 0.0006102075567469001], [0.00043739110697060823, 0.0006677484489046037, 0.0012226272374391556, 0.0022140005603432655, 0.0035333512350916862, 0.004684883169829845, 0.004058648832142353, 0.002479865914210677, 0.001521002734079957, 0.0007736482657492161, 0.000330194307025522], [0.0001771947427187115, 0.00034293250064365566, 0.0006033004610799253, 0.0008886338328011334, 0.0011941712582483888, 0.0011528489412739873, 0.0011404739925637841, 0.000903377658687532, 0.0006827673059888184, 0.00044398734462447464, 0.00026484508998692036], [0.0001524342515040189, 7.574378105346113e-05, 0.00030989659717306495, 0.0004822260816581547, 0.0007199984975159168, 0.0007306027691811323, 0.000519926252309233, 0.0004671304195653647, 0.000288763694697991, 0.00027354448684491217, 0.00015668214473407716]], "psfHeight": 11, "psfWidth": 11, "width": 141}