{"psfHeight": 11, "width": 278, "psf": [[0.0004934939206577837, 0.0007104449905455112, 0.0011108164908364415, 0.0015855047386139631, 0.0019244233844801784, 0.002100144512951374, 0.0019430842949077487, 0.001421880442649126, 0.001002489123493433, 0.0007777227438054979, 0.000519250170327723], [0.0006176065071485937, 0.0010773374233394861, 0.0018588368548080325, 0.003027547150850296, 0.00400526262819767, 0.00454033212736249, 0.004241333808749914, 0.002935311757028103, 0.0020366411190479994, 0.0011606680927798152, 0.0006039793370291591], [0.0007736507686786354, 0.0015623419312760234, 0.003216199344024062, 0.006040357518941164, 0.00918355118483305, 0.011142139323055744, 0.009712734259665012, 0.006180969532579184, 0.0034937376622110605, 0.001746018067933619, 0.000774786458350718], [0.0011557084508240223, 0.0023657476995140314, 0.005315906368196011, 0.010991949588060379, 0.020170504227280617, 0.02611081674695015, 0.021383561193943024, 0.012103185057640076, 0.0055543952621519566, 0.002521195914596319, 0.0011200917651876807], [0.0015922564780339599, 0.0031304669100791216, 0.007606476079672575, 0.018074456602334976, 0.03865206241607666, 0.053109824657440186, 0.03984291851520538, 0.018938245251774788, 0.0077112154103815556, 0.0028563092928379774, 0.001308903913013637], [0.0016957720508798957, 0.00327515066601336, 0.008635965175926685, 0.022180674597620964, 0.05179882422089577, 0.07295049726963043, 0.05201343819499016, 0.022005045786499977, 0.008103684522211552, 0.0030682592187076807, 0.0013940965291112661], [0.0014503508573397994, 0.0029245573095977306, 0.007200284395366907, 0.017743917182087898, 0.0405343696475029, 0.05626358836889267, 0.03946961089968681, 0.016831107437610626, 0.006476970389485359, 0.0025150084402412176, 0.0012681290972977877], [0.0011169236386194825, 0.002042582258582115, 0.004684286192059517, 0.010016708634793758, 0.01941223070025444, 0.02511471137404442, 0.01815948449075222, 0.009039191529154778, 0.004209204576909542, 0.0018625750672072172, 0.000985885737463832], [0.0007514728931710124, 0.0012813244247809052, 0.0025007789954543114, 0.004671146627515554, 0.007343851495534182, 0.008833014406263828, 0.0069556646049022675, 0.00426975404843688, 0.002339267870411277, 0.001228197943419218, 0.0007327345083467662], [0.0005624060868285596, 0.000903056759852916, 0.001388866687193513, 0.002165301004424691, 0.0029316102154552937, 0.0032898392528295517, 0.00265840208157897, 0.001969108358025551, 0.0012341693509370089, 0.0007356111891567707, 0.000402001227485016], [0.0003882497258018702, 0.0005655602435581386, 0.0007548917783424258, 0.0011206314666196704, 0.0013267522444948554, 0.001511848415248096, 0.0011693196138367057, 0.0008812581654638052, 0.00071197550278157, 0.000457524205558002, 0.0003845597093459219]], "height": 278, "imageWidth": 512, "psfWidth": 11, "imageHeight": 512}