{"psfHeight": 11, "width": 194, "psf": [[0.0002180542069254443, 0.0004515497130341828, 0.0007115262560546398, 0.00090425816597417, 0.001265401835553348, 0.0015209694392979145, 0.001169033581390977, 0.0010690927738323808, 0.0006606383249163628, 0.00048689916729927063, 0.0002785068063531071], [0.0005340424249880016, 0.0008011186728253961, 0.0011389065766707063, 0.0018903665477409959, 0.0026314978022128344, 0.0034343416336923838, 0.0031857071444392204, 0.002215471351519227, 0.0014805017272010446, 0.0007349725347012281, 0.0002995989052578807], [0.000828163290861994, 0.0013977977214381099, 0.0022032419219613075, 0.0038659938145428896, 0.006442996207624674, 0.009068994782865047, 0.007901140488684177, 0.004946073517203331, 0.0023396252654492855, 0.0011771355057135224, 0.0006629755953326821], [0.0011841474333778024, 0.0017858846113085747, 0.004038845654577017, 0.008178818970918655, 0.015814725309610367, 0.024814529344439507, 0.02181341126561165, 0.010776716284453869, 0.004155472386628389, 0.0017779819900169969, 0.001023584045469761], [0.0013395108981058002, 0.0024570755194872618, 0.006175547372549772, 0.015578638762235641, 0.037265509366989136, 0.06337937712669373, 0.049114104360342026, 0.018550904467701912, 0.006325891707092524, 0.002206123899668455, 0.00085145776392892], [0.001262099132873118, 0.0028371261432766914, 0.007784040179103613, 0.022468633949756622, 0.06007221341133118, 0.09238076955080032, 0.06035436689853668, 0.020420311018824577, 0.006658241152763367, 0.0023852349258959293, 0.0010721605503931642], [0.0011578573612496257, 0.0025393785908818245, 0.007099194917827845, 0.01900162175297737, 0.04751124233007431, 0.06429801881313324, 0.03853324428200722, 0.014251723885536194, 0.00519323255866766, 0.0019116004696115851, 0.0009672616142779589], [0.0009221452055498958, 0.0021464924793690443, 0.004608665592968464, 0.009960794821381569, 0.020032592117786407, 0.024466892704367638, 0.016019687056541443, 0.0077681951224803925, 0.0030074429232627153, 0.001582336495630443, 0.0007059029303491116], [0.0008086111629381776, 0.0015389812178909779, 0.0025683180429041386, 0.004730733577162027, 0.006832062266767025, 0.008086973801255226, 0.006253865081816912, 0.0031654725316911936, 0.0021503595635294914, 0.0009745258139446378, 0.0006807944155298173], [0.0004610579344443977, 0.0009216344333253801, 0.001261754659935832, 0.0019998699426651, 0.0023130513727664948, 0.0027944089379161596, 0.0020659873262047768, 0.0010272290091961622, 0.0015019190032035112, 0.0007639348623342812, 0.0005072535132057965], [0.0004219042311888188, 0.0005098950350657105, 0.0006188400438986719, 0.0009365037549287081, 0.001064739073626697, 0.0013486561365425587, 0.0012384328292682767, 0.000973040412645787, 0.0008117337129078805, 0.0005057374946773052, 0.00025609813746996224]], "height": 194, "imageWidth": 512, "psfWidth": 11, "imageHeight": 512}