{"psfHeight": 11, "width": 145, "psf": [[0.00023010376025922596, 0.00031960447086021304, 0.0005032562185078859, 0.0006702684331685305, 0.0009427167824469507, 0.0010783551260828972, 0.000887532252818346, 0.0006135746371001005, 0.0005069391918368638, 0.0003459022846072912, 0.00017200849833898246], [0.00039413446211256087, 0.0006076055578887463, 0.0009033153182826936, 0.0013682192657142878, 0.0021722104866057634, 0.0026578675024211407, 0.0022914945147931576, 0.0015188265824690461, 0.0008034319034777582, 0.0004498623311519623, 0.00026537670055404305], [0.0004970770096406341, 0.0009179840562865138, 0.0017206816701218486, 0.0033343073446303606, 0.006616117898374796, 0.00903940200805664, 0.006804307922720909, 0.003324737073853612, 0.0015351996989920735, 0.0007574621122330427, 0.0003761178522836417], [0.0007274493691511452, 0.0014164497843012214, 0.003140352200716734, 0.00794096291065216, 0.019615553319454193, 0.02918710745871067, 0.019702691584825516, 0.006760035641491413, 0.002473303349688649, 0.0010017905151471496, 0.0004614829085767269], [0.0008531833882443607, 0.001559409429319203, 0.00479145348072052, 0.014913254417479038, 0.04891122132539749, 0.07896590232849121, 0.047494057565927505, 0.011683902703225613, 0.003619417315348983, 0.0010822524782270193, 0.0007291705114766955], [0.0010724890744313598, 0.0014246205100789666, 0.005466659087687731, 0.01728871837258339, 0.06899047642946243, 0.12193731218576431, 0.06992630660533905, 0.013721221126616001, 0.004684828221797943, 0.0008007466094568372, 0.0008752522408030927], [0.0008881622925400734, 0.0013361835153773427, 0.004339494276791811, 0.012378138490021229, 0.046213436871767044, 0.08240106701850891, 0.04895785450935364, 0.0111037353053689, 0.0038849732372909784, 0.0008280485635623336, 0.0006753748166374862], [0.0006858833367004991, 0.0012104043271392584, 0.0027635975275188684, 0.006255079992115498, 0.015373521484434605, 0.0240662582218647, 0.016662396490573883, 0.00607253098860383, 0.00223827688023448, 0.0009277124772779644, 0.0004131849855184555], [0.0006700899102725089, 0.0010495730675756931, 0.001718795159831643, 0.002824119059368968, 0.0043874820694327354, 0.0059424638748168945, 0.004819334018975496, 0.00256475992500782, 0.001327628269791603, 0.0006426831823773682, 0.0002881833352148533], [0.00043765216832980514, 0.0006802445859648287, 0.0010054970625787973, 0.001176633290015161, 0.0013539998326450586, 0.0016025947406888008, 0.0016646550502628088, 0.0013566394336521626, 0.0006875041290186346, 0.00043551428825594485, 0.00024160036991816014], [0.00035745021887123585, 0.0004102165112271905, 0.00044651198550127447, 0.0004827775701414794, 0.0005775099853053689, 0.0007971861050464213, 0.0007874478469602764, 0.0007147451397031546, 0.00048596522537991405, 0.0002872119366656989, 0.0002549840428400785]], "height": 145, "imageWidth": 512, "psfWidth": 11, "imageHeight": 512}