{"psfHeight": 11, "width": 151, "psf": [[0.0004321496235206723, 0.000502756389323622, 0.0007533338502980769, 0.0009388711187057197, 0.001215352094732225, 0.0012845593737438321, 0.001120660686865449, 0.0007827533991076052, 0.000667254556901753, 0.00042399659287184477, 0.0001867000974016264], [0.0005778943886980414, 0.0009418680565431714, 0.0013770234072580934, 0.002007099101319909, 0.0026433863677084446, 0.0028352239169180393, 0.0025889298412948847, 0.0020538894459605217, 0.0011199043365195394, 0.0006792870699428022, 0.00039289603591896594], [0.0007649416220374405, 0.0013803906040266156, 0.0023637372069060802, 0.0040977997705340385, 0.006430483888834715, 0.007978628389537334, 0.007086785975843668, 0.004406064748764038, 0.00245790951885283, 0.0012332842452451587, 0.0004906519316136837], [0.0008653310360386968, 0.001814698101952672, 0.003933376632630825, 0.008948750793933868, 0.018545208498835564, 0.02483695186674595, 0.019545793533325195, 0.010207518935203552, 0.004367390181869268, 0.0019573832396417856, 0.0008682343759573996], [0.0010925723472610116, 0.0019856486469507217, 0.00575090991333127, 0.017297133803367615, 0.04509546607732773, 0.06414227932691574, 0.046397268772125244, 0.0192508976906538, 0.006415914744138718, 0.002554380800575018, 0.001070892671123147], [0.0009233942837454379, 0.002156031085178256, 0.006438910029828548, 0.022646235302090645, 0.06468413025140762, 0.09473071992397308, 0.06379251182079315, 0.022705836221575737, 0.006966032553464174, 0.00231625372543931, 0.0009383098222315311], [0.0008254895219579339, 0.0019040608312934637, 0.005260784644633532, 0.01674865372478962, 0.04573071002960205, 0.06706831604242325, 0.044772401452064514, 0.016207706183195114, 0.005420936271548271, 0.0019721933640539646, 0.0008641724125482142], [0.0006361083360388875, 0.0014739340404048562, 0.0032667587511241436, 0.007758012507110834, 0.017126690596342087, 0.023432675749063492, 0.01701832376420498, 0.008018647320568562, 0.0034325348678976297, 0.0014449922600761056, 0.0006615619058720767], [0.00047862614155746996, 0.0009524227352812886, 0.0018361955881118774, 0.003389545250684023, 0.0054392023012042046, 0.00667951675131917, 0.005110177211463451, 0.0031611924059689045, 0.0018078024731948972, 0.0009815286612138152, 0.0005157979321666062], [0.0003458102291915566, 0.0007120734662748873, 0.0010379834566265345, 0.001563888625241816, 0.0018774749478325248, 0.0020541823469102383, 0.0018756893696263433, 0.0013427234953269362, 0.0008787676342763007, 0.0005789661081507802, 0.0004419090400915593], [0.0002445212739985436, 0.0005542623694054782, 0.0005771246505901217, 0.0007810832466930151, 0.0009649815037846565, 0.0009184629889205098, 0.0007747981580905616, 0.0006675707991234958, 0.0004527551936917007, 0.00029095038189552724, 0.00020749945542775095]], "height": 151, "imageWidth": 512, "psfWidth": 11, "imageHeight": 512}