{"psfHeight": 11, "width": 113, "psf": [[0.0002564011374488473, 0.0004323358880355954, 0.0006066070054657757, 0.0008005506824702024, 0.0009489807998761535, 0.0010126112028956413, 0.0008829204016365111, 0.0006994911236688495, 0.00041086142300628126, 0.0002938098623417318, 0.00022477794846054167], [0.0003473730175755918, 0.0006177918985486031, 0.0011732332641258836, 0.0018038138514384627, 0.0021040623541921377, 0.0020737401209771633, 0.0017372046131640673, 0.001301741343922913, 0.0009120035683736205, 0.0005972039070911705, 0.0003095331194344908], [0.0006886515184305608, 0.0011480040848255157, 0.002243518829345703, 0.004159492440521717, 0.006309306249022484, 0.007020013406872749, 0.005644224584102631, 0.0033022810239344835, 0.0017565499292686582, 0.0009116622968576849, 0.00040731613989919424], [0.001079077017493546, 0.0019177241483703256, 0.00404112134128809, 0.009441692382097244, 0.018186643719673157, 0.022198772057890892, 0.01644648239016533, 0.008309701457619667, 0.0034256090875715017, 0.0015930094523355365, 0.0006971704424358904], [0.0013335247058421373, 0.0027174383867532015, 0.006477209739387035, 0.019214538857340813, 0.04696393758058548, 0.06408446282148361, 0.04493355751037598, 0.01792394369840622, 0.005724385846406221, 0.0019958154298365116, 0.000861820881254971], [0.0012049813522025943, 0.002680862555280328, 0.007560055702924728, 0.025066252797842026, 0.06825827062129974, 0.10028035938739777, 0.0691494271159172, 0.024209965020418167, 0.007027010899037123, 0.0021408528555184603, 0.0009542282787151635], [0.0007923915982246399, 0.0020286517683416605, 0.005662870593369007, 0.017708998173475266, 0.044742997735738754, 0.06565746665000916, 0.04682769626379013, 0.017814192920923233, 0.005743979476392269, 0.0019650347530841827, 0.0008928182069212198], [0.0006985898362472653, 0.0013204682618379593, 0.0032734309788793325, 0.007864033803343773, 0.015714775770902634, 0.020922020077705383, 0.016091445460915565, 0.0081423195078969, 0.0034820742439478636, 0.001472955453209579, 0.0007138542714528739], [0.0004891635035164654, 0.0008938470855355263, 0.0017449584556743503, 0.0032259016297757626, 0.0050950078293681145, 0.00639539398252964, 0.005202157888561487, 0.003245819825679064, 0.0018024810124188662, 0.0009378111572004855, 0.0005323124933056533], [0.0003347522288095206, 0.0006177826435305178, 0.0008960634004324675, 0.0015292922034859657, 0.0019540484063327312, 0.0018972291145473719, 0.0018334899796172976, 0.001469721901230514, 0.0009812398348003626, 0.0005354941822588444, 0.00039278113399632275], [0.00035565480357035995, 0.0004270162608008832, 0.0006358044920489192, 0.0009282540413551033, 0.0010746854823082685, 0.0010781340533867478, 0.0009250732837244868, 0.000682024285197258, 0.0005476897349581122, 0.0003516511351335794, 0.00021630656556226313]], "height": 113, "imageWidth": 512, "psfWidth": 11, "imageHeight": 512}