{"psfHeight": 11, "width": 272, "psf": [[0.0002324761007912457, 0.0004273617232684046, 0.0005086736637167633, 0.0007858691969886422, 0.0008863010443747044, 0.0008974631200544536, 0.0009464184986427426, 0.0008459272794425488, 0.0005576940602622926, 0.000325763103319332, 0.00024239662161562592], [0.00048121873987838626, 0.0005737300962209702, 0.0010799452429637313, 0.0013666313607245684, 0.0019938077311962843, 0.002467409009113908, 0.0023614258971065283, 0.0017707020742818713, 0.001106743817217648, 0.0006858182605355978, 0.00046566096716560423], [0.0006232067244127393, 0.0011494603240862489, 0.0018311153398826718, 0.0034641872625797987, 0.005738314241170883, 0.007706011645495892, 0.0069481669925153255, 0.004330250434577465, 0.00224469811655581, 0.0011971278581768274, 0.0006359440158121288], [0.0010867905803024769, 0.0016769894864410162, 0.0032571949996054173, 0.0077269235625863075, 0.01606651209294796, 0.02467423304915428, 0.021664505824446678, 0.011125043034553528, 0.004347633104771376, 0.001705880044028163, 0.000833841972053051], [0.0009575038566254079, 0.0018697017803788185, 0.004905337002128363, 0.014563809148967266, 0.042943619191646576, 0.06778254359960556, 0.05085248872637749, 0.021082429215312004, 0.0063664731569588184, 0.0020310422405600548, 0.0009167981916107237], [0.0007522887899540365, 0.0017695823917165399, 0.005499710328876972, 0.020331524312496185, 0.06800538301467896, 0.10273828357458115, 0.06509596854448318, 0.02324262075126171, 0.006606508512049913, 0.002149163046851754, 0.0009194887825287879], [0.0007884518126957119, 0.0014385894173756242, 0.00443166634067893, 0.016481859609484673, 0.0506659597158432, 0.07060525566339493, 0.041550878435373306, 0.015472086146473885, 0.0050499620847404, 0.00184000248555094, 0.0008562224684283137], [0.0006846675532869995, 0.0011197507847100496, 0.0027228945400565863, 0.007941441610455513, 0.01812046952545643, 0.0226375050842762, 0.015054196119308472, 0.0068617467768490314, 0.00306149129755795, 0.0013561355881392956, 0.0007261348655447364], [0.000430364569183439, 0.0007253791554830968, 0.0014907412696629763, 0.00317699764855206, 0.005796270910650492, 0.006949976086616516, 0.005090829450637102, 0.002920656930655241, 0.001606426085345447, 0.0008579413406550884, 0.0005509022739715874], [0.0002724732330534607, 0.0005585448816418648, 0.0008912076591514051, 0.0015666707186028361, 0.0020515157375484705, 0.0019881457556039095, 0.001767632202245295, 0.0013268061447888613, 0.0008946210728026927, 0.0004736583214253187, 0.00039369944715872407], [0.0003218557685613632, 0.0004218206158839166, 0.0004781198513228446, 0.0007944893441163003, 0.0009115496068261564, 0.001029721461236477, 0.0008806575788185, 0.0005534783122129738, 0.0005334002198651433, 0.00022932261344976723, 0.00017099754768423736]], "height": 272, "imageWidth": 512, "psfWidth": 11, "imageHeight": 512}