{"imageWidth": 512, "height": 86, "imageHeight": 512, "psf": [[0.0003014909743797034, 0.0005070824990980327, 0.000606113753747195, 0.0007747199852019548, 0.0010005072690546513, 0.0011755337473005056, 0.001073438790626824, 0.0008517220267094672, 0.0005365984980016947, 0.000463768228655681, 0.00022682764392811805], [0.00033424506545998156, 0.0006791507476009429, 0.001172289252281189, 0.001800580183044076, 0.002423301339149475, 0.0026866067200899124, 0.0024593707639724016, 0.0014993667136877775, 0.000943007820751518, 0.000671129091642797, 0.00041003493242897093], [0.0004298407875467092, 0.0010631370823830366, 0.002335526281967759, 0.0042433105409145355, 0.007129032164812088, 0.008604156784713268, 0.006741127464920282, 0.0038606426678597927, 0.001949985045939684, 0.000977388466708362, 0.0005023026023991406], [0.000768915459048003, 0.0016921819187700748, 0.004032920580357313, 0.009519577957689762, 0.019720446318387985, 0.025368480011820793, 0.018826652318239212, 0.008867869153618813, 0.003580129938200116, 0.0016722726868465543, 0.0007904802332632244], [0.0009472531965002418, 0.002277763793244958, 0.0059216939844191074, 0.017441067844629288, 0.044243667274713516, 0.06313085556030273, 0.04385291785001755, 0.01738709583878517, 0.0058577097952365875, 0.0019519096240401268, 0.0009358798852190375], [0.0011227133218199015, 0.0023491152096539736, 0.007193374447524548, 0.021703993901610374, 0.061743393540382385, 0.09173836559057236, 0.06227898970246315, 0.023323554545640945, 0.007511619944125414, 0.0024945277255028486, 0.0012047503842040896], [0.0011450749589130282, 0.002049364149570465, 0.006090883631259203, 0.017450006678700447, 0.04516582190990448, 0.06427279114723206, 0.04396742209792137, 0.017344484105706215, 0.006233649328351021, 0.0024615980219095945, 0.001292770728468895], [0.0009292453178204596, 0.0017893462209030986, 0.004031023476272821, 0.009104833006858826, 0.018806081265211105, 0.02394743822515011, 0.016950400546193123, 0.008416252210736275, 0.003956192638725042, 0.001731996308080852, 0.0008905289578251541], [0.0005526248714886606, 0.001150189433246851, 0.0023347369860857725, 0.003955792635679245, 0.0067228879779577255, 0.007785279303789139, 0.005925903096795082, 0.00360825820825994, 0.0019132636953145266, 0.0009786818409338593, 0.0006157945026643574], [0.0004022180219180882, 0.0006249584257602692, 0.0013981619849801064, 0.0020198288839310408, 0.0028564122039824724, 0.0030606684740632772, 0.002249795710667968, 0.001603777171112597, 0.0010313730454072356, 0.0005388091667555273, 0.0005398457869887352], [0.0003565117949619889, 0.0004094287287443876, 0.0007211766787804663, 0.000981661956757307, 0.0012461200822144747, 0.0013140748487785459, 0.0009950350504368544, 0.0008839762886054814, 0.0005957754910923541, 0.0004444172664079815, 0.00026983252610079944]], "psfHeight": 11, "psfWidth": 11, "width": 86}