{"imageWidth": 512, "height": 156, "imageHeight": 512, "psf": [[0.0004079440259374678, 0.0005567800253629684, 0.0008914340287446976, 0.0011939104879274964, 0.001535231713205576, 0.0016079549677670002, 0.0013716141693294048, 0.0010824803030118346, 0.000687181600369513, 0.00040102883940562606, 0.0003127516247332096], [0.0005975182866677642, 0.0010028138058260083, 0.0014469214947894216, 0.0022303469013422728, 0.0031193881295621395, 0.0035072530154138803, 0.0031345828901976347, 0.0023440702352672815, 0.001585448277182877, 0.0009405249729752541, 0.000586883572395891], [0.0008659812738187611, 0.0014773968141525984, 0.002749266568571329, 0.004744908306747675, 0.007540181279182434, 0.009274757467210293, 0.008067818358540535, 0.005427991971373558, 0.0030713812448084354, 0.0017476776847615838, 0.0009230522555299103], [0.0009821177227422595, 0.0019098803168162704, 0.004540075547993183, 0.009911276400089264, 0.018966156989336014, 0.02498937025666237, 0.0205104760825634, 0.011883800849318504, 0.00549380574375391, 0.0025723252911120653, 0.0012654549209401011], [0.0011729872785508633, 0.0023998930118978024, 0.0064354706555604935, 0.017223650589585304, 0.03931468352675438, 0.05489828437566757, 0.041662462055683136, 0.020375095307826996, 0.008680185303092003, 0.003573945490643382, 0.0016406452050432563], [0.0011463843984529376, 0.002578234765678644, 0.007646613288670778, 0.02247513458132744, 0.05481408163905144, 0.0741863027215004, 0.05289474502205849, 0.024252498522400856, 0.00972658023238182, 0.0039303479716181755, 0.001698627951554954], [0.0011598722776398063, 0.002448376966640353, 0.006829218938946724, 0.01940968818962574, 0.043261803686618805, 0.05514447018504143, 0.039353176951408386, 0.018856851384043694, 0.007785850670188665, 0.0032420160714536905, 0.0014632599195465446], [0.0009715689229778945, 0.0021662740036845207, 0.004822729621082544, 0.011007319204509258, 0.019972091540694237, 0.02423795871436596, 0.01817944459617138, 0.00986593309789896, 0.00482191564515233, 0.002259688451886177, 0.00109807716216892], [0.0007261016289703548, 0.0014541990822181106, 0.0028844578191637993, 0.00507713807746768, 0.007440414745360613, 0.008443946950137615, 0.0068560270592570305, 0.004311311990022659, 0.002359806327149272, 0.001370293670333922, 0.0007881622877903283], [0.0006347262533381581, 0.0009528939845040441, 0.0014543168945237994, 0.0021881049033254385, 0.0028277577366679907, 0.0030148213263601065, 0.002671310678124428, 0.0019040649058297276, 0.001277693547308445, 0.0008395867189392447, 0.00042935588862746954], [0.0004803366609849036, 0.0006451020017266273, 0.0010184332495555282, 0.001152338576503098, 0.001357727567665279, 0.001312563195824623, 0.0012385006994009018, 0.000929931877180934, 0.0006388489273376763, 0.00048119251732714474, 0.00029483556863851845]], "psfHeight": 11, "psfWidth": 11, "width": 156}