{"psfHeight": 11, "width": 79, "psf": [[0.0001580297393957153, 0.00012447450717445463, 0.0002719521289691329, 0.00033790964516811073, 0.0007345940684899688, 0.0011886849533766508, 0.0010585925774648786, 0.000673149072099477, 0.0005116253159940243, 0.0002786611148621887, 0.00018365315918345004], [0.00023098003293853253, 0.00036337715573608875, 0.0005694888532161713, 0.0007685888558626175, 0.000917473342269659, 0.001136183738708496, 0.00140068877954036, 0.001129592303186655, 0.0007276931428350508, 0.00034622481325641274, 0.0002833415928762406], [0.000514854968059808, 0.0007480088388547301, 0.0011072622146457434, 0.001826185267418623, 0.003867346327751875, 0.005962132941931486, 0.004248615354299545, 0.0023468926083296537, 0.0012300024973228574, 0.0006796197849325836, 0.00040717472438700497], [0.0007293532835319638, 0.001141599379479885, 0.0021798242814838886, 0.004526065196841955, 0.01065981574356556, 0.017970245331525803, 0.0134968813508749, 0.005419539287686348, 0.0023366808891296387, 0.0011418764479458332, 0.0006262243259698153], [0.000860289263073355, 0.0009346994920633733, 0.0035810053814202547, 0.010349120013415813, 0.0478811040520668, 0.09035895019769669, 0.0502367801964283, 0.011614703573286533, 0.0039094239473342896, 0.0012413287768140435, 0.0009488435462117195], [0.0009897144045680761, 0.00030865162261761725, 0.0042407820001244545, 0.013166147284209728, 0.08699493110179901, 0.1705525666475296, 0.08664245158433914, 0.016358407214283943, 0.004872829187661409, 0.0011087917955592275, 0.0010144860716536641], [0.0006706940475851297, 0.0005361383664421737, 0.003024121280759573, 0.008814291097223759, 0.04767763614654541, 0.09008096903562546, 0.04928422346711159, 0.011382237076759338, 0.0035209478810429573, 0.0008898038067854941, 0.0006960735772736371], [0.0004091288719791919, 0.0007347859209403396, 0.0015887072077021003, 0.003994914703071117, 0.009266537614166737, 0.014030869118869305, 0.010591691359877586, 0.0044103097170591354, 0.001841548946686089, 0.0007354586268775165, 0.0004180477699264884], [0.0002142895682482049, 0.0004280374851077795, 0.0010111283045262098, 0.0015784207498654723, 0.003629281185567379, 0.005742434412240982, 0.003979554399847984, 0.0019331994699314237, 0.0010413732379674911, 0.0004754074034281075, 0.00035352256963960826], [0.00014914374332875013, 0.0002370036527281627, 0.00046422018203884363, 0.0007500194478780031, 0.0006522646872326732, 0.0004928121343255043, 0.000807794916909188, 0.000770728918723762, 0.00048151821829378605, 0.00025888896198011935, 0.0002377472264925018], [0.00012106040230719373, 0.0002829202567227185, 0.00028255514916963875, 0.00038030860014259815, 0.0008315843297168612, 0.0011498412350192666, 0.0007509295828640461, 0.000431513151852414, 0.0002621725434437394, 0.00025775464018806815, 0.0002342068764846772]], "height": 79, "imageWidth": 512, "psfWidth": 11, "imageHeight": 512}