{"psfHeight": 11, "width": 129, "psf": [[0.00034197006607428193, 0.0005430125165730715, 0.000729008053895086, 0.0011724812211468816, 0.0015137891750782728, 0.0016187644796445966, 0.0014062289847061038, 0.0010318122804164886, 0.0007715709507465363, 0.0004889823030680418, 0.00023622870503459126], [0.0005044229910708964, 0.0008436178904958069, 0.001443832996301353, 0.0022705616429448128, 0.003353340085595846, 0.0037853887770324945, 0.00330304610542953, 0.002217973582446575, 0.001498070196248591, 0.0009105502394959331, 0.0005095959058962762], [0.0007000637124292552, 0.0013042708160355687, 0.002577257575467229, 0.004922619555145502, 0.008093544282019138, 0.009734047576785088, 0.008182044140994549, 0.005123771261423826, 0.0028651522006839514, 0.0015522841131314635, 0.0007112803286872804], [0.0009115749853663146, 0.0018264115788042545, 0.004355853423476219, 0.010246085934340954, 0.019535792991518974, 0.02531779371201992, 0.02013871632516384, 0.011090519838035107, 0.0052061378955841064, 0.0023459759540855885, 0.0010581782553344965], [0.0010166129795834422, 0.002065063454210758, 0.006457327399402857, 0.01811768300831318, 0.04139251261949539, 0.05700858309864998, 0.042114920914173126, 0.019985143095254898, 0.00790576171129942, 0.0030737626366317272, 0.0013213326456025243], [0.0010838378220796585, 0.00208149291574955, 0.007302561309188604, 0.023000184446573257, 0.05718524008989334, 0.0801888182759285, 0.056541599333286285, 0.024507783353328705, 0.008878443390130997, 0.0032333447597920895, 0.0014601488364860415], [0.000978239462710917, 0.0019408338703215122, 0.005972431972622871, 0.01839381456375122, 0.04350105673074722, 0.05860903114080429, 0.041119832545518875, 0.01805875636637211, 0.006825094576925039, 0.0026666312478482723, 0.0012175121810287237], [0.0008152832160703838, 0.0016588757280260324, 0.004127670079469681, 0.010079436004161835, 0.019483955577015877, 0.02420904114842415, 0.01778980903327465, 0.009029709734022617, 0.004085332155227661, 0.0018253852613270283, 0.0009301732643507421], [0.0006759265088476241, 0.0011886571301147342, 0.0024353887420147657, 0.004535221960395575, 0.007132390979677439, 0.00807344913482666, 0.006393815390765667, 0.003979692235589027, 0.002107403241097927, 0.0010803932091221213, 0.0006165678496472538], [0.0005272713606245816, 0.000783632043749094, 0.0012896658154204488, 0.0019667057786136866, 0.002605718094855547, 0.0027444418519735336, 0.0022665774449706078, 0.0017008916474878788, 0.0010558197973296046, 0.0006803012802265584, 0.00046026453492231667], [0.0003903295146301389, 0.0005574440583586693, 0.000743986398447305, 0.0010312515078112483, 0.0011015402851626277, 0.0011755515588447452, 0.001016929280012846, 0.0007770026568323374, 0.0006304545095190406, 0.0004551909223664552, 0.0002864398411475122]], "height": 129, "imageWidth": 512, "psfWidth": 11, "imageHeight": 512}