{"imageWidth": 512, "height": 263, "imageHeight": 512, "psf": [[0.00015076278941705823, 0.00033117650309577584, 0.0007316881674341857, 0.0008408958092331886, 0.0008919035899452865, 0.0008897129446268082, 0.0009590458357706666, 0.0011346401879563928, 0.0007780242594890296, 0.0003613933513406664, 0.0002147147461073473], [0.00020432189921848476, 0.00040287873707711697, 0.0009267989662475884, 0.0016645216383039951, 0.0019796888809651136, 0.0021408044267445803, 0.002177879912778735, 0.0019125969847664237, 0.0009955476270988584, 0.0004391862894408405, 0.00018632809224072844], [0.0002538213739171624, 0.0005717299063690007, 0.0012423553271219134, 0.003041688119992614, 0.0049130418337881565, 0.006998054683208466, 0.007363719400018454, 0.00348492874763906, 0.0011706424411386251, 0.0005444809794425964, 0.00029185277526266873], [0.0005677809240296483, 0.0010766267077997327, 0.002466322388499975, 0.0063273292034864426, 0.016453776508569717, 0.032654404640197754, 0.0270481389015913, 0.007537512108683586, 0.002165430225431919, 0.0007198695675469935, 0.00038729587686248124], [0.0006045427289791405, 0.0013884864747524261, 0.004321244545280933, 0.01408443134278059, 0.04442107304930687, 0.083253875374794, 0.06059887260198593, 0.01374379638582468, 0.003457687795162201, 0.0009303184924647212, 0.0005369090940803289], [0.0005933824577368796, 0.0015071489615365863, 0.004570588003844023, 0.018542399629950523, 0.06488750874996185, 0.10159020870923996, 0.06572876870632172, 0.0168137326836586, 0.003887430066242814, 0.0009996353182941675, 0.0005651951651088893], [0.0007950417930260301, 0.0011138886911794543, 0.0040600975044071674, 0.012680386193096638, 0.05763047933578491, 0.08640727400779724, 0.0419369712471962, 0.012161836959421635, 0.003581452649086714, 0.0011389261344447732, 0.0006022252491675317], [0.0006183728692121804, 0.0007764283218421042, 0.002470671432092786, 0.005860402714461088, 0.02406642585992813, 0.03492027521133423, 0.01494673639535904, 0.004958081524819136, 0.002123756567016244, 0.0009581547346897423, 0.00045001605758443475], [0.0003082783950958401, 0.0006004611495882273, 0.0011075743241235614, 0.002233426319435239, 0.004748654551804066, 0.005172243341803551, 0.003295411355793476, 0.0017829645657911897, 0.0010388880036771297, 0.0006025013863109052, 0.0003085294156335294], [0.00019931112183257937, 0.00031183063401840627, 0.00051090371562168, 0.0007425472140312195, 0.0012672197772189975, 0.0016576099442318082, 0.0012106779031455517, 0.0007929280400276184, 0.0005084314034320414, 0.0003785699082072824, 0.0001734084216877818], [0.00010453038703417405, 0.00018205355445388705, 0.00030332739697769284, 0.00025461360928602517, -1.997711297008209e-05, 4.4224594603292644e-05, 0.00036591655225493014, 0.0003435423132032156, 0.0002735320304054767, 0.0001846707600634545, 0.0001307651837123558]], "psfHeight": 11, "psfWidth": 11, "width": 263}