{"imageWidth": 512, "height": 134, "imageHeight": 512, "psf": [[0.00023873582540545613, 0.0002579775173217058, 0.0003173062577843666, 0.0003509469097480178, 0.0005602767341770232, 0.000902736559510231, 0.0009506400674581528, 0.000801568035967648, 0.0006154500297270715, 0.0004277787229511887, 0.0002769304846879095], [0.0004082195519004017, 0.0005628110957331955, 0.0006521073519252241, 0.0009312992333434522, 0.0011497348314151168, 0.0014548489125445485, 0.0017693639965727925, 0.0013361750170588493, 0.0008453073096461594, 0.0005588368512690067, 0.00040837450069375336], [0.0006085896748118103, 0.0009065467165783048, 0.0013232381315901875, 0.002253294689580798, 0.0035976425278931856, 0.004824322182685137, 0.0041795698925852776, 0.002670579357072711, 0.0015436315443366766, 0.0009117927402257919, 0.0004697473777923733], [0.0007382768671959639, 0.001478798221796751, 0.0031344851013273, 0.008342918939888477, 0.014175104908645153, 0.016346096992492676, 0.01334588136523962, 0.0064743622206151485, 0.0025910912081599236, 0.0013110199943184853, 0.0008308340911753476], [0.0006491080275736749, 0.0018951400415971875, 0.005447177682071924, 0.023373117670416832, 0.05795581638813019, 0.07149310410022736, 0.046575918793678284, 0.01592271216213703, 0.0045202672481536865, 0.0016558956122025847, 0.0009118393063545227], [0.0006746120052412152, 0.0014006844721734524, 0.005100741051137447, 0.0220651812851429, 0.08079224079847336, 0.13174720108509064, 0.08010049909353256, 0.02237333171069622, 0.0064949290826916695, 0.0015528983203694224, 0.001050931285135448], [0.0006083549233153462, 0.0010066808899864554, 0.0030281171202659607, 0.010352146811783314, 0.03990747407078743, 0.07629656046628952, 0.05238136276602745, 0.016328370198607445, 0.005094872321933508, 0.0014805105747655034, 0.0008235888089984655], [0.0003879699215758592, 0.0007240287377499044, 0.0015553354751318693, 0.004333473276346922, 0.011575889773666859, 0.018819961696863174, 0.01638408750295639, 0.007371986284852028, 0.0026032649911940098, 0.0012334596831351519, 0.0006704111583530903], [0.0003234456817153841, 0.0005305229569785297, 0.0008822972304187715, 0.0016426760703325272, 0.003265098901465535, 0.004932908806949854, 0.004681099206209183, 0.002840970177203417, 0.0014289501123130322, 0.0008525580633431673, 0.00041228398913517594], [0.00022516345779877156, 0.00035482572275213897, 0.000598472892306745, 0.0008657207945361733, 0.0012022583978250623, 0.0014739992329850793, 0.0016007473459467292, 0.001170073403045535, 0.000754374370444566, 0.0005724691436626017, 0.00027201868942938745], [8.266674558399245e-05, 0.00023544866417068988, 0.00036016307421959937, 0.0004201630363240838, 0.0006913220859132707, 0.0007777888677082956, 0.0006829872145317495, 0.0005428284639492631, 0.0003742639091797173, 0.00024487951304763556, 0.00014803755038883537]], "psfHeight": 11, "psfWidth": 11, "width": 134}