{"psfHeight": 11, "width": 77, "psf": [[0.00021174110588617623, 0.0003547286905813962, 0.0008212527609430254, 0.0013464505318552256, 0.0012029064819216728, 0.001587106380611658, 0.0015242145163938403, 0.001067463424988091, 0.000979440868832171, 0.000653316848911345, 0.0005734980804845691], [0.0004850065161008388, 0.0010866144439205527, 0.0015893358504399657, 0.0021367839071899652, 0.0032000949140638113, 0.003597436472773552, 0.0032407480757683516, 0.002547298325225711, 0.0018544108606874943, 0.0011306555243209004, 0.0005437901127152145], [0.0009439360583201051, 0.0014578541740775108, 0.0031211485620588064, 0.005279680248349905, 0.0076039033010602, 0.009355115704238415, 0.00911448523402214, 0.006309018936008215, 0.0035767494700849056, 0.0019048546673730016, 0.0007901397184468806], [0.0010234280489385128, 0.002505410695448518, 0.0048654391430318356, 0.01030569989234209, 0.018646404147148132, 0.024701518937945366, 0.02149447239935398, 0.013129678554832935, 0.006444144062697887, 0.002781064249575138, 0.0014712788397446275], [0.0015182403149083257, 0.003225217806175351, 0.00749452318996191, 0.01846257597208023, 0.03867727890610695, 0.05220915004611015, 0.0413394421339035, 0.02098858170211315, 0.008523550815880299, 0.0033735125325620174, 0.0014375459868460894], [0.0015049728099256754, 0.0032462480012327433, 0.008406956680119038, 0.02319975383579731, 0.05215637758374214, 0.06926631927490234, 0.05094504728913307, 0.0234840027987957, 0.008750378154218197, 0.003517840290442109, 0.001544359140098095], [0.0013455618172883987, 0.0028695110231637955, 0.007239265367388725, 0.019000142812728882, 0.04133365675806999, 0.05346297472715378, 0.03802671656012535, 0.017797736451029778, 0.007212501950562, 0.002693709684535861, 0.001498237019404769], [0.0008039522799663246, 0.002260425826534629, 0.004663298837840557, 0.010776923038065434, 0.020397193729877472, 0.02508031576871872, 0.019123302772641182, 0.010048752650618553, 0.004714073147624731, 0.0021431660279631615, 0.0011309359688311815], [0.0006544959032908082, 0.0013316530967131257, 0.00253968290053308, 0.005118774250149727, 0.008342258632183075, 0.009416593238711357, 0.007379224523901939, 0.004498991183936596, 0.0026852695737034082, 0.0015282544773072004, 0.0007846744265407324], [0.0005761539214290679, 0.0009321535471826792, 0.0015345056308433414, 0.002204347401857376, 0.0033439849503338337, 0.003669401165097952, 0.0030195824801921844, 0.002054480602964759, 0.0015334364725276828, 0.0008597764535807073, 0.0004198727256152779], [0.00044124186388216913, 0.0005875570350326598, 0.0008854576735757291, 0.0012376055819913745, 0.0016032039420679212, 0.0016535442555323243, 0.0014639203436672688, 0.0008339011110365391, 0.0007311718072742224, 0.0003776221419684589, 0.00030322320526465774]], "height": 77, "imageWidth": 512, "psfWidth": 11, "imageHeight": 512}