{"imageWidth": 512, "height": 162, "imageHeight": 512, "psf": [[0.0001401274057570845, 0.0002967479231301695, 0.0003590690903365612, 0.0005151669029146433, 0.0009457077248953283, 0.001279519172385335, 0.0010798434959724545, 0.0007331017986871302, 0.0005034425994381309, 0.00030001159757375717, 0.00027901495923288167], [0.0002344959502806887, 0.00031035798019729555, 0.0006608073599636555, 0.0011455575004220009, 0.0018355905776843429, 0.0022367271594703197, 0.0018464740132912993, 0.0013096941402181983, 0.0007781927124597132, 0.0005760397179983556, 0.0004543263930827379], [0.00039119855500757694, 0.0006207219557836652, 0.0012550076935440302, 0.002543314592912793, 0.0048364452086389065, 0.006438875105232, 0.0050960322842001915, 0.002879220061004162, 0.0014719520695507526, 0.0008209494990296662, 0.0004939009668305516], [0.0006784038268961012, 0.001161637483164668, 0.0022604160476475954, 0.006041636224836111, 0.015543472953140736, 0.022662298753857613, 0.01598033308982849, 0.006684648338705301, 0.002657057251781225, 0.001168726710602641, 0.0006481831660494208], [0.0009149274555966258, 0.0015143058262765408, 0.003973041195422411, 0.012200690805912018, 0.046435847878456116, 0.08388250321149826, 0.05035337060689926, 0.013887017965316772, 0.004109200090169907, 0.0014635605039075017, 0.0006393304793164134], [0.0009677871130406857, 0.0012070949887856841, 0.004905211739242077, 0.016622496768832207, 0.07772503048181534, 0.1458193063735962, 0.07798268646001816, 0.018219884485006332, 0.0052534970454871655, 0.0012755828211084008, 0.0007800746243447065], [0.0005916577647440135, 0.0009636688628233969, 0.003555531380698085, 0.012108477763831615, 0.05009856075048447, 0.08597446978092194, 0.04539720341563225, 0.011533891782164574, 0.0031734199728816748, 0.0013581254752352834, 0.000633331248536706], [0.0004138757649343461, 0.0008049821481108665, 0.001867226674221456, 0.005116509273648262, 0.013270052149891853, 0.019514484331011772, 0.012865005061030388, 0.005009579472243786, 0.0019303779117763042, 0.0009398676338605583, 0.0005435243947431445], [0.00035636749817058444, 0.0005637141293846071, 0.0010645295260474086, 0.0019524270901456475, 0.0034995207097381353, 0.004525741562247276, 0.0035276254639029503, 0.0020544242579489946, 0.0011352814035490155, 0.0005893733468838036, 0.0003000146825797856], [0.00022443628404289484, 0.00042653249693103135, 0.0006808446487411857, 0.000891241361387074, 0.0010654819197952747, 0.0012003140291199088, 0.0011941363336518407, 0.0009269967558793724, 0.0006445228937081993, 0.0003544964420143515, 0.00024319066142197698], [0.00019496108870953321, 0.00030733688618056476, 0.00039163397741504014, 0.0005191859090700746, 0.0006058952421881258, 0.0007258757832460105, 0.0006162154604680836, 0.00047771763638593256, 0.0003748353337869048, 0.00026497486396692693, 0.00014943027053959668]], "psfHeight": 11, "psfWidth": 11, "width": 162}