{"imageWidth": 512, "height": 180, "imageHeight": 512, "psf": [[0.00024105928605422378, 0.0005123697919771075, 0.000457333488157019, 0.0009889217326417565, 0.000927084474824369, 0.0009838573168963194, 0.0007607980514876544, 0.000641272752545774, 0.0004987206775695086, 0.0002505184675101191, 0.00013200228568166494], [0.00042393713374622166, 0.0005947070312686265, 0.0009542306070216, 0.0014656317653134465, 0.0019503054209053516, 0.0023398238699883223, 0.0020269660744816065, 0.0013176817446947098, 0.0008135019452311099, 0.0006426583859138191, 0.0003366026212461293], [0.0004909551935270429, 0.0011266438523307443, 0.002154792658984661, 0.003612559987232089, 0.00618080934509635, 0.0066791740246117115, 0.0051708645187318325, 0.003580052638426423, 0.0019761761650443077, 0.0009496301063336432, 0.000696846516802907], [0.0007736032130196691, 0.0014656903222203255, 0.003980331588536501, 0.010507546365261078, 0.02035735547542572, 0.021709030494093895, 0.015749160200357437, 0.00841311551630497, 0.0036590893287211657, 0.001683306647464633, 0.0008665780769661069], [0.0011880339588969946, 0.002092877170071006, 0.006183295045047998, 0.022726114839315414, 0.05100010707974434, 0.05909230560064316, 0.040705908089876175, 0.018675874918699265, 0.006416176445782185, 0.0025780051946640015, 0.0013277452671900392], [0.0010565374977886677, 0.002175824483856559, 0.007196714635938406, 0.02581522800028324, 0.061761923134326935, 0.08388382941484451, 0.06349074095487595, 0.02699604444205761, 0.008634067140519619, 0.0031969593837857246, 0.0014298068126663566], [0.0008557589608244598, 0.0019148438004776835, 0.005491048563271761, 0.017462443560361862, 0.04161782190203667, 0.05936873331665993, 0.048092760145664215, 0.022899897769093513, 0.00770144909620285, 0.0029703816398978233, 0.001325141405686736], [0.0005937064997851849, 0.0014523225836455822, 0.0034395752009004354, 0.009272096678614616, 0.017661195248365402, 0.023305442184209824, 0.019400043413043022, 0.011285576969385147, 0.005085304379463196, 0.0024306722916662693, 0.0011484849965199828], [0.0005066156736575067, 0.0009693835745565593, 0.002021418884396553, 0.0035528354346752167, 0.00578851904720068, 0.0067067998461425304, 0.006111504510045052, 0.004416006151586771, 0.0025412514805793762, 0.001409502699971199, 0.000961562036536634], [0.0005614227266050875, 0.0006661171209998429, 0.001090848702006042, 0.001486762659624219, 0.0022073572035878897, 0.0024330897722393274, 0.0022101448848843575, 0.0015994514105841517, 0.001215251162648201, 0.0008993484079837799, 0.0005811542505398393], [0.00021116739662829787, 0.00042478909017518163, 0.0004964899271726608, 0.000760028138756752, 0.0008794873720034957, 0.0009120998438447714, 0.0009434030507691205, 0.0007217456004582345, 0.000694745103828609, 0.00045438698725774884, 0.00012317865912336856]], "psfHeight": 11, "psfWidth": 11, "width": 180}