{"psfHeight": 11, "width": 252, "psf": [[0.0001787851215340197, 0.00026838743360713124, 0.0004166753788013011, 0.0006422619917429984, 0.0009420862188562751, 0.0009566731750965118, 0.0009118548477999866, 0.0007552775787189603, 0.0006000816938467324, 0.0004080710932612419, 0.0002978424308821559], [0.00029752482078038156, 0.0003922951000276953, 0.0006728123407810926, 0.0010923828231170774, 0.0016396621940657496, 0.0017773263389244676, 0.001710577984340489, 0.00134786288253963, 0.000950681627728045, 0.0005812177550978959, 0.000517160864546895], [0.0005190502852201462, 0.0008184334728866816, 0.0013024491490796208, 0.0025806506164371967, 0.0040598479099571705, 0.004277106374502182, 0.003720429027453065, 0.002699798671528697, 0.0016326868208125234, 0.000992313027381897, 0.0006776581285521388], [0.0008635710692033172, 0.001481827930547297, 0.003028169507160783, 0.0072733997367322445, 0.013467734679579735, 0.01602810062468052, 0.013093332760035992, 0.007467939984053373, 0.0034326270688325167, 0.0016906316159293056, 0.0009424787713214755], [0.0010157328797504306, 0.00253226887434721, 0.007292335852980614, 0.02448102831840515, 0.051377907395362854, 0.05838147550821304, 0.04217664152383804, 0.02078068256378174, 0.007159116677939892, 0.002615949371829629, 0.0011095186928287148], [0.0008166385814547539, 0.0026417553890496492, 0.008404272608458996, 0.033976003527641296, 0.0824880376458168, 0.10780967026948929, 0.08045732229948044, 0.03405813127756119, 0.010199442505836487, 0.003333806758746505, 0.0011348159750923514], [0.0006445638136938214, 0.0017065305728465319, 0.0047475313767790794, 0.01557211298495531, 0.04083510860800743, 0.06097479164600372, 0.051289670169353485, 0.023961132392287254, 0.008172894828021526, 0.002824587980285287, 0.001128818723373115], [0.0005002593388780951, 0.0010233275825157762, 0.0023126748856157064, 0.004777415189892054, 0.009738939814269543, 0.014522765763103962, 0.014057698659598827, 0.008658820763230324, 0.0038451252039521933, 0.001669371034950018, 0.0007919406634755433], [0.00026281396276317537, 0.0005501919076777995, 0.0010635389480739832, 0.0019135524053126574, 0.002854841062799096, 0.0036057389806956053, 0.003814221825450659, 0.0027969127986580133, 0.0015922753373160958, 0.0008774722227826715, 0.0004422547062858939], [0.000198557143448852, 0.00030010711634531617, 0.0006326809525489807, 0.0009113835403695703, 0.0011052151676267385, 0.0012871810467913747, 0.0013736464316025376, 0.00109661219175905, 0.0007372215040959418, 0.00045224089990369976, 0.0002786379773169756], [0.00015523160982411355, 0.00023545348085463047, 0.0003395786043256521, 0.0005442214896902442, 0.0005845146370120347, 0.0006108517409302294, 0.0006114448187872767, 0.00047924151294864714, 0.0004496318579185754, 0.0002463958808220923, 0.00018974815611727536]], "height": 252, "imageWidth": 512, "psfWidth": 11, "imageHeight": 512}