{"psfHeight": 11, "width": 96, "psf": [[0.0003209041606169194, 0.0002739864867180586, 0.0004193382919766009, 0.0006258676294237375, 0.0009907400235533714, 0.001259747426956892, 0.0013112867018207908, 0.0011136062676087022, 0.0007268768968060613, 0.00042078192927874625, 0.0002920720144174993], [0.00042815241613425314, 0.0006434652023017406, 0.0008576392428949475, 0.0012989058159291744, 0.001922314870171249, 0.0024497832637280226, 0.002450227737426758, 0.0018894284730777144, 0.001275790622457862, 0.0008958369144238532, 0.00039793882751837373], [0.0006326053407974541, 0.0009693517349660397, 0.001776668126694858, 0.0031210060697048903, 0.005492439493536949, 0.007329737301915884, 0.006286058109253645, 0.004099381621927023, 0.0024772442411631346, 0.0013252443168312311, 0.0007594906492158771], [0.0008933302015066147, 0.0014415729092434049, 0.0032549561001360416, 0.007176742423325777, 0.015819022431969643, 0.022528110072016716, 0.01789039745926857, 0.009576119482517242, 0.004442340694367886, 0.002050765324383974, 0.0010429316898807883], [0.000964451115578413, 0.0018218910554423928, 0.005187934264540672, 0.015475924126803875, 0.04437720403075218, 0.06633748859167099, 0.046672362834215164, 0.018795710057020187, 0.007235766854137182, 0.002733440138399601, 0.001259711105376482], [0.0010346699273213744, 0.001778447418473661, 0.006129352375864983, 0.02077273279428482, 0.06880592554807663, 0.10585154592990875, 0.06658359616994858, 0.023298129439353943, 0.008298352360725403, 0.002743006683886051, 0.0013913779985159636], [0.0008660309249535203, 0.0015733392210677266, 0.004578802734613419, 0.015193033963441849, 0.045965250581502914, 0.0676705464720726, 0.04369188845157623, 0.01711171492934227, 0.006288866512477398, 0.002433545421808958, 0.0011091219494119287], [0.0005900661344639957, 0.0012353906640782952, 0.0028519670013338327, 0.00740908645093441, 0.01636030338704586, 0.02182069607079029, 0.016213059425354004, 0.008217966184020042, 0.0036962570156902075, 0.0016304125310853124, 0.0008671425748616457], [0.0004967046552337706, 0.0007577519281767309, 0.0016114298487082124, 0.0031203641556203365, 0.005618147552013397, 0.007276306394487619, 0.00577448820695281, 0.0035308648366481066, 0.001907121273688972, 0.0010748427594080567, 0.0006335140787996352], [0.00031621468951925635, 0.0004886408569291234, 0.0008528180187568069, 0.0014851958258077502, 0.002161383628845215, 0.0024019479751586914, 0.0022098496556282043, 0.0016651867190375924, 0.0010203918209299445, 0.0006951806135475636, 0.00036151838139630854], [0.0002637467114254832, 0.0002846646821126342, 0.0004474586166907102, 0.00071404391201213, 0.0009955271380022168, 0.0011798655614256859, 0.0010742003796622157, 0.0008321978966705501, 0.0005403765244409442, 0.00034124578814953566, 0.00029311591060832143]], "height": 96, "imageWidth": 512, "psfWidth": 11, "imageHeight": 512}