{"psfHeight": 11, "width": 198, "psf": [[0.0003206279070582241, 0.0005309827392920852, 0.000692517205607146, 0.0009918040595948696, 0.0011481920955702662, 0.0013556362828239799, 0.001400437206029892, 0.0010417834855616093, 0.0008080270490609109, 0.0004978932556696236, 0.0003318597737234086], [0.00048204322229139507, 0.000818343018181622, 0.0013484865194186568, 0.0019775081891566515, 0.002777974121272564, 0.003198576858267188, 0.00292856409214437, 0.0022717369720339775, 0.0013958713971078396, 0.0008088402100838721, 0.0004912574659101665], [0.0007281135185621679, 0.0012901135487481952, 0.002496629022061825, 0.004550122190266848, 0.007419945206493139, 0.009185243397951126, 0.007678462192416191, 0.0048045022413134575, 0.002701008692383766, 0.0013656741939485073, 0.0006215752218849957], [0.0010004084324464202, 0.0017629460198804736, 0.0045238761231303215, 0.010161721147596836, 0.019422056153416634, 0.024932630360126495, 0.01938837766647339, 0.010396085679531097, 0.004836828447878361, 0.0018844985170289874, 0.0008912335615605116], [0.0010819542221724987, 0.0024052662774920464, 0.0067139980383217335, 0.018591653555631638, 0.04254439100623131, 0.05713246762752533, 0.04149411991238594, 0.018929757177829742, 0.007309014443308115, 0.0027965360786765814, 0.0014874242478981614], [0.001068939222022891, 0.0025938814505934715, 0.00743476627394557, 0.02310967445373535, 0.05633925646543503, 0.07718492299318314, 0.05541691556572914, 0.024264957755804062, 0.00871360581368208, 0.0034322459250688553, 0.0017281275941058993], [0.0009465454495511949, 0.002416592324152589, 0.006436577066779137, 0.017879275605082512, 0.04236556217074394, 0.05706773325800896, 0.042186420410871506, 0.019930081441998482, 0.007554055657237768, 0.0031415745615959167, 0.0015249887946993113], [0.0007852097623981535, 0.0017684570048004389, 0.004132159054279327, 0.009779684245586395, 0.019318843260407448, 0.02483201213181019, 0.01988871581852436, 0.011004899628460407, 0.0052377330139279366, 0.0023581217974424362, 0.0011556386016309261], [0.0005411427700892091, 0.001125109032727778, 0.0022710138000547886, 0.004188091028481722, 0.006857887376099825, 0.008237228728830814, 0.00739980349317193, 0.004906729329377413, 0.0027213420253247023, 0.001554028014652431, 0.0008460432291030884], [0.0003710816672537476, 0.0007709750789217651, 0.0012609270634129643, 0.001679043984040618, 0.002687533851712942, 0.0030749693978577852, 0.0027587797958403826, 0.002267745789140463, 0.0013893748400732875, 0.0008621275192126632, 0.0004570389282889664], [0.0003146186063531786, 0.00044491273001767695, 0.0007456062012352049, 0.0008975834352895617, 0.0009866427863016725, 0.0013689403422176838, 0.0012557775480672717, 0.0008611317607574165, 0.0007998243090696633, 0.0006299575907178223, 0.0003211675211787224]], "height": 198, "imageWidth": 512, "psfWidth": 11, "imageHeight": 512}