{"psfHeight": 11, "width": 175, "psf": [[0.0002035747456829995, 0.00035400508204475045, 0.00045564587344415486, 0.0007660331320948899, 0.00099080428481102, 0.0011775236343964934, 0.0010825919453054667, 0.0008050636970438063, 0.0005673978012055159, 0.0003033173270523548, 0.00026489931042306125], [0.00035102246329188347, 0.000482565606944263, 0.0008525829180143774, 0.0014546321472153068, 0.0020691691897809505, 0.0024534582626074553, 0.002530021360144019, 0.0016277192626148462, 0.0009102179319597781, 0.0005105272284708917, 0.00037259614327922463], [0.0006324617424979806, 0.000890288152731955, 0.0016491529531776905, 0.0031665517017245293, 0.005717189516872168, 0.008358444087207317, 0.006993116810917854, 0.0035349796526134014, 0.0016302027506753802, 0.0007981001399457455, 0.0004137823125347495], [0.0007831536349840462, 0.0013193036429584026, 0.0030248884577304125, 0.007369017228484154, 0.01655947044491768, 0.026605859398841858, 0.01989714428782463, 0.007823972031474113, 0.003169647417962551, 0.0010852084960788488, 0.0006235530599951744], [0.0008747883257456124, 0.001685323310084641, 0.0044014169834554195, 0.013837692327797413, 0.045224592089653015, 0.08132009953260422, 0.048269547522068024, 0.013694249093532562, 0.004091390874236822, 0.00132452801335603, 0.0006588563555851579], [0.0009791270131245255, 0.00178036920260638, 0.0047603789716959, 0.01692819409072399, 0.06965713202953339, 0.13481111824512482, 0.06885997205972672, 0.015995709225535393, 0.004437078721821308, 0.0013547956477850676, 0.0006263964460231364], [0.0008480474934913218, 0.0017577671678736806, 0.0038713966496288776, 0.011809331364929676, 0.045151952654123306, 0.08450547605752945, 0.04540776088833809, 0.012100223451852798, 0.003731760196387768, 0.0011504534631967545, 0.0006666332483291626], [0.0008347396505996585, 0.0015157893067225814, 0.0025452617555856705, 0.005438926164060831, 0.013247311115264893, 0.020895954221487045, 0.015121947973966599, 0.006112527567893267, 0.0022402137983590364, 0.0009699421934783459, 0.0004990719608031213], [0.0006667532725259662, 0.000932270719204098, 0.0014042428229004145, 0.002027684822678566, 0.003918590024113655, 0.005908414255827665, 0.004987176042050123, 0.0028916476294398308, 0.0014476800570264459, 0.0006727360305376351, 0.0003392498183529824], [0.00038651717477478087, 0.0005959534901194274, 0.0006086960784159601, 0.0008079822873696685, 0.0011184430913999677, 0.0013730101054534316, 0.0017344856169074774, 0.0015573723940178752, 0.0009638783521950245, 0.0005220737075433135, 0.0003088620724156499], [0.00026866895495913923, 0.00032056259806267917, 0.00037415698170661926, 0.0004907057737000287, 0.0007779867737554014, 0.001005341880954802, 0.0009070693049579859, 0.0008413064642809331, 0.000640963960904628, 0.0003779277321882546, 0.00019548478303477168]], "height": 175, "imageWidth": 512, "psfWidth": 11, "imageHeight": 512}