{"imageWidth": 512, "height": 255, "imageHeight": 512, "psf": [[0.0002502694842405617, 0.0005423247930593789, 0.0007113254396244884, 0.0009942100150510669, 0.001240983372554183, 0.0013191128382459283, 0.0012840477284044027, 0.0010403983760625124, 0.000744151824619621, 0.0004898124607279897, 0.0002261039917357266], [0.0004697518306784332, 0.0007687701727263629, 0.0014023989206179976, 0.0021470189094543457, 0.0029898136854171753, 0.0034088550601154566, 0.003148745046928525, 0.002199899172410369, 0.0013407703954726458, 0.0006683811661787331, 0.00038499588845297694], [0.0007227393798530102, 0.0012992984848096967, 0.002410465618595481, 0.00457100011408329, 0.007522162050008774, 0.009891754016280174, 0.008599549531936646, 0.005131020676344633, 0.0025171933230012655, 0.0011345691746100783, 0.00044233532389625907], [0.000841233937535435, 0.0016996554331853986, 0.00397120974957943, 0.009481832385063171, 0.019562356173992157, 0.027481526136398315, 0.022224821150302887, 0.010726448148488998, 0.004325848072767258, 0.0015947308856993914, 0.0006886602495796978], [0.0009230830473825336, 0.002321451436728239, 0.0057233055122196674, 0.016571320593357086, 0.04242837056517601, 0.06432785093784332, 0.04652803763747215, 0.017924204468727112, 0.005915548652410507, 0.002015548525378108, 0.0009600454941391945], [0.0012478713179007173, 0.0025226084981113672, 0.006948959082365036, 0.020459813997149467, 0.06131819635629654, 0.09477127343416214, 0.060773540288209915, 0.02018831856548786, 0.006070741452276707, 0.0019958748016506433, 0.000902006053365767], [0.0012154035503044724, 0.002227390417829156, 0.005932519678026438, 0.016067052260041237, 0.045672278851270676, 0.06866328418254852, 0.042858853936195374, 0.014694375917315483, 0.00474373297765851, 0.0016114689642563462, 0.0007893418078310788], [0.0010095069883391261, 0.001644469448365271, 0.0034773144870996475, 0.008111035451292992, 0.018173227086663246, 0.024977924302220345, 0.016903888434171677, 0.0073312814347445965, 0.0029475660994648933, 0.0012606787495315075, 0.000652934075333178], [0.0006019602296873927, 0.0010398109443485737, 0.0016742487205192447, 0.0033717178739607334, 0.005893626715987921, 0.007285300176590681, 0.005668364930897951, 0.003141363151371479, 0.001612202264368534, 0.0008551034261472523, 0.0005574733950197697], [0.00027665882953442633, 0.0005263189668767154, 0.0008668429218232632, 0.0013821508036926389, 0.002162791322916746, 0.002480924129486084, 0.0021718665957450867, 0.0013737271074205637, 0.0008871338213793933, 0.000583631219342351, 0.00027804012643173337], [0.00021557386207859963, 0.00030171204707585275, 0.00047462317161262035, 0.0006866801413707435, 0.001017033588141203, 0.0011702454648911953, 0.0011477922089397907, 0.0007744149188511074, 0.000520401110406965, 0.0003066432836931199, 0.00027753860922530293]], "psfHeight": 11, "psfWidth": 11, "width": 255}