{"imageWidth": 512, "height": 116, "imageHeight": 512, "psf": [[0.000177198598976247, 0.000315890705678612, 0.00043726887088268995, 0.0006039534346200526, 0.0005594404065050185, 0.0007935456233099103, 0.0011706171790137887, 0.0008824923424981534, 0.00032629811903461814, 0.0002103812003042549, 6.388160545611754e-05], [0.00031099902116693556, 0.0005655582062900066, 0.0007943516247905791, 0.0012181652709841728, 0.0017758348258212209, 0.0024797923397272825, 0.0020268966909497976, 0.001147431437857449, 0.0006268612924031913, 0.00040028023067861795, 0.00026595592498779297], [0.00036765015101991594, 0.000699695898219943, 0.0013716769171878695, 0.0027249716222286224, 0.0045052929781377316, 0.006767716724425554, 0.0054124207235872746, 0.00219789263792336, 0.0011925491271540523, 0.0007741356384940445, 0.00038026226684451103], [0.0004506781115196645, 0.0008987749461084604, 0.002426962601020932, 0.006494556088000536, 0.021029194816946983, 0.03423195704817772, 0.019148074090480804, 0.005493862554430962, 0.002117039170116186, 0.0010180057724937797, 0.0005579095450229943], [0.0006678329082205892, 0.0011654166737571359, 0.003693997161462903, 0.013301920145750046, 0.04739126190543175, 0.07991282641887665, 0.04685301333665848, 0.011173402890563011, 0.0035165154840797186, 0.0010603704722598195, 0.0005819428479298949], [0.0005757755134254694, 0.0012570701073855162, 0.004275766666978598, 0.01680135540664196, 0.05689230561256409, 0.09548792988061905, 0.06587568670511246, 0.019630232825875282, 0.004983772058039904, 0.0013732578372582793, 0.0006980937905609608], [0.00046578230103477836, 0.0012328372104093432, 0.003856235882267356, 0.015423716977238655, 0.055326759815216064, 0.07310418039560318, 0.041770089417696, 0.01518668420612812, 0.0045761228539049625, 0.0014169329078868032, 0.0007482605869881809], [0.00048501548008061945, 0.0008785687969066203, 0.002845549024641514, 0.010433134622871876, 0.03593829274177551, 0.03756526857614517, 0.01387306209653616, 0.005436005536466837, 0.002523669507354498, 0.0011915691429749131, 0.0006337196682579815], [0.0005496839294210076, 0.0007954337634146214, 0.0017583263106644154, 0.004397934768348932, 0.011601772159337997, 0.012513486668467522, 0.005439560394734144, 0.0024212286807596684, 0.0012153364950791001, 0.0007285065948963165, 0.00040519668255001307], [0.00042282897629775107, 0.0006145073566585779, 0.001009271014481783, 0.0015025605680420995, 0.002537599066272378, 0.002662766259163618, 0.0016542380908504128, 0.0010198835516348481, 0.000680574681609869, 0.00046189629938453436, 0.00030578052974306047], [0.00023814525047782809, 0.00040873498073779047, 0.0006999970646575093, 0.0005784499226137996, 0.000667715328745544, 0.0009054028778336942, 0.0007433035061694682, 0.0005806941771879792, 0.00044949259608983994, 0.00034165018587373197, 0.00019243930000811815]], "psfHeight": 11, "psfWidth": 11, "width": 116}