{"imageWidth": 512, "height": 100, "imageHeight": 512, "psf": [[0.0003098294255323708, 0.00022632154286839068, 0.0005028311279602349, 0.0006486983620561659, 0.0009963619522750378, 0.0013724559685215354, 0.0011726762168109417, 0.00076000188710168, 0.0005812535528093576, 0.00033130988595075905, 0.0002972508082166314], [0.00028021520120091736, 0.0004165121936239302, 0.0006902341265231371, 0.0011636633425951004, 0.0018295621266588569, 0.0021350982133299112, 0.0019818006549030542, 0.0014489241875708103, 0.0008833525935187936, 0.0006406931206583977, 0.0004069171554874629], [0.00038789008976891637, 0.0008085118606686592, 0.0013906480744481087, 0.002619076520204544, 0.004455795045942068, 0.006192130036652088, 0.005621979013085365, 0.0032321938779205084, 0.0015995664289221168, 0.0009332530316896737, 0.0004437647294253111], [0.0007802496547810733, 0.001439976505935192, 0.002672520698979497, 0.00653901556506753, 0.01393190585076809, 0.019959235563874245, 0.01680292934179306, 0.008062485605478287, 0.002816864987835288, 0.0011460937093943357, 0.0006266030832193792], [0.0010219468967989087, 0.0019167811842635274, 0.005447882693260908, 0.01520252600312233, 0.04182080924510956, 0.072364442050457, 0.055689822882413864, 0.017798511311411858, 0.004807639867067337, 0.0015002490254119039, 0.0006450130604207516], [0.0010825229110196233, 0.0021374851930886507, 0.007669266778975725, 0.026256583631038666, 0.07842035591602325, 0.1234850138425827, 0.08006796985864639, 0.02069125510752201, 0.005293551366776228, 0.001603037235327065, 0.0007131923921406269], [0.0008326424285769463, 0.0018367157317698002, 0.005867665633559227, 0.02012847550213337, 0.05477575212717056, 0.07404942065477371, 0.04274854436516762, 0.01210516132414341, 0.003690058132633567, 0.0013377174036577344, 0.0006265974370762706], [0.0004329151997808367, 0.001035768655128777, 0.0028578739147633314, 0.0069273002445697784, 0.014115136116743088, 0.01681233011186123, 0.011279514990746975, 0.004937212914228439, 0.002050352282822132, 0.0008199267904274166, 0.00041020760545507073], [0.00029507081490010023, 0.0006877489504404366, 0.0013454870786517859, 0.0024528512731194496, 0.003771083429455757, 0.0044791256077587605, 0.003531321184709668, 0.002075380180031061, 0.0011325208470225334, 0.0004786502686329186, 0.0001806978980312124], [0.0002941041602753103, 0.00039163505425676703, 0.0007259080884978175, 0.000959718250669539, 0.001089852419681847, 0.0010359031148254871, 0.0010234488872811198, 0.0010223030112683773, 0.0006968291709199548, 0.0003922408213838935, 0.00014357631152961403], [0.00012605656229425222, 0.0002587531052995473, 0.0004898462793789804, 0.0006435590330511332, 0.0006323315901681781, 0.0007176457438617945, 0.0006908223149366677, 0.0004771944077219814, 0.00043456145795062184, 0.0002706347731873393, 0.0002013236953644082]], "psfHeight": 11, "psfWidth": 11, "width": 100}