{"imageWidth": 512, "height": 233, "imageHeight": 512, "psf": [[0.00020305051293689758, 0.0002739313349593431, 0.00047384871868416667, 0.0006975397700443864, 0.0009339645621366799, 0.0009111140971072018, 0.0007437267922796309, 0.0006348179886117578, 0.0004657171666622162, 0.00037881353637203574, 0.00024230495910160244], [0.00026781248743645847, 0.00043257285142317414, 0.0007194066420197487, 0.0013729623751714826, 0.0020229050423949957, 0.002037806436419487, 0.0018674784805625677, 0.0013986288104206324, 0.000966250489000231, 0.0006292588077485561, 0.0003202484513167292], [0.00040095849544741213, 0.0006993052083998919, 0.0014574347296729684, 0.003101389156654477, 0.005433298647403717, 0.006546433549374342, 0.0054199183359742165, 0.003333413740620017, 0.0018168658716604114, 0.0010067378170788288, 0.0004939069040119648], [0.0005735328304581344, 0.0011683544144034386, 0.002824430586770177, 0.007775356527417898, 0.01761879026889801, 0.02319357916712761, 0.016846660524606705, 0.008112255483865738, 0.0033318758942186832, 0.0013958921190351248, 0.000671681365929544], [0.0008781436481513083, 0.0017098343232646585, 0.005258291959762573, 0.01813383586704731, 0.04794922098517418, 0.06483642756938934, 0.043227970600128174, 0.017164142802357674, 0.0055710310116410255, 0.002068504225462675, 0.0009282091050408781], [0.0008589396020397544, 0.0021610972471535206, 0.006916299927979708, 0.024545233696699142, 0.06564890593290329, 0.08954176306724548, 0.06192494556307793, 0.025272969156503677, 0.008203713223338127, 0.00274323346093297, 0.001092178514227271], [0.0008318379987031221, 0.0019109132699668407, 0.005457806866616011, 0.017139406874775887, 0.04282432794570923, 0.06090908125042915, 0.04852943494915962, 0.02372308447957039, 0.008559834212064743, 0.002792926272377372, 0.001075473614037037], [0.000696375616826117, 0.001191750168800354, 0.002988192019984126, 0.007533349096775055, 0.01692560687661171, 0.02501283772289753, 0.023086117580533028, 0.013681711629033089, 0.005780417937785387, 0.0021300206426531076, 0.0008714293362572789], [0.00048356878687627614, 0.0009243178647011518, 0.0016524717211723328, 0.0029987518209964037, 0.0054792724549770355, 0.007834263145923615, 0.007863763719797134, 0.005311479791998863, 0.0027818751987069845, 0.0013289881171658635, 0.0006470780936069787], [0.0004054185119457543, 0.0004670729686040431, 0.0007815764984115958, 0.0012753051705658436, 0.0018862230936065316, 0.0025972004514187574, 0.0025943329092115164, 0.002049237722530961, 0.0012682998785749078, 0.000743751646950841, 0.00041156995575875044], [0.00027050948119722307, 0.0002860435051843524, 0.0003001013246830553, 0.0006288034492172301, 0.0008992081275209785, 0.0011906186118721962, 0.001025961246341467, 0.0009061628370545805, 0.0006023863679729402, 0.00039334731991402805, 0.0002079708647215739]], "psfHeight": 11, "psfWidth": 11, "width": 233}