{"imageWidth": 512, "height": 196, "imageHeight": 512, "psf": [[0.00017363837105222046, 0.00030178684392012656, 0.00044299953151494265, 0.0006113663548603654, 0.0007070109713822603, 0.0007975019980221987, 0.0009394609951414168, 0.0010548756690695882, 0.0008337114122696221, 0.0005331167485564947, 0.0003784232831094414], [0.0003059158625546843, 0.000606875866651535, 0.0009477973799221218, 0.0014930631732568145, 0.001792078372091055, 0.0018317854264751077, 0.002046845853328705, 0.001973337959498167, 0.0012114772107452154, 0.0007978739449754357, 0.0004593582998495549], [0.0005536469980143011, 0.000994861708022654, 0.001822390127927065, 0.0036260290071368217, 0.00554518960416317, 0.005873866844922304, 0.005429690703749657, 0.003998615313321352, 0.0021601845510303974, 0.0011191440280526876, 0.0006476616254076362], [0.0006916403654031456, 0.0014401957159861922, 0.0032823041547089815, 0.008383802138268948, 0.019058866426348686, 0.02446860633790493, 0.018352489918470383, 0.009355982765555382, 0.0035694842226803303, 0.0015311536844819784, 0.0006660682265646756], [0.0007182028493843973, 0.0013933157315477729, 0.004607658367604017, 0.014862943440675735, 0.048635996878147125, 0.0720091313123703, 0.0498066321015358, 0.020310670137405396, 0.004897200968116522, 0.0018002501456066966, 0.0006320765241980553], [0.000699470576364547, 0.001222575199790299, 0.005233559291809797, 0.01808357797563076, 0.07066933810710907, 0.10648974031209946, 0.0684073343873024, 0.026089254766702652, 0.005154055077582598, 0.0017667876090854406, 0.0005584306782111526], [0.0006051057716831565, 0.0010884214425459504, 0.004298181738704443, 0.014052331447601318, 0.05065426602959633, 0.07486528158187866, 0.04486575722694397, 0.01713859848678112, 0.004355740267783403, 0.0014717915328219533, 0.0005576764233410358], [0.0005036484217271209, 0.0008927822927944362, 0.002320854226127267, 0.006620099302381277, 0.01718592643737793, 0.024308105930685997, 0.016308190301060677, 0.007431505713611841, 0.002758519724011421, 0.0010104209650307894, 0.0005314445006661117], [0.00037651514867320657, 0.0006735757342539728, 0.0012235863832756877, 0.0025970193091779947, 0.004684862215071917, 0.005826163105666637, 0.004623377695679665, 0.0027675789315253496, 0.0014019145164638758, 0.0006442259764298797, 0.0003776700177695602], [0.00031374706304632127, 0.0003398035478312522, 0.0006547659286297858, 0.0011665060883387923, 0.0015183613868430257, 0.0017431927844882011, 0.0014422857202589512, 0.0010079200146719813, 0.0006451362860389054, 0.0004129746521357447, 0.0003185243112966418], [0.00015764714044053108, 0.00022456576698459685, 0.00038380821933969855, 0.0005278694443404675, 0.0006460272707045078, 0.0006123044877313077, 0.0006175361922942102, 0.0005034703062847257, 0.0003663779643829912, 0.000315258075715974, 0.00020040171511936933]], "psfHeight": 11, "psfWidth": 11, "width": 196}