{"psfHeight": 11, "width": 154, "psf": [[0.00028884990024380386, 0.0005207324866205454, 0.0007606379804201424, 0.0010833183769136667, 0.0012749143643304706, 0.0014889469603076577, 0.0013166960561648011, 0.0009519219165667892, 0.0006724664708599448, 0.0004155325295869261, 0.00024286165717057884], [0.0005086013698019087, 0.0008148992783389986, 0.001288644620217383, 0.0021473581437021494, 0.0033306290861219168, 0.003779706545174122, 0.0031349188648164272, 0.0020231460221111774, 0.0012201321078464389, 0.0006291753961704671, 0.00035846029641106725], [0.0006748464656993747, 0.0012699570506811142, 0.0024954951368272305, 0.00490510743111372, 0.008662868291139603, 0.010535093955695629, 0.00811622105538845, 0.004495595581829548, 0.0022383469622582197, 0.000975835311692208, 0.000587361166253686], [0.0009052285458892584, 0.0018345908029004931, 0.004318944178521633, 0.010226509533822536, 0.02093159593641758, 0.028247879818081856, 0.020832233130931854, 0.009850080125033855, 0.0037632060702890158, 0.0015407628379762173, 0.0007786694914102554], [0.00122262560762465, 0.002489418489858508, 0.0064265793189406395, 0.01737716980278492, 0.04159257933497429, 0.060327231884002686, 0.04272126033902168, 0.01737266033887863, 0.005980674643069506, 0.002129665110260248, 0.0009222169173881412], [0.0013962610391899943, 0.0027498856652528048, 0.007508006412535906, 0.022077269852161407, 0.055563539266586304, 0.08233185857534409, 0.05660829693078995, 0.02153358794748783, 0.007041201926767826, 0.002335565397515893, 0.0010203858837485313], [0.0012762241531163454, 0.0025297256652265787, 0.006399035919457674, 0.01786109432578087, 0.04348110780119896, 0.06209326907992363, 0.0424375906586647, 0.017021698877215385, 0.005929701495915651, 0.0022378514986485243, 0.0010678106918931007], [0.0010739462450146675, 0.001981876790523529, 0.0042790560983121395, 0.009834356606006622, 0.0200409647077322, 0.026408929377794266, 0.01863761804997921, 0.008922917768359184, 0.0038645633030682802, 0.0017839629435911775, 0.0007874798029661179], [0.0007167952135205269, 0.0014081798726692796, 0.002510340418666601, 0.004520539194345474, 0.006994535680860281, 0.00822137575596571, 0.006530269980430603, 0.0038304151967167854, 0.002057720674201846, 0.0013141310773789883, 0.0006469892105087638], [0.0005929358303546906, 0.000973209273070097, 0.0014855150366201997, 0.002127433195710182, 0.0026219042483717203, 0.002820552559569478, 0.002420626813545823, 0.0016303901793435216, 0.0011623564641922712, 0.0007549530710093677, 0.0005835623014718294], [0.0004676167736761272, 0.000616573088336736, 0.0009521006140857935, 0.0010719795245677233, 0.0012761680409312248, 0.0012215818278491497, 0.0011167314369231462, 0.0009061386226676404, 0.0005186187918297946, 0.00041336967842653394, 0.0003966759832110256]], "height": 154, "imageWidth": 512, "psfWidth": 11, "imageHeight": 512}