{"psfHeight": 11, "width": 247, "psf": [[0.00037966269883327186, 0.0003815435047727078, 0.00047744601033627987, 0.0008019889937713742, 0.0008904067217372358, 0.0008813866879791021, 0.0007148281438276172, 0.00037334676017053425, 0.00041883534868247807, 0.00030638385214842856, 0.00016467765090055764], [0.0004925850662402809, 0.0007996896747499704, 0.000999460113234818, 0.0012129214592278004, 0.0016416205326095223, 0.0017501510446891189, 0.0016942875226959586, 0.001207691733725369, 0.0008329717093147337, 0.00046511422260664403, 0.00011947125312872231], [0.0005982290604151785, 0.0010609907330945134, 0.0018883473239839077, 0.0030994208063930273, 0.004484442062675953, 0.005602483171969652, 0.004499764181673527, 0.0027491957880556583, 0.0013000746257603168, 0.0006566684460267425, 0.00043343345168977976], [0.0007142461836338043, 0.0012723515974357724, 0.0029067613650113344, 0.0062700966373085976, 0.014956056140363216, 0.022676028311252594, 0.01665285974740982, 0.007342744152992964, 0.0037035762798041105, 0.0013888198882341385, 0.0004755039408337325], [0.0007556353812105954, 0.0013404206838458776, 0.004063579719513655, 0.01276556309312582, 0.04817422106862068, 0.07963940501213074, 0.05324571952223778, 0.017498962581157684, 0.004661517683416605, 0.0017838054336607456, 0.0006479978328570724], [0.0007057813345454633, 0.0010141993407160044, 0.004675476346164942, 0.01811808906495571, 0.08025313168764114, 0.13307014107704163, 0.07819748669862747, 0.02119244635105133, 0.00375708332285285, 0.0013513523153960705, 0.0008503135177306831], [0.0005117875407449901, 0.001058251946233213, 0.0037310230545699596, 0.012777883559465408, 0.05004461482167244, 0.08352922648191452, 0.04722518101334572, 0.012574287131428719, 0.0032727383077144623, 0.0010809371015056968, 0.0007985023548826575], [0.0004376877623144537, 0.0008749482803978026, 0.0021716358605772257, 0.0053810556419193745, 0.01278699655085802, 0.018897568807005882, 0.012897876091301441, 0.005156007595360279, 0.0019005867652595043, 0.0008957235841080546, 0.0004637000965885818], [0.00042909805779345334, 0.0006298173684626818, 0.0013047141255810857, 0.0023135163355618715, 0.003737672232091427, 0.004334871657192707, 0.003320628311485052, 0.002002533059567213, 0.0011529000476002693, 0.0007115701446309686, 0.0004670819325838238], [0.00020577774557750672, 0.00038356767618097365, 0.0006100503960624337, 0.0010821406031027436, 0.0011052164481952786, 0.0007564806146547198, 0.0009659145725890994, 0.0008396849152632058, 0.0005849089357070625, 0.0004670817288570106, 0.00024415526422671974], [0.00022378895664587617, 0.00035564537392929196, 0.00038547127041965723, 0.0005552744260057807, 0.0006281078676693141, 0.000566963164601475, 0.0006261217640712857, 0.0004741259035654366, 0.00018228869885206223, 0.000192325547686778, 0.00019142082601319999]], "height": 247, "imageWidth": 512, "psfWidth": 11, "imageHeight": 512}