{"psfHeight": 11, "width": 118, "psf": [[0.00010694102820707485, 0.0003242607635911554, 0.0005873335176147521, 0.0007246219320222735, 0.0007941393996588886, 0.0007452525314874947, 0.0005833398899994791, 0.0005263375933282077, 0.0004155996721237898, 0.0003803114523179829, 0.00028853226103819907], [0.000268715841230005, 0.0005229237140156329, 0.0008538506226614118, 0.0013924561208114028, 0.001550316927023232, 0.0013830517418682575, 0.0012690789299085736, 0.001169656403362751, 0.0009077157592400908, 0.000686184735968709, 0.00048502549179829657], [0.00033338635694235563, 0.0007024104124866426, 0.001509480644017458, 0.0031161149963736534, 0.004842729773372412, 0.005453059915453196, 0.004857845138758421, 0.003389158518984914, 0.001978829735890031, 0.0012267014244571328, 0.0006402618600986898], [0.0004122569807805121, 0.0009176364401355386, 0.0024814927019178867, 0.007638563401997089, 0.01612495630979538, 0.02142009325325489, 0.01759997569024563, 0.008721178397536278, 0.003412683727219701, 0.0015655409079045057, 0.0007927023689262569], [0.0006041005253791809, 0.0013147550635039806, 0.003871882101520896, 0.015695441514253616, 0.04869183152914047, 0.07484707981348038, 0.052041638642549515, 0.017131734639406204, 0.004912220872938633, 0.0015984914498403668, 0.0008962383726611733], [0.0007443456561304629, 0.0013492211000993848, 0.0048652878031134605, 0.01990491896867752, 0.07456102967262268, 0.11711890995502472, 0.07430802285671234, 0.021067729219794273, 0.005360052455216646, 0.0016297013498842716, 0.000916582765057683], [0.0006350447656586766, 0.0010884187649935484, 0.003748194081708789, 0.014582115225493908, 0.05091986060142517, 0.07620185613632202, 0.0469069741666317, 0.014555315487086773, 0.004270355682820082, 0.0015004734741523862, 0.000806994445156306], [0.0004886403912678361, 0.0008741221390664577, 0.002110695466399193, 0.006767999846488237, 0.017502756789326668, 0.022785911336541176, 0.014975478872656822, 0.006541768554598093, 0.0027978261932730675, 0.0013833747943863273, 0.0007709340425208211], [0.00035370318801142275, 0.0006277349893935025, 0.0011649231892079115, 0.0026362768840044737, 0.004590278957039118, 0.0052598449401557446, 0.004242852330207825, 0.002576067578047514, 0.0015269664581865072, 0.0009014680981636047, 0.000556277809664607], [0.00022060876653995365, 0.00041936407797038555, 0.0006292900070548058, 0.0011018469231203198, 0.0015396209200844169, 0.0016543373931199312, 0.0015333160990849137, 0.001078842207789421, 0.0007425377261824906, 0.0004774025292135775, 0.00037859039730392396], [0.00016374397091567516, 0.00022877073206473142, 0.00036806106800213456, 0.0005260921316221356, 0.000769849750213325, 0.0007902662036940455, 0.0007459496846422553, 0.0005563378799706697, 0.0003975996223744005, 0.0002648086519911885, 0.00022735525271855295]], "height": 118, "imageWidth": 512, "psfWidth": 11, "imageHeight": 512}