{"imageWidth": 512, "height": 128, "imageHeight": 512, "psf": [[0.0002826334966812283, 0.00043801419087685645, 0.0005875836941413581, 0.0008683442138135433, 0.0010689793853089213, 0.0012445278698578477, 0.0010946219554170966, 0.0007736861007288098, 0.0006156005547381938, 0.0004037473408970982, 0.00024330448650289327], [0.00027043576119467616, 0.0006011193036101758, 0.0012021861039102077, 0.0018899731803685427, 0.0024529630318284035, 0.0024899363052099943, 0.0023184758611023426, 0.001838205149397254, 0.00112187082413584, 0.0007452814606949687, 0.0002979536366183311], [0.0006071294192224741, 0.0010733844246715307, 0.0018909798236563802, 0.00354212848469615, 0.006301688961684704, 0.008158037438988686, 0.0070122480392456055, 0.004190981388092041, 0.002210512524470687, 0.0012020573485642672, 0.0005087920580990613], [0.0008045155555009842, 0.0014740381157025695, 0.0032405222300440073, 0.007482718210667372, 0.01700633578002453, 0.024539558216929436, 0.019706401973962784, 0.010193677619099617, 0.00413784384727478, 0.0016957708867266774, 0.0008412961033172905], [0.0009932281682267785, 0.0017948650056496263, 0.005274736788123846, 0.014365630224347115, 0.04378901422023773, 0.07045861333608627, 0.04912097752094269, 0.017908120527863503, 0.006281303241848946, 0.0020579344127327204, 0.0010682576103135943], [0.0014604307943955064, 0.001996465492993593, 0.006696620956063271, 0.0186636820435524, 0.06798985600471497, 0.11081648617982864, 0.06746959686279297, 0.01939658634364605, 0.006819689646363258, 0.001831244328059256, 0.0011251207906752825], [0.0011488243471831083, 0.0017332775751128793, 0.005305260419845581, 0.014651011675596237, 0.04844343289732933, 0.07338026165962219, 0.04260224848985672, 0.01327940821647644, 0.004894614685326815, 0.0014579815324395895, 0.0009879011195152998], [0.0006965488428249955, 0.0013501036446541548, 0.0027352904435247183, 0.007377624977380037, 0.01700250431895256, 0.022569485008716583, 0.014672919176518917, 0.006503167096525431, 0.0028107205871492624, 0.0011740686604753137, 0.0005643845652230084], [0.00034996322938241065, 0.0008353105513378978, 0.0016171596944332123, 0.0031562696676701307, 0.005660489201545715, 0.006716122850775719, 0.004839298781007528, 0.002759706461802125, 0.001511573907919228, 0.000905328372027725, 0.0004403508501127362], [0.00023194379173219204, 0.0005933804786764085, 0.0009712434257380664, 0.0014442289248108864, 0.0019135301699861884, 0.002053534612059593, 0.0015918515855446458, 0.0012046603951603174, 0.0006742706173099577, 0.0006374933873303235, 0.0003963214985560626], [0.00014650297816842794, 0.00023567645985167474, 0.0005540548590943217, 0.0008322916110046208, 0.0009566562948748469, 0.0011800595093518496, 0.0008679496240802109, 0.0004524807445704937, 0.00041368661914020777, 0.0002874339697882533, 0.00017956648662220687]], "psfHeight": 11, "psfWidth": 11, "width": 128}