{"imageWidth": 512, "height": 191, "imageHeight": 512, "psf": [[0.00032158190151676536, 0.00032464542891830206, 0.0005060607218183577, 0.000690529472194612, 0.0010537971975281835, 0.0011256961151957512, 0.000949078006669879, 0.0007194200297817588, 0.0004856677260249853, 0.00027477642288431525, 1.6007632439141162e-05], [0.0003824027662631124, 0.0004767059872392565, 0.0008744187070988119, 0.0014023532858118415, 0.001913868123665452, 0.0020914943888783455, 0.0018223993247374892, 0.0011756600579246879, 0.0009392844513058662, 0.0006165947415865958, 0.0003170088166370988], [0.0005646412027999759, 0.00113742018584162, 0.001578248804435134, 0.002858605468645692, 0.005284890532493591, 0.006785694509744644, 0.005504481494426727, 0.0029098226223140955, 0.0014083507703617215, 0.0005866652354598045, 0.0003147498064208776], [0.0006582200294360518, 0.0013456569286063313, 0.0031068988610059023, 0.006913413293659687, 0.015288948081433773, 0.021430671215057373, 0.016152307391166687, 0.0066414582543075085, 0.002432576846331358, 0.0008533245418220758, 0.0004502020892687142], [0.000791287689935416, 0.001507095992565155, 0.004796260502189398, 0.013965916819870472, 0.045998767018318176, 0.08116494119167328, 0.049834299832582474, 0.013675423339009285, 0.003839177777990699, 0.0015112262917682528, 0.0007188055315054953], [0.0008399184443987906, 0.001373914536088705, 0.005767124239355326, 0.017334653064608574, 0.07768417149782181, 0.14655613899230957, 0.07875533401966095, 0.018026188015937805, 0.0037102364003658295, 0.0015731765888631344, 0.0006204163655638695], [0.0007127871504053473, 0.0011961248237639666, 0.004488285630941391, 0.012491823174059391, 0.048566415905952454, 0.08383607864379883, 0.04484443739056587, 0.012076525017619133, 0.0029825286474078894, 0.0012870458886027336, 0.0004733614914584905], [0.0004995124181732535, 0.0010717777768149972, 0.0025880420580506325, 0.006054559722542763, 0.01303156279027462, 0.016779987141489983, 0.011233864352107048, 0.004826088435947895, 0.002194843254983425, 0.0008965449524112046, 0.0004585989227052778], [0.00034292464260943234, 0.0007281545549631119, 0.0014356409665197134, 0.002540512941777706, 0.0037229901645332575, 0.004984264727681875, 0.00338951894082129, 0.0020166535396128893, 0.0009957418078556657, 0.0005475341458804905, 0.00043564371298998594], [0.00037155527388677, 0.0006147429812699556, 0.0008776221657171845, 0.0010920267086476088, 0.0009940855670720339, 0.0006636119214817882, 0.0010070003336295485, 0.0009306352585554123, 0.0006094628479331732, 0.0005109572666697204, 0.0003979911271017045], [0.00013143989781383425, 0.00043718150118365884, 0.0004894984303973615, 0.0005296697490848601, 0.0006806065794080496, 0.0010182787664234638, 0.0009509946685284376, 0.0005606741178780794, 0.00027947849594056606, 0.00021870755881536752, 0.00017223652685061097]], "psfHeight": 11, "psfWidth": 11, "width": 191}