{"psfHeight": 11, "width": 153, "psf": [[0.00015089921362232417, 0.00028420999296940863, 0.0002926986780948937, 0.0005259927129372954, 0.0008998693083412945, 0.0012866896577179432, 0.0011006116401404142, 0.00034002619213424623, 0.000245794712100178, 5.6105087423929945e-05, 0.0001664551964495331], [0.00019847636576741934, 0.00033671874552965164, 0.000386027037166059, 0.000834754784591496, 0.0007634757203049958, 0.0004976806230843067, 0.0010345595655962825, 0.0009779869578778744, 0.0006205681129358709, 0.0004139877564739436, 0.00019509342382661998], [0.00023485347628593445, 0.0005120089626871049, 0.0009285977575927973, 0.0018193551804870367, 0.004344047978520393, 0.00601431168615818, 0.0039658937603235245, 0.002052878262475133, 0.0012552860425785184, 0.0007790038362145424, 0.0003648093843366951], [0.0005394432810135186, 0.001012636348605156, 0.0016693479847162962, 0.004135680850595236, 0.00897213164716959, 0.012551311403512955, 0.01034611463546753, 0.005156273953616619, 0.0022186809219419956, 0.000875247991643846, 0.0005071385530754924], [0.0010448532411828637, 0.0009149462566711009, 0.004260398913174868, 0.010775585658848286, 0.0514591783285141, 0.08869501203298569, 0.046199265867471695, 0.01018641609698534, 0.004057997837662697, 0.0008311437559314072, 0.0009220182546414435], [0.0012988393427804112, 0.00020281464094296098, 0.005798766855150461, 0.013885055668652058, 0.09295134246349335, 0.18022428452968597, 0.09084721654653549, 0.014322788454592228, 0.006007865536957979, 0.00048824233817867935, 0.0013036690652370453], [0.0007517917547374964, 0.000540391425602138, 0.003291103523224592, 0.008562552742660046, 0.044997651129961014, 0.08970169723033905, 0.0536191388964653, 0.01227519754320383, 0.004240530077368021, 0.001022180076688528, 0.000774526153691113], [0.000496472348459065, 0.0007081532967276871, 0.0015530675882473588, 0.003761076834052801, 0.00776726333424449, 0.011008450761437416, 0.010125184431672096, 0.005446617491543293, 0.002177621703594923, 0.0009427738841623068, 0.00029485818231478333], [0.00042926386231556535, 0.00059115159092471, 0.0008959214901551604, 0.0015913423849269748, 0.0028945747762918472, 0.004774215165525675, 0.0037930451799184084, 0.002191987819969654, 0.0011321543715894222, 0.0006299255765043199, 0.00029943513800390065], [0.00019246475130785257, 0.000304537417832762, 0.0005844048573635519, 0.0008544017327949405, 0.0005266834050416946, 2.6400162823847495e-05, 0.0006146796513348818, 0.0007779893348924816, 0.0005619681323878467, 0.00030421718838624656, 0.00017641203885432333], [0.00018638164328876883, 0.00019049931142944843, 0.0002020534302573651, 0.0004970856243744493, -0.00035948914592154324, 0.00105904636438936, 0.0007129847654141486, 0.00026861130027100444, 0.0002782836090773344, 0.00016062035865616053, 5.699873509001918e-05]], "height": 153, "imageWidth": 512, "psfWidth": 11, "imageHeight": 512}