{"imageWidth": 512, "height": 173, "imageHeight": 512, "psf": [[0.0001497722987551242, 0.000418209150666371, 0.0008016093634068966, 0.0010694096563383937, 0.0013121460797265172, 0.0012447995832189918, 0.001009394065476954, 0.000967130356002599, 0.00074690708424896, 0.0005618314608000219, 0.0003474105033092201], [0.00025843572802841663, 0.0006593843572773039, 0.001106770127080381, 0.001877086702734232, 0.0024353833869099617, 0.0023573811631649733, 0.002209867350757122, 0.001812272472307086, 0.0013882212806493044, 0.000981764169409871, 0.0005561936995945871], [0.00036992746754549444, 0.000774016254581511, 0.001764055690728128, 0.0035624729935079813, 0.006095886696130037, 0.0073457928374409676, 0.006158307660371065, 0.00429747998714447, 0.002442133380100131, 0.0013695507077500224, 0.00069764832733199], [0.0005738615873269737, 0.001136419945396483, 0.0028369734063744545, 0.0069372388534247875, 0.01694246381521225, 0.023650623857975006, 0.018516860902309418, 0.010042035020887852, 0.004498482681810856, 0.0019457708112895489, 0.0009733825572766364], [0.0008774106972850859, 0.0013385422062128782, 0.0045538246631622314, 0.012314527295529842, 0.045091383159160614, 0.07060228288173676, 0.04510361701250076, 0.01794539950788021, 0.0070701055228710175, 0.0028069207910448313, 0.0012250503059476614], [0.0011355921160429716, 0.0014734893338754773, 0.0060770572163164616, 0.016436327248811722, 0.06942495703697205, 0.1109185665845871, 0.06491547077894211, 0.022500036284327507, 0.009058729745447636, 0.0031495017465204, 0.0014277014415711164], [0.001101334230042994, 0.001590206054970622, 0.004934320691972971, 0.013293680734932423, 0.04591139033436775, 0.07170707732439041, 0.04596443101763725, 0.018169641494750977, 0.007779988925904036, 0.002741898177191615, 0.0012213116278871894], [0.000720579584594816, 0.0012951664393767715, 0.0027070387732237577, 0.006393576972186565, 0.014038068242371082, 0.020276308059692383, 0.01680309884250164, 0.009041843004524708, 0.004090594127774239, 0.0018330966122448444, 0.0007547828718088567], [0.0005290719564072788, 0.0007832124247215688, 0.0014397181803360581, 0.0026530458126217127, 0.004622671753168106, 0.00595770962536335, 0.005088069010525942, 0.00334224384278059, 0.001962546957656741, 0.0009783206041902304, 0.0005266356747597456], [0.00029742566403001547, 0.0005042536649852991, 0.0007699249545112252, 0.0012074335245415568, 0.0016441978514194489, 0.0017342203063890338, 0.0017329141264781356, 0.001402881694957614, 0.0009681599913164973, 0.0005059373797848821, 0.00035544345155358315], [0.00017499603563919663, 0.00018525819177739322, 0.00031695651705376804, 0.0006592407007701695, 0.0009363655699416995, 0.0010977828642353415, 0.0008953057695180178, 0.0006812185165472329, 0.00046852880041114986, 0.0003318921662867069, 0.0002277136081829667]], "psfHeight": 11, "psfWidth": 11, "width": 173}