{"imageWidth": 512, "height": 96, "imageHeight": 512, "psf": [[0.00020108629541937262, 0.00041050807340070605, 0.0006317930528894067, 0.0007919254130683839, 0.0008917140658013523, 0.0009313264163210988, 0.0008873814367689192, 0.0008392750169150531, 0.0006186154787428677, 0.0003817033430095762, 0.0002497353416401893], [0.00018866614846047014, 0.0004632387135643512, 0.0010195588693022728, 0.0015138484304770827, 0.0016994515899568796, 0.0016618104418739676, 0.0016405015485361218, 0.00149621837772429, 0.0009338873205706477, 0.0004886952228844166, 0.0002512743230909109], [0.00029314725543372333, 0.0005919476388953626, 0.0014047696022316813, 0.0027819068636745214, 0.00455879932269454, 0.00579554820433259, 0.004784432705491781, 0.0028330276254564524, 0.0013819177402183414, 0.0005632717511616647, 0.00035741491592489183], [0.00043333086068741977, 0.0009320538956671953, 0.00234385603107512, 0.005873420741409063, 0.014107393100857735, 0.023360945284366608, 0.017049510031938553, 0.00580956693738699, 0.0021293696481734514, 0.0007543992251157761, 0.00047421359340660274], [0.000625432759989053, 0.0010314583778381348, 0.004112463444471359, 0.012412257492542267, 0.04732506722211838, 0.08857997506856918, 0.054650261998176575, 0.011041778139770031, 0.003725664457306266, 0.000619608792476356, 0.0007141042151488364], [0.001003476558253169, 0.0006255502812564373, 0.005680907517671585, 0.01418452337384224, 0.07976087927818298, 0.15196402370929718, 0.0796150490641594, 0.013287975452840328, 0.0044892169535160065, 0.00040835965774022043, 0.0009310406167060137], [0.0010171550093218684, 0.0009114138083532453, 0.0045547797344625, 0.010143046267330647, 0.051132190972566605, 0.09177033603191376, 0.04614687338471413, 0.009734675288200378, 0.003441785229369998, 0.0006673967000097036, 0.000706350663676858], [0.0007119278307072818, 0.0010643956484273076, 0.002123073907569051, 0.004839147906750441, 0.013173321262001991, 0.018719956278800964, 0.011533943936228752, 0.004246925003826618, 0.0016726289177313447, 0.0007255670498125255, 0.0003973159473389387], [0.00046773720532655716, 0.000618348247371614, 0.0009723920375108719, 0.001667979173362255, 0.003244225401431322, 0.004117764066904783, 0.0028046846855431795, 0.0015137017471715808, 0.0008193060639314353, 0.00045878675882704556, 0.0003008129133377224], [0.00023650717048440129, 0.0003931886167265475, 0.0004773091059178114, 0.0007214922807179391, 0.0009393335785716772, 0.0008725030347704887, 0.0009480650187470019, 0.0006772020133212209, 0.0004415580187924206, 0.00029866956174373627, 0.00021673071023542434], [0.00010526618279982358, 0.00021606136579066515, 0.0003067728830501437, 0.0003764528955798596, 0.0004917334299534559, 0.0006867116317152977, 0.0005684919888153672, 0.00034967384999617934, 0.0003177646140102297, 0.00021032834774814546, 0.00013273369404487312]], "psfHeight": 11, "psfWidth": 11, "width": 96}