{"imageWidth": 512, "height": 204, "imageHeight": 512, "psf": [[0.0002869004965759814, 0.0004449658445082605, 0.000855168211273849, 0.001257438096217811, 0.001229326007887721, 0.0013003073399886489, 0.0013010399416089058, 0.0011377991177141666, 0.0008521383861079812, 0.0005117025575600564, 0.00030289028654806316], [0.0003925056953448802, 0.0007059681229293346, 0.0012980186147615314, 0.0021221947390586138, 0.0027990255039185286, 0.003081090049818158, 0.0030366370920091867, 0.0022349560167640448, 0.0015033589443191886, 0.000871941214427352, 0.0005272283451631665], [0.000568592397030443, 0.0009937519207596779, 0.002233016537502408, 0.004204527474939823, 0.006945902016013861, 0.008509383536875248, 0.007693848107010126, 0.0048543238081038, 0.0026612256187945604, 0.0013548556016758084, 0.0007074375753290951], [0.0008753697038628161, 0.001608469057828188, 0.003855886636301875, 0.009201138280332088, 0.018360020592808723, 0.024726415053009987, 0.019777335226535797, 0.010394754819571972, 0.0047049084678292274, 0.002074615331366658, 0.0010996382916346192], [0.0011084392899647355, 0.0022819421719759703, 0.0061118691228330135, 0.017811477184295654, 0.04245367646217346, 0.05884932354092598, 0.04258915036916733, 0.019296523183584213, 0.007508263923227787, 0.002929512644186616, 0.0013842643238604069], [0.0011601579608395696, 0.0026776243466883898, 0.007596320938318968, 0.023299064487218857, 0.05838548019528389, 0.08040642738342285, 0.05698435753583908, 0.024533450603485107, 0.00917869620025158, 0.0031049486715346575, 0.0014393648598343134], [0.0010919069172814488, 0.0023718024604022503, 0.006614867132157087, 0.01911110244691372, 0.043637558817863464, 0.05813855677843094, 0.04243559390306473, 0.019605591893196106, 0.007546309847384691, 0.0027978848665952682, 0.0012816283851861954], [0.0008857529610395432, 0.0018735136836767197, 0.004163334611803293, 0.009986733086407185, 0.019230524078011513, 0.02463959902524948, 0.01905960589647293, 0.009986239485442638, 0.004337072838097811, 0.002004178473725915, 0.0009913276880979538], [0.0007105953409336507, 0.0011337612522765994, 0.0023005176335573196, 0.004252908285707235, 0.006807795260101557, 0.008008992299437523, 0.006784244440495968, 0.004484319128096104, 0.0023557273671031, 0.00120861129835248, 0.0005837586941197515], [0.00048442650586366653, 0.0006567391101270914, 0.001211265567690134, 0.0018489487702026963, 0.0025022709742188454, 0.002646296052262187, 0.0023928077425807714, 0.0018676292384043336, 0.0011438163928687572, 0.0006983673083595932, 0.00031253218185156584], [0.00030289500136859715, 0.0003713718615472317, 0.0004623905988410115, 0.0009346471051685512, 0.000998932751826942, 0.0011407380225136876, 0.0011134312953799963, 0.0007532621384598315, 0.0005260854377411306, 0.0004160511016380042, 0.0002448115556035191]], "psfHeight": 11, "psfWidth": 11, "width": 204}