{"psfHeight": 11, "width": 84, "psf": [[0.0002063172432826832, 0.00029970123432576656, 0.00036779436049982905, 0.0005159822758287191, 0.0006547932862304151, 0.0010329063516110182, 0.000922849983908236, 0.0005771983414888382, 0.0003396795364096761, 0.00014578551054000854, 9.582399798091501e-05], [0.0003781905979849398, 0.0004954003961756825, 0.000709634565282613, 0.001151316100731492, 0.0014103181893005967, 0.001454417360946536, 0.0018833461217582226, 0.0011727430392056704, 0.00060972262872383, 0.00044002814684063196, 0.00026978374808095396], [0.00039040562114678323, 0.000842198496684432, 0.0013402275508269668, 0.002522264840081334, 0.004587315488606691, 0.0068420590832829475, 0.005261571612209082, 0.0024223020300269127, 0.0012869663769379258, 0.0006582618225365877, 0.00020632341329474002], [0.0007402782212011516, 0.0012406030436977744, 0.0026079053059220314, 0.005802629515528679, 0.014710826799273491, 0.0236717090010643, 0.015697237104177475, 0.00500481715425849, 0.0020249865483492613, 0.0007985269767232239, 0.0002526789903640747], [0.0008706161170266569, 0.0013375721173360944, 0.004336231853812933, 0.011662120930850506, 0.047752466052770615, 0.08910812437534332, 0.0465051531791687, 0.008905064314603806, 0.0034608023706823587, 0.0007115462212823331, 0.000697741168551147], [0.0010091301519423723, 0.0012302343966439366, 0.005368110258132219, 0.015413101762533188, 0.07774244993925095, 0.15672694146633148, 0.07734671235084534, 0.011323832906782627, 0.004874295089393854, 0.0003321298863738775, 0.0011148561025038362], [0.0008669836679473519, 0.0012806870508939028, 0.003963775001466274, 0.011302237398922443, 0.04689108207821846, 0.08969952166080475, 0.04952086880803108, 0.009709802456200123, 0.0038712965324521065, 0.0007922905497252941, 0.0006707269349135458], [0.0005445643328130245, 0.0012476172996684909, 0.002809603000059724, 0.005858401767909527, 0.011608213186264038, 0.017426034435629845, 0.013514052145183086, 0.005596797913312912, 0.0020526768639683723, 0.0008476861985400319, 0.0005571851506829262], [0.0004899377818219364, 0.0011583361774682999, 0.001728316186927259, 0.0024300424847751856, 0.0036555666010826826, 0.004810805898159742, 0.004086505156010389, 0.0024028329644352198, 0.0011707679368555546, 0.0006394915981218219, 0.00037392438389360905], [0.0004963849787600338, 0.0007291249930858612, 0.0009356123628094792, 0.0009458217537030578, 0.0009996206499636173, 0.0007549139554612339, 0.0012954132398590446, 0.001341142924502492, 0.0007585593848489225, 0.0003664837568067014, 0.00032365575316362083], [0.00032136193476617336, 0.0003428643976803869, 0.00031390675576403737, 0.0004910014686174691, 0.0006300356471911073, 0.0009464742615818977, 0.0007674075895920396, 0.0005395634798333049, 0.0007066318648867309, 0.00035768223460763693, 0.00018264743266627192]], "height": 84, "imageWidth": 512, "psfWidth": 11, "imageHeight": 512}