{"psfHeight": 11, "width": 158, "psf": [[0.00015857795369811356, 0.00039791309973225, 0.0005775229656137526, 0.0007322999881580472, 0.0007718075648881495, 0.0008126571774482727, 0.0007334529072977602, 0.0005025852005928755, 0.00048022138071246445, 0.0004399314639158547, 0.00031596291228197515], [0.0002635701384861022, 0.000669138680677861, 0.0012759832898154855, 0.0016429056413471699, 0.0019326095934957266, 0.0018492930103093386, 0.0013358884025365114, 0.0010557265486568213, 0.0010160317178815603, 0.0008626505150459707, 0.0005766173708252609], [0.00038710946682840586, 0.0008768864208832383, 0.002039533806964755, 0.003861917881295085, 0.005743947811424732, 0.006266183219850063, 0.004169469233602285, 0.0025546241085976362, 0.002132237423211336, 0.0013184644049033523, 0.0006186296814121306], [0.0005090113845653832, 0.0010316314874216914, 0.003043434349820018, 0.008203014731407166, 0.020618433132767677, 0.02406012825667858, 0.013022840954363346, 0.006658144760876894, 0.0036017170641571283, 0.001539640361443162, 0.00075451226439327], [0.000753938453271985, 0.0009239214123226702, 0.004666621331125498, 0.013280447572469711, 0.054001808166503906, 0.0783727616071701, 0.041998568922281265, 0.015156246721744537, 0.005115743260830641, 0.0015406941529363394, 0.0008355110185220838], [0.0008934494690038264, 0.0009142566123045981, 0.005593589041382074, 0.016258636489510536, 0.07312146574258804, 0.11938705295324326, 0.07490600645542145, 0.024056099355220795, 0.0049536097794771194, 0.001662322087213397, 0.0007182344561442733], [0.0006684835534542799, 0.0010062804212793708, 0.0042669749818742275, 0.012936001643538475, 0.048419296741485596, 0.07753602415323257, 0.05265650898218155, 0.017542138695716858, 0.003616581205278635, 0.0012978307204321027, 0.000516241998411715], [0.0004914693417958915, 0.000969418790191412, 0.0023824749514460564, 0.006219023838639259, 0.014953741803765297, 0.021260032430291176, 0.01562060508877039, 0.006609719712287188, 0.0022463148925453424, 0.0009254836477339268, 0.0004501071525737643], [0.0004116760683245957, 0.0006922858883626759, 0.0012795409420505166, 0.0021278229542076588, 0.0034468602389097214, 0.004886454902589321, 0.004418868105858564, 0.002583421766757965, 0.0011614596005529165, 0.0006008297787047923, 0.0002689674438443035], [0.0002443481935188174, 0.000420183438109234, 0.0005548804765567183, 0.0014241606695577502, 0.001593173947185278, 0.0012199518969282508, 0.0013637309893965721, 0.00098229490686208, 0.0006181353237479925, 0.0004011591081507504, 0.0002769271668512374], [0.00012433427036739886, 0.00035967250005342066, 3.3871310733957216e-05, 0.0014133545337244868, 0.0014491139445453882, 0.0003830018686130643, 0.000788213568739593, 0.000470571598270908, 0.00042725977255031466, 0.00026047450955957174, 0.00019637517107184976]], "height": 158, "imageWidth": 512, "psfWidth": 11, "imageHeight": 512}