{"psfHeight": 11, "width": 114, "psf": [[0.0003050756058655679, 0.0004493649466894567, 0.00043841073056682944, 0.0008397751371376216, 0.0010648572351783514, 0.0010427021188661456, 0.0010059456108137965, 0.0008301683119498193, 0.00047713200910948217, 0.00040109193651005626, 0.00024999139714054763], [0.00045449688332155347, 0.0008173420210368931, 0.0011181914014741778, 0.0016387486830353737, 0.0021419813856482506, 0.002170298481360078, 0.0024346993304789066, 0.0015723867109045386, 0.0008084396831691265, 0.000622930470854044, 0.0002601100713945925], [0.0008017462678253651, 0.0013403412885963917, 0.0020459103398025036, 0.0037707644514739513, 0.006209846120327711, 0.007590415887534618, 0.00627082958817482, 0.0035798882599920034, 0.0014560571871697903, 0.0007597693474963307, 0.00046360809938050807], [0.001009009312838316, 0.001758018508553505, 0.0040870606899261475, 0.009401640854775906, 0.018491720780730247, 0.02450358308851719, 0.017560699954628944, 0.006869319826364517, 0.0025666251312941313, 0.0010740781435742974, 0.0005323574296198785], [0.0011827624402940273, 0.002114567905664444, 0.006455664057284594, 0.018209412693977356, 0.04996972903609276, 0.07293109595775604, 0.04440099373459816, 0.012340613640844822, 0.0036614248529076576, 0.0012368694879114628, 0.0006883108871988952], [0.0013357247225940228, 0.002041399013251066, 0.007354319095611572, 0.021898066624999046, 0.06965498626232147, 0.1203513815999031, 0.07238202542066574, 0.013831288553774357, 0.005055109038949013, 0.0006751873879693449, 0.0010310100624337792], [0.0013353832764551044, 0.002209155820310116, 0.005863715894520283, 0.01528732106089592, 0.04256507381796837, 0.07599188387393951, 0.05010025203227997, 0.010894596576690674, 0.003993741702288389, 0.0008191177621483803, 0.0007957451161928475], [0.0012837218819186091, 0.0019767459016293287, 0.0034373446833342314, 0.006846114527434111, 0.01403566263616085, 0.021720627322793007, 0.01677657663822174, 0.006233492866158485, 0.0021702235098928213, 0.000934264506213367, 0.0003212472074665129], [0.0008879880188032985, 0.0012423339067026973, 0.0018463355954736471, 0.002723126905038953, 0.004053321201354265, 0.005549577530473471, 0.004761104006320238, 0.0027605637442320585, 0.0012143546482548118, 0.0006652850424870849, 0.0003692586033139378], [0.0005033914931118488, 0.00058587925741449, 0.0007600389653816819, 0.0011054250644519925, 0.0013024534564465284, 0.0015886237379163504, 0.0018338022055104375, 0.0013609755551442504, 0.0007801761967130005, 0.00047776062274351716, 0.00025287640164606273], [0.00033997997525148094, 0.0003235184121876955, 0.00032367213862016797, 0.0005258231540210545, 0.0007093923632055521, 0.0010284206364303827, 0.0009973564883694053, 0.0006230349536053836, 0.0005397247150540352, 0.00018218530749436468, 0.00010088150156661868]], "height": 114, "imageWidth": 512, "psfWidth": 11, "imageHeight": 512}