{"psfHeight": 11, "width": 82, "psf": [[0.00021130916138645262, 0.0003684321418404579, 0.0003397106484044343, 0.00046763685531914234, 0.0006414945819415152, 0.0009766446892172098, 0.001016366994008422, 0.0005293604917824268, 0.00037983254878781736, 0.0002947858883999288, 0.0002426460850983858], [0.00032406559330411255, 0.00048219136078841984, 0.0007674171356484294, 0.0009721241076476872, 0.0018323258263990283, 0.002426715334877372, 0.0019254316575825214, 0.0011581841390579939, 0.0007635399815626442, 0.0004986227140761912, 0.0002623111940920353], [0.00043195002945140004, 0.0006631085998378694, 0.001316548092290759, 0.002483609365299344, 0.004913186654448509, 0.008097175508737564, 0.006459910422563553, 0.0026880016084760427, 0.001151560922153294, 0.0006301133544184268, 0.0003469882358331233], [0.0005374304600991309, 0.0008675389690324664, 0.002515477826818824, 0.006191071588546038, 0.020984891802072525, 0.03548084571957588, 0.021241849288344383, 0.006443323101848364, 0.002021118998527527, 0.0007857042946852744, 0.00042435459909029305], [0.0005934103392064571, 0.0011571143986657262, 0.0038082776591181755, 0.012579814530909061, 0.047920238226652145, 0.07892163842916489, 0.04477144032716751, 0.012577963061630726, 0.0035631246864795685, 0.0011306960368528962, 0.0005367639823816717], [0.0005523822037503123, 0.0012897122651338577, 0.0039344425313174725, 0.01670954003930092, 0.0537843331694603, 0.09052206575870514, 0.06344892084598541, 0.01859172247350216, 0.005068684462457895, 0.001444492256268859, 0.0007720630965195596], [0.00042273433064110577, 0.001253110240213573, 0.003522295970469713, 0.017363712191581726, 0.05399039760231972, 0.06920783221721649, 0.04363030567765236, 0.01336333341896534, 0.00423946138471365, 0.0015156000154092908, 0.0007382025360129774], [0.0002974818635266274, 0.0010055920574814081, 0.0027622715570032597, 0.011950480751693249, 0.037083275616168976, 0.03941350057721138, 0.01712418720126152, 0.00550231896340847, 0.0022846616338938475, 0.0011670137755572796, 0.0005684660281985998], [0.00031531142303720117, 0.0006972122937440872, 0.0018154083518311381, 0.004998554941266775, 0.01185089722275734, 0.0135479886084795, 0.006783719640225172, 0.002522136317566037, 0.0012217833427712321, 0.0006491421954706311, 0.00037280411925166845], [0.00028071936685591936, 0.0005837682401761413, 0.0010514706373214722, 0.0019214394269511104, 0.002766180085018277, 0.0027307383716106415, 0.0019024147186428308, 0.0010376869468018413, 0.0006849478231742978, 0.00036938360426574945, 0.00018274769536219537], [0.00024847243912518024, 0.0003903329197783023, 0.0006735883071087301, 0.0008482425473630428, 0.0008150056237354875, 0.0009019857970997691, 0.0008325027301907539, 0.0005756567697972059, 0.0003424826718401164, 0.0002224620257038623, 0.00022084350348450243]], "height": 82, "imageWidth": 512, "psfWidth": 11, "imageHeight": 512}