{"imageWidth": 512, "height": 138, "imageHeight": 512, "psf": [[0.00015696711488999426, 0.0003500948951113969, 0.0005265017971396446, 0.0007568025030195713, 0.0012411345960572362, 0.001264937105588615, 0.0014150316128507257, 0.0014964889269322157, 0.0012550950050354004, 0.0008154329843819141, 0.0003883244062308222], [0.00028748775366693735, 0.0005394030013121665, 0.0008266392978839576, 0.001461745472624898, 0.002251955447718501, 0.0026172432117164135, 0.0027075575198978186, 0.002770773135125637, 0.002256660955026746, 0.0013415137073025107, 0.0006163538200780749], [0.0004523643583524972, 0.0008917864179238677, 0.0016959152417257428, 0.003454345278441906, 0.005468412302434444, 0.006769745144993067, 0.006322534289211035, 0.0052189878188073635, 0.0030548733193427324, 0.0015584713546559215, 0.0007684786105528474], [0.0006069938535802066, 0.0014008213765919209, 0.003155715996399522, 0.007542187348008156, 0.016955912113189697, 0.023045793175697327, 0.018309006467461586, 0.010144226253032684, 0.0042560892179608345, 0.0018089619698002934, 0.0006675584590993822], [0.0009038730640895665, 0.001850129454396665, 0.005067562684416771, 0.014777486212551594, 0.043667253106832504, 0.06806871294975281, 0.04840435832738876, 0.020137403160333633, 0.006110143382102251, 0.0020468232687562704, 0.0007910790154710412], [0.0010924459202215075, 0.002213665284216404, 0.006410536356270313, 0.020878881216049194, 0.06656485050916672, 0.10060261189937592, 0.06634362041950226, 0.02643587440252304, 0.006962606217712164, 0.0021098721772432327, 0.0007687862380407751], [0.0008883726550266147, 0.002000499749556184, 0.005444005131721497, 0.01839454099535942, 0.05243530124425888, 0.06826908886432648, 0.04100758954882622, 0.01750718429684639, 0.00511162169277668, 0.0017223277827724814, 0.0006993808783590794], [0.0006520963506773114, 0.0014603643212467432, 0.003325622994452715, 0.008853143081068993, 0.019071049988269806, 0.022215688601136208, 0.01433943584561348, 0.007257855497300625, 0.0030176499858498573, 0.0012095541460439563, 0.0005146820330992341], [0.0004723941092379391, 0.0008910188917070627, 0.0016788104549050331, 0.003150742268189788, 0.004929004702717066, 0.005323244258761406, 0.004299701191484928, 0.002794735599309206, 0.0015113928820937872, 0.0008906190050765872, 0.0005347505793906748], [0.00026789531693793833, 0.00039381851092912257, 0.0007833767449483275, 0.0011610997607931495, 0.00163869874086231, 0.0016360385343432426, 0.0014006145065650344, 0.0009811578784137964, 0.0008857405628077686, 0.000580222811549902, 0.0003805680898949504], [0.00013589012087322772, 0.00023544830037280917, 0.0004090986622031778, 0.0005934612127020955, 0.0007576396455988288, 0.0007030030828900635, 0.000640360580291599, 0.000505903095472604, 0.0003869331267196685, 0.00027742181555368006, 0.0002702575293369591]], "psfHeight": 11, "psfWidth": 11, "width": 138}