{"psfHeight": 11, "width": 140, "psf": [[0.00028794625541195273, 0.0004618246166501194, 0.0006471782107837498, 0.0009607850224711001, 0.001206225948408246, 0.0012551025720313191, 0.0011362723307684064, 0.0006820918642915785, 0.0005605433834716678, 0.00042268261313438416, 0.00029841682408005], [0.0003932134131900966, 0.0006333844503387809, 0.001018705079331994, 0.0017588373739272356, 0.0025298474356532097, 0.0028357564006000757, 0.002379453042522073, 0.0017753640422597528, 0.001056631444953382, 0.0007318438729271293, 0.0005523139843717217], [0.0006021324661560357, 0.0009484769543632865, 0.0019643488340079784, 0.0038818686734884977, 0.006670675706118345, 0.0081049595028162, 0.006579851731657982, 0.0037759013939648867, 0.0020577162504196167, 0.001283469726331532, 0.0008218345465138555], [0.0008052861667238176, 0.0015610280679538846, 0.003455132246017456, 0.008925367146730423, 0.01877940632402897, 0.02527572400867939, 0.0184615645557642, 0.008375661447644234, 0.0038138609379529953, 0.0019284650916233659, 0.0009853007504716516], [0.0009455226827412844, 0.0020748768001794815, 0.005879899952560663, 0.01753736287355423, 0.04529644548892975, 0.0655798390507698, 0.04339476674795151, 0.016522016376256943, 0.006076270714402199, 0.002389950677752495, 0.0012182558421045542], [0.0010123333195224404, 0.002173503628000617, 0.006737187504768372, 0.022458305582404137, 0.06367334723472595, 0.0933692678809166, 0.062354378402233124, 0.022473366931080818, 0.00738292234018445, 0.0026208499912172556, 0.0012447882909327745], [0.0008826935663819313, 0.0019910065457224846, 0.00526322890073061, 0.016484256833791733, 0.04377540946006775, 0.0650077536702156, 0.04692232981324196, 0.01854000799357891, 0.00643023569136858, 0.002462889300659299, 0.001209883950650692], [0.0006911810487508774, 0.0014942981069907546, 0.0032532617915421724, 0.007803543005138636, 0.01737009547650814, 0.024462077766656876, 0.019597714766860008, 0.009481546469032764, 0.004017536994069815, 0.001735235913656652, 0.0010374390985816717], [0.0004282922891434282, 0.0009374573128297925, 0.0016763029852882028, 0.0034371905494481325, 0.005930157843977213, 0.0074518704786896706, 0.006448378786444664, 0.0039361827075481415, 0.0021860687993466854, 0.001241230289451778, 0.0006829373305663466], [0.0003999563923571259, 0.0005218861042521894, 0.0009667971171438694, 0.0014453005278483033, 0.0019974324386566877, 0.002386993495747447, 0.002066953107714653, 0.0015610503032803535, 0.0011009529698640108, 0.0007241848506964743, 0.00045444045099429786], [0.0003294010239187628, 0.000368104170775041, 0.000548851559869945, 0.0007486265967600048, 0.0009964198106899858, 0.0011123241856694221, 0.0010101248044520617, 0.000779133930336684, 0.0005600525182671845, 0.00035849332925863564, 0.0002349137212149799]], "height": 140, "imageWidth": 512, "psfWidth": 11, "imageHeight": 512}