{"psfHeight": 11, "width": 104, "psf": [[0.000364855834050104, 0.0004713674134109169, 0.0005973788793198764, 0.0008281210321001709, 0.0011921689147129655, 0.0012759850360453129, 0.0010850912658497691, 0.0007558099459856749, 0.0005172636592760682, 0.00034958499600179493, 0.0002047088200924918], [0.00047309594810940325, 0.0006759380339644849, 0.0009755099308677018, 0.0016938031185418367, 0.0022674237843602896, 0.0024876140523701906, 0.0022539629135280848, 0.00160374422557652, 0.001044763601385057, 0.0006511177634820342, 0.0003890642838086933], [0.0006063733599148691, 0.0010949362767860293, 0.001979675143957138, 0.0035285972990095615, 0.006338414270430803, 0.008138484321534634, 0.006459209136664867, 0.0037843752652406693, 0.0021413969807326794, 0.001019665040075779, 0.0005727027892135084], [0.0008286139345727861, 0.0016986883711069822, 0.003444213420152664, 0.007758537773042917, 0.01623554527759552, 0.022905105724930763, 0.017725151032209396, 0.008738928474485874, 0.003728748532012105, 0.0015737318899482489, 0.0007359728333540261], [0.001022030133754015, 0.0020644015166908503, 0.005472783464938402, 0.015639781951904297, 0.04358603432774544, 0.07021042704582214, 0.0478658489882946, 0.01714891567826271, 0.005889948457479477, 0.002053105039522052, 0.0009982285555452108], [0.0009699719375930727, 0.0019464156357571483, 0.006263472605496645, 0.021761998534202576, 0.0696861743927002, 0.11476798355579376, 0.07062913477420807, 0.021496661007404327, 0.00668531097471714, 0.002050950424745679, 0.001114531303755939], [0.0006865563336759806, 0.0017117770621553063, 0.004843574017286301, 0.016846606507897377, 0.04909232631325722, 0.07209692150354385, 0.0433049313724041, 0.01417231559753418, 0.004843813832849264, 0.001836086274124682, 0.0008857843931764364], [0.0006426672334782779, 0.0013807485811412334, 0.0031727878376841545, 0.007995693013072014, 0.016721943393349648, 0.01963137835264206, 0.012968159280717373, 0.006068392191082239, 0.0026731223333626986, 0.0012409368064254522, 0.0005904699792154133], [0.00045953586231917143, 0.00112637085840106, 0.0019755815155804157, 0.0033705367241054773, 0.005117958877235651, 0.005884028505533934, 0.004303040448576212, 0.0025372891686856747, 0.0012968842638656497, 0.0007637433591298759, 0.00037659783265553415], [0.00038145502912811935, 0.0007222758722491562, 0.0010922232177108526, 0.0015169332036748528, 0.001755781122483313, 0.0014606548938900232, 0.001247829757630825, 0.0010024509392678738, 0.000720889016520232, 0.0004781614989042282, 0.0003171097196172923], [0.00027575044077821076, 0.0003728126466739923, 0.0006209372077137232, 0.0007996918866410851, 0.0008214983972720802, 0.0010047686519101262, 0.0008015978382900357, 0.0005939804250374436, 0.0005131770740263164, 0.0002290985285071656, 0.00013282132567837834]], "height": 104, "imageWidth": 512, "psfWidth": 11, "imageHeight": 512}