{"imageWidth": 512, "height": 133, "imageHeight": 512, "psf": [[0.00025657087098807096, 0.0002674408024176955, 0.0006683901883661747, 0.0006768951425328851, 0.0009572999551892281, 0.0010212500346824527, 0.001215604250319302, 0.0009566830121912062, 0.0006079801823943853, 0.0004005010414402932, 0.0003843459999188781], [0.0003555545408744365, 0.0005892594926990569, 0.0008141389116644859, 0.0014194012619554996, 0.002091767033562064, 0.0024300245568156242, 0.0028283291030675173, 0.002046667505055666, 0.001444945577532053, 0.0008653912809677422, 0.0005238179001025856], [0.0005756797618232667, 0.0009718264336697757, 0.001649475540034473, 0.003061021910980344, 0.005632865708321333, 0.008101658895611763, 0.007542442064732313, 0.00496968487277627, 0.002777647692710161, 0.0013590601738542318, 0.0006181541248224676], [0.0007506554829888046, 0.001418013242073357, 0.002946292283013463, 0.007173751015216112, 0.016094809398055077, 0.024915272369980812, 0.021085621789097786, 0.011562921106815338, 0.00544009730219841, 0.0022050810512155294, 0.0008886430878192186], [0.0007031899294815958, 0.0017462983960285783, 0.004894672892987728, 0.014650579541921616, 0.0422050803899765, 0.06394168734550476, 0.04564556106925011, 0.0207082387059927, 0.008476282469928265, 0.0029515984933823347, 0.0011696040164679289], [0.000887452915776521, 0.001920729293487966, 0.005979909561574459, 0.021022047847509384, 0.06419367343187332, 0.09223497658967972, 0.059195153415203094, 0.024333328008651733, 0.00880233570933342, 0.002801273949444294, 0.0012623911025002599], [0.0011375577887520194, 0.001978154992684722, 0.0054488652385771275, 0.017244486138224602, 0.04654843360185623, 0.06421291828155518, 0.042536139488220215, 0.018314192071557045, 0.007107141427695751, 0.002611763309687376, 0.0011095801601186395], [0.0009442387381568551, 0.0016311794752255082, 0.0037436741404235363, 0.008359630592167377, 0.01780451089143753, 0.024075031280517578, 0.018094006925821304, 0.009637025184929371, 0.0043768007308244705, 0.0017786850221455097, 0.0007589157903566957], [0.0005557434051297605, 0.0010778920259326696, 0.0018896532710641623, 0.003395638195797801, 0.006046639755368233, 0.007688942831009626, 0.006299605127424002, 0.0038813308347016573, 0.0021914413664489985, 0.0011328321415930986, 0.0005527372704818845], [0.00047085285768844187, 0.0005349747953005135, 0.0009487222996540368, 0.0013949499698355794, 0.0020375631283968687, 0.0023710429668426514, 0.0023158835247159004, 0.0017890114104375243, 0.0010829544626176357, 0.0007139167282730341, 0.0003925925411749631], [0.0004088734567631036, 0.00037077744491398335, 0.0005312563735060394, 0.0007719768327660859, 0.0008505897712893784, 0.001198674668557942, 0.0011408121790736914, 0.0009293349576182663, 0.000630209397058934, 0.00037886766949668527, 0.00028172816382721066]], "psfHeight": 11, "psfWidth": 11, "width": 133}