{"imageWidth": 512, "height": 121, "imageHeight": 512, "psf": [[0.00035711738746613264, 0.0005847985157743096, 0.0008347667171619833, 0.00108800467569381, 0.0012687722919508815, 0.0012471090303733945, 0.0011748811230063438, 0.001001671771518886, 0.0008269628160633147, 0.0006435228860937059, 0.0004699526180047542], [0.000415780144976452, 0.0008060786640271544, 0.0013757259584963322, 0.0021625584922730923, 0.003104214323684573, 0.00310840317979455, 0.0026962209958583117, 0.002222785260528326, 0.0016109278658404946, 0.0011416272027418017, 0.0007685309392400086], [0.0006723427213728428, 0.0015097248833626509, 0.002796873217448592, 0.005091062746942043, 0.00775924464687705, 0.008981895633041859, 0.007753079757094383, 0.00516993273049593, 0.002994048874825239, 0.0019247113959863782, 0.0011401918018236756], [0.000993275665678084, 0.0022289520129561424, 0.005092652514576912, 0.010990648530423641, 0.019626328721642494, 0.024334684014320374, 0.019852548837661743, 0.011636322364211082, 0.005566575098782778, 0.0026832460425794125, 0.0013377605937421322], [0.001321253483183682, 0.002888164948672056, 0.007781782187521458, 0.019684303551912308, 0.03946299105882645, 0.05248960480093956, 0.04115961119532585, 0.020605333149433136, 0.00813350360840559, 0.0032669049687683582, 0.0016012254636734724], [0.0014776381431147456, 0.0035492214374244213, 0.00947739090770483, 0.024697989225387573, 0.05164087936282158, 0.0697605088353157, 0.05289389565587044, 0.02446426823735237, 0.008698038756847382, 0.0033803905826061964, 0.0015385308070108294], [0.0013239637482911348, 0.0030469659250229597, 0.00801906082779169, 0.020216772332787514, 0.04108471795916557, 0.0528520829975605, 0.039162520319223404, 0.018533216789364815, 0.007122532930225134, 0.0029200164135545492, 0.0012212250148877501], [0.0011538726976141334, 0.0023056494537740946, 0.005254069343209267, 0.011584773659706116, 0.020323531702160835, 0.024918917566537857, 0.018883131444454193, 0.009865405037999153, 0.004444226622581482, 0.002138015115633607, 0.0010788192739710212], [0.0007195185753516853, 0.0015134151326492429, 0.002925026463344693, 0.005369730293750763, 0.008137001655995846, 0.00906533095985651, 0.007374228443950415, 0.0047685070894658566, 0.002505080308765173, 0.0014122293796390295, 0.0007897377945482731], [0.0005246694781817496, 0.0009274915209971368, 0.0015168377431109548, 0.0022739367559552193, 0.0031173545867204666, 0.003388994839042425, 0.002962119411677122, 0.0021187453530728817, 0.0013509553391486406, 0.000859572843182832, 0.0005173410754650831], [0.000279714324278757, 0.0004810432146769017, 0.0007618119707331061, 0.0011280667968094349, 0.0012349369935691357, 0.0014267538208514452, 0.0014570823404937983, 0.001010133302770555, 0.0007565051782876253, 0.00044251460349187255, 0.0004101460799574852]], "psfHeight": 11, "psfWidth": 11, "width": 121}