{"psfHeight": 11, "width": 134, "psf": [[0.00014597982226405293, 0.0004584826237987727, 0.0006572077982127666, 0.0008371016010642052, 0.0012690696166828275, 0.0013127198908478022, 0.0011523050488904119, 0.000991175533272326, 0.0008164768805727363, 0.0004223771393299103, 0.00023332580167334527], [0.0005320998025126755, 0.0007744755712337792, 0.0013933746377006173, 0.002272271551191807, 0.0030868847388774157, 0.0034109922125935555, 0.0030737780034542084, 0.0021869156043976545, 0.0014250193489715457, 0.0008377634803764522, 0.00034164421958848834], [0.0008112621144391596, 0.0014184815809130669, 0.0029703022446483374, 0.005365971941500902, 0.00819720234721899, 0.00983660202473402, 0.00854397937655449, 0.005234569311141968, 0.0026935741771012545, 0.0012580021284520626, 0.0007356705609709024], [0.0011129610938951373, 0.0025387397035956383, 0.005942021030932665, 0.012263143435120583, 0.020469943061470985, 0.02591918595135212, 0.02188919112086296, 0.011634567752480507, 0.004962871316820383, 0.0019819384906440973, 0.0010037021711468697], [0.001254921779036522, 0.0033760524820536375, 0.009345643222332, 0.02207281067967415, 0.03975432366132736, 0.050444453954696655, 0.04090451821684837, 0.020158616825938225, 0.007218373008072376, 0.0027306985575705767, 0.0014484995044767857], [0.0013121493393555284, 0.003285982646048069, 0.010024014860391617, 0.02656044065952301, 0.050105731934309006, 0.06399921327829361, 0.05069524794816971, 0.023813990876078606, 0.008436903357505798, 0.0031240382231771946, 0.0012353993952274323], [0.001114532700739801, 0.0026399914640933275, 0.007556682452559471, 0.02010715939104557, 0.03908322751522064, 0.05115344002842903, 0.041111115366220474, 0.01984371803700924, 0.007227736990898848, 0.003712548641487956, 0.0018996037542819977], [0.0007080890354700387, 0.001790537964552641, 0.004358712118119001, 0.010438941419124603, 0.019636360928416252, 0.02620081417262554, 0.0226900614798069, 0.012341054156422615, 0.004730334505438805, 0.002571098506450653, 0.001664023264311254], [0.0005454004276543856, 0.001011398620903492, 0.0021649664267897606, 0.004350638948380947, 0.007596435025334358, 0.00975579209625721, 0.009003454819321632, 0.005828376859426498, 0.002694818191230297, 0.0012004366144537926, 0.0005924382130615413], [0.0004547422577161342, 0.0006499741575680673, 0.0012355012586340308, 0.0018663180526345968, 0.002759607508778572, 0.003433849895372987, 0.0032463783863931894, 0.00231668702326715, 0.0013656006194651127, 0.0008567871991544962, 0.00043229942093603313], [0.00023203071032185107, 0.0004234201041981578, 0.0005894245696254075, 0.0009278139914385974, 0.001259000040590763, 0.0013188017765060067, 0.0012627156684175134, 0.0009641224751248956, 0.0007907265098765492, 0.00038527383003383875, 0.00018765992717817426]], "height": 134, "imageWidth": 512, "psfWidth": 11, "imageHeight": 512}