{"psfHeight": 11, "width": 234, "psf": [[0.00022992507729213685, 0.0003304450656287372, 0.0005898480885662138, 0.0008556155953556299, 0.0010205735452473164, 0.0012832335196435452, 0.0013040563790127635, 0.0009735398343764246, 0.0006083588232286274, 0.0003374412190169096, 0.00022617074137087911], [0.0004235566593706608, 0.0007003913633525372, 0.0010832676198333502, 0.0017827831907197833, 0.0024953170213848352, 0.0033295743633061647, 0.0030762203969061375, 0.0022220935206860304, 0.0012429154012352228, 0.0006473639514297247, 0.00036981646553613245], [0.0006239055073820055, 0.0010758045827969909, 0.002031327923759818, 0.0041638147085905075, 0.007167442701756954, 0.00945881474763155, 0.008375364355742931, 0.005140686873346567, 0.0026691833045333624, 0.001239210250787437, 0.0005501196137629449], [0.0009277135250158608, 0.0017780180787667632, 0.003930869046598673, 0.009250673465430737, 0.01919044367969036, 0.02723424695432186, 0.021536538377404213, 0.010596128180623055, 0.004619889426976442, 0.001775760087184608, 0.0007552770548500121], [0.0011713606072589755, 0.002304266206920147, 0.006100737955421209, 0.017739085480570793, 0.04339487478137016, 0.06462675333023071, 0.04556494578719139, 0.017500219866633415, 0.006361878477036953, 0.001979000400751829, 0.0008785066893324256], [0.0011340768542140722, 0.0024747957941144705, 0.007120483089238405, 0.02270766720175743, 0.06216342747211456, 0.09438464790582657, 0.062439318746328354, 0.020335987210273743, 0.006635866593569517, 0.0019052311545237899, 0.0008682041079737246], [0.0009183618240058422, 0.002055916702374816, 0.005732801742851734, 0.016832323744893074, 0.04526674747467041, 0.06768685579299927, 0.04526156932115555, 0.015491949394345284, 0.00502766715362668, 0.0017115343362092972, 0.0008436116622760892], [0.0008829779108054936, 0.0016466182423755527, 0.0034603197127580643, 0.007983775809407234, 0.01736399717628956, 0.023743413388729095, 0.017300570383667946, 0.007608090061694384, 0.0030433780048042536, 0.0012617013417184353, 0.0006171003915369511], [0.0006444197497330606, 0.0012075589038431644, 0.0019626060966402292, 0.0032558641396462917, 0.005286357831209898, 0.006241512484848499, 0.0052587189711630344, 0.003203650237992406, 0.0017095486400648952, 0.0008993369992822409, 0.0004640727711375803], [0.0004419570614118129, 0.0007908770348876715, 0.0010861954651772976, 0.001305661047808826, 0.0017872350290417671, 0.001977619482204318, 0.0017257517902180552, 0.001376910018734634, 0.0010690299095585942, 0.000605523819103837, 0.00033274220186285675], [0.000333667965605855, 0.0004190395411569625, 0.0006087427027523518, 0.0006811931962147355, 0.0009110154933296144, 0.0008551094797439873, 0.0007372668478637934, 0.0007603716221638024, 0.0006288759759627283, 0.00041061927913688123, 0.0002646283828653395]], "height": 234, "imageWidth": 512, "psfWidth": 11, "imageHeight": 512}