{"imageWidth": 512, "height": 177, "imageHeight": 512, "psf": [[0.00014469402958638966, 0.00022329144121613353, 0.00029958656523376703, 0.0005094922380521894, 0.0006139121833257377, 0.0005076314555481076, 0.0009027295163832605, 0.0011059852549806237, 0.000680315017234534, 0.0005607790080830455, 0.00043497324804775417], [0.0003911479434464127, 0.00058603601064533, 0.0008224549237638712, 0.0011387077393010259, 0.0013993557076901197, 0.0014225236373022199, 0.0018025299068540335, 0.001952896360307932, 0.0013255986850708723, 0.0009566324879415333, 0.00046129763359203935], [0.0006147411768324673, 0.0012891319347545505, 0.0021290204022079706, 0.0035881856456398964, 0.0044878278858959675, 0.004492775071412325, 0.004723168443888426, 0.0041731782257556915, 0.0023405856918543577, 0.0011282466584816575, 0.00046032018144614995], [0.0005988679477013648, 0.0017440482042729855, 0.0035872545558959246, 0.00951280165463686, 0.021152235567569733, 0.024479057639837265, 0.018665293231606483, 0.009705019183456898, 0.003082866547629237, 0.001351003535091877, 0.0006517249275930226], [0.00027890870114788413, 0.0009447197080589831, 0.003935177810490131, 0.016983816400170326, 0.05364871770143509, 0.07103844732046127, 0.05446072295308113, 0.022871045395731926, 0.0035172724165022373, 0.001666314317844808, 0.00030399925890378654], [0.0005109963822178543, 0.0002925385779235512, 0.004892630036920309, 0.01736494153738022, 0.07386086136102676, 0.10446109622716904, 0.06944198906421661, 0.029422497376799583, 0.003497725585475564, 0.0017637026030570269, 0.00014475241187028587], [0.0006180847412906587, 0.0004358851001597941, 0.00394471688196063, 0.01227032020688057, 0.04984445124864578, 0.07921044528484344, 0.047668151557445526, 0.01651213876903057, 0.0037442625034600496, 0.0010446772212162614, 0.000420292722992599], [0.0003130574186798185, 0.0006083830958232284, 0.0019558309577405453, 0.005673588719218969, 0.01549712847918272, 0.024796294048428535, 0.016614167019724846, 0.006474622990936041, 0.0023719705641269684, 0.0007810751558281481, 0.00046668111463077366], [0.00021258975903037935, 0.0004566033312585205, 0.0012584058567881584, 0.0020972394850105047, 0.0035783881321549416, 0.004211212042719126, 0.0034504765644669533, 0.0022423036862164736, 0.0011191937373951077, 0.0006052270764485002, 0.00036091243964619935], [0.00022592581808567047, 0.00037041306495666504, 0.000548296666238457, 0.0010065267561003566, 0.0013076409231871367, 0.0016050413250923157, 0.0011520510306581855, 0.0007198669482022524, 0.0004566935822367668, 0.0004416971351020038, 0.0002837995416484773], [0.00016201194375753403, 0.00018413577345199883, 0.00027335042250342667, 0.0005119267152622342, 0.0006010663928464055, 0.00036915618693456054, 0.00039431272307410836, 0.00044012145372107625, 0.00030496137333102524, 0.00027958786813542247, -2.0390237409628753e-07]], "psfHeight": 11, "psfWidth": 11, "width": 177}