{"psfHeight": 11, "width": 125, "psf": [[0.000100911725894548, 0.0003310029278509319, 0.0005192099488340318, 0.0008488598978146911, 0.001224792911671102, 0.0011587422341108322, 0.0008100277045741677, 0.0006205212557688355, 0.00046567569370381534, 0.0002698561002034694, 0.00013761453737970442], [0.00015735815395601094, 0.0003149934927932918, 0.0007107562851160765, 0.0015308671863749623, 0.0016595965716987848, 0.0009062506724148989, 0.0011145994067192078, 0.0013026315718889236, 0.000835825630929321, 0.0004797495494130999, 0.0003300201497040689], [0.0002564915921539068, 0.0004975299234502017, 0.0009711171733215451, 0.0025109099224209785, 0.004658866208046675, 0.00584474066272378, 0.004516758490353823, 0.002634418895468116, 0.0015302820829674602, 0.0007559955702163279, 0.00035623772419057786], [0.00039370666490867734, 0.0007245694869197905, 0.001503853127360344, 0.00444919615983963, 0.01121724583208561, 0.016613760963082314, 0.01353379711508751, 0.006317014340311289, 0.002495215041562915, 0.0009599010809324682, 0.00047746271593496203], [0.0007558233919553459, 0.0009594731382094324, 0.003110754769295454, 0.009167649783194065, 0.043024953454732895, 0.08817644417285919, 0.05336795002222061, 0.01204567402601242, 0.0040281107649207115, 0.0010043723741546273, 0.0007308961357921362], [0.0011989217018708587, 0.0006819896516390145, 0.005174036603420973, 0.013530097901821136, 0.08654657006263733, 0.17297464609146118, 0.08581173419952393, 0.014964613132178783, 0.0050862194038927555, 0.0006542570772580802, 0.0009153570281341672], [0.0010234559886157513, 0.0011899664532393217, 0.004166168160736561, 0.011228039860725403, 0.051912207156419754, 0.08883365243673325, 0.044006265699863434, 0.010995104908943176, 0.00346566759981215, 0.0007970106089487672, 0.0006307379226200283], [0.0005534186493605375, 0.001073639839887619, 0.0019180073868483305, 0.0048710196278989315, 0.009960396215319633, 0.012465083971619606, 0.009778225794434547, 0.004623281769454479, 0.0019676575902849436, 0.0008073923527263105, 0.0003927161742467433], [0.0003750533505808562, 0.0005393088795244694, 0.0009474628604948521, 0.0018186256056651473, 0.003624904900789261, 0.004905286710709333, 0.0031778679694980383, 0.0019019382307305932, 0.0010737099219113588, 0.000532336940523237, 0.00032155244844034314], [0.00020852572924923152, 0.00039006496081128716, 0.0005527038010768592, 0.0009544964996166527, 0.0008325922535732388, 0.0004937938065268099, 0.0009874820243567228, 0.0007247829926200211, 0.00044686978799290955, 0.00030523427994921803, 0.00015767703007441014], [0.00023213194799609482, 0.00020028813742101192, 0.00028792163357138634, 0.00046781322453171015, 0.0008426185231655836, 0.0012256662594154477, 0.0008361242362298071, 0.0004940569633617997, 0.00023944256827235222, 9.002056322060525e-05, 0.0001930780417751521]], "height": 125, "imageWidth": 512, "psfWidth": 11, "imageHeight": 512}