{"imageWidth": 512, "height": 185, "imageHeight": 512, "psf": [[0.00020039772789459676, 0.00037958583561703563, 0.0007141123642213643, 0.001043118885718286, 0.0011448123259469867, 0.0010911693098023534, 0.0009634852758608758, 0.0009003555169329047, 0.000653422437608242, 0.0004421064513735473, 0.0002569373173173517], [0.00026186570175923407, 0.0005701555637642741, 0.0010869161924347281, 0.0018091162201017141, 0.002233179286122322, 0.0021508177742362022, 0.0020619279239326715, 0.00164451461751014, 0.0010856359731405973, 0.0006697850185446441, 0.000364339241059497], [0.00040934979915618896, 0.0007546123233623803, 0.0016884453361853957, 0.003377907909452915, 0.0056694247759878635, 0.006639114115387201, 0.0056550283916294575, 0.0035378963220864534, 0.0020863038953393698, 0.001021841075271368, 0.0005206902278587222], [0.0005489769973792136, 0.0010756998090073466, 0.002612353302538395, 0.006948397494852543, 0.016055358573794365, 0.022405534982681274, 0.01666950061917305, 0.008019080385565758, 0.0034107863903045654, 0.0014529537875205278, 0.000648696965072304], [0.0008579291170462966, 0.0014423944521695375, 0.00430851336568594, 0.01404845155775547, 0.04638401418924332, 0.07296813279390335, 0.046801596879959106, 0.015995891764760017, 0.005268257576972246, 0.001832333393394947, 0.0009204563102684915], [0.0010479121701791883, 0.0016986423870548606, 0.006059268955141306, 0.01948217675089836, 0.07246635854244232, 0.11725659668445587, 0.07136348634958267, 0.021382862702012062, 0.006394756492227316, 0.0019387387437745929, 0.0010028628166764975], [0.00102457613684237, 0.0017146178288385272, 0.005024172831326723, 0.015092136338353157, 0.04747388884425163, 0.07319692522287369, 0.04700663313269615, 0.016165856271982193, 0.005314804147928953, 0.0017643969040364027, 0.0008573027444072068], [0.0007729596109129488, 0.0013694351073354483, 0.0028477092273533344, 0.007007458247244358, 0.015421785414218903, 0.02086053602397442, 0.01567724719643593, 0.007601010147482157, 0.0031354043167084455, 0.001353012747131288, 0.0006546651711687446], [0.0005360551876947284, 0.0007982674287632108, 0.0014773104339838028, 0.002836395287886262, 0.004896766506135464, 0.006036765407770872, 0.004962041042745113, 0.003012255998328328, 0.0015903095481917262, 0.0008687473018653691, 0.0004206026205793023], [0.0003266319108661264, 0.0004826606309507042, 0.000806518190074712, 0.0013628586893901229, 0.0017423754325136542, 0.0018242557998746634, 0.0017748139798641205, 0.0013095572357997298, 0.0008261008188128471, 0.00045558009878732264, 0.00024639980983920395], [0.0002024121058639139, 0.0003432530502323061, 0.00045485544251278043, 0.000657147029414773, 0.0009250956936739385, 0.0011088366154581308, 0.0009226581314578652, 0.0006763078854419291, 0.00047020986676216125, 0.000277047191048041, 0.00017499500245321542]], "psfHeight": 11, "psfWidth": 11, "width": 185}