{"psfHeight": 11, "width": 159, "psf": [[0.00013150289305485785, 0.0002490537299308926, 0.0003509602101985365, 0.0006834797095507383, 0.0009926464408636093, 0.0009226524853147566, 0.0006325319991447031, 0.00042609087540768087, 0.00036194617860019207, 0.00025068983086384833, 0.00021184416254982352], [0.0002468292659614235, 0.00035877060145139694, 0.0005819150828756392, 0.0011639356380328536, 0.0016959079075604677, 0.0016323744785040617, 0.0015930214431136847, 0.0009770641336217523, 0.0006242372910492122, 0.00043578905751928687, 0.0004000019689556211], [0.00032321526668965816, 0.0005587052437476814, 0.0010797717841342092, 0.0023091689217835665, 0.004890809301286936, 0.005662488751113415, 0.004332277458161116, 0.0023886808194220066, 0.001220508711412549, 0.000948302389588207, 0.0007398397428914905], [0.0004746833583340049, 0.000888261420186609, 0.0019266799790784717, 0.005628681275993586, 0.014841624535620213, 0.020453978329896927, 0.014678116887807846, 0.0056607588194310665, 0.00261543202213943, 0.0016505189705640078, 0.0009489927324466407], [0.0006258210632950068, 0.001072378596290946, 0.003407186595723033, 0.012461822479963303, 0.0496903620660305, 0.08636970072984695, 0.042340248823165894, 0.011884443461894989, 0.004377351142466068, 0.001836899435147643, 0.0009059880394488573], [0.0006144879152998328, 0.0009538715239614248, 0.0038145987782627344, 0.016280347481369972, 0.08602070063352585, 0.16430620849132538, 0.08375108987092972, 0.017493445426225662, 0.004980760160833597, 0.001473910640925169, 0.0008777703042142093], [0.000601259816903621, 0.0009876410476863384, 0.0026252991519868374, 0.009564045816659927, 0.042867131531238556, 0.08519914746284485, 0.05524672567844391, 0.013606113381683826, 0.003811470465734601, 0.0013813928235322237, 0.0006979433237574995], [0.00039656803710386157, 0.0007891317363828421, 0.0014148639747872949, 0.0034987363032996655, 0.00877644494175911, 0.013942299410700798, 0.012258916161954403, 0.005290355067700148, 0.002317926147952676, 0.0011441598180681467, 0.0006798264221288264], [0.0002823207760229707, 0.00046659723739139736, 0.0007614443311467767, 0.00151884276419878, 0.0032339973840862513, 0.00435618357732892, 0.003189750947058201, 0.0017910546157509089, 0.0010894977021962404, 0.0006703288527205586, 0.0005075244698673487], [0.0002367145789321512, 0.00029798850300721824, 0.0003921391908079386, 0.0007144228438846767, 0.0007795706042088568, 0.0006432436057366431, 0.0010870731202885509, 0.000936049735173583, 0.0005245472420938313, 0.0003655305481515825, 0.0002330811694264412], [0.00018897683185059577, 0.0001931385340867564, 0.0002593074750620872, 0.00040704963612370193, 0.0005916235968470573, 0.0007555336924269795, 0.0005537586403079331, 0.00043995928717777133, 0.0003259071090724319, 0.00024366994330193847, 0.00018163032655138522]], "height": 159, "imageWidth": 512, "psfWidth": 11, "imageHeight": 512}