{"imageWidth": 512, "height": 158, "imageHeight": 512, "psf": [[0.00031191387097351253, 0.0006476912531070411, 0.0008135795360431075, 0.0009794782381504774, 0.0010555010521784425, 0.0011905761202797294, 0.0010991940507665277, 0.0007587666041217744, 0.000482851144624874, 0.0004581316316034645, 0.0002769468119367957], [0.0004302761808503419, 0.0009607655229046941, 0.0013869284885004163, 0.0018797597149387002, 0.0025551042053848505, 0.002922509331256151, 0.00263328873552382, 0.0018189795082435012, 0.0009161442867480218, 0.0005450162570923567, 0.0003522617626003921], [0.0004694925737567246, 0.0011445940472185612, 0.0023196591064333916, 0.0039047931786626577, 0.006770809181034565, 0.0084679601714015, 0.007368657272309065, 0.004331110045313835, 0.0019246867159381509, 0.0009669104474596679, 0.0004842135531362146], [0.000519619497936219, 0.001441736239939928, 0.0032923065591603518, 0.008489694446325302, 0.01751558668911457, 0.026161780580878258, 0.021715674549341202, 0.010454874485731125, 0.003615553956478834, 0.0014515919610857964, 0.0006775824585929513], [0.0007118950015865266, 0.0019563646055758, 0.005557310301810503, 0.016323482617735863, 0.04107720032334328, 0.06679978221654892, 0.05051477998495102, 0.018496448174118996, 0.005509550217539072, 0.001739857834763825, 0.0007582194521091878], [0.0010028077522292733, 0.002406483981758356, 0.006537791807204485, 0.021951956674456596, 0.06320107728242874, 0.09742755442857742, 0.06463256478309631, 0.021297398954629898, 0.005945941898971796, 0.0018628869438543916, 0.0008941612904891372], [0.0009544361964799464, 0.002281568944454193, 0.006045997608453035, 0.018898747861385345, 0.05081119388341904, 0.0686672180891037, 0.041391484439373016, 0.013994823209941387, 0.004517832770943642, 0.0014593454543501139, 0.0009080730960704386], [0.0009825307643041015, 0.001787845278158784, 0.003972284961491823, 0.010491304099559784, 0.021113045513629913, 0.02450333535671234, 0.015159077942371368, 0.006225954741239548, 0.002640397986397147, 0.0012189738918095827, 0.0006036057602614164], [0.0004918709746561944, 0.001056597102433443, 0.0019888016395270824, 0.004058296792209148, 0.006090659182518721, 0.0061313556507229805, 0.004530075937509537, 0.002479318995028734, 0.0013449470279738307, 0.0008094384102150798, 0.0004141278041061014], [0.0004990798188373446, 0.0007476432947441936, 0.0010421844199299812, 0.0013976350892335176, 0.00184766692109406, 0.002001493703573942, 0.0016197296790778637, 0.001030829269438982, 0.0008612673846073449, 0.0005151467048563063, 0.0002660035970620811], [0.0002775071479845792, 0.0003620576753746718, 0.00048456169315613806, 0.0006586168892681599, 0.0008520245901308954, 0.0008020579698495567, 0.0007244457374326885, 0.0005064299330115318, 0.00037476123543456197, 0.00041149373282678425, 0.00012277513451408595]], "psfHeight": 11, "psfWidth": 11, "width": 158}