{"drawn_arms": [[[277, 250], [282, 250], [283, 249], [288, 249], [291, 248], [294, 248], [296, 248], [297, 248], [298, 248], [301, 248], [304, 248], [308, 248], [310, 248], [313, 248], [318, 247], [326, 244], [330, 239], [332, 237], [332, 236], [334, 233], [337, 228], [340, 224], [345, 219], [348, 216], [350, 214], [351, 211], [351, 205], [351, 199], [351, 197], [351, 195], [350, 195], [349, 194], [347, 189], [344, 186], [336, 183], [330, 182], [326, 180], [323, 179], [313, 177], [304, 174], [301, 173], [300, 173], [298, 172], [293, 170], [288, 168], [286, 168], [283, 165], [280, 164], [274, 163], [267, 162], [261, 161], [257, 161], [249, 161], [242, 161], [239, 161], [238, 161], [237, 161], [234, 161], [229, 161], [222, 160], [213, 158], [207, 157], [194, 155], [187, 153], [181, 151], [179, 151], [176, 151], [174, 151], [173, 150], [172, 150], [171, 150], [171, 149], [170, 149], [169, 149]], [[236, 253], [219, 253], [213, 253], [210, 253], [209, 253], [208, 253], [203, 253], [196, 253], [192, 251], [188, 249], [178, 246], [175, 244], [173, 244], [170, 244], [165, 244], [153, 245], [151, 245], [147, 246], [142, 246], [136, 246], [133, 247], [131, 247], [129, 249], [129, 250], [128, 252], [127, 253], [127, 255], [127, 260], [127, 267], [127, 269], [127, 273], [127, 278], [127, 284], [128, 287], [133, 294], [142, 304], [154, 312], [157, 315], [158, 315], [160, 316], [169, 316], [173, 317], [178, 317], [185, 317], [189, 318], [193, 318], [209, 319], [214, 319], [222, 320], [230, 320], [233, 320], [243, 321], [254, 323], [267, 323], [275, 324], [285, 324], [294, 325], [306, 325], [321, 325], [334, 325], [347, 324], [364, 322], [376, 315], [395, 307], [407, 301], [415, 297], [423, 295], [429, 295], [430, 295], [430, 294], [431, 294], [432, 294], [433, 293], [434, 293], [435, 293]], [[299.0, 294.9], [300.0, 293.9], [360.0, 227.9], [363.0, 221.9], [363.0, 218.9], [361.0, 217.9], [357.0, 215.9], [354.0, 214.9], [348.0, 213.9], [335.0, 210.9], [318.0, 207.9], [312.0, 207.9], [310.0, 207.9], [309.0, 207.9], [300.0, 215.9], [289.0, 233.9], [279.0, 254.9], [277.0, 261.9]], [[251.0, 275.9], [248.0, 275.9], [246.0, 274.9]], [[242.0, 205.9], [338.0, 103.9], [371.0, 143.9]], [[169.3, 133.9], [170.7, 134.6], [189.5, 167.9], [217.6, 205.4]], [[324.6, 296.8], [396.5, 355.2], [452.4, 386.8]]], "phi": 5.610273481968733, "ba": 0.5080209374427795, "distances": [[0.0, 19644.165100870414, 5426.216572417909, 13798.246126126121, 7375.135385804294, 8646.822810956835, 36317.3646916147], [19644.165100870414, 0.0, 18170.629939265964, 12278.988000000001, 35769.08666666666, 26343.322599382776, 23436.687737445052], [5426.216572417909, 18170.629939265964, 0.0, 10171.277777777774, 11652.418761160028, 30385.616497902345, 20796.83833081951], [13798.246126126121, 12278.988000000001, 10171.277777777774, 0.0, 29482.666666666653, 23721.375833333328, 34996.33], [7375.135385804294, 35769.08666666666, 11652.418761160028, 29482.666666666653, 0.0, 23896.218640427327, 68005.59666666668], [8646.822810956835, 26343.322599382776, 30385.616497902345, 23721.375833333328, 23896.218640427327, 0.0, 92924.75250000002], [36317.3646916147, 23436.687737445052, 20796.83833081951, 34996.33, 68005.59666666668, 92924.75250000002, 0.0]], "bar_length": 10, "image_size": 512.0}