{"drawn_arms": [[[240.0, 221.8], [240.0, 223.9]], [[269.5, 278.8], [294.5, 293.4], [306.0, 297.5]]], "phi": 42.254960497140644, "ba": 0.6339401602745056, "distances": [[0.0, 11154.328333333331], [11154.328333333331, 0.0]], "bar_length": 10, "image_size": 512.0}