{"drawn_arms": [[[251.5, 275.5], [251.5, 276.7], [252.1, 279.8], [256.2, 286.6], [262.5, 291.9], [267.1, 292.8], [269.0, 291.5], [272.8, 286.6], [280.1, 279.4], [287.4, 270.5], [291.6, 262.1], [293.5, 256.8], [294.7, 253.2], [295.8, 249.4], [296.1, 247.4], [296.1, 244.1], [296.1, 234.4], [294.0, 226.6], [292.5, 222.8], [291.4, 219.5], [287.9, 212.6], [284.0, 207.1], [282.1, 206.5], [279.9, 206.5], [276.1, 206.5], [271.0, 205.9], [264.8, 205.2], [262.0, 205.2], [260.7, 205.7], [258.8, 206.8], [256.6, 208.3], [255.0, 210.5], [252.7, 213.3], [250.4, 216.5], [246.9, 221.3], [243.6, 225.4], [242.6, 226.7], [241.8, 228.3], [240.3, 230.9], [235.5, 241.1], [231.4, 249.6], [229.2, 254.9], [228.0, 260.5], [226.6, 269.6], [226.3, 277.8], [226.3, 284.1], [226.3, 291.0], [226.8, 294.6], [228.3, 298.4], [229.7, 301.2], [231.3, 302.5], [233.4, 304.1], [236.1, 305.9], [240.2, 308.8], [241.8, 309.9], [242.2, 309.9], [242.5, 309.9], [243.4, 309.3], [247.7, 306.9], [252.7, 304.1], [254.0, 303.1], [254.5, 302.5], [255.5, 301.8], [258.1, 300.3], [262.0, 297.9], [265.7, 295.7], [266.8, 295.1], [267.0, 295.1], [267.7, 294.9], [268.5, 294.6], [272.1, 292.8], [277.1, 290.7], [277.7, 290.7]]], "phi": 129.4865935614844, "ba": 0.8715651631355286, "distances": [[0.0]], "bar_length": 10, "image_size": 512.0}