{"drawn_arms": [[[251, 380], [252, 381], [253, 381], [255, 381], [258, 381], [259, 381], [261, 381], [262, 381], [264, 381], [265, 381], [267, 381], [268, 381], [268, 383]], [[257, 297], [255, 297], [255, 299], [255, 300], [255, 301], [255, 303], [255, 304], [255, 306], [254, 306], [254, 307], [252, 307], [252, 309], [250, 310], [250, 312], [248, 312], [247, 313], [245, 313], [244, 313], [242, 313], [241, 313], [239, 313], [238, 313], [238, 311], [236, 311], [235, 311], [234, 311], [234, 310], [232, 310], [231, 310], [231, 308], [231, 307], [229, 307], [229, 305], [228, 305], [226, 305], [226, 304], [225, 304], [225, 302], [225, 301], [223, 301], [223, 300], [223, 298], [223, 297], [222, 297], [222, 295], [222, 294], [222, 292], [222, 291], [222, 289], [220, 288]], [[294, 146], [294, 147], [296, 148], [299, 149], [300, 149], [300, 151], [302, 151]], [[251.1, 233.0], [251.1, 232.0], [251.1, 231.0], [251.1, 230.0], [252.1, 229.0], [252.1, 227.0], [253.1, 223.0], [254.1, 221.0], [255.1, 220.0], [255.1, 217.0], [255.1, 216.0], [256.1, 215.0], [256.1, 214.0], [256.1, 212.0], [257.1, 211.0], [258.1, 208.0], [259.1, 206.0], [260.1, 205.0], [260.1, 203.0], [260.1, 202.0], [261.1, 199.0], [262.1, 198.0], [262.1, 196.0], [262.1, 195.0], [263.1, 195.0], [263.1, 194.0], [263.1, 192.0]], [[225.5, 278.1], [227.6, 277.1]], [[279.7, 244.8], [318.6, 226.0], [360.7, 209.6]], [[281, 402], [282, 402], [288, 407], [301, 413], [308, 418], [311, 418], [315, 419], [317, 420], [319, 422]], [[159, 224], [159, 227], [158, 228], [156, 233], [152, 238], [150, 241], [149, 241], [149, 243], [148, 243], [147, 244], [146, 245], [144, 248], [143, 249], [140, 251], [139, 252], [138, 254], [136, 255], [135, 256], [134, 257], [133, 258], [129, 261]], [[374, 142], [373, 143], [373, 144], [374, 144], [376, 145], [377, 147], [378, 148], [387, 152], [393, 155], [395, 155], [397, 156], [398, 156], [400, 157], [404, 158], [410, 159], [411, 159], [420, 159], [424, 159], [427, 159], [428, 159]], [[311, 371], [311, 370], [312, 371], [313, 372], [314, 373], [316, 374], [320, 374], [322, 374], [329, 375], [334, 375], [337, 376], [341, 376]]], "phi": 97.9211995945703, "ba": 0.739396333694458, "distances": [[0.0, 10942.23076923077, 109411.54945054944, 50491.94763532764, 22930.098076923066, 46733.14076923077, 3275.846153846154, 60741.28205128205, 137067.80384615384, 5763.852564102564], [10942.23076923077, 0.0, 51388.99428571429, 12839.994962962963, 1170.3767197781872, 15737.140666666664, 24935.71111111111, 19379.3, 84900.01, 18959.7], [109411.54945054944, 51388.99428571429, 0.0, 8832.19566137566, 42854.52785714288, 13664.529121880567, 133529.6349206349, 56993.33333333333, 14902.478571428572, 99120.27380952382], [50491.94763532764, 12839.994962962963, 8832.19566137566, 0.0, 7885.623148148154, 6618.261758577206, 72314.47925925927, 21535.689841269843, 37829.69851851852, 52868.495925925934], [22930.098076923066, 1170.3767197781872, 42854.52785714288, 7885.623148148154, 0.0, 16209.371666666668, 42887.53491168616, 14727.027380952386, 83482.33500000002, 33908.81833333333], [46733.14076923077, 15737.140666666664, 13664.529121880567, 6618.261758577206, 16209.371666666668, 0.0, 62630.48777777779, 45424.73857142856, 15688.456666666669, 40255.426666666666], [3275.846153846154, 24935.71111111111, 133529.6349206349, 72314.47925925927, 42887.53491168616, 62630.48777777779, 0.0, 95989.23809523809, 150730.00555555557, 3948.3664409791645], [60741.28205128205, 19379.3, 56993.33333333333, 21535.689841269843, 14727.027380952386, 45424.73857142856, 95989.23809523809, 0.0, 124027.66428571427, 90280.98809523809], [137067.80384615384, 84900.01, 14902.478571428572, 37829.69851851852, 83482.33500000002, 15688.456666666669, 150730.00555555557, 124027.66428571427, 0.0, 106124.11666666667], [5763.852564102564, 18959.7, 99120.27380952382, 52868.495925925934, 33908.81833333333, 40255.426666666666, 3948.3664409791645, 90280.98809523809, 106124.11666666667, 0.0]], "bar_length": 10, "image_size": 512.0}