{"drawn_arms": [[[234.6, 274.6], [235.4, 275.2], [237.8, 277.0], [239.9, 277.8], [242.3, 279.1], [244.4, 279.7], [246.7, 279.7], [249.7, 278.9]], [[276.2, 249.9], [277.0, 244.5], [277.4, 241.6], [277.5, 238.8], [277.5, 234.3], [274.2, 227.5], [270.6, 224.5], [266.8, 223.0], [264.0, 223.2], [260.4, 223.0], [258.0, 223.0], [254.8, 224.7], [252.3, 227.3], [251.2, 229.8], [249.9, 232.8], [249.3, 234.3], [248.4, 236.2], [247.4, 237.5]]], "phi": 129.4865935614844, "ba": 0.8715651631355286, "distances": [[0.0, 4178.94111111111], [4178.94111111111, 0.0]], "bar_length": 10, "image_size": 512.0}