{"drawn_arms": [[[281.5, 282.0], [283.4, 285.9], [286.0, 291.0], [285.3, 296.2], [277.6, 300.7], [275.1, 300.0], [266.7, 297.4], [257.7, 295.5], [248.7, 294.9], [239.0, 289.7], [232.0, 284.6], [225.5, 276.9], [222.3, 271.1], [219.1, 264.0], [214.0, 256.9], [210.1, 249.2], [206.3, 242.8], [204.3, 235.7], [200.5, 225.4], [197.9, 218.3], [197.3, 216.4], [194.7, 213.8], [194.0, 211.9], [194.0, 211.3]], [[228.1, 221.6], [228.1, 218.3], [238.4, 210.6], [240.3, 210.0], [245.5, 210.0], [252.6, 213.2], [262.8, 219.6], [267.3, 220.9], [270.6, 222.2], [280.2, 228.6], [287.3, 232.5], [296.9, 242.8], [298.9, 245.4], [301.4, 251.1], [304.0, 256.3], [306.6, 263.4], [306.6, 267.9], [307.2, 271.1], [309.1, 272.4], [309.1, 273.7], [309.1, 274.9], [309.1, 275.6], [309.8, 276.9]], [[248.5, 215.8], [232.4, 226.4], [231.8, 246.4], [245.7, 274.7], [265.7, 287.5], [291.3, 290.2], [295.1, 270.8], [276.3, 240.2], [254.6, 216.4]]], "phi": 19.86035046960157, "ba": 0.5823243856430054, "distances": [[0.0, 3474.8416869713465, 1558.4459453927866], [3474.8416869713465, 0.0, 880.064089707533], [1558.4459453927866, 880.064089707533, 0.0]], "bar_length": 10, "image_size": 512.0}