{"imageWidth": 512, "height": 121, "imageHeight": 512, "psf": [[0.00021790695609524846, 0.00031437145662494004, 0.0005227906513027847, 0.0006995841977186501, 0.0008126241737045348, 0.00111545214895159, 0.0012667487608268857, 0.0011588974157348275, 0.0007341313757933676, 0.0005525361630134284, 0.00032564933644607663], [0.00031474672141484916, 0.0005363825475797057, 0.0009393668733537197, 0.0014764942461624742, 0.00181426084600389, 0.002081637503579259, 0.0021860916167497635, 0.001815032446756959, 0.0011895309435203671, 0.00073806825093925, 0.00047508059651590884], [0.0006131966365501285, 0.001057602814398706, 0.0018850488122552633, 0.0038480418734252453, 0.0055941129103302956, 0.006227023433893919, 0.005867994390428066, 0.003958059009164572, 0.0022393930703401566, 0.0012436305405572057, 0.0006771751213818789], [0.0007773043471388519, 0.0015338535886257887, 0.0036831488832831383, 0.009051060304045677, 0.017888259142637253, 0.021731453016400337, 0.01773890294134617, 0.00937249232083559, 0.003964101430028677, 0.0018500479636713862, 0.0007863613427616656], [0.0007891575223766267, 0.001829558634199202, 0.005258587654680014, 0.0170979592949152, 0.04832592234015465, 0.06828191876411438, 0.05103066936135292, 0.020353469997644424, 0.0055722021497786045, 0.0016898909816518426, 0.0005511872586794198], [0.0007339244475588202, 0.0017401376971974969, 0.005707546137273312, 0.021289974451065063, 0.07209319621324539, 0.10720588266849518, 0.07166744023561478, 0.024269843474030495, 0.006037786137312651, 0.0015119669260457158, 0.0005186034250073135], [0.0007186507573351264, 0.0014144096057862043, 0.004507063888013363, 0.015364410355687141, 0.04956377297639847, 0.07226505130529404, 0.04476876184344292, 0.014844837598502636, 0.004581677261739969, 0.001344806980341673, 0.0005796394543722272], [0.000551943143364042, 0.001085118274204433, 0.002686581341549754, 0.00668533006682992, 0.01597638428211212, 0.02191789820790291, 0.01509267557412386, 0.006376009434461594, 0.002657864009961486, 0.0012755505740642548, 0.00048769707791507244], [0.0004569115990307182, 0.0007331626839004457, 0.0014321503695100546, 0.00254330737516284, 0.004231226164847612, 0.005351814907044172, 0.004487442318350077, 0.002688771113753319, 0.0014075541403144598, 0.0007971892482601106, 0.00039596983697265387], [0.0002429661399219185, 0.0004202997952234, 0.0006795005756430328, 0.0011755767045542598, 0.0014653144171461463, 0.0014985251473262906, 0.0013933188747614622, 0.0010633786441758275, 0.0006909490912221372, 0.0005012707551941276, 0.00029017269844189286], [0.00017619792197365314, 0.0003185854584444314, 0.0004701395519077778, 0.0005782285588793457, 0.0006707251886837184, 0.0006492110551334918, 0.0006729559972882271, 0.0005542663275264204, 0.0003816390235442668, 0.00022724625887349248, 0.00017538818065077066]], "psfHeight": 11, "psfWidth": 11, "width": 121}