{"psfHeight": 11, "width": 77, "psf": [[7.739440479781479e-05, 0.00040667003486305475, 0.0006132678245194256, 0.0007829931564629078, 0.0010450581321492791, 0.0012343918206170201, 0.000988213112577796, 0.0008890095050446689, 0.0006476004491560161, 0.00031591791776008904, 0.0003233491734135896], [0.00030295149190351367, 0.0005938597023487091, 0.0012753079645335674, 0.0020929952152073383, 0.0027074941899627447, 0.0028589002322405577, 0.002765401266515255, 0.0020887325517833233, 0.0009417301625944674, 0.000542155175935477, 0.0005454702186398208], [0.00048217418952845037, 0.001250511733815074, 0.0026399893686175346, 0.004718792159110308, 0.0073075685650110245, 0.008811451494693756, 0.0070629059337079525, 0.0044076102785766125, 0.002444685436785221, 0.00105493504088372, 0.0005922680138610303], [0.0008477250812575221, 0.0017355908639729023, 0.004229060839861631, 0.00970646645873785, 0.019454779103398323, 0.025022950023412704, 0.019361352548003197, 0.009621190838515759, 0.0042069582268595695, 0.0019128379644826055, 0.0010359403677284718], [0.0012178838951513171, 0.0021241295617073774, 0.006342149805277586, 0.017493540421128273, 0.04313688725233078, 0.06229604780673981, 0.043913211673498154, 0.018070267513394356, 0.006759415380656719, 0.002254356862977147, 0.0011835802579298615], [0.0012040582951158285, 0.0024420323316007853, 0.006979458034038544, 0.021839207038283348, 0.058204665780067444, 0.08784417808055878, 0.05900265648961067, 0.021882466971874237, 0.00740516884252429, 0.002558668376877904, 0.001232131035067141], [0.0011405576951801777, 0.0024834969080984592, 0.006126046646386385, 0.017202258110046387, 0.04367758706212044, 0.06353052705526352, 0.04204902425408363, 0.01631351187825203, 0.005803358741104603, 0.002317338716238737, 0.0013241874985396862], [0.0007790958043187857, 0.0018951589008793235, 0.004159878473728895, 0.009658212773501873, 0.019208723679184914, 0.025546357035636902, 0.01802186295390129, 0.008538044057786465, 0.0037186432164162397, 0.0016521118814125657, 0.0009944457560777664], [0.0007711619255132973, 0.0012517294380813837, 0.0021819898393005133, 0.004258114378899336, 0.007068298757076263, 0.008478861302137375, 0.006989435292780399, 0.003938877023756504, 0.0021172857377678156, 0.00115641625598073, 0.0008164169848896563], [0.0004033738805446774, 0.0009415535605512559, 0.0013619321398437023, 0.0020927228033542633, 0.0031019519083201885, 0.0032558725215494633, 0.002754190471023321, 0.0017108246684074402, 0.0012137963203713298, 0.0006263708928599954, 0.00033298038761131465], [0.00045152424718253314, 0.0006301276735030115, 0.0007545290281996131, 0.001087235752493143, 0.0013174664927646518, 0.0018424185691401362, 0.0012747906148433685, 0.0010554740438237786, 0.0008317556348629296, 0.0002611711388453841, 0.00019616552162915468]], "height": 77, "imageWidth": 512, "psfWidth": 11, "imageHeight": 512}