{"psfHeight": 11, "width": 233, "psf": [[0.00019285388407297432, 0.00028161689988337457, 0.00035783235216513276, 0.00049979129107669, 0.0007552678580395877, 0.0009911033557727933, 0.0008257757872343063, 0.0006520534516312182, 0.0004379762103781104, 0.0003041209711227566, 0.00017728988314047456], [0.00033828342566266656, 0.0005172145902179182, 0.000748052669223398, 0.0011057441588491201, 0.0014997642720118165, 0.0016311700455844402, 0.001865524798631668, 0.001456088270060718, 0.0008603477035649121, 0.0005036882939748466, 0.000239853048697114], [0.0005139816785231233, 0.0008373394375666976, 0.0014443363761529326, 0.002724563702940941, 0.004763187374919653, 0.006726706866174936, 0.005860126577317715, 0.003312352579087019, 0.0016435320721939206, 0.0007847272208891809, 0.0003734037163667381], [0.0006063017644919455, 0.0011706671211868525, 0.002592595759779215, 0.006506224628537893, 0.014857329428195953, 0.02316094934940338, 0.018457578495144844, 0.007689689286053181, 0.0028274785727262497, 0.0010491335997357965, 0.0004906929680146277], [0.0008007220458239317, 0.0013241491978988051, 0.004199666436761618, 0.01286687608808279, 0.04663877934217453, 0.08213651180267334, 0.05071397125720978, 0.014367325231432915, 0.004358506295830011, 0.0012785934377461672, 0.0006927928188815713], [0.0010636483784765005, 0.0014379927888512611, 0.005435138009488583, 0.016596436500549316, 0.07388734817504883, 0.13412974774837494, 0.07310601323843002, 0.01689552329480648, 0.004967380315065384, 0.0011486519360914826, 0.0008543241419829428], [0.0010511083528399467, 0.0016365539049729705, 0.004453862551599741, 0.01253717765212059, 0.0486152283847332, 0.0836055725812912, 0.04657283425331116, 0.011811589822173119, 0.0036938260309398174, 0.001011403277516365, 0.0006907338974997401], [0.0007552524912171066, 0.0012477397685870528, 0.002350297523662448, 0.005795443430542946, 0.015170162543654442, 0.022087743505835533, 0.014785376377403736, 0.005586282815784216, 0.002143813529983163, 0.0008867263677529991, 0.00048367056297138333], [0.0004658249963540584, 0.0006838437984697521, 0.001088119694031775, 0.0022091835271567106, 0.004343356005847454, 0.006193895358592272, 0.00469167297706008, 0.0023580887354910374, 0.001172008691355586, 0.0006524607888422906, 0.0003819262492470443], [0.0002647737564984709, 0.00039469197508879006, 0.0006067302310839295, 0.0009703412069939077, 0.0013464813819155097, 0.0015881069703027606, 0.0016511771827936172, 0.0011737901950255036, 0.0006429337663576007, 0.0004380593018140644, 0.0002691854315344244], [0.0001778030418790877, 0.00026497096405364573, 0.00034374670940451324, 0.00044968255679123104, 0.0007779213483445346, 0.0011777525069192052, 0.0010787685168907046, 0.0006792053463868797, 0.0004609182651620358, 0.0002521931892260909, 0.00024354018387384713]], "height": 233, "imageWidth": 512, "psfWidth": 11, "imageHeight": 512}