{"imageWidth": 512, "height": 216, "imageHeight": 512, "psf": [[0.0001292917295359075, 0.00016197867807932198, 0.00021565734641626477, 0.0003403641749173403, 0.0008019091910682619, 0.0014642744790762663, 0.001085145864635706, 0.0008026944124139845, 0.0005430674646049738, 0.0004495070897974074, 0.0001673896622378379], [0.0003355889639351517, 0.00032701733289286494, 0.0004428163811098784, 0.0006668806890957057, 0.00038222174043767154, -0.00013664705329574645, 0.0008267838275060058, 0.001204372849315405, 0.000913043215405196, 0.0005807141424156725, 0.0002861979592125863], [0.0004335828998591751, 0.0005674571148119867, 0.0010286441538482904, 0.0012880004942417145, 0.003853465896099806, 0.006539665162563324, 0.0042414478957653046, 0.0023738390300422907, 0.0014517176896333694, 0.0008099261322058737, 0.0004367922665551305], [0.00046660960651934147, 0.0010580560192465782, 0.0020153988152742386, 0.0038869990967214108, 0.007323038298636675, 0.011031867936253548, 0.010220702737569809, 0.005581941921263933, 0.0022348137572407722, 0.0011744993971660733, 0.0006067694048397243], [0.0007468994008377194, 0.0007916277972981334, 0.002957073273137212, 0.008725321851670742, 0.04701966047286987, 0.08833584934473038, 0.048829466104507446, 0.015242458321154118, 0.004028732888400555, 0.0016874362481757998, 0.0009008924243971705], [0.0007594454218633473, 0.0003379567351657897, 0.003276156261563301, 0.011742846108973026, 0.09038473665714264, 0.17221835255622864, 0.08854225277900696, 0.02360379323363304, 0.005391898099333048, 0.0017056091455742717, 0.000963417231105268], [0.00046845924225635827, 0.0006215858738869429, 0.0023544144351035357, 0.008816694840788841, 0.05128391459584236, 0.08830004930496216, 0.05053093656897545, 0.015254673548042774, 0.004043636843562126, 0.0012731633614748716, 0.0007570997113361955], [0.0004529814759735018, 0.0005263724597170949, 0.0015318086370825768, 0.003661946626380086, 0.01043473370373249, 0.012589599937200546, 0.008716912008821964, 0.005048662889748812, 0.0016204830026254058, 0.0010574990883469582, 0.0003783880965784192], [0.00024165445938706398, 0.00046343481517396867, 0.0008556368993595243, 0.001337426365353167, 0.0035477997735142708, 0.0058912551030516624, 0.0041607958264648914, 0.001896450063213706, 0.0011722646886482835, 0.0007626012666150928, 0.0004028142720926553], [0.00019345064356457442, 0.00028066456434316933, 0.0004960777587257326, 0.0007727211923338473, 0.0007519933278672397, 0.0003431591030675918, 0.0007265954045578837, 0.0007096253684721887, 0.0006074125994928181, 0.0004907954717054963, 0.00019938206241931766], [5.456502549350262e-05, 0.00021011469652876258, 0.00030919795972295105, 0.00045735161984339356, 0.0008111637434922159, 0.0014121885178610682, 0.0008567428449168801, 0.0004943337407894433, 0.0002647985238581896, 0.0001931688020704314, 0.0001009576881187968]], "psfHeight": 11, "psfWidth": 11, "width": 216}