{"imageWidth": 512, "height": 116, "imageHeight": 512, "psf": [[0.00017144840967375785, 0.00021068876958452165, 0.0005249761743471026, 0.0008009265293367207, 0.0011729584075510502, 0.0011612798552960157, 0.0010249762563034892, 0.0007920674397610128, 0.0006389674381352961, 0.000450006453320384, 0.00031665462302044034], [0.00028699019458144903, 0.000494602951221168, 0.0009550558170303702, 0.001659373752772808, 0.002426216611638665, 0.0026465326081961393, 0.002380067016929388, 0.0017048763111233711, 0.0012193808797746897, 0.0007353266701102257, 0.0005176339764147997], [0.00040441288729198277, 0.0009142931085079908, 0.0019899841863662004, 0.00398122938349843, 0.006499771494418383, 0.007871419191360474, 0.006543134339153767, 0.004221019800752401, 0.0022978426422923803, 0.0012066422495990992, 0.0006379865226335824], [0.0007185378926806152, 0.001453267876058817, 0.0038810831028968096, 0.009517595171928406, 0.019756661728024483, 0.02502317726612091, 0.018830781802535057, 0.0095450384542346, 0.00407037790864706, 0.0017018495127558708, 0.0007445004885084927], [0.0008419365040026605, 0.0020130411721765995, 0.0062201316468417645, 0.01846056431531906, 0.046598028391599655, 0.064005546271801, 0.04573527351021767, 0.018970461562275887, 0.006148435641080141, 0.0020648546051234007, 0.0008254170534200966], [0.000904400716535747, 0.00220888783223927, 0.007138813845813274, 0.023641444742679596, 0.06378255784511566, 0.09094631671905518, 0.0638439729809761, 0.02503204345703125, 0.007212153635919094, 0.002232390223070979, 0.0008606313494965434], [0.0007237156387418509, 0.001685600494965911, 0.005647116340696812, 0.018122004345059395, 0.046775933355093, 0.0649503767490387, 0.045636434108018875, 0.0190062765032053, 0.005954320542514324, 0.0019113136222586036, 0.0008173307869583368], [0.000432179105700925, 0.0010391519172117114, 0.0031498887110501528, 0.008491386659443378, 0.01869240216910839, 0.024426976218819618, 0.01821281760931015, 0.009107292629778385, 0.003534232499077916, 0.0013198807137086987, 0.000584110792260617], [0.0002873363555409014, 0.000606685527600348, 0.0014200413133949041, 0.003130905795842409, 0.0056239343248307705, 0.0069347526878118515, 0.005617710296064615, 0.0033907461911439896, 0.0017879934748634696, 0.0008985911845229566, 0.00042636229773052037], [0.00016868204693309963, 0.0002745935635175556, 0.0005403530085459352, 0.0011924386490136385, 0.001801121630705893, 0.0020365731325000525, 0.001761730993166566, 0.0013604613486677408, 0.0008498900569975376, 0.0005683550261892378, 0.00032051626476459205], [9.700736700324342e-05, 0.0002123615558957681, 0.00033688219264149666, 0.0005087715107947588, 0.0007684924639761448, 0.000890304334461689, 0.000720455136615783, 0.0005507643800228834, 0.00037513457937166095, 0.00030669389525428414, 0.00022375097614713013]], "psfHeight": 11, "psfWidth": 11, "width": 116}