{"imageWidth": 512, "height": 75, "imageHeight": 512, "psf": [[8.713960414752364e-05, 0.00017104334256146103, 0.0004622293927241117, 0.0007700275164097548, 0.001174077857285738, 0.001204349217005074, 0.0007059175404720008, 0.0005718294414691627, 0.00047117294161580503, 0.0003445872862357646, 0.00020828253764193505], [0.0001787643413990736, 0.0004044096276629716, 0.0006084738415665925, 0.0012939140433445573, 0.001503714476712048, 0.0007915907772257924, 0.0011113188229501247, 0.001184825669042766, 0.0008568072225898504, 0.0004914577002637088, 0.0002845959970727563], [0.00019014556892216206, 0.00046656461199745536, 0.0009211169090121984, 0.002187659963965416, 0.0043032304383814335, 0.005647819954901934, 0.004451047629117966, 0.002749965526163578, 0.0016221612459048629, 0.0008205634658224881, 0.00029782895580865443], [0.0003404094313737005, 0.0007747160270810127, 0.0014656197745352983, 0.003935933578759432, 0.010220960713922977, 0.01556485891342163, 0.013734735548496246, 0.006414913572371006, 0.0026512814220041037, 0.0010028454707935452, 0.00040901722968555987], [0.0006881192675791681, 0.0008708908571861684, 0.002913299947977066, 0.008097575046122074, 0.04131890833377838, 0.08993236720561981, 0.05504678189754486, 0.012662030756473541, 0.0039928266778588295, 0.0009696675697341561, 0.0007216527010314167], [0.0011423155665397644, 0.0005945450393483043, 0.0050132605247199535, 0.012297877110540867, 0.08649305999279022, 0.17921048402786255, 0.08598995953798294, 0.015770060941576958, 0.00456465408205986, 0.0009525881032459438, 0.0008550142520107329], [0.0008741305791772902, 0.0010629694443196058, 0.003871957305818796, 0.010635314509272575, 0.05229426547884941, 0.09052828699350357, 0.04294564947485924, 0.010764426551759243, 0.003209141781553626, 0.000980375916697085, 0.0005874458001926541], [0.0005137214320711792, 0.0008979655685834587, 0.0017463647527620196, 0.004738127812743187, 0.009733880870044231, 0.01235946174710989, 0.009801414795219898, 0.004419016186147928, 0.0019201704999431968, 0.0008035765495151281, 0.0004578454827424139], [0.00027654151199385524, 0.0005516239907592535, 0.0009649127023294568, 0.001752298092469573, 0.0035845700185745955, 0.005024747923016548, 0.003200849052518606, 0.0018552568508312106, 0.0009519676677882671, 0.0005082946154288948, 0.00026605851599015296], [0.0002465749275870621, 0.0003630362334661186, 0.0005762784858234227, 0.0008975258097052574, 0.0006600460037589073, 0.00053186941659078, 0.001014213776215911, 0.0007399558089673519, 0.0004436819872353226, 0.00030692468862980604, 0.00012131896073697135], [0.0001228712499141693, 0.00017844833200797439, 0.00032627684413455427, 0.00045923193101771176, 0.0008539914269931614, 0.0012419449631124735, 0.000745828845538199, 0.00044104663538746536, 0.00023385186796076596, 0.00013005668006371707, 0.00013057162868790329]], "psfHeight": 11, "psfWidth": 11, "width": 75}