{"disk": {"mu": [102.784423828125, 100.97900390625], "roll": 0.0, "rEff": 28.2890625, "axRatio": 0.3837837837837838, "i0": 0.15, "c": 2, "n": 1}, "bulge": {"mu": [102.784423828125, 101.37744140625], "roll": 1.5971060440478189, "rEff": 15.145866691346232, "axRatio": 1.0, "i0": 0.39, "c": 2, "n": 0.6}, "bar": null, "spiral": [[[[70.921875, 100.565625], [69.328125, 101.3625], [68.53125, 102.5578125], [67.734375, 103.3546875], [67.3359375, 104.1515625], [66.5390625, 104.9484375], [66.140625, 106.5421875], [65.7421875, 107.3390625], [65.34375, 108.1359375], [64.9453125, 108.9328125], [64.546875, 110.128125], [64.546875, 110.925], [64.1484375, 111.721875], [64.1484375, 112.1203125], [64.1484375, 112.51875], [64.1484375, 112.9171875], [64.1484375, 113.315625]], {"i0": 0.29, "spread": 1.5, "falloff": 1.0}], [[[81.6796875, 115.70625], [82.078125, 115.70625], [84.46875, 116.9015625], [85.6640625, 118.096875], [86.859375, 118.89375], [87.65625, 119.690625], [88.453125, 120.0890625], [89.25, 120.4875], [89.6484375, 120.8859375], [90.4453125, 121.284375], [91.640625, 121.6828125], [92.4375, 122.4796875], [93.6328125, 122.4796875], [94.4296875, 122.878125], [94.828125, 122.878125], [95.2265625, 123.2765625]], {"i0": 0.25, "spread": 1.33, "falloff": 1.0}], [[[114.75, 93.7921875], [115.9453125, 93.39375], [117.5390625, 92.596875], [118.3359375, 92.1984375], [119.53125, 91.8], [119.9296875, 91.4015625], [120.328125, 91.003125], [121.125, 90.6046875], [121.5234375, 90.20625], [122.3203125, 89.8078125], [123.1171875, 89.0109375], [123.9140625, 88.2140625], [124.7109375, 87.4171875], [125.5078125, 86.221875], [126.3046875, 85.425], [126.703125, 85.0265625], [126.703125, 84.628125]], {"i0": 0.28, "spread": 1.49, "falloff": 1.0}], [[[65.34375, 88.2140625], [64.1484375, 88.2140625], [63.3515625, 88.6125], [62.15625, 89.409375], [60.9609375, 89.409375], [59.765625, 89.8078125], [58.171875, 90.20625], [56.9765625, 90.6046875], [56.1796875, 90.6046875], [55.3828125, 91.003125], [54.984375, 91.003125]], {"i0": 0.52, "spread": 1.21, "falloff": 1.0}], [[[112.7578125, 112.1203125], [113.15625, 112.1203125], [114.3515625, 112.9171875], [115.9453125, 114.1125], [117.5390625, 114.909375], [118.3359375, 114.909375], [119.1328125, 115.3078125], [119.9296875, 115.3078125], [120.7265625, 115.3078125], [121.5234375, 115.3078125], [122.3203125, 115.3078125], [123.1171875, 115.3078125], [123.9140625, 115.3078125], [125.5078125, 115.3078125], [126.703125, 114.909375], [128.296875, 114.5109375], [129.890625, 114.1125], [131.484375, 113.315625], [132.6796875, 112.51875], [133.4765625, 111.721875], [134.671875, 110.925], [135.8671875, 110.128125], [136.265625, 109.7296875], [137.0625, 108.9328125], [138.2578125, 108.1359375], [139.453125, 106.5421875], [141.4453125, 104.9484375], [143.0390625, 103.753125], [144.234375, 102.5578125], [145.4296875, 102.159375], [146.2265625, 101.3625], [147.421875, 100.1671875], [148.21875, 99.3703125], [149.015625, 98.5734375], [149.8125, 97.378125], [150.2109375, 96.9796875], [151.0078125, 96.1828125], [151.40625, 95.784375], [151.8046875, 95.3859375], [151.8046875, 94.9875], [152.203125, 94.5890625], [152.6015625, 94.5890625]], {"i0": 0.37, "spread": 1.39, "falloff": 1.0}], [[[100.0078125, 89.0109375], [96.421875, 89.0109375], [93.6328125, 89.0109375], [91.2421875, 89.0109375], [89.6484375, 89.0109375], [87.65625, 89.0109375], [86.0625, 89.409375], [85.265625, 89.409375], [84.46875, 89.8078125], [83.671875, 90.20625], [82.4765625, 90.20625], [81.28125, 90.6046875], [79.2890625, 91.003125], [77.6953125, 91.4015625], [76.1015625, 91.8], [74.90625, 92.1984375], [73.7109375, 92.1984375], [72.9140625, 92.596875], [72.515625, 92.9953125], [71.71875, 92.9953125], [70.921875, 92.9953125], [70.125, 93.39375], [68.9296875, 93.7921875], [68.1328125, 93.7921875], [67.3359375, 94.190625], [66.9375, 94.190625], [66.5390625, 94.190625], [66.5390625, 94.5890625], [66.140625, 94.5890625], [65.7421875, 94.5890625], [65.34375, 94.9875]], {"i0": 0.3, "spread": 2.0, "falloff": 1.0}]]}