{"disk": {"mu": [63.620147705078125, 63.5], "roll": 0.8751038524145087, "rEff": 52.2552554635266, "axRatio": 0.8131090967765334, "i0": 0.1125, "c": 2, "n": 1}, "bulge": {"mu": [63.868194580078125, 63.5], "roll": -0.3028848683749715, "rEff": 5.571751238772264, "axRatio": 0.7643294997575223, "i0": 0.48, "c": 2, "n": 0.89}, "bar": null, "spiral": []}