{"disk": {"mu": [92.50396728515625, 94.23513793945312], "roll": -0.129877026772009, "rEff": 63.831345714183946, "axRatio": 0.7139364948498141, "i0": 0.21, "c": 2, "n": 1}, "bulge": {"mu": [96.60748291015625, 96.10037231445312], "roll": 0.14189705460416394, "rEff": 5.7164184528474475, "axRatio": 0.8498365855987974, "i0": 0.45, "c": 2, "n": 0.99}, "bar": {"mu": [95.11529541015625, 95.54080200195312], "roll": 0.6823165548747481, "rEff": 4.0214453125, "axRatio": 0.2619047619047619, "i0": 0.18, "c": 2.0, "n": 0.48}, "spiral": []}