{"disk": {"mu": [49.867387533187866, 49.45938438177109], "roll": -3.05094115237919, "rEff": 32.27303650382258, "axRatio": 0.8179290619216881, "i0": 0.22, "c": 2, "n": 1}, "bulge": {"mu": [49.66435664892197, 49.998870491981506], "roll": -2.446907286155207, "rEff": 3.6244615322779636, "axRatio": 0.7599311507409375, "i0": 0.62, "c": 2, "n": 0.5}, "bar": {"mu": [48.95182782411575, 49.68369376659393], "roll": 0.0, "rEff": 1e-05, "axRatio": 0.07457830115856846, "i0": 0.47, "c": 1.5, "n": 2.0}, "spiral": []}