{"disk": {"mu": [86.32049560546875, 87.52423095703125], "roll": 1.2585241615281169, "rEff": 25.3957272034962, "axRatio": 0.47727704167359963, "i0": 0.22, "c": 2, "n": 1}, "bulge": {"mu": [86.94330614805222, 85.96690040826797], "roll": 1.0121970114513343, "rEff": 4.472289539090088, "axRatio": 0.6083271556189045, "i0": 0.57, "c": 2, "n": 0.5}, "bar": null, "spiral": []}