{"disk": {"mu": [67.05416613817215, 67.4784494638443], "roll": -1.868741855006469, "rEff": 32.440077901433874, "axRatio": 0.7562044247599767, "i0": 0.06, "c": 2, "n": 1}, "bulge": {"mu": [66.27486926317215, 66.4393869638443], "roll": -1.5350972141155725, "rEff": 9.46149710174405, "axRatio": 0.7162903708865817, "i0": 0.42, "c": 2, "n": 1.29}, "bar": null, "spiral": []}