{"disk": {"mu": [60.37445068359375, 60.171356201171875], "roll": -2.826834992198484, "rEff": 14.508780079988973, "axRatio": 0.7298874362906824, "i0": 0.2, "c": 2, "n": 1}, "bulge": {"mu": [60.37445068359375, 60.03687101602554], "roll": -0.867515219872556, "rEff": 3.892698243859748, "axRatio": 0.9010701952791468, "i0": 0.88, "c": 2, "n": 0.5}, "bar": null, "spiral": []}