{"disk": {"mu": [116.64576721191406, 115.9791488647461], "roll": -1.5053343103600627, "rEff": 76.08735052681375, "axRatio": 0.9159873663278426, "i0": 0.15, "c": 2, "n": 1}, "bulge": {"mu": [115.86715698242188, 116.21024322509766], "roll": -0.7107964852947457, "rEff": 4.481357143856548, "axRatio": 0.5, "i0": 0.46, "c": 2, "n": 3.58}, "bar": null, "spiral": []}