{"disk": {"mu": [88.66204833984375, 88.845703125], "roll": 0.31938649260687907, "rEff": 44.8555948702502, "axRatio": 0.558785750267518, "i0": 0.2, "c": 2, "n": 1}, "bulge": {"mu": [88.98055350780487, 88.7636239528656], "roll": 0.4756963950570783, "rEff": 4.749544279700638, "axRatio": 0.7000160879197469, "i0": 0.51, "c": 2, "n": 0.73}, "bar": null, "spiral": []}