{"disk": {"mu": [51.69488525390625, 51.298828125], "roll": -1.5515679276951895, "rEff": 13.497104449325658, "axRatio": 0.5, "i0": 0.2, "c": 2, "n": 1}, "bulge": {"mu": [51.360497176647186, 51.22387060523033], "roll": 1.5707963267948966, "rEff": 5.520992241769993, "axRatio": 0.9091702946281119, "i0": 0.62, "c": 2, "n": 0.5}, "bar": null, "spiral": []}