{"disk": {"mu": [52.7867431640625, 50.203125], "roll": -2.000874461850759, "rEff": 34.90934099253408, "axRatio": 0.8545171554015751, "i0": 0.2, "c": 2, "n": 1}, "bulge": {"mu": [51.9898681640625, 50.6015625], "roll": -1.6704649792860586, "rEff": 1.9620811857172735, "axRatio": 0.554911550851388, "i0": 1.78, "c": 2, "n": 0.5}, "bar": null, "spiral": []}