{"disk": {"mu": [112.48626708984375, 112.060546875], "roll": 0.08506553996864508, "rEff": 81.36010731601388, "axRatio": 0.9848405403634101, "i0": 0.12, "c": 2, "n": 1}, "bulge": {"mu": [112.35778257250786, 112.3620942234993], "roll": 0.10866091402424138, "rEff": 10.0713047130916, "axRatio": 0.822474292552542, "i0": 0.5, "c": 2, "n": 1.0}, "bar": null, "spiral": []}