{"disk": {"mu": [62.24822998046875, 63.137054443359375], "roll": 1.1696821803921595, "rEff": 30.590732632181805, "axRatio": 0.5149740022593274, "i0": 0.2, "c": 2, "n": 1}, "bulge": {"mu": [62.73651123046875, 62.892913818359375], "roll": -0.7853981633974483, "rEff": 3.010728091770847, "axRatio": 0.5587442366156626, "i0": 0.53, "c": 2, "n": 0.51}, "bar": null, "spiral": [[[[61.5234375, 58.0078125], [61.5234375, 57.763671875], [61.5234375, 57.51953125], [61.5234375, 55.56640625], [61.767578125, 53.857421875], [62.01171875, 51.66015625], [62.255859375, 50.1953125], [62.744140625, 47.75390625], [62.98828125, 46.533203125], [63.232421875, 45.3125], [63.720703125, 44.3359375], [65.185546875, 42.138671875], [65.4296875, 41.89453125], [65.91796875, 41.40625], [66.650390625, 41.162109375], [67.626953125, 40.91796875], [67.87109375, 40.91796875], [68.115234375, 40.91796875], [68.359375, 40.91796875], [69.3359375, 40.91796875], [71.2890625, 41.40625], [72.998046875, 41.89453125], [73.486328125, 41.89453125], [74.21875, 42.138671875], [74.951171875, 42.3828125], [75.1953125, 42.3828125], [75.927734375, 42.87109375], [76.66015625, 43.84765625], [77.1484375, 43.84765625], [77.1484375, 44.091796875], [77.392578125, 44.82421875], [77.63671875, 45.80078125], [77.880859375, 46.533203125]], {"i0": 0.03, "spread": 1.0, "falloff": 1.0}], [[[61.279296875, 67.041015625], [61.5234375, 68.017578125], [62.01171875, 70.21484375], [62.255859375, 72.16796875], [62.255859375, 73.388671875], [62.255859375, 74.853515625], [61.767578125, 78.02734375], [61.5234375, 78.515625], [61.03515625, 79.4921875], [60.05859375, 81.201171875], [58.837890625, 82.666015625], [58.10546875, 83.3984375], [57.12890625, 85.107421875], [55.908203125, 86.083984375], [53.22265625, 88.037109375], [52.24609375, 88.525390625], [50.78125, 88.76953125], [49.560546875, 89.2578125], [49.31640625, 89.2578125], [49.072265625, 89.2578125], [48.828125, 89.2578125], [48.583984375, 89.2578125]], {"i0": 0.0, "spread": 0.56, "falloff": 1.0}]]}