{"disk": {"mu": [70.07830810546875, 69.94921875], "roll": 1.6229876923820006, "rEff": 58.513176130802414, "axRatio": 0.9655263042270786, "i0": 0.13, "c": 2, "n": 1}, "bulge": {"mu": [70.35369873046875, 70.775390625], "roll": 3.0750244898139694, "rEff": 5.75015625, "axRatio": 0.7982281262852872, "i0": 0.55, "c": 2, "n": 1.0}, "bar": null, "spiral": [[[[66.2314453125, 71.6015625], [65.9560546875, 71.6015625], [65.6806640625, 71.6015625], [65.4052734375, 71.6015625], [65.1298828125, 71.6015625], [64.8544921875, 71.6015625], [64.5791015625, 71.6015625], [64.3037109375, 71.6015625], [64.0283203125, 71.876953125], [63.7529296875, 71.876953125], [63.4775390625, 72.15234375], [63.2021484375, 72.15234375], [62.3759765625, 72.15234375], [62.1005859375, 72.15234375], [61.8251953125, 72.15234375], [61.2744140625, 72.15234375], [60.9990234375, 72.15234375], [60.4482421875, 72.15234375], [60.1728515625, 72.15234375], [59.8974609375, 72.15234375], [58.7958984375, 72.15234375], [58.2451171875, 72.15234375], [56.5927734375, 71.876953125], [56.3173828125, 71.6015625], [56.0419921875, 71.6015625], [56.0419921875, 71.326171875], [55.7666015625, 71.05078125], [55.4912109375, 71.05078125], [55.4912109375, 70.775390625], [55.4912109375, 70.5], [55.2158203125, 70.5], [55.2158203125, 70.224609375], [54.9404296875, 69.94921875], [54.9404296875, 69.673828125], [54.9404296875, 69.3984375], [54.6650390625, 69.123046875], [54.3896484375, 68.572265625], [54.3896484375, 68.296875], [54.3896484375, 67.74609375], [54.1142578125, 67.470703125], [54.1142578125, 66.369140625], [54.1142578125, 66.09375], [54.1142578125, 65.818359375], [54.1142578125, 65.54296875], [54.1142578125, 65.267578125], [54.1142578125, 64.716796875], [54.1142578125, 64.44140625]], {"i0": 0.12, "spread": 0.5, "falloff": 1.25}], [[[74.2177734375, 70.5], [74.4931640625, 70.5], [74.7685546875, 70.5], [75.0439453125, 70.5], [75.5947265625, 70.5], [75.8701171875, 70.5], [76.1455078125, 70.775390625], [76.4208984375, 70.775390625], [76.6962890625, 70.775390625], [76.9716796875, 70.775390625], [78.0732421875, 70.775390625], [78.3486328125, 70.775390625], [78.8994140625, 70.775390625], [79.7255859375, 70.775390625], [80.5517578125, 71.05078125], [80.8271484375, 71.326171875], [81.1025390625, 71.326171875], [81.3779296875, 71.6015625], [81.9287109375, 72.15234375], [82.7548828125, 72.703125], [83.0302734375, 73.25390625], [83.3056640625, 73.25390625], [83.5810546875, 73.529296875], [83.8564453125, 73.8046875], [84.1318359375, 74.35546875], [84.4072265625, 74.630859375], [84.4072265625, 74.90625], [84.9580078125, 75.732421875], [84.9580078125, 76.0078125], [85.5087890625, 76.55859375], [85.5087890625, 77.109375], [85.7841796875, 77.935546875], [85.7841796875, 78.486328125], [85.7841796875, 78.76171875], [85.7841796875, 79.3125], [86.0595703125, 79.587890625], [86.3349609375, 80.138671875], [86.3349609375, 80.689453125], [86.3349609375, 80.96484375], [86.3349609375, 81.240234375], [86.3349609375, 81.791015625], [86.3349609375, 82.341796875], [86.3349609375, 82.6171875], [86.3349609375, 83.16796875], [86.3349609375, 83.443359375], [86.3349609375, 83.71875], [86.3349609375, 83.994140625], [86.3349609375, 84.26953125], [86.0595703125, 84.26953125], [85.7841796875, 84.8203125], [85.5087890625, 85.095703125], [85.2333984375, 85.37109375]], {"i0": 0.08, "spread": 0.48, "falloff": 1.25}]]}