{"disk": {"mu": [98.60712838172913, 96.86500322818756], "roll": -3.984398931624041, "rEff": 23.5891903947129, "axRatio": 0.6060703532566522, "i0": 0.2, "c": 2, "n": 1}, "bulge": {"mu": [98.54355216026306, 97.71150040626526], "roll": 0.5260655314095867, "rEff": 4.046273051333647, "axRatio": 0.8446853187268414, "i0": 0.5, "c": 2, "n": 1.0}, "bar": null, "spiral": []}