{"disk": {"mu": [40.8544921875, 39.21875], "roll": -0.6068682895692383, "rEff": 29.86378581367406, "axRatio": 0.7469024230713213, "i0": 0.2, "c": 2, "n": 1}, "bulge": {"mu": [40.5419921875, 38.90625], "roll": 0.7469555733762605, "rEff": 6.036964989882127, "axRatio": 0.9447492194614604, "i0": 0.48, "c": 2, "n": 1.25}, "bar": null, "spiral": []}