{"disk": {"mu": [75.62499940395355, 74.69726353883743], "roll": -2.153284364817995, "rEff": 46.8555472753184, "axRatio": 0.9849712056459087, "i0": 0.2, "c": 2, "n": 1}, "bulge": {"mu": [75.33203065395355, 74.11133050918579], "roll": -1.0714496051147666, "rEff": 6.583653824485615, "axRatio": 0.8967386059429665, "i0": 0.5, "c": 2, "n": 0.5}, "bar": null, "spiral": []}