{"disk": {"mu": [113.14544677734375, 114.2578125], "roll": -4.499744058026919, "rEff": 61.718258780926924, "axRatio": 0.6488920051357207, "i0": 0.07, "c": 2, "n": 1}, "bulge": {"mu": [112.18050196766853, 112.86190375685692], "roll": 1.378099985052747, "rEff": 3.7796248320939534, "axRatio": 0.39512659509257647, "i0": 0.5, "c": 2, "n": 1.0}, "bar": {"mu": [111.81858479976651, 112.27379590272903], "roll": 1.3934672256465028, "rEff": 7.51594367893484, "axRatio": 0.351397635530892, "i0": 0.14, "c": 2.0, "n": 0.5}, "spiral": [[[[107.138671875, 121.02539062499999], [106.962890625, 121.02539062499999], [106.787109375, 121.02539062499999], [106.5673828125, 120.849609375], [106.171875, 120.6298828125], [105.8203125, 120.45410156250001], [105.4248046875, 120.05859375], [104.853515625, 119.6630859375], [104.4580078125, 119.091796875], [103.8427734375, 118.91601562500001], [103.6669921875, 118.5205078125], [103.095703125, 118.125], [102.8759765625, 117.5537109375], [102.5244140625, 117.15820312500001], [101.9091796875, 116.7626953125], [101.337890625, 116.3671875], [100.9423828125, 115.7958984375], [100.37109375, 115.40039062500001], [100.1953125, 115.0048828125], [99.7998046875, 114.65332031249999], [99.580078125, 114.2578125], [99.580078125, 114.0380859375], [99.404296875, 113.64257812500001], [99.0087890625, 113.291015625], [98.8330078125, 112.67578124999999], [98.4375, 112.1044921875], [98.0419921875, 111.533203125], [97.8662109375, 110.9619140625], [97.470703125, 110.3466796875], [97.2509765625, 109.9951171875], [97.0751953125, 109.3798828125], [96.8994140625, 109.0283203125], [96.6796875, 108.6328125], [96.50390625, 108.2373046875], [96.1083984375, 107.841796875], [95.9326171875, 107.4462890625], [95.537109375, 106.875], [95.3173828125, 106.4794921875], [95.1416015625, 106.083984375], [94.74609375, 105.732421875], [94.5703125, 105.3369140625], [94.3505859375, 104.94140625], [94.1748046875, 104.5458984375], [93.955078125, 104.150390625], [93.955078125, 103.7548828125], [93.779296875, 103.5791015625], [93.779296875, 103.18359375], [93.603515625, 102.6123046875], [93.3837890625, 102.216796875], [93.3837890625, 101.6455078125], [93.3837890625, 101.07421875], [93.3837890625, 100.458984375], [92.98828125, 99.31640625], [92.98828125, 98.7451171875], [92.5927734375, 97.9541015625], [92.5927734375, 97.1630859375], [92.4169921875, 96.9873046875], [92.4169921875, 96.591796875], [92.4169921875, 96.416015625], [92.4169921875, 96.1962890625], [92.4169921875, 95.80078125], [92.4169921875, 95.0537109375], [92.4169921875, 94.658203125], [92.4169921875, 94.482421875], [92.4169921875, 94.2626953125], [92.4169921875, 93.8671875], [92.4169921875, 93.69140625], [92.4169921875, 93.4716796875], [92.4169921875, 93.2958984375], [92.4169921875, 93.1201171875], [92.8125, 92.724609375], [92.8125, 92.3291015625], [92.98828125, 92.3291015625], [92.98828125, 91.93359375], [93.2080078125, 91.5380859375], [93.603515625, 90.966796875], [93.955078125, 90.17578125], [94.3505859375, 89.4287109375], [94.921875, 88.6376953125], [95.537109375, 87.8466796875], [95.9326171875, 87.275390625], [96.2841796875, 86.7041015625], [96.6796875, 86.1328125], [96.8994140625, 85.5615234375], [97.2509765625, 85.166015625], [97.646484375, 84.55078125], [97.8662109375, 84.375], [98.0419921875, 83.9794921875], [98.0419921875, 83.583984375], [98.4375, 83.232421875], [98.61328125, 82.8369140625], [98.8330078125, 82.44140625], [99.228515625, 82.0458984375], [99.404296875, 81.8701171875], [99.580078125, 81.474609375], [99.7998046875, 81.2548828125], [99.9755859375, 81.0791015625], [99.9755859375, 80.9033203125], [100.1953125, 80.68359375], [100.1953125, 80.5078125], [100.37109375, 80.5078125], [100.37109375, 80.2880859375], [100.7666015625, 80.1123046875], [100.7666015625, 79.9365234375], [100.9423828125, 79.716796875], [101.162109375, 79.541015625], [101.337890625, 79.541015625], [101.337890625, 79.3212890625], [101.5576171875, 79.1455078125], [101.5576171875, 78.92578125], [101.7333984375, 78.92578125], [101.7333984375, 78.75], [101.9091796875, 78.57421875]], {"i0": 0.19, "spread": 2.0,