{"disk": {"mu": [76.53984314203262, 77.0876977443695], "roll": 3.8401020768122858, "rEff": 60.87372039277897, "axRatio": 0.999410175554626, "i0": 0.14, "c": 2, "n": 1}, "bulge": {"mu": [76.97052571177483, 76.34057727456093], "roll": 3.7626497521105002, "rEff": 3.437859850656805, "axRatio": 0.9424830838559377, "i0": 0.89, "c": 2, "n": 1.42}, "bar": {"mu": [77.88456970453262, 75.31208342313765], "roll": 0.5850827666217296, "rEff": 8.796979830718366, "axRatio": 0.3282340430290341, "i0": 0.13, "c": 2.24, "n": 1.7}, "spiral": [[[[64.0388671875, 79.96640625], [63.889453125, 79.548046875], [63.6205078125, 78.950390625], [63.3216796875, 78.233203125], [62.8734375, 76.798828125], [62.7240234375, 76.201171875], [62.6044921875, 75.63339843749999], [62.6044921875, 75.33457031249999], [62.6044921875, 75.18515624999999], [62.6044921875, 75.03574218749999], [62.6044921875, 74.46796875], [62.6044921875, 74.3185546875], [62.455078125, 73.3025390625], [62.455078125, 72.73476562500001], [62.455078125, 72.43593750000001], [62.455078125, 71.83828125000001], [62.455078125, 71.419921875], [62.6044921875, 70.70273437499999], [63.0228515625, 69.68671875], [63.47109375, 68.8201171875], [63.7400390625, 67.9236328125], [63.7400390625, 67.35585937500001], [63.889453125, 67.05703125000001], [63.7400390625, 66.638671875], [63.7400390625, 66.4892578125], [63.6205078125, 66.33984375], [63.6205078125, 66.041015625], [63.6205078125, 65.77207031249999], [63.6205078125, 65.17441406249999], [63.6205078125, 64.7560546875], [63.7400390625, 64.3078125], [64.18828125, 63.291796875], [64.6365234375, 62.574609375], [65.3537109375, 61.1103515625], [65.503125, 60.84140625], [65.77207031249999, 60.3931640625], [65.77207031249999, 60.24375], [66.07089843749999, 59.944921875], [66.36972656249999, 59.5265625], [67.0869140625, 58.510546875], [67.80410156250001, 57.6439453125], [68.670703125, 56.3291015625], [70.1349609375, 54.5958984375], [70.70273437499999, 53.9982421875], [72.31640625, 52.8626953125], [73.03359375000001, 52.414453125], [74.647265625, 51.8466796875], [76.08164062499999, 51.2490234375], [77.396484375, 50.8306640625], [79.2791015625, 50.2330078125], [80.145703125, 49.9341796875], [82.0283203125, 49.5158203125], [83.0443359375, 49.36640625], [83.6419921875, 49.36640625], [84.50859375, 49.36640625], [85.3751953125, 49.36640625], [86.241796875, 49.665234375], [86.8095703125, 49.8146484375], [87.676171875, 50.382421875], [88.57265625, 50.5318359375], [88.991015625, 50.8306640625], [89.588671875, 51.099609375], [90.305859375, 51.5478515625], [91.023046875, 52.115625], [91.8896484375, 52.5638671875], [92.9056640625, 53.131640625], [93.652734375, 53.5798828125], [94.5193359375, 53.9982421875], [94.78828125, 54.14765625], [95.087109375, 54.446484375], [95.5353515625, 54.86484375], [95.9537109375, 55.163671875], [96.2525390625, 55.6119140625], [96.5513671875, 55.880859375], [96.8203125, 56.1796875], [97.2685546875, 56.6279296875], [97.836328125, 57.0462890625], [98.5833984375, 57.793359375], [98.85234375, 58.21171875], [99.151171875, 58.510546875], [99.45, 58.92890625], [99.5994140625, 59.227734375], [99.7189453125, 59.5265625], [99.7189453125, 59.6759765625], [99.868359375, 59.6759765625], [99.868359375, 59.825390625]], {"i0": 0.22, "spread": 0.67, "falloff": 1.0}], [[[90.4552734375, 67.80410156250001], [91.1724609375, 67.80410156250001], [91.740234375, 67.9236328125], [92.75625, 68.2224609375], [93.5033203125, 68.371875], [93.772265625, 68.5212890625], [94.07109375, 68.670703125], [94.6388671875, 68.8201171875], [95.3859375, 69.0890625], [95.804296875, 69.387890625], [96.401953125, 69.5373046875], [97.119140625, 69.95566406249999], [97.6869140625, 70.10507812499999], [98.13515625, 70.55332031249999], [98.2845703125, 70.70273437499999], [98.7029296875, 70.9716796875], [99.0017578125, 71.2705078125], [99.3005859375, 71.71875], [99.5994140625, 72.13710937500001], [100.0177734375, 72.73476562500001], [100.6154296875, 73.6013671875], [100.884375, 74.0197265625], [101.0337890625, 74.46796875], [101.183203125, 74.88632812499999], [101.3326171875, 75.33457031249999], [101.6314453125, 76.201171875], [101.7509765625, 76.798828125], [101.900390625, 77.2171875], [101.900390625, 77.516015625], [101.900390625, 77.6654296875], [101.900390625, 77.81484375], [102.0498046875, 78.0837890625], [102.0498046875, 78.830859375], [102.19921875, 79.548046875], [102.19921875, 80.4146484375], [102.19921875, 81.1318359375], [102.3486328125, 82.4466796875], [102.498046875, 82.8650390625], [102.498046875, 83.31328125], [102.6474609375, 83.7615234375], [102.6474609375, 84.03046875], [102.6474609375, 84.4787109375], [102.6474609375, 85.3453125], [102.3486328125, 86.361328125], [102.0498046875, 87.2279296875], [101.7509765625, 87.9451171875], [101.7509765625, 88.393359375], [101.6314453125, 88.6921875], [99.151171875, 91.5908203125], [97.5673828125, 93.0251953125], [96.401953125, 94.0412109375], [95.9537109375, 94.6388671875], [95.5353515625, 94.6388671875], [94.5193359375, 95.3560546875], [93.652734375, 95.923828125], [93.35390625, 95.923828125], [92.75625, 96.22265625], [92.1884765625, 96.3720703125], [91.023046875, 96.8203125], [90.305859375, 96.93984375], [89.8576171875, 97.0892578125], [88.991015625, 97.238671875], [87.8255859375, 97.5375], [87.4072265625, 97.6869140625], [87.1083984375, 97.8064453125], [86.8095703125, 97.8064453125], [86.66015625, 97.955859375], [85.94296875, 97.955859375], [85.7935546875, 98.1052734375], [85.524609375, 98.1052734375], [84.209765625, 98.553515625], [83.492578125, 98.7029296875], [83.0443359375, 98.8224609375], [82.7455078125, 98.8224609375], [82.3271484375, 98.8224609375], [81.7294921875, 98.8224609375], [81.3111328125, 98.971875], [81.0123046875, 98.971875], [80.862890625, 98.971875], [80.44453125, 98.971875], [80.145703125, 98.971875], [79.5779296875, 98.971875], [78.830859375, 98.971875], [77.81484375, 99.1212890625], [77.2470703125, 99.1212890625], [76.679296875, 99.1212890625], [76.08164062499999, 99.1212890625], [75.5138671875, 99.1212890625], [74.647265625, 99.1212890625], [74.049609375, 99.1212890625], [72.88417968750001, 99.1212890625], [72.1669921875, 99.1212890625], [71.71875, 98.971875], [70.85214843749999, 98.971875], [70.1349609375, 98.971875], [69.1189453125, 98.8224609375], [68.55117187500001, 98.8224609375], [67.3857421875, 98.8224609375], [66.7880859375, 98.8224609375], [65.204296875, 98.553515625], [64.487109375, 98.4041015625], [63.3216796875, 97.8064453125], [63.0228515625, 97.6869140625], [62.0068359375, 97.238671875], [60.9908203125, 96.521484375], [59.9748046875, 95.923828125], [59.40703125, 95.3560546875], [59.108203125, 95.206640625], [58.9587890625, 94.9078125], [58.391015625, 94.489453125], [58.0921875, 94.190625], [57.793359375, 93.891796875], [57.375, 93.4734375], [57.076171875, 92.87578125], [56.358984375, 92.15859375], [56.06015625, 91.859765625], [55.4923828125, 91.44140625], [55.1935546875, 90.9931640625], [54.8947265625, 90.5748046875], [54.62578125, 90.2759765625], [54.326953125, 89.9771484375], [53.729296875, 89.2599609375], [53.1615234375, 88.393359375], [52.59375, 87.37734375], [52.4443359375, 86.8095703125], [52.1455078125, 86.2119140625], [51.8466796875, 85.644140625], [51.4283203125, 84.628125], [50.68125, 83.612109375], [50.68125, 83.31328125], [50.68125, 82.59609375], [50.68125, 82.297265625], [50.68125, 81.580078125], [50.68125, 81.28125], [50.68125, 80.982421875], [50.56171875, 79.96640625], [50.56171875, 79.3986328125], [50.56171875, 79.0998046875], [50.4123046875, 78.3826171875], [50.262890625, 77.81484375], [50.262890625, 77.3666015625], [50.262890625, 77.0677734375], [49.9640625, 75.78281249999999], [49.9640625, 75.48398437499999], [49.9640625, 74.88632812499999], [49.9640625, 74.46796875], [49.8146484375, 73.75078125], [49.8146484375, 73.3025390625], [49.8146484375, 72.73476562500001], [49.8146484375, 72.28652343750001], [49.8146484375, 71.98769531250001], [49.9640625, 71.71875], [49.9640625, 71.419921875], [49.9640625, 