{"disk": {"mu": [74.424560546875, 73.1328125], "roll": -1.661456213995642, "rEff": 50.21409147287532, "axRatio": 0.9625025470045924, "i0": 0.22, "c": 2, "n": 1}, "bulge": {"mu": [75.002685546875, 73.421875], "roll": 0.04345089539153072, "rEff": 5.622385261419928, "axRatio": 0.8534060503608191, "i0": 0.47, "c": 2, "n": 2.55}, "bar": null, "spiral": []}