{"disk": {"mu": [89.285888671875, 90.3515625], "roll": -2.9779320703148366, "rEff": 49.428937861047444, "axRatio": 0.9497406877811638, "i0": 0.12, "c": 2, "n": 1}, "bulge": {"mu": [90.3310489654541, 90.0], "roll": -4.595278929236882, "rEff": 4.893083771293334, "axRatio": 0.7709222101599593, "i0": 1.06, "c": 2, "n": 0.5}, "bar": {"mu": [90.24696975946426, 90.08407384157181], "roll": 1.7740568899349123, "rEff": 2.275086539983749, "axRatio": 0.28205128205128205, "i0": 0.12, "c": 3.0, "n": 2.0}, "spiral": [[[[89.33203125, 82.08984375], [86.1328125, 71.82421875], [67.46484375, 77.0625], [58.53515625, 91.3359375], [65.109375, 108.84375000000001]], {"i0": 0.11, "spread": 1.0, "falloff": 1.0}], [[[91.6875, 98.57812499999999], [95.87109375, 114.04687499999999], [112.53515625000001, 99.0703125], [114.36328125, 79.91015625], [101.91796874999999, 61.59374999999999]], {"i0": 0.1, "spread": 2.0, "falloff": 1.0}]]}