{"disk": {"mu": [65.98802030086517, 65.73502337932587], "roll": -2.7330399847648787, "rEff": 22.530079282490014, "axRatio": 0.5, "i0": 0.27, "c": 2, "n": 1}, "bulge": {"mu": [59.96848905086517, 66.04908907413483], "roll": 0.25732371497108864, "rEff": 3.4194017925548033, "axRatio": 0.5, "i0": 0.5, "c": 2, "n": 0.87}, "bar": {"mu": [68.47434842586516, 66.44166719913483], "roll": 0.2267988480538859, "rEff": 4.2202974734751235, "axRatio": 0.43499988098639336, "i0": 0.45, "c": 1.71, "n": 0.79}, "spiral": [[[[74.092578125, 66.84296875], [79.065234375, 57.421093750000004]], {"i0": 0.4, "spread": 0.73, "falloff": 1.0}]]}