{"disk": {"mu": [32.534912109375, 32.5390625], "roll": -0.025635408521677425, "rEff": 25.90694972290857, "axRatio": 0.6071298668687596, "i0": 0.12, "c": 2, "n": 1}, "bulge": {"mu": [35.058349609375, 33.0703125], "roll": 0.08314123188844122, "rEff": 5.8334124206994575, "axRatio": 0.48698760942986274, "i0": 0.71, "c": 2, "n": 0.5}, "bar": null, "spiral": []}