{"disk": {"mu": [49.119140625, 47.1767578125], "roll": -1.35578144504739, "rEff": 32.25708497756733, "axRatio": 0.9659558053589634, "i0": 0.21, "c": 2, "n": 1}, "bulge": {"mu": [48.931640625, 47.1767578125], "roll": -0.10487693873023386, "rEff": 3.3314296973109006, "axRatio": 0.6849464730554912, "i0": 0.67, "c": 2, "n": 0.5}, "bar": null, "spiral": []}