{"disk": {"mu": [81.7811279296875, 79.734375], "roll": 0.9606645394005293, "rEff": 35.771383283794506, "axRatio": 0.891275144656451, "i0": 0.16, "c": 2, "n": 1}, "bulge": {"mu": [81.68709826469421, 81.00836205482483], "roll": -0.46364804661879894, "rEff": 4.687146806085513, "axRatio": 0.8489047696506917, "i0": 0.52, "c": 2, "n": 0.5}, "bar": null, "spiral": []}