{"disk": {"mu": [54.626220703125, 53.7890625], "roll": -0.167431778470523, "rEff": 30.377929546228543, "axRatio": 0.5605563133184638, "i0": 0.19, "c": 2, "n": 1}, "bulge": {"mu": [54.204345703125, 52.734375], "roll": 0.956133374872731, "rEff": 4.038179037809772, "axRatio": 0.9787566611624727, "i0": 0.54, "c": 2, "n": 0.63}, "bar": null, "spiral": [[[[53.15625, 49.5703125], [52.734375, 49.359375], [52.5234375, 49.359375], [52.3125, 49.1484375], [51.6796875, 48.9375], [51.46875, 48.9375], [51.2578125, 48.9375], [51.046875, 48.9375], [50.8359375, 48.9375], [50.4140625, 48.9375], [50.203125, 48.9375], [49.5703125, 48.9375], [49.359375, 48.9375], [48.9375, 49.1484375], [48.7265625, 49.1484375], [48.3046875, 49.1484375], [47.671875, 49.359375], [47.4609375, 49.359375], [47.0390625, 49.359375], [46.6171875, 49.5703125], [46.40625, 49.5703125], [45.984375, 49.5703125], [45.7734375, 49.5703125], [45.5625, 49.5703125], [45.140625, 49.9921875], [44.9296875, 49.9921875], [44.71875, 49.9921875], [44.5078125, 49.9921875], [44.296875, 50.203125], [44.0859375, 50.203125], [44.0859375, 50.4140625], [43.875, 50.625], [43.453125, 50.8359375], [43.03125, 51.2578125], [42.8203125, 51.46875], [42.609375, 51.6796875], [42.3984375, 52.1015625], [42.1875, 52.3125], [41.9765625, 52.5234375], [41.765625, 52.734375], [41.765625, 52.9453125], [41.5546875, 53.3671875], [41.5546875, 53.578125], [41.1328125, 53.7890625], [41.1328125, 54.0], [41.1328125, 54.2109375], [41.1328125, 54.421875], [41.1328125, 54.6328125], [41.1328125, 55.0546875], [41.1328125, 55.265625], [41.34375, 55.8984375], [41.34375, 56.3203125], [41.765625, 56.7421875], [41.765625, 56.953125], [41.9765625, 57.375], [42.1875, 57.5859375], [42.3984375, 57.796875], [42.609375, 58.0078125], [42.8203125, 58.21875], [43.2421875, 58.640625], [43.2421875, 58.8515625], [43.453125, 59.0625], [43.6640625, 59.484375], [43.875, 59.6953125], [44.0859375, 59.6953125], [44.296875, 59.90625], [44.296875, 60.1171875], [44.71875, 60.5390625], [44.9296875, 60.9609375], [45.140625, 61.171875], [45.3515625, 61.3828125], [45.7734375, 61.8046875], [45.984375, 62.015625], [46.1953125, 62.015625], [46.40625, 62.2265625], [46.6171875, 62.4375], [46.6171875, 62.6484375], [46.828125, 62.859375], [47.0390625, 62.859375], [47.4609375, 63.0703125], [47.8828125, 63.4921875], [48.09375, 63.4921875], [48.3046875, 63.703125], [48.515625, 63.703125], [48.7265625, 63.9140625], [48.9375, 64.125], [49.1484375, 64.125], [49.5703125, 64.3359375], [49.78125, 64.3359375], [49.9921875, 64.3359375], [50.203125, 64.3359375], [50.625, 64.7578125]], {"i0": 0.0, "spread": 0.0, "falloff": 1.0}], [[[57.5859375, 49.1484375], [57.5859375, 48.7265625], [57.796875, 48.515625], [57.796875, 48.09375], [57.796875, 47.8828125], [57.796875, 47.4609375], [57.796875, 47.25], [57.796875, 47.0390625], [57.796875, 46.828125], [57.796875, 46.6171875], [57.796875, 46.40625], [57.796875, 46.1953125], [57.796875, 45.7734375], [57.5859375, 45.3515625], [57.5859375, 45.140625], [57.375, 44.9296875], [57.1640625, 44.71875], [56.953125, 44.296875], [56.7421875, 44.296875], [56.53125, 43.875], [56.3203125, 43.875], [56.109375, 43.6640625], [55.8984375, 43.453125], [55.6875, 43.453125], [55.6875, 43.2421875], [55.265625, 43.03125], [55.0546875, 43.03125], [54.84375, 43.03125], [54.6328125, 43.03125], [54.421875, 42.8203125], [54.2109375, 42.8203125], [54.0, 42.8203125], [53.7890625, 42.8203125], [53.578125, 42.8203125], [53.3671875, 42.8203125], [53.15625, 42.8203125], [52.9453125, 42.8203125], [52.734375, 42.8203125], [52.5234375, 42.8203125], [52.3125, 42.8203125], [52.1015625, 42.8203125], [51.890625, 42.8203125], [51.46875, 42.8203125], [51.2578125, 42.8203125], [51.046875, 42.8203125], [50.8359375, 42.8203125], [50.4140625, 42.8203125], [49.9921875, 42.8203125], [49.78125, 42.8203125], [49.5703125, 42.8203125], [49.359375, 42.8203125], [49.1484375, 42.8203125], [49.1484375, 43.03125], [48.9375, 43.03125], [48.7265625, 43.03125], [48.3046875, 43.2421875], [48.09375, 43.453125], [47.671875, 43.453125], [47.4609375, 43.6640625], [47.0390625, 43.875], [46.828125, 43.875], [46.40625, 44.0859375], [46.1953125, 44.0859375], [45.984375, 44.0859375], [45.7734375, 44.0859375], [45.5625, 44.0859375], [45.3515625, 44.0859375], [44.9296875, 44.296875], [44.71875, 44.5078125], [44.296875, 44.5078125], [44.0859375, 44.71875], [43.6640625, 44.9296875], [43.453125, 44.9296875], [43.2421875, 44.9296875], [42.8203125, 45.140625], [42.609375, 45.3515625], [41.9765625, 45.3515625], [41.765625, 45.5625], [41.34375, 45.7734375], [40.921875, 45.7734375], [40.7109375, 45.984375], [40.5, 46.1953125], [40.2890625, 46.1953125], [39.8671875, 46.1953125], [39.8671875, 46.40625], [39.65625, 46.40625], [39.4453125, 46.6171875], [39.0234375, 46.828125], [38.6015625, 47.25], [38.390625, 47.25], [38.1796875, 47.671875], [37.7578125, 47.8828125], [37.546875, 48.09375], [37.3359375, 48.7265625], [36.9140625, 48.9375], [36.703125, 49.359375], [36.4921875, 49.5703125], [36.28125, 49.78125], [36.28125, 49.9921875], [36.28125, 50.203125], [36.0703125, 50.4140625], [36.0703125, 50.625], [35.859375, 50.8359375], [35.859375, 51.046875], [35.859375, 51.2578125], [35.6484375, 51.46875], [35.4375, 51.890625], [35.4375, 52.1015625], [35.4375, 52.3125], [35.2265625, 52.5234375]], {"i0": 0.12, "spread": 1.68, "falloff": 1.0}], [[[59.484375, 54.0], [59.6953125, 54.0], [59.90625, 54.0], [60.1171875, 54.0], [60.328125, 54.0], [60.9609375, 53.7890625], [61.171875, 53.7890625], [61.59375, 53.578125], [62.015625, 53.3671875], [62.2265625, 53.15625], [62.4375, 53.15625], [62.6484375, 52.9453125], [62.859375, 52.9453125], [63.0703125, 52.9453125], [63.28125, 52.734375], [63.4921875, 52.734375], [63.703125, 52.734375], [63.9140625, 52.5234375], [63.9140625, 52.3125], [64.125, 52.3125], [64.125, 52.1015625], [64.125, 51.890625], [64.3359375, 51.46875], [64.546875, 51.46875], [64.546875, 51.2578125], [64.546875, 51.046875], [64.546875, 50.625], [64.7578125, 50.203125], [64.7578125, 49.9921875], [64.7578125, 49.78125], [64.7578125, 49.5703125], [64.7578125, 49.359375], [64.7578125, 49.1484375], [64.7578125, 48.9375], [64.7578125, 48.7265625], [64.7578125, 48.515625], [64.7578125, 48.09375], [64.7578125, 47.8828125], [64.546875, 47.671875], [64.3359375, 47.25], [64.3359375, 47.0390625], [64.125, 46.6171875], [63.9140625, 46.6171875], [63.4921875, 45.984375], [63.28125, 45.7734375], [63.0703125, 45.5625], [62.859375, 45.5625], [62.859375, 45.3515625], [62.6484375, 45.140625], [62.2265625, 44.9296875], [62.015625, 44.71875], [61.8046875, 44.71875], [61.59375, 44.5078125], [61.171875, 44.296875], [60.9609375, 44.296875], [60.75, 44.0859375], [60.5390625, 44.0859375], [60.328125, 43.875], [60.1171875, 43.875], [59.90625, 43.875], [59.6953125, 43.875], [59.484375, 43.6640625], [59.0625, 43.6640625], [58.8515625, 43.6640625], [58.4296875, 43.6640625], [58.21875, 43.6640625]], {"i0": 0.3, "spread": 0.01,