{"disk": {"mu": [48.369140625, 48.1142578125], "roll": -4.366253016815329, "rEff": 18.23792944148266, "axRatio": 0.3972975526546135, "i0": 0.34, "c": 2, "n": 1}, "bulge": null, "bar": {"mu": [49.025390625, 43.1455078125], "roll": 1.5707963267948966, "rEff": 2.836875, "axRatio": 0.23943661971830985, "i0": 0.18, "c": 2.12, "n": 0.52}, "spiral": []}