{"disk": {"mu": [43.74957275390625, 42.8203125], "roll": -4.288720058507174, "rEff": 21.864990673538617, "axRatio": 0.6761542650195085, "i0": 0.35, "c": 2, "n": 1}, "bulge": {"mu": [43.74957275390625, 43.330078125], "roll": 2.2455372690184494, "rEff": 2.6928764187992735, "axRatio": 0.5, "i0": 0.75, "c": 2, "n": 0.5}, "bar": null, "spiral": []}