{"disk": {"mu": [92.6253662109375, 93.36328125], "roll": 0.010100666585322028, "rEff": 52.87101733177544, "axRatio": 0.6520125412179879, "i0": 0.18, "c": 2, "n": 1}, "bulge": {"mu": [91.8988037109375, 93.0], "roll": 0.0, "rEff": 5.58, "axRatio": 0.693036930918736, "i0": 0.44, "c": 2, "n": 0.5}, "bar": null, "spiral": []}