{"disk": {"mu": [78.3453118801117, 78.29453372955322], "roll": -0.14001734341764804, "rEff": 45.84712152373627, "axRatio": 0.64287509816683, "i0": 0.2, "c": 2, "n": 1}, "bulge": {"mu": [78.08556318283081, 77.1339819431305], "roll": 0.7610140819064886, "rEff": 4.226206997348958, "axRatio": 0.9720834841930227, "i0": 0.41, "c": 2, "n": 2.39}, "bar": {"mu": [77.93982589244844, 78.08123248815545], "roll": -0.7886769800932395, "rEff": 8.176703657471297, "axRatio": 0.3565994105320455, "i0": 0.29, "c": 2.19, "n": 0.3}, "spiral": [[[[69.62109375, 69.25546875], [69.346875, 68.09765625], [69.346875, 67.79296875], [69.49921875, 67.2140625], [69.62109375, 66.93984375], [69.62109375, 66.63515625], [69.62109375, 66.4828125], [69.7734375, 66.3609375], [69.7734375, 66.20859375], [69.92578125, 65.90390625], [70.078125, 65.78203125], [70.23046875, 65.6296875], [70.35234375, 65.47734375], [70.65703125, 65.325], [70.809375, 65.17265625], [71.08359375, 65.05078125], [71.38828125, 64.8984375], [72.24140625, 64.59375], [72.6984375, 64.44140625], [73.27734375, 64.31953125], [73.58203125, 64.31953125], [74.43515625, 64.1671875], [75.31875, 64.01484375], [75.89765625, 64.01484375], [76.78125, 63.8625], [77.36015625, 63.740624999999994], [78.09140625, 63.740624999999994], [78.975, 63.740624999999994], [79.40156250000001, 63.740624999999994], [80.55937499999999, 63.740624999999994], [81.290625, 63.740624999999994], [82.17421875, 63.740624999999994], [83.1796875, 63.8625], [83.91093749999999, 64.01484375], [84.06328124999999, 64.1671875], [84.946875, 64.44140625], [85.52578125, 64.74609375], [86.10468750000001, 64.8984375], [86.37890625, 65.05078125], [86.98828125, 65.325], [87.6890625, 65.6296875], [88.14609375, 65.6296875], [88.57265625, 65.78203125], [89.15156250000001, 66.05625], [89.60859375000001, 66.20859375], [90.03515625, 66.4828125], [90.61406249999999, 66.7875], [91.49765625, 67.0921875], [92.50312500000001, 67.51875], [93.234375, 67.79296875], [93.96562499999999, 67.9453125], [94.54453125, 67.9453125], [95.0015625, 68.09765625], [95.27578125, 68.25], [95.7328125, 68.40234375], [97.16484374999999, 69.56015625], [97.62187499999999, 69.98671875], [98.20078125, 70.44375], [98.475, 70.565625], [98.7796875, 70.8703125], [99.20625000000001, 71.296875], [99.78515625, 72.18046875], [100.51640624999999, 72.759375], [100.97343749999999, 73.1859375], [101.24765625, 73.490625], [101.8265625, 73.9171875], [101.97890625, 74.221875], [102.13125, 74.37421875], [102.4359375, 74.49609375], [102.55781250000001, 74.6484375], [102.71015625000001, 74.80078125], [102.86250000000001, 74.953125], [103.01484375000001, 75.10546875], [103.13671875, 75.22734375], [103.2890625, 75.3796875], [103.2890625, 75.53203125], [103.44140625, 75.684375], [103.59375, 75.684375], [103.74609375, 75.83671875], [103.86796874999999, 75.95859375], [104.02031249999999, 76.1109375], [104.17265624999999, 76.415625], [104.47734374999999, 76.5375], [104.59921875, 76.68984375], [104.7515625, 76.99453125], [104.90390625, 77.146875], [104.90390625, 77.26875], [105.178125, 77.26875], [105.4828125, 77.42109375], [105.90937500000001, 77.42109375], [106.36640625000001, 77.5734375], [106.48828125, 77.5734375], [106.48828125, 77.72578125], [106.48828125, 77.84765625]], {"i0": 0.14, "spread": 2.0, "falloff": 1.0}], [[[86.8359375, 86.896875], [86.8359375, 87.2015625], [86.68359375, 88.20703125], [86.53125, 89.821875], [86.25703125000001, 90.67500000000001], [86.10468750000001, 90.97968750000001], [85.80000000000001, 91.55859375], [85.80000000000001, 91.7109375], [85.52578125, 91.98515624999999], [85.3734375, 92.13749999999999], [84.79453125, 92.44218749999999], [84.3375, 92.71640625], [83.33203125, 93.02109375], [82.75312500000001, 93.1734375], [81.290625, 93.75234375], [79.828125, 94.02656250000001], [78.6703125, 94.33125000000001], [77.634375, 94.48359375000001], [76.05, 94.7578125], [75.0140625, 94.91015625], [73.70390625, 95.0625], [72.39375, 95.21484375], [71.6625, 95.21484375], [70.93125, 95.21484375], [70.23046875, 95.0625], [69.49921875, 94.91015625], [68.615625, 94.91015625], [67.73203125, 94.63593750000001], [67.00078125, 94.33125000000001], [66.14765625, 94.17890625000001], [65.690625, 94.02656250000001], [64.8375, 93.6], [64.38046875, 93.2953125], [63.22265625, 92.86875], [62.64375, 92.59453124999999], [61.912499999999994, 92.13749999999999], [61.028906250000006, 91.7109375], [60.60234375, 91.55859375], [60.17578125, 91.40625], [59.87109375, 91.28437500000001], [59.2921875, 90.97968750000001], [58.83515625, 90.553125], [58.256249999999994, 90.09609375], [57.677343750000006, 89.821875], [57.403125, 89.5171875], [57.0984375, 89.24296874999999], [56.79375, 89.09062499999999], [56.671875, 88.93828124999999], [56.671875, 88.78593749999999], [56.3671875, 88.63359374999999], [55.361718749999994, 87.47578125000001], [55.209374999999994, 87.32343750000001], [54.904687499999994, 87.2015625], [54.630468750000006, 87.04921875], [54.325781250000006, 86.896875], [54.325781250000006, 86.74453125], [54.173437500000006, 86.5921875], [54.0515625, 86.4703125], [53.89921875, 86.31796875], [53.89921875, 86.01328125], [53.746875, 85.89140624999999], [53.746875, 85.73906249999999], [53.59453125, 85.58671874999999], [53.59453125, 85.43437499999999], [53.4421875, 85.28203124999999], [53.4421875, 85.16015625], [53.3203125, 85.16015625], [53.3203125, 85.0078125]], {"i0": 0.22, "spread": 2.0, "falloff": 1.0}]]}