{"disk": {"mu": [43.3306884765625, 41.82421875], "roll": -2.3197143310693953, "rEff": 25.237992204133644, "axRatio": 0.9069148413938771, "i0": 0.39, "c": 2, "n": 1}, "bulge": {"mu": [43.188693165779114, 42.13106107711792], "roll": 0.9999580626861129, "rEff": 1e-05, "axRatio": 0.8234813236416049, "i0": 0.0, "c": 2, "n": 1.25}, "bar": {"mu": [43.37320736050611, 42.395306348800645], "roll": -0.6160517133860991, "rEff": 4.1137329259180095, "axRatio": 0.1725649934211542, "i0": 0.14, "c": 1.5, "n": 2.0}, "spiral": []}