{"disk": {"mu": [56.399847865104675, 55.1777109503746], "roll": 0.0683277867009231, "rEff": 32.25848885475224, "axRatio": 0.683651232481856, "i0": 0.19, "c": 2, "n": 1}, "bulge": {"mu": [55.951441526412964, 53.94884705543518], "roll": -0.7022563636851975, "rEff": 3.1732628271552987, "axRatio": 0.9999994321751137, "i0": 0.58, "c": 2, "n": 1.05}, "bar": {"mu": [55.68268850445749, 53.948851972818375], "roll": -0.8996526408372894, "rEff": 7.626304523054526, "axRatio": 0.17119251048864054, "i0": 0.28, "c": 2.24, "n": 0.4}, "spiral": [[[[45.03125, 42.732421875], [45.03125, 42.560546875], [45.375, 42.0234375], [45.912109375, 41.8515625], [46.27734375, 41.658203125], [46.642578125, 41.314453125], [47.1796875, 41.12109375], [47.3515625, 40.94921875], [47.716796875, 40.77734375], [48.060546875, 40.583984375], [48.25390625, 40.412109375], [48.791015625, 40.240234375], [49.328125, 40.046875], [49.5, 40.046875], [50.037109375, 39.703125], [50.40234375, 39.703125], [50.74609375, 39.509765625], [50.939453125, 39.509765625], [51.283203125, 39.509765625], [51.6484375, 39.509765625], [51.8203125, 39.337890625], [52.013671875, 39.337890625], [52.357421875, 39.166015625], [52.72265625, 39.166015625], [53.087890625, 38.97265625], [53.453125, 38.97265625], [53.625, 38.80078125], [53.990234375, 38.80078125], [54.333984375, 38.62890625], [54.69921875, 38.62890625], [55.064453125, 38.62890625], [55.40820312499999, 38.435546875], [55.6015625, 38.435546875], [55.94531249999999, 38.263671875], [56.31054687500001, 38.263671875], [56.67578125, 38.091796875], [57.01953124999999, 38.091796875], [57.212890625, 38.091796875], [57.75, 38.091796875], [57.92187500000001, 38.091796875], [58.287109375, 38.091796875], [58.63085937499999, 38.091796875], [58.82421875, 38.091796875], [58.99609375000001, 38.091796875], [59.16796874999999, 38.091796875], [59.53320312500001, 38.091796875], [59.70507812499999, 38.091796875], [59.8984375, 38.091796875], [60.07031250000001, 38.091796875], [60.24218749999999, 38.091796875], [60.60742187500001, 38.091796875], [60.77929687499999, 38.091796875], [60.97265625, 38.091796875], [61.14453125000001, 38.091796875], [61.509765625, 38.091796875], [61.68164062500001, 38.091796875], [62.046875, 38.091796875], [62.412109375, 38.091796875], [62.75585937500001, 38.091796875], [62.94921875, 38.091796875], [63.12109375, 38.091796875], [63.29296875000001, 38.263671875], [63.658203125, 38.263671875], [64.0234375, 38.263671875], [64.1953125, 38.263671875], [64.3671875, 38.435546875], [64.732421875, 38.435546875], [65.09765625, 38.62890625], [65.26953125, 38.80078125], [65.44140625, 38.97265625], [65.806640625, 39.166015625], [66.171875, 39.166015625], [66.34375, 39.166015625], [66.708984375, 39.337890625], [67.052734375, 39.509765625], [67.24609375, 39.509765625], [67.783203125, 39.703125], [67.955078125, 40.046875], [70.8125, 41.314453125], [71.177734375, 41.486328125], [71.54296875, 41.658203125], [71.71484375, 41.8515625], [72.251953125, 42.0234375], [72.6171875, 42.1953125], [73.154296875, 42.560546875], [73.51953125, 42.732421875], [73.86328125, 43.09765625], [74.228515625, 43.26953125], [74.59375, 43.634765625], [75.130859375, 44.0], [75.302734375, 44.0], [75.66796875, 44.34375], [76.205078125, 44.537109375], [76.548828125, 45.07421875], [76.9140625, 45.41796875], [77.279296875, 45.611328125], [77.623046875, 45.955078125], [77.98828125, 46.3203125], [78.353515625, 46.685546875], [78.890625, 47.05078125], [79.0625, 47.587890625], [79.427734375, 47.759765625], [79.771484375, 47.931640625], [79.771484375, 48.296875], [80.30859375, 48.833984375], [80.8671875, 49.54296875], [81.2109375, 49.908203125], [81.2109375, 50.080078125], [81.404296875, 50.6171875], [81.576171875, 51.154296875], [81.748046875, 51.51953125], [81.94140625, 52.056640625], [82.11328125, 52.765625], [82.28515625, 53.130859375], [82.28515625, 53.83984375], [82.478515625, 54.376953125], [82.650390625, 54.7421875], [82.650390625, 55.107421875], [82.650390625, 55.279296875], [82.822265625, 55.279296875], [82.822265625, 55.64453125], [83.015625, 55.64453125], [83.015625, 55.98828125000001], [83.1875, 56.181640625], [83.359375, 56.353515625], [83.359375, 56.71875], [83.724609375, 56.71875], [83.896484375, 56.890625], [83.896484375, 57.255859375], [84.08984375, 57.427734375], [84.26171875, 57.79296875], [84.43359375, 57.96484375], [84.798828125, 58.330078125], [84.798828125, 58.501953125], [84.970703125, 58.8671875], [85.1640625, 59.232421875], [85.3359375, 59.404296875], [85.3359375, 59.576171875], [85.3359375, 59.76953125], [85.3359375, 59.94140625], [85.3359375, 60.11328125], [85.3359375, 60.306640625], [85.3359375, 60.478515625], [85.3359375, 60.650390625], [85.3359375, 60.84375], [85.5078125, 60.84375], [85.5078125, 61.015625]], {"i0": 0.55, "spread": 0.34,