{"disk": {"mu": [58.446044921875, 57.830078125], "roll": -0.6094585379449206, "rEff": 36.611055915982575, "axRatio": 0.8660772290083733, "i0": 0.11, "c": 2, "n": 1}, "bulge": {"mu": [58.446044921875, 58.056640625], "roll": -4.037648038161137, "rEff": 4.874378325745756, "axRatio": 0.9821944218702023, "i0": 0.49, "c": 2, "n": 0.5}, "bar": {"mu": [58.219482421875, 57.943359375], "roll": -0.5057280164426966, "rEff": 3.19453125, "axRatio": 0.14423076923076922, "i0": 0.06, "c": 2.0, "n": 1.54}, "spiral": []}