{"disk": {"mu": [49.815819919109344, 49.68691563606262], "roll": -3.090944761309682, "rEff": 40.616979555500244, "axRatio": 0.9667749535530212, "i0": 0.23, "c": 2, "n": 1}, "bulge": {"mu": [49.60824537277222, 49.86073726415634], "roll": 2.579671091332978, "rEff": 1.769055586891485, "axRatio": 0.9137651019490717, "i0": 0.9, "c": 2, "n": 0.5}, "bar": {"mu": [50.02900913357735, 49.6674634516239], "roll": 0.425297106584518, "rEff": 4.464763796602299, "axRatio": 0.435418099081347, "i0": 0.14, "c": 2.75, "n": 1.08}, "spiral": [[[[57.0990234375, 46.63828125], [56.30625, 45.613476562500004], [55.5134765625, 44.820703125], [54.8173828125, 44.356640625000004], [54.256640625, 43.7958984375], [54.024609375, 43.5638671875], [53.6765625, 43.331835937499996], [52.9998046875, 43.2158203125], [52.3037109375, 42.9837890625], [51.975, 42.8677734375], [51.5109375, 42.8677734375], [50.8341796875, 42.751757812499996], [50.3701171875, 42.751757812499996], [49.57734375, 42.751757812499996], [48.997265625000004, 42.751757812499996], [48.552539062499996, 42.751757812499996], [48.0884765625, 42.8677734375], [47.5083984375, 42.8677734375], [47.063671875000004, 42.9837890625], [46.1548828125, 43.2158203125], [45.6908203125, 43.4478515625], [44.898046875, 43.892578125], [44.433984375, 44.240625], [44.201953124999996, 44.588671874999996], [43.6412109375, 45.3814453125], [43.0611328125, 46.193554687500004], [42.713085937500004, 46.754296875], [42.500390625, 47.218359375], [42.384375, 47.547070312500004], [42.15234375, 47.8951171875], [41.9203125, 48.4751953125], [41.804296875, 48.803906250000004], [41.572265625, 49.616015625], [41.359570312500004, 50.0607421875], [41.2435546875, 50.4087890625], [41.2435546875, 50.6408203125], [41.1275390625, 50.9888671875], [41.1275390625, 51.317578125], [40.8955078125, 51.665625], [40.779492187500004, 52.245703125], [40.6634765625, 52.9224609375], [40.5474609375, 53.2705078125], [40.5474609375, 53.483203125], [40.431445312499996, 53.715234375], [40.431445312499996, 53.83125], [40.431445312499996, 53.947265625], [40.431445312499996, 53.83125], [40.5474609375, 53.83125]], {"i0": 0.27, "spread": 0.18, "falloff": 1.0}], [[[46.038867187499996, 54.8560546875], [46.2515625, 55.5521484375], [46.483593750000004, 55.880859375], [46.483593750000004, 55.996875], [46.599609375, 56.22890625], [46.599609375, 56.344921875], [46.715624999999996, 56.69296875], [46.831640625, 56.808984375], [46.94765625, 57.041015625], [47.1796875, 57.2537109375], [47.6244140625, 57.6017578125], [47.972460937499996, 57.8337890625], [48.320507812500004, 57.9498046875], [48.997265625000004, 57.9498046875], [49.11328125, 57.9498046875], [49.3453125, 58.0658203125], [49.57734375, 58.1818359375], [49.809375, 58.39453125], [50.3701171875, 58.510546875], [50.8341796875, 58.6265625], [51.162890625, 58.6265625], [51.394921875, 58.742578125], [52.3037109375, 58.742578125], [52.5357421875, 58.742578125], [54.37265625, 58.1818359375], [54.6046875, 58.0658203125], [54.8173828125, 57.9498046875], [54.9333984375, 57.6017578125], [56.07421875, 56.69296875], [57.00234375, 55.7841796875], [57.9111328125, 55.0880859375], [58.471875, 54.52734375], [59.16796875, 54.06328125], [59.6126953125, 53.59921875], [59.7287109375, 53.483203125], [59.8447265625, 53.3865234375], [59.8447265625, 53.2705078125], [59.9607421875, 53.2705078125], [60.1927734375, 52.9224609375], [60.3087890625, 52.6904296875], [60.5408203125, 52.4583984375], [60.5408203125, 52.245703125], [60.6568359375, 51.89765625], [60.753515625, 51.549609375], [60.753515625, 50.9888671875], [60.86953125, 50.2927734375], [61.1015625, 49.151953125], [61.217578125, 48.919921875], [61.217578125, 48.5912109375], [61.217578125, 48.127148437500004], [61.217578125, 47.779101562499996], [61.217578125, 47.450390625000004], [60.985546875, 47.102343749999996], [60.985546875, 46.63828125], [60.86953125, 46.0775390625], [60.86953125, 45.4974609375], [60.753515625, 45.1494140625], [60.753515625, 44.820703125], [60.5408203125, 44.356640625000004], [60.0767578125, 43.7958984375], [59.8447265625, 43.331835937499996], [59.6126953125, 42.751757812499996], [59.4, 41.958984375], [59.16796875, 41.6109375], [58.9359375, 41.2822265625], [58.587890625, 40.818164062499996], [58.2591796875, 40.4701171875], [57.7951171875, 40.025390625], [57.5630859375, 39.67734375], [57.3310546875, 39.4453125], [57.00234375, 39.097265625], [56.53828125, 38.7685546875], [56.190234375, 38.5365234375], [55.958203125, 38.304492187499996], [55.2814453125, 38.1884765625], [54.7013671875, 38.072460937500004], [54.256640625, 37.859765625], [54.024609375, 37.74375], [53.560546875, 37.51171875], [53.3478515625, 37.395703125000004], [52.7677734375, 37.047656249999996], [52.3037109375, 36.699609375], [51.626953125, 36.2548828125], [50.8341796875, 36.0228515625], [50.1380859375, 35.9068359375], [48.997265625000004, 35.790820312499996], [48.0884765625, 35.6748046875], [47.41171875, 35.558789062500004], [46.831640625, 35.462109375000004], [46.1548828125, 35.462109375000004], [45.458789062499996, 35.462109375000004], [45.226757812500004, 35.462109375000004], [45.1107421875, 35.462109375000004]], {"i0": 0.25, "spread": 0.79,