{"disk": {"mu": [126.48834228515625, 120.838623046875], "roll": 1.9148756757947074, "rEff": 58.59305561307296, "axRatio": 0.8545527038821119, "i0": 0.09, "c": 2, "n": 1}, "bulge": {"mu": [126.98638916015625, 126.815185546875], "roll": -1.892546881191539, "rEff": 5.256846426964502, "axRatio": 0.85146931829632, "i0": 1.06, "c": 2, "n": 0.62}, "bar": {"mu": [126.73736572265624, 126.06811523437499], "roll": 1.0792674984299158, "rEff": 7.334018940006282, "axRatio": 0.34565733994334674, "i0": 0.0, "c": 1.8, "n": 1.25}, "spiral": [[[[129.990234375, 120.826171875], [129.990234375, 120.328125], [129.990234375, 119.830078125], [129.990234375, 119.33203125], [130.48828125, 119.33203125], [130.48828125, 118.833984375], [130.48828125, 118.3359375], [130.48828125, 117.837890625], [130.986328125, 117.837890625], [130.986328125, 117.33984375], [130.986328125, 116.841796875], [130.986328125, 116.34375], [130.986328125, 115.845703125], [130.986328125, 115.34765625], [130.986328125, 114.849609375], [130.986328125, 114.3515625], [130.986328125, 113.853515625], [130.986328125, 113.35546875], [130.986328125, 112.857421875], [130.986328125, 112.359375], [130.986328125, 111.861328125], [130.986328125, 111.36328125], [130.986328125, 110.865234375], [130.986328125, 110.3671875], [130.986328125, 109.869140625], [130.48828125, 109.869140625], [129.990234375, 109.37109375], [129.990234375, 108.873046875], [129.4921875, 108.873046875], [129.4921875, 108.375], [128.994140625, 107.876953125], [128.49609375, 107.37890625], [127.998046875, 106.880859375], [127.5, 106.3828125], [127.001953125, 106.3828125], [126.50390625, 105.884765625], [126.005859375, 105.884765625], [125.5078125, 105.884765625], [125.009765625, 105.38671875], [124.51171875, 105.38671875], [124.013671875, 105.38671875], [123.515625, 105.38671875], [123.515625, 104.888671875], [123.017578125, 104.888671875], [123.017578125, 104.390625], [122.51953125, 104.390625], [122.021484375, 103.892578125], [121.5234375, 103.892578125], [121.5234375, 103.39453125], [121.025390625, 103.39453125], [121.025390625, 102.896484375], [120.52734375, 102.896484375], [120.029296875, 102.3984375], [119.53125, 102.3984375], [119.033203125, 102.3984375], [118.53515625, 102.3984375], [118.037109375, 102.3984375], [117.5390625, 102.3984375], [117.041015625, 102.3984375], [116.54296875, 102.3984375]], {"i0": 0.23, "spread": 0.01, "falloff": 0.98}], [[[125.009765625, 130.787109375], [124.51171875, 130.787109375], [124.51171875, 131.28515625], [124.51171875, 131.783203125], [124.013671875, 131.783203125], [124.013671875, 132.28125], [124.013671875, 132.779296875], [123.515625, 132.779296875], [123.515625, 133.27734375], [123.515625, 133.775390625], [123.017578125, 133.775390625], [123.017578125, 134.2734375], [123.017578125, 134.771484375], [122.51953125, 134.771484375], [122.51953125, 135.26953125], [122.021484375, 135.767578125], [122.021484375, 136.265625], [121.5234375, 136.763671875], [121.5234375, 137.26171875], [121.025390625, 137.26171875], [121.025390625, 137.759765625], [121.025390625, 138.2578125], [121.5234375, 138.2578125], [122.021484375, 138.2578125], [122.51953125, 138.755859375], [123.017578125, 138.755859375], [123.017578125, 139.25390625], [123.515625, 139.25390625], [123.515625, 139.751953125], [124.013671875, 139.751953125], [124.51171875, 139.751953125], [125.009765625, 139.751953125], [125.5078125, 139.751953125], [126.005859375, 139.751953125], [126.50390625, 139.751953125], [126.50390625, 139.25390625], [127.001953125, 139.25390625], [127.5, 139.25390625], [127.998046875, 139.25390625], [128.49609375, 139.25390625], [128.994140625, 139.25390625], [129.4921875, 139.25390625], [129.990234375, 139.25390625], [130.48828125, 139.25390625], [130.986328125, 139.25390625], [131.484375, 139.25390625], [131.982421875, 139.25390625], [131.982421875, 139.751953125], [132.48046875, 139.751953125], [132.978515625, 139.751953125], [133.4765625, 139.751953125], [133.974609375, 139.751953125], [134.47265625, 139.751953125], [134.970703125, 139.751953125], [135.46875, 139.751953125], [135.966796875, 139.751953125], [136.46484375, 139.751953125], [136.962890625, 139.751953125], [137.4609375, 139.751953125], [137.958984375, 139.751953125], [138.45703125, 139.751953125], [138.955078125, 139.751953125], [139.453125, 139.25390625], [139.951171875, 139.25390625], [139.951171875, 138.755859375], [140.44921875, 138.755859375], [140.44921875, 138.2578125], [140.947265625, 138.2578125], [141.4453125, 138.2578125], [141.943359375, 138.2578125], [141.943359375, 137.759765625], [142.44140625, 137.759765625], [142.939453125, 137.759765625], [142.939453125, 137.26171875], [143.4375, 137.26171875], [143.935546875, 137.26171875], [144.43359375, 137.26171875], [144.43359375, 136.763671875], [144.931640625, 136.763671875], [145.4296875, 136.763671875], [145.927734375, 136.763671875], [145.927734375, 136.265625], [146.42578125, 136.265625], [146.923828125, 136.265625], [146.923828125, 135.767578125], [147.421875, 135.767578125], [147.919921875, 135.767578125], [147.919921875, 135.26953125], [148.41796875, 135.26953125], [148.916015625, 134.771484375], [149.4140625, 134.2734375], [149.912109375, 133.775390625], [150.41015625, 133.27734375], [150.908203125, 132.779296875], [151.40625, 132.28125], [151.904296875, 131.783203125], [152.40234375, 131.28515625], [152.900390625, 130.787109375], [153.3984375, 130.787109375], [153.3984375, 130.2890625], [153.3984375, 129.791015625], [153.896484375, 129.791015625], [153.896484375, 129.29296875], [153.896484375, 128.794921875], [154.39453125, 128.794921875], [154.39453125, 128.296875], [154.39453125, 127.79882812500001], [154.39453125, 127.30078125], [154.892578125, 127.30078125], [154.892578125, 126.802734375], [154.892578125, 126.3046875], [155.390625, 126.3046875], [155.390625, 125.806640625], [155.390625, 125.30859375], [155.888671875, 125.30859375], [155.888671875, 124.810546875], [155.888671875, 124.3125], [156.38671875, 124.3125], [156.38671875, 123.814453125], [156.38671875, 123.31640625], [156.38671875, 122.818359375], [156.38671875, 122.3203125], [156.884765625, 121.822265625], [156.884765625, 121.32421875], [156.884765625, 120.826171875], [156.884765625, 120.328125], [156.884765625, 119.830078125], [156.884765625, 119.33203125], [156.884765625, 118.833984375], [156.884765625, 118.3359375], [156.884765625, 117.837890625], [156.884765625, 117.33984375], [156.884765625, 116.841796875], [157.3828125, 116.841796875], [157.3828125, 116.34375], [157.3828125, 115.845703125], [157.3828125, 115.34765625], [157.3828125, 114.849609375], [157.3828125, 114.3515625], [157.3828125, 114.849609375], [157.3828125, 115.34765625], [157.3828125, 115.845703125]], {"i0": 0.25, "spread": 0.17,