{"disk": {"mu": [69.38983154296875, 70.775390625], "roll": -0.34945127558781397, "rEff": 25.248126848271134, "axRatio": 0.5, "i0": 0.12, "c": 2, "n": 1}, "bulge": {"mu": [70.21600341796875, 71.05078125], "roll": 0.17985349979247822, "rEff": 4.803178831355994, "axRatio": 0.6868028197434451, "i0": 0.95, "c": 2, "n": 0.5}, "bar": null, "spiral": [[[[83.71875, 72.427734375], [89.501953125, 76.283203125], [90.052734375, 76.55859375], [90.603515625, 77.384765625], [90.603515625, 81.515625], [90.603515625, 81.791015625], [89.2265625, 82.892578125], [85.921875, 85.095703125]], {"i0": 0.31, "spread": 1.0, "falloff": 1.0}], [[[57.83203125, 69.3984375], [52.048828125, 64.44140625], [49.5703125, 59.759765625], [51.498046875, 54.802734375], [52.32421875, 54.52734375], [53.150390625, 54.251953125]], {"i0": 0.33, "spread": 0.73, "falloff": 1.0}]]}