{"disk": {"mu": [58.14348912239075, 57.99244976043701], "roll": -0.03757628718923053, "rEff": 48.548101285156555, "axRatio": 0.9487128093288159, "i0": 0.21, "c": 2, "n": 1}, "bulge": {"mu": [58.14348912239075, 57.31276226043701], "roll": 0.08314123188844143, "rEff": 3.246526788391579, "axRatio": 0.787183663231218, "i0": 0.5, "c": 2, "n": 0.67}, "bar": null, "spiral": []}