{"disk": {"mu": [69.8001708984375, 69.70330810546875], "roll": 2.535734804902673, "rEff": 45.57629185790132, "axRatio": 0.9303758251840506, "i0": 0.28, "c": 2, "n": 1}, "bulge": null, "bar": {"mu": [69.9349365234375, 68.35565185546875], "roll": 1.5707963267948966, "rEff": 5.0375390625000005, "axRatio": 0.3181818181818182, "i0": 0.17, "c": 2.23, "n": 0.36}, "spiral": [[[[64.6875, 58.38046875], [64.6875, 57.84140625], [63.609375, 54.8765625], [62.80078125, 51.103125], [62.53125, 48.67734375], [62.26171875, 48.13828125], [62.26171875, 47.06015625], [62.26171875, 46.2515625], [62.26171875, 45.7125], [62.26171875, 45.44296875], [62.26171875, 45.1734375], [62.26171875, 44.90390625], [62.26171875, 44.0953125], [62.53125, 43.0171875], [62.80078125, 41.9390625], [63.0703125, 41.4], [64.6875, 39.7828125], [64.95703125, 39.51328125], [66.3046875, 38.97421875], [70.88671875, 38.97421875], [73.58203125, 38.97421875], [76.27734375, 39.24375], [77.89453125, 39.24375], [79.2421875, 39.7828125], [80.3203125, 40.321875], [81.66796875, 40.59140625], [83.015625, 41.13046875], [84.36328125, 41.9390625], [85.98046875, 42.74765625], [86.7890625, 43.28671875], [88.13671875, 44.634375], [88.9453125, 45.44296875], [91.37109375, 47.3296875], [92.98828125, 48.4078125], [94.06640625, 49.75546875], [95.4140625, 50.29453125], [96.22265625, 51.103125], [98.109375, 52.18125], [98.91796875, 52.7203125], [100.53515625, 54.3375], [101.61328125, 55.14609375], [102.15234375, 55.9546875], [102.9609375, 56.22421875], [103.5, 57.0328125], [104.0390625, 57.30234375], [104.84765625, 58.1109375], [105.38671875, 58.91953125], [105.65625, 58.91953125]], {"i0": 0.13, "spread": 0.84, "falloff": 1.0}], [[[75.46875, 62.15390625], [76.0078125, 62.4234375], [76.81640625, 63.23203125], [77.89453125, 64.57968749999999], [78.43359375, 65.65781249999999], [78.97265625, 67.00546874999999], [80.05078125, 68.62265624999999], [80.859375, 69.9703125], [80.859375, 71.0484375], [81.12890625, 72.39609375], [81.3984375, 73.74375], [81.66796875, 75.9], [81.9375, 77.5171875], [81.9375, 79.134375], [81.9375, 81.02109375], [81.9375, 82.36875], [81.9375, 83.9859375], [81.9375, 85.0640625], [81.9375, 85.87265625], [81.3984375, 86.41171875], [80.859375, 87.48984375], [79.78125, 89.10703125], [78.97265625, 89.915625], [77.35546875, 90.99375], [76.81640625, 91.26328125], [74.66015625, 92.071875], [73.8515625, 92.34140625], [71.96484375, 92.34140625], [70.34765625, 92.34140625], [69.0, 92.34140625], [67.11328125, 92.34140625], [66.03515625, 92.34140625], [64.41796875, 91.80234375], [64.1484375, 91.80234375], [63.87890625, 91.5328125], [62.80078125, 90.99375], [61.453125, 90.18515625], [60.10546875, 89.3765625], [59.02734375, 88.56796875], [57.41015625, 87.48984375], [55.5234375, 86.1421875], [53.90625, 85.0640625], [53.3671875, 84.525], [52.55859375, 83.71640625], [52.01953125, 83.17734375], [51.2109375, 82.36875], [50.671875, 81.290625], [49.59375, 79.40390625], [49.0546875, 78.5953125], [48.515625, 77.5171875], [47.9765625, 76.70859375], [47.16796875, 74.821875], [46.359375, 74.01328125], [45.55078125, 72.665625], [45.28125, 71.85703125], [45.01171875, 71.5875], [43.93359375, 70.23984375], [43.93359375, 69.9703125]], {"i0": 0.0, "spread": 1.0, "falloff": 1.0}]]}