{"disk": {"mu": [81.22408789396286, 83.08118748664856], "roll": 2.2967407883245765, "rEff": 65.38469153024374, "axRatio": 0.862911236490166, "i0": 0.18, "c": 2, "n": 1}, "bulge": {"mu": [81.59373569488525, 81.24696803092957], "roll": 3.9919875762688406, "rEff": 22.04267513540969, "axRatio": 0.9829770212232097, "i0": 0.2, "c": 2, "n": 0.95}, "bar": null, "spiral": [[[[77.5205078125, 89.7455078125], [77.71152343749999, 90.6369140625], [77.71152343749999, 90.987109375], [77.87070312499999, 91.1462890625], [77.87070312499999, 91.3373046875], [77.87070312499999, 91.496484375], [78.4119140625, 91.496484375], [79.1123046875, 91.6875], [79.653515625, 91.878515625], [79.8126953125, 92.0376953125], [80.162890625, 92.0376953125], [80.7041015625, 92.0376953125], [81.7865234375, 91.878515625], [82.13671875, 91.878515625], [82.2958984375, 91.878515625], [82.9962890625, 91.878515625], [83.5375, 91.878515625], [83.8876953125, 91.878515625], [84.0787109375, 91.878515625], [84.42890625, 91.878515625], [85.3203125, 91.6875], [85.6705078125, 91.6875], [87.2623046875, 91.1462890625], [87.803515625, 90.987109375], [88.50390625, 90.79609375], [89.3953125, 90.4458984375], [89.9046875, 90.095703125], [90.4458984375, 89.9046875], [90.987109375, 89.7455078125], [92.0376953125, 89.3953125], [92.9291015625, 89.0451171875], [93.279296875, 88.694921875], [93.4384765625, 88.50390625], [93.8205078125, 88.50390625], [93.9796875, 88.312890625], [94.170703125, 88.1537109375], [94.3298828125, 87.9626953125], [94.87109375, 87.6125], [95.0302734375, 87.2623046875], [95.2212890625, 87.103125], [95.2212890625, 86.912109375], [95.9216796875, 86.3708984375], [96.462890625, 85.6705078125], [97.16328125, 85.129296875], [97.5134765625, 84.7791015625], [97.7044921875, 84.42890625], [98.755078125, 83.3783203125], [99.2962890625, 82.6779296875], [99.9966796875, 81.7865234375], [100.537890625, 80.7041015625], [100.8880859375, 80.0037109375], [101.047265625, 79.653515625], [101.047265625, 79.46249999999999], [101.047265625, 79.30332031249999], [101.047265625, 79.1123046875], [101.23828125, 78.76210937500001], [101.23828125, 77.71152343749999], [100.8880859375, 76.27890624999999], [100.6970703125, 75.2283203125], [100.6970703125, 74.52792968749999], [100.346875, 73.6365234375], [100.1876953125, 72.7451171875], [99.9966796875, 71.8537109375], [99.9966796875, 71.34433593749999], [99.8375, 70.80312500000001], [99.646484375, 69.91171874999999], [99.646484375, 69.0203125], [99.646484375, 68.6701171875], [99.646484375, 68.5109375], [99.646484375, 67.61953125000001], [99.45546875, 67.0783203125], [99.45546875, 66.3779296875], [99.2962890625, 66.02773437500001], [99.2962890625, 65.83671875], [99.2962890625, 65.6775390625], [99.1052734375, 65.6775390625], [98.94609375, 65.13632812499999], [98.5958984375, 64.97714843749999], [98.5958984375, 64.59511718750001], [98.245703125, 64.0857421875], [98.0546875, 63.54453125], [97.7044921875, 63.1943359375], [97.7044921875, 63.0033203125], [97.5134765625, 63.0033203125], [97.354296875, 62.844140625], [97.354296875, 62.653125], [96.6220703125, 62.4939453125], [96.271875, 62.3029296875], [95.9216796875, 62.3029296875], [95.9216796875, 62.14375], [95.7625, 62.14375], [95.571484375, 61.7935546875], [95.4123046875, 61.6025390625], [95.4123046875, 61.4115234375], [95.2212890625, 61.4115234375], [95.2212890625, 61.25234375], [95.0302734375, 61.061328125], [94.680078125, 60.551953125], [94.3298828125, 60.3609375], [94.170703125, 60.169921875], [94.170703125, 60.0107421875], [93.9796875, 60.0107421875], [93.8205078125, 60.0107421875], [93.8205078125, 59.8197265625]], {"i0": 0.17, "spread": 1.33, "falloff": 1.0}], [[[83.1873046875, 76.27890624999999], [83.1873046875, 75.57851562500001], [82.9962890625, 74.52792968749999], [82.64609375, 73.6365234375], [82.2958984375, 73.09531249999999], [82.13671875, 72.7451171875], [81.7865234375, 72.23574218750001], [81.7865234375, 72.0447265625], [81.5955078125, 71.8537109375], [81.2453125, 71.69453125], [80.7041015625, 71.1533203125], [80.162890625, 70.994140625], [79.653515625, 70.80312500000001], [79.46249999999999, 70.612109375], [78.76210937500001, 70.4529296875], [77.87070312499999, 70.2619140625], [76.979296875, 70.2619140625], [76.6291015625, 70.102734375], [75.73769531250001, 70.102734375], [74.68710937499999, 70.102734375], [73.4455078125, 70.2619140625], [72.93613281249999, 70.2619140625], [72.20390625, 70.4529296875], [71.69453125, 70.612109375], [71.50351562499999, 70.80312500000001], [71.34433593749999, 70.80312500000001], [70.102734375, 71.50351562499999], [69.0203125, 72.23574218750001], [68.12890625, 73.09531249999999], [67.61953125000001, 73.82753906250001], [67.428515625, 74.3369140625], [67.428515625, 74.68710937499999], [67.0783203125, 75.2283203125], [66.72812499999999, 75.9287109375], [65.83671875, 77.5205078125], [65.13632812499999, 78.953125], [64.7861328125, 80.19472656250001], [64.59511718750001, 80.89511718749999], [64.43593750000001, 81.7865234375], [64.43593750000001, 81.945703125], [64.43593750000001, 82.4869140625], [64.43593750000001, 82.837109375], [64.43593750000001, 83.028125], [64.43593750000001, 84.0787109375], [64.43593750000001, 86.21171875], [64.59511718750001, 88.1537109375], [64.59511718750001, 89.3953125], [64.7861328125, 90.4458984375], [64.9453125, 91.1462890625], [65.29550781249999, 92.0376953125], [65.6775390625, 92.9291015625], [66.02773437500001, 93.9796875], [66.537109375, 95.062109375], [67.0783203125, 96.462890625], [67.77871093750001, 97.7044921875], [68.31992187499999, 98.4048828125], [68.8611328125, 99.2962890625], [69.5615234375, 100.537890625], [69.91171874999999, 101.23828125], [70.2619140625, 101.7794921875], [70.612109375, 102.1296875], [70.80312500000001, 102.320703125], [71.1533203125, 102.4798828125], [71.34433593749999, 103.02109375], [71.69453125, 103.5623046875], [72.0447265625, 104.421875], [72.39492187500001, 104.9630859375], [72.55410156250001, 105.31328125], [72.7451171875, 105.504296875], [72.7451171875, 105.6634765625], [72.93613281249999, 105.6634765625], [73.09531249999999, 106.013671875], [73.4455078125, 106.3638671875], [73.4455078125, 106.5548828125], [73.4455078125, 106.7458984375]], {"i0": 0.15, "spread": 1.31, "falloff": 1.0}]]}