{"disk": {"mu": [35.0528963804245, 39.632817029953], "roll": -2.359968173214464, "rEff": 21.41253615809251, "axRatio": 0.5773668874083042, "i0": 0.24, "c": 2, "n": 1}, "bulge": {"mu": [40.00199007987976, 36.907352685928345], "roll": -0.16514924096095626, "rEff": 6.320447664611715, "axRatio": 0.880815201130329, "i0": 0.53, "c": 2, "n": 1.41}, "bar": {"mu": [40.05949330329895, 36.562308430671706], "roll": -0.7602584559497687, "rEff": 1.91292265821176, "axRatio": 0.3581067154527401, "i0": 0.18, "c": 2.19, "n": 2.0}, "spiral": [[[[41.324999999999996, 41.33984375], [42.7203125, 39.88515625], [44.7984375, 37.24296875], [46.0453125, 34.03671875], [47.15859375, 28.989843750000002], [43.848437499999996, 27.134375000000002], [39.30625, 28.099218750000002], [33.35390625, 29.7765625]], {"i0": 0.31, "spread": 1.01, "falloff": 1.43}], [[[37.06484375, 35.446875], [33.6359375, 35.328125], [30.385156249999998, 37.40625], [26.169531250000002, 42.1265625], [23.97265625, 48.301562499999996], [26.11015625, 52.339062500000004]], {"i0": 0.18, "spread": 0.12, "falloff": 1.43}]]}