{"disk": {"mu": [60.413345873355865, 60.49212071299553], "roll": 0.972718497423189, "rEff": 43.718531407211294, "axRatio": 0.9948848769417229, "i0": 0.21, "c": 2, "n": 1}, "bulge": {"mu": [60.886002123355865, 60.72845244407654], "roll": 2.6779440273369004, "rEff": 3.5743599728097557, "axRatio": 0.9718257810266888, "i0": 0.56, "c": 2, "n": 0.5}, "bar": null, "spiral": []}