{"disk": {"mu": [131.89179080724716, 131.02424842119217], "roll": 0.7818394575640643, "rEff": 68.80367482837471, "axRatio": 0.9303878258966082, "i0": 0.02, "c": 2, "n": 1}, "bulge": {"mu": [131.49378445744514, 131.22325551509857], "roll": 0.7551055597541452, "rEff": 3.546125493257222, "axRatio": 0.9086749155670192, "i0": 2.0, "c": 2, "n": 0.65}, "bar": {"mu": [131.7922911792994, 132.31779845058912], "roll": 2.169420985079112, "rEff": 14.544035602479662, "axRatio": 0.30202384155849443, "i0": 0.02, "c": 2.85, "n": 0.58}, "spiral": [[[[139.87285156250002, 146.9615234375], [140.026953125, 146.75605468749998], [140.64335937500002, 146.1396484375], [141.61933593749998, 145.574609375], [143.0576171875, 144.547265625], [143.62265625, 144.136328125], [144.23906250000002, 143.5712890625], [145.6259765625, 142.7494140625], [146.24238281249998, 141.97890625], [146.396484375, 141.56796875], [146.80742187500002, 140.1810546875], [147.423828125, 138.383203125], [147.9888671875, 137.6126953125], [148.60527343750002, 136.1744140625], [149.0162109375, 135.19843749999998], [149.4271484375, 134.0169921875], [149.58124999999998, 133.19511718750002], [150.19765625, 132.013671875], [150.8140625, 130.83222656249998], [151.17363281250002, 130.2158203125], [151.7900390625, 128.82890625000002], [151.9955078125, 128.05839843750002], [152.40644531249998, 126.466015625], [152.6119140625, 124.25722656250001], [152.6119140625, 123.6408203125]], {"i0": 0.05, "spread": 0.84, "falloff": 0.7}], [[[122.71621093750001, 118.09316406250001], [122.71621093750001, 118.2986328125], [120.9697265625, 120.301953125], [120.3533203125, 120.4560546875], [119.9423828125, 121.27792968749999], [116.7576171875, 122.66484375], [116.192578125, 122.66484375], [115.987109375, 122.8703125], [115.576171875, 124.25722656250001], [114.959765625, 125.0791015625], [114.3947265625, 125.64414062499999], [114.1892578125, 126.05507812500001], [112.80234374999999, 126.82558593750001], [110.38808593750001, 128.41796875], [109.61757812500001, 129.4453125], [108.795703125, 131.0376953125], [108.795703125, 132.219140625], [108.384765625, 134.58203125], [108.2306640625, 136.1744140625], [106.9978515625, 137.972265625], [106.63828124999999, 139.205078125], [106.63828124999999, 140.7974609375], [106.63828124999999, 142.5439453125], [106.63828124999999, 143.3658203125], [107.2033203125, 143.7767578125]], {"i0": 0.06, "spread": 0.57, "falloff": 0.7}]]}