{"disk": {"mu": [63.34686279296875, 62.01171875], "roll": 1.2862778424868995, "rEff": 31.963779752948035, "axRatio": 0.592736361458696, "i0": 0.17, "c": 2, "n": 1}, "bulge": {"mu": [62.37030029296875, 62.5], "roll": -4.71238898038469, "rEff": 2.2412109375, "axRatio": 0.6923076923076923, "i0": 0.7, "c": 2, "n": 1.5}, "bar": {"mu": [62.73651123046875, 62.1337890625], "roll": 1.5707963267948966, "rEff": 8.58154296875, "axRatio": 0.3584905660377358, "i0": 0.27, "c": 1.83, "n": 1.36}, "spiral": []}