{"disk": {"mu": [97.15582275390625, 98.6497802734375], "roll": 0.9762292661187102, "rEff": 33.41900140180139, "axRatio": 0.678354127407687, "i0": 0.22, "c": 2, "n": 1}, "bulge": {"mu": [98.29205459356308, 98.71938845515251], "roll": 0.0, "rEff": 3.284232033491135, "axRatio": 0.8333309406544521, "i0": 1.05, "c": 2, "n": 0.78}, "bar": {"mu": [98.60189017653468, 98.5128472149372], "roll": -0.15970174765476802, "rEff": 8.22058680013464, "axRatio": 0.4826602840188924, "i0": 0.35, "c": 1.63, "n": 0.38}, "spiral": [[[[86.7126953125, 100.58828125000001], [84.84707031250001, 92.3095703125], [87.56777343750001, 84.06972656250001], [94.36953125000001, 76.84042968749999], [106.96249999999999, 72.059765625]], {"i0": 0.56, "spread": 0.93, "falloff": 1.0}], [[[110.88808593750001, 99.96640624999999], [113.37558593749999, 107.817578125], [112.948046875, 113.80312500000001], [104.08632812500001, 116.48496093749999], [98.72265625, 121.2267578125], [90.63828124999999, 123.90859375000001], [83.64218749999999, 124.9580078125], [75.3634765625, 116.67929687499999]], {"i0": 0.68, "spread": 1.25, "falloff": 1.0}]]}