{"disk": {"mu": [64.2421875, 63.25], "roll": -1.5567127509720364, "rEff": 17.751760476076733, "axRatio": 0.6174291954807675, "i0": 0.2, "c": 2, "n": 1}, "bulge": {"mu": [64.9921875, 63.75], "roll": -0.21866894587394214, "rEff": 2.3048861143232218, "axRatio": 0.9361029108991247, "i0": 0.5, "c": 2, "n": 1.0}, "bar": {"mu": [64.8671875, 63.75], "roll": 0.4665211643098821, "rEff": 6.0, "axRatio": 0.2891566265060241, "i0": 0.2, "c": 2.0, "n": 0.5}, "spiral": []}