{"disk": {"mu": [49.525780856609344, 49.880273535847664], "roll": -1.6978854642307601, "rEff": 35.08766815611021, "axRatio": 0.5576869738387642, "i0": 0.2, "c": 2, "n": 1}, "bulge": {"mu": [49.332421481609344, 48.91347813606262], "roll": -0.09966865249116204, "rEff": 3.886475337855344, "axRatio": 0.9077826570117095, "i0": 0.5, "c": 2, "n": 1.0}, "bar": null, "spiral": []}