{"disk": {"mu": [101.75761312246323, 102.36654460430145], "roll": -0.1288370812609477, "rEff": 73.79502230913923, "axRatio": 0.9822289854891271, "i0": 0.19, "c": 2, "n": 1}, "bulge": {"mu": [102.95408070087433, 103.09973061084747], "roll": 2.8530062342871965, "rEff": 7.566824187849175, "axRatio": 0.990078012236918, "i0": 0.5, "c": 2, "n": 1.0}, "bar": null, "spiral": []}