{"disk": {"mu": [76.82537841796875, 70.775390625], "roll": 0.5118558424318242, "rEff": 50.17251397376123, "axRatio": 0.8923434029971136, "i0": 0.13, "c": 2, "n": 1}, "bulge": {"mu": [69.38983154296875, 68.021484375], "roll": -0.8124186125847132, "rEff": 5.982359804614179, "axRatio": 0.5, "i0": 0.49, "c": 2, "n": 0.97}, "bar": null, "spiral": [[[[81.240234375, 74.90625], [81.515625, 74.90625], [82.06640625, 75.181640625], [82.6171875, 75.181640625], [84.26953125, 75.181640625], [86.748046875, 75.181640625], [86.748046875, 74.90625], [87.0234375, 74.90625], [87.298828125, 74.630859375], [92.255859375, 70.775390625], [93.6328125, 69.673828125], [93.6328125, 69.3984375], [93.6328125, 68.84765625], [95.28515625, 66.09375], [95.28515625, 65.267578125], [95.28515625, 64.9921875], [96.111328125, 63.33984375], [96.662109375, 62.7890625], [96.662109375, 62.513671875], [96.662109375, 61.412109375], [96.662109375, 60.861328125], [96.38671875, 60.861328125], [96.111328125, 60.861328125], [95.8359375, 60.861328125], [95.009765625, 59.208984375], [94.734375, 58.93359375], [94.734375, 58.658203125], [94.458984375, 58.658203125], [94.18359375, 58.3828125], [93.908203125, 58.3828125], [93.6328125, 58.3828125], [92.806640625, 58.3828125], [92.53125, 58.3828125], [91.705078125, 58.3828125], [91.4296875, 58.3828125], [91.154296875, 57.83203125], [90.052734375, 57.28125], [89.77734375, 57.28125], [88.951171875, 57.005859375], [88.125, 56.455078125], [87.849609375, 56.455078125], [87.298828125, 55.62890625], [85.37109375, 54.52734375], [84.8203125, 53.9765625], [84.544921875, 53.9765625], [84.26953125, 53.9765625], [83.71875, 53.9765625], [83.443359375, 53.9765625], [82.6171875, 53.9765625], [82.6171875, 54.251953125]], {"i0": 0.07, "spread": 2.0, "falloff": 1.05}], [[[73.529296875, 87.0234375], [74.080078125, 87.0234375], [75.45703125, 87.849609375], [76.0078125, 88.400390625], [77.109375, 88.400390625], [78.486328125, 88.67578125], [79.587890625, 88.67578125], [80.689453125, 89.2265625], [81.515625, 89.2265625], [82.892578125, 89.501953125], [83.443359375, 89.501953125], [83.71875, 89.501953125], [84.26953125, 89.501953125], [85.095703125, 89.501953125], [85.921875, 89.501953125], [86.197265625, 89.2265625], [88.951171875, 88.400390625], [89.2265625, 88.400390625], [89.501953125, 88.125], [89.501953125, 87.849609375], [92.53125, 86.47265625], [92.806640625, 86.47265625], [92.806640625, 86.197265625], [92.806640625, 85.921875], [92.806640625, 85.646484375], [93.08203125, 85.37109375], [93.08203125, 85.095703125], [93.357421875, 84.8203125], [93.6328125, 84.544921875], [93.6328125, 84.26953125]], {"i0": 0.17, "spread": 0.9, "falloff": 1.05}], [[[63.33984375, 70.224609375], [63.33984375, 70.5], [63.064453125, 70.5], [63.064453125, 70.775390625], [63.064453125, 71.05078125], [63.064453125, 71.6015625], [63.064453125, 71.876953125], [63.064453125, 72.15234375], [62.7890625, 72.15234375], [62.513671875, 72.15234375], [62.513671875, 72.703125], [62.513671875, 72.978515625], [62.513671875, 73.25390625], [62.513671875, 73.529296875], [62.513671875, 73.8046875], [62.513671875, 74.35546875], [62.513671875, 74.630859375], [62.513671875, 74.90625], [62.513671875, 75.181640625], [60.03515625, 77.66015625], [56.455078125, 81.240234375], [57.005859375, 81.515625], [57.28125, 82.6171875], [57.83203125, 82.892578125], [58.107421875, 83.71875], [58.3828125, 84.26953125], [58.93359375, 85.095703125], [59.208984375, 85.646484375], [59.208984375, 85.921875], [59.208984375, 86.197265625], [59.484375, 86.197265625], [59.759765625, 87.849609375], [60.03515625, 87.849609375], [61.412109375, 88.67578125]], {"i0": 0.24, "spread": 2.0, "falloff": 1.05}], [[[76.55859375, 58.107421875], [75.732421875, 58.107421875], [68.021484375, 56.1796875], [66.369140625, 56.1796875], [66.09375, 56.1796875], [66.09375, 56.455078125], [64.9921875, 57.28125], [64.44140625, 57.556640625], [63.890625, 58.107421875], [62.513671875, 59.208984375], [62.513671875, 59.484375], [58.93359375, 61.13671875], [54.251953125, 62.7890625], [53.9765625, 63.064453125], [53.9765625, 63.33984375], [54.251953125, 63.890625], [54.251953125, 64.44140625], [54.251953125, 64.716796875], [54.52734375, 65.267578125], [54.802734375, 65.54296875], [54.802734375, 66.09375], [54.802734375, 66.369140625], [54.802734375, 66.919921875], [54.802734375, 67.1953125], [54.802734375, 67.74609375], [54.802734375, 68.021484375], [54.802734375, 68.296875], [54.802734375, 68.572265625]], {"i0": 0.36, "spread": 0.84, "falloff": 1.05}]]}