{"disk": {"mu": [33.33739346265793, 32.3158523440361], "roll": -0.7622254871091865, "rEff": 18.39734143667415, "axRatio": 0.7913850710309985, "i0": 0.25, "c": 2, "n": 1}, "bulge": {"mu": [33.50843381881714, 32.31585431098938], "roll": -0.927295586008154, "rEff": 3.3263153463636352, "axRatio": 0.6324552701924051, "i0": 0.62, "c": 2, "n": 1.0}, "bar": null, "spiral": []}