{"disk": {"mu": [38.72206115722656, 39.14385986328125], "roll": -0.031866208508489584, "rEff": 7.7330956904578185, "axRatio": 0.3887986698552202, "i0": 0.18, "c": 2, "n": 1}, "bulge": {"mu": [38.12872314453125, 38.73674774169922], "roll": 1.5616222722497866, "rEff": 5.1574599297552615, "axRatio": 0.7766610635651211, "i0": 0.55, "c": 2, "n": 1.16}, "bar": {"mu": [38.67095184326172, 39.69842529296875], "roll": 0.0, "rEff": 0.32879150390625006, "axRatio": 0.3026737042485074, "i0": 0.14, "c": 1.99, "n": 0.63}, "spiral": []}