{"disk": {"mu": [95.7305908203125, 94.2578125], "roll": 2.402315606206856, "rEff": 41.36595281010112, "axRatio": 0.8874345158626442, "i0": 0.21, "c": 2, "n": 1}, "bulge": {"mu": [94.9884033203125, 92.40234375], "roll": 2.988943325194528, "rEff": 2.991853461282665, "axRatio": 0.6129621059678984, "i0": 0.46, "c": 2, "n": 0.91}, "bar": {"mu": [95.1739501953125, 96.484375], "roll": 0.9112599373161914, "rEff": 4.714510932179887, "axRatio": 0.47604153277857425, "i0": 0.26, "c": 2.04, "n": 0.55}, "spiral": [[[[75.703125, 52.32421875], [75.703125, 52.6953125], [75.703125, 53.06640625], [75.703125, 53.4375], [75.703125, 53.80859375], [75.703125, 54.1796875], [75.703125, 54.55078125], [75.703125, 54.921875], [75.703125, 55.29296875], [76.4453125, 55.6640625], [76.81640625, 56.03515625], [76.81640625, 56.40625], [76.81640625, 57.1484375], [76.81640625, 57.890625], [76.81640625, 58.26171875], [76.81640625, 58.6328125], [76.81640625, 59.375], [76.81640625, 59.74609375], [76.81640625, 60.1171875], [76.81640625, 60.859375], [76.81640625, 61.6015625], [76.81640625, 61.97265625], [76.81640625, 62.34375], [76.81640625, 62.71484375], [76.81640625, 63.0859375], [76.81640625, 63.45703125], [76.81640625, 64.5703125], [76.81640625, 64.94140625], [76.81640625, 65.3125], [76.81640625, 65.68359375], [76.81640625, 66.0546875], [76.81640625, 67.16796875], [76.4453125, 67.91015625], [76.4453125, 68.28125], [76.4453125, 68.65234375], [76.4453125, 69.0234375], [76.4453125, 69.39453125], [76.07421875, 70.5078125], [76.07421875, 70.87890625], [76.07421875, 71.25], [76.07421875, 71.9921875], [76.07421875, 72.36328125], [76.07421875, 72.734375], [76.07421875, 74.58984375], [76.4453125, 74.9609375], [76.4453125, 75.33203125], [76.81640625, 75.703125], [76.81640625, 76.07421875], [77.1875, 77.1875], [77.55859375, 77.1875], [78.671875, 77.55859375], [78.671875, 77.9296875], [78.671875, 78.30078125], [78.671875, 78.671875], [78.671875, 79.04296875], [78.671875, 78.671875], [78.671875, 78.30078125], [78.30078125, 77.1875], [77.9296875, 77.1875], [77.55859375, 76.81640625], [77.1875, 76.4453125], [77.1875, 76.07421875], [76.81640625, 75.703125], [76.81640625, 75.33203125], [76.81640625, 74.9609375], [76.81640625, 74.58984375], [76.81640625, 74.21875], [76.81640625, 73.84765625], [75.33203125, 73.10546875], [73.84765625, 71.9921875], [73.4765625, 71.62109375], [72.734375, 71.62109375], [72.36328125, 70.87890625], [71.9921875, 70.87890625], [71.62109375, 70.87890625], [71.25, 70.5078125], [71.25, 70.13671875], [70.87890625, 69.765625], [70.13671875, 69.0234375], [69.765625, 68.65234375], [69.39453125, 68.65234375], [68.28125, 67.16796875], [67.5390625, 66.796875], [67.5390625, 66.42578125], [67.5390625, 66.0546875], [67.16796875, 65.68359375], [66.796875, 65.3125], [66.42578125, 65.3125], [66.42578125, 64.5703125], [66.42578125, 64.19921875], [66.0546875, 64.19921875], [65.68359375, 63.828125], [65.68359375, 63.45703125], [65.3125, 63.0859375], [65.3125, 62.71484375], [65.3125, 61.97265625], [65.3125, 61.23046875], [64.94140625, 60.859375], [64.5703125, 60.48828125], [64.19921875, 60.1171875], [76.4453125, 51.953125]], {"i0": 0.75, "spread": 1.01, "falloff": 0.88}], [[[130.99609375, 121.34765625], [131.3671875, 122.4609375], [130.25390625, 123.57421875], [129.51171875, 124.31640625], [129.140625, 124.31640625], [128.76953125, 125.4296875], [128.02734375, 125.80078125], [127.65625, 126.54296875], [126.54296875, 127.28515625], [126.171875, 128.02734375], [125.80078125, 128.3984375], [125.4296875, 128.76953125], [123.9453125, 129.8828125], [123.57421875, 130.99609375], [123.203125, 130.99609375], [122.08984375, 132.109375], [122.08984375, 132.48046875], [121.71875, 132.48046875], [120.234375, 133.59375], [119.12109375, 133.96484375], [118.37890625, 134.3359375], [117.63671875, 134.70703125], [116.89453125, 135.8203125], [116.15234375, 136.5625], [115.41015625, 136.5625], [115.0390625, 136.93359375], [114.66796875, 137.3046875], [114.66796875, 136.93359375], [114.66796875, 136.19140625], [114.296875, 136.19140625], [114.296875, 135.078125], [114.66796875, 134.70703125], [115.41015625, 134.3359375], [116.15234375, 133.59375], [116.15234375, 132.8515625], [116.15234375, 132.109375], [116.15234375, 131.3671875], [116.15234375, 130.99609375], [116.15234375, 130.625], [116.89453125, 129.8828125], [117.63671875, 128.76953125], [118.0078125, 127.65625], [118.75, 126.9140625], [118.75, 125.80078125], [119.4921875, 124.6875], [119.4921875, 123.9453125], [120.234375, 123.57421875], [120.60546875, 121.34765625], [121.71875, 119.12109375], [122.08984375, 118.75], [122.83203125, 117.63671875], [123.203125, 117.265625], [123.57421875, 116.5234375], [123.9453125, 116.15234375], [124.31640625, 115.41015625], [124.31640625, 115.0390625], [125.05859375, 114.66796875], [125.4296875, 114.66796875], [125.80078125, 115.41015625], [126.171875, 115.78125], [127.28515625, 117.63671875], [128.02734375, 118.37890625], [129.140625, 119.86328125], [129.140625, 120.234375], [130.625, 120.9765625], [131.3671875, 121.71875]], {"i0": 0.75, "spread": 1.0, "falloff": 0.88}]]}