{"disk": {"mu": [42.322998046875, 41.34375], "roll": -2.572535151565636, "rEff": 16.407956571397822, "axRatio": 0.7514912410393282, "i0": 0.19, "c": 2, "n": 1}, "bulge": {"mu": [42.49215745925903, 41.50563704967499], "roll": -0.6747414362585127, "rEff": 3.5453392397268875, "axRatio": 0.8919889547523245, "i0": 0.87, "c": 2, "n": 0.5}, "bar": null, "spiral": [[[[49.0546875, 45.29765625], [47.92265625, 49.33359375], [40.867968749999996, 52.5328125], [32.40234375, 52.15546875]], {"i0": 0.22, "spread": 0.89, "falloff": 1.0}], [[[37.94765625, 36.930468749999996], [37.1109375, 33.25546875], [30.43359375, 34.56796875], [27.9890625, 42.853125], [30.53203125, 51.49921875]], {"i0": 0.74, "spread": 0.07, "falloff": 1.0}]]}