{"disk": {"mu": [56.92281121015549, 56.699156284332275], "roll": -1.0271509496180853, "rEff": 29.325245037699002, "axRatio": 0.5, "i0": 0.19, "c": 2, "n": 1}, "bulge": {"mu": [59.143983364105225, 58.73523133993149], "roll": 0.0, "rEff": 5.552933871746063, "axRatio": 0.5, "i0": 0.57, "c": 2, "n": 1.32}, "bar": {"mu": [58.86633946001528, 58.92032669484615], "roll": -0.08119227916850856, "rEff": 6.905938885659153, "axRatio": 0.3165197093908017, "i0": 0.04, "c": 2.0, "n": 0.47}, "spiral": [[[[52.261523437499996, 58.659960937499996], [52.0787109375, 58.659960937499996], [51.690234374999996, 58.659960937499996], [51.324609375, 58.454296875000004], [51.118945312499996, 57.517382812499996], [50.7533203125, 57.1517578125], [50.7533203125, 56.58046875], [50.7533203125, 55.826367187500004], [50.7533203125, 55.6435546875], [50.7533203125, 55.460742187499996], [50.7533203125, 55.255078125000004], [50.570507812500004, 54.706640625], [50.570507812500004, 53.9525390625], [50.570507812500004, 53.5640625], [50.36484375, 53.198437500000004], [50.36484375, 52.627148437500004], [50.36484375, 52.055859375000004], [50.36484375, 51.690234374999996], [50.36484375, 51.3017578125], [50.36484375, 50.9361328125], [50.570507812500004, 50.547656249999996], [50.7533203125, 49.999218750000004], [50.9361328125, 49.7935546875], [51.118945312499996, 49.2451171875], [51.690234374999996, 48.308203125], [51.873046875, 47.919726562499996], [52.8099609375, 47.348437499999996], [53.769726562500004, 46.9828125], [54.523828125, 46.800000000000004], [55.2779296875, 46.5943359375], [55.6435546875, 46.5943359375], [56.21484375, 46.5943359375], [57.1517578125, 46.5943359375], [57.517382812499996, 46.5943359375], [58.088671874999996, 46.5943359375], [58.4771484375, 46.5943359375], [59.025585937500004, 46.5943359375], [59.596875000000004, 46.5943359375], [60.35097656250001, 46.5943359375], [60.716601562499996, 46.5943359375], [61.470703125, 46.800000000000004], [62.0419921875, 47.165625], [62.430468749999996, 47.165625], [62.61328125, 47.348437499999996], [62.97890625000001, 47.348437499999996], [63.1845703125, 47.348437499999996], [63.367382812500004, 47.5541015625], [63.55019531250001, 47.7369140625], [63.73300781249999, 47.919726562499996], [63.915820312499996, 47.919726562499996], [64.12148437500001, 47.919726562499996], [64.12148437500001, 48.1025390625], [64.12148437500001, 48.308203125], [64.30429687499999, 48.673828125], [64.487109375, 48.673828125], [65.0583984375, 49.7935546875], [66.17812500000001, 51.873046875], [66.74941406250001, 53.198437500000004], [67.869140625, 54.889453124999996], [68.6232421875, 55.826367187500004], [69.01171875, 56.76328125], [69.5830078125, 57.3345703125], [69.7658203125, 57.905859375], [70.337109375, 58.659960937499996], [70.51992187500001, 59.596875000000004], [70.70273437499999, 59.96249999999999], [70.885546875, 60.716601562499996], [71.09121093750001, 61.287890624999996], [71.27402343749999, 62.224804687500004], [71.6396484375, 62.97890625000001], [71.8224609375, 63.73300781249999], [72.028125, 65.0583984375], [72.2109375, 65.8125], [72.2109375, 66.5666015625], [72.39375, 67.32070312500001], [72.39375, 68.051953125], [72.39375, 68.6232421875], [72.39375, 69.37734375000001], [72.39375, 69.94863281250001], [72.39375, 70.70273437499999], [72.39375, 71.6396484375], [72.39375, 72.39375], [72.39375, 73.14785156250001], [72.39375, 73.71914062500001], [72.39375, 74.084765625], [72.39375, 74.6560546875], [72.39375, 75.0216796875], [72.39375, 75.59296875], [72.39375, 76.1642578125], [72.39375, 76.52988281249999], [72.39375, 76.91835937500001], [72.2109375, 77.283984375], [72.028125, 77.67246093749999], [72.028125, 78.0380859375], [71.8224609375, 78.4265625], [71.8224609375, 78.609375], [71.6396484375, 78.97500000000001], [71.4568359375, 79.15781249999999], [71.27402343749999, 79.3634765625], [71.09121093750001, 79.9119140625], [71.09121093750001, 80.11757812500001], [70.885546875, 80.11757812500001], [70.70273437499999, 80.11757812500001]], {"i0": 0.22, "spread": 0.52, "falloff": 1.0}], [[[65.8125, 58.911328125000004], [66.3837890625, 59.27695312499999], [68.4404296875, 61.539257812500004], [69.94863281250001, 64.5556640625], [70.13144531249999, 67.38925781249999], [69.7658203125, 68.87460937499999], [69.01171875, 70.3828125], [67.869140625, 71.525390625], [66.74941406250001, 72.2794921875], [66.17812500000001, 72.8279296875], [65.2412109375, 73.58203125], [64.669921875, 73.9705078125], [64.30429687499999, 73.9705078125], [63.55019531250001, 74.3361328125], [62.97890625000001, 74.3361328125], [61.67636718749999, 74.3361328125], [60.716601562499996, 74.3361328125], [59.231249999999996, 73.9705078125], [58.088671874999996, 73.03359375000001], [57.1517578125, 72.46230468750001], [56.032031249999996, 71.708203125], [54.889453124999996, 70.9541015625], [53.769726562500004, 70.2], [53.198437500000004, 69.6287109375], [52.4443359375, 69.0802734375], [51.690234374999996, 68.12050781250001], [51.118945312499996, 67.5720703125], [49.999218750000004, 65.309765625], [48.491015624999996, 63.04746093749999], [47.7369140625, 62.29335937500001], [47.5541015625, 62.110546875000004], [47.165625, 61.539257812500004], [46.228710937500004, 60.2138671875], [45.657421875000004, 59.27695312499999], [44.720507812499996, 57.403124999999996], [44.172070312500004, 56.4662109375], [43.78359375, 55.894921875], [43.2123046875, 54.9580078125], [43.029492187500004, 54.203906249999996], [42.458203125000004, 53.061328124999996], [42.092578124999996, 51.941601562500004], [41.521289062499996, 49.496484375], [41.1556640625, 47.98828125], [41.1556640625, 47.234179687499996], [40.972851562500004, 46.480078125], [40.584375, 45.7259765625], [40.401562500000004, 44.971875000000004], [40.401562500000004, 44.2177734375], [40.401562500000004, 43.463671874999996], [40.401562500000004, 42.915234375000004], [40.401562500000004, 42.1611328125], [40.401562500000004, 41.407031249999996], [40.401562500000004, 40.6529296875], [40.401562500000004, 40.4701171875], [40.401562500000004, 40.081640625], [40.401562500000004, 39.898828125], [40.401562500000004, 39.5103515625], [40.584375, 39.3275390625], [40.7671875, 38.75625], [40.7671875, 38.573437500000004], [40.7671875, 38.390625], [40.7671875, 38.207812499999996], [40.972851562500004, 38.002148437500004], [40.972851562500004, 37.8193359375], [41.1556640625, 37.636523437499996], [41.1556640625, 37.4537109375], [41.3384765625, 37.4537109375]], {"i0": 0.35, "spread": 2.0, "falloff": 1.0}]]}