{"disk": {"mu": [46.763671875, 44.601431012153625], "roll": -0.11909188524916602, "rEff": 24.349421565961762, "axRatio": 0.5580820248116248, "i0": 0.13, "c": 2, "n": 1}, "bulge": {"mu": [46.40584874153137, 45.013906717300415], "roll": -0.9926359251188406, "rEff": 4.532346049903949, "axRatio": 0.67124979007943, "i0": 0.56, "c": 2, "n": 1.45}, "bar": {"mu": [46.32909715175629, 45.00602537393569], "roll": -1.1453812348304617, "rEff": 9.599596730309202, "axRatio": 0.45335606599268713, "i0": 0.06, "c": 2.34, "n": 0.49}, "spiral": [[[[47.922656249999996, 36.99765625], [52.27109375, 36.99765625], [59.1890625, 38.884375], [59.296875, 38.884375], [59.4046875, 38.884375], [64.09453125, 41.453906249999996], [64.20234375, 41.561718750000004], [66.9875, 47.365625], [65.31640625, 51.9296875], [56.853125, 55.397656250000004]], {"i0": 0.08, "spread": 0.98, "falloff": 0.75}], [[[45.91015625, 52.9359375], [39.33359375, 52.163281250000004], [32.757031250000004, 50.4921875], [28.30078125, 45.586718749999996], [27.294531250000002, 38.219531249999996]], {"i0": 0.22, "spread": 1.06, "falloff": 0.75}]]}