{"disk": {"mu": [67.7834464609623, 66.708984375], "roll": 1.4056476493802699, "rEff": 30.47321462932604, "axRatio": 0.5, "i0": 0.25, "c": 2, "n": 1}, "bulge": {"mu": [67.25610673427582, 67.236328125], "roll": 1.2924966677897853, "rEff": 2.457037087632175, "axRatio": 0.5, "i0": 0.71, "c": 2, "n": 1.0}, "bar": null, "spiral": []}