{"disk": {"mu": [97.15985107421875, 95.67826843261719], "roll": 0.9527644194654767, "rEff": 39.7896810323965, "axRatio": 0.45032466218520933, "i0": 0.27, "c": 2, "n": 1}, "bulge": {"mu": [98.14115905761719, 97.69120788574219], "roll": 0.9820729160679832, "rEff": 4.971818948331787, "axRatio": 0.2588836204540761, "i0": 0.26, "c": 2, "n": 0.5}, "bar": null, "spiral": []}