{"disk": {"mu": [47.5634765625, 47.22157859802246], "roll": -1.5791295520001962, "rEff": 20.250703127098085, "axRatio": 0.6870855620442574, "i0": 0.31, "c": 2, "n": 1}, "bulge": {"mu": [47.99735641479492, 47.60562801361084], "roll": -0.1651452285114212, "rEff": 1.091011831792986, "axRatio": 0.8110362627780912, "i0": 0.98, "c": 2, "n": 1.95}, "bar": null, "spiral": [[[[52.03125, 37.462500000000006], [52.143750000000004, 37.462500000000006], [53.118750000000006, 36.4875], [53.775000000000006, 35.943749999999994], [54.09375, 35.943749999999994], [54.412499999999994, 35.849999999999994], [54.75, 35.5125], [55.387499999999996, 35.400000000000006], [55.837500000000006, 35.400000000000006], [56.381249999999994, 35.400000000000006], [57.449999999999996, 35.400000000000006], [58.425000000000004, 35.5125], [59.306250000000006, 35.7375], [59.737500000000004, 35.943749999999994], [60.393750000000004, 36.39375], [61.143750000000004, 36.825], [61.574999999999996, 37.462500000000006], [61.800000000000004, 38.006249999999994], [62.118750000000006, 38.662499999999994], [62.456250000000004, 39.20625], [62.775000000000006, 39.6375], [63.0, 40.181250000000006], [63.318749999999994, 40.837500000000006], [63.431250000000006, 41.8125], [63.637499999999996, 43.21875], [63.75, 43.875], [63.974999999999994, 44.306250000000006], [64.06875, 44.625], [64.18125, 45.075], [64.40625, 45.506249999999994], [64.51875000000001, 45.9375], [64.51875000000001, 46.368750000000006], [64.51875000000001, 47.025000000000006], [64.51875000000001, 47.568749999999994], [64.51875000000001, 48.112500000000004], [64.61250000000001, 48.431250000000006], [64.8375, 48.75], [64.94999999999999, 48.974999999999994], [65.15625, 49.40625], [65.49375, 50.0625], [65.69999999999999, 50.699999999999996], [65.92500000000001, 50.925000000000004]], {"i0": 1.0, "spread": 0.29, "falloff": 1.0}], [[[46.068749999999994, 63.506249999999994], [45.95625, 63.506249999999994], [45.09375, 63.1875], [43.89375, 62.868750000000006], [42.806250000000006, 62.099999999999994], [41.287499999999994, 61.443749999999994], [39.993750000000006, 60.693749999999994], [38.3625, 59.606249999999996], [37.931250000000006, 59.381249999999994], [37.5, 59.175000000000004], [36.84375, 58.743750000000006], [35.64375, 57.65625], [35.212500000000006, 56.456250000000004], [35.099999999999994, 55.706250000000004], [34.89375, 54.824999999999996], [34.66875, 54.28125], [34.349999999999994, 53.849999999999994], [34.2375, 53.756249999999994], [33.91875, 53.418749999999996], [33.806250000000006, 53.418749999999996], [33.693749999999994, 53.418749999999996], [33.806250000000006, 53.418749999999996], [33.806250000000006, 53.306250000000006], [33.806250000000006, 53.099999999999994], [33.693749999999994, 52.875], [33.58125, 52.556250000000006], [33.46875, 51.900000000000006], [33.150000000000006, 50.925000000000004], [33.037499999999994, 50.175000000000004], [32.83125, 49.631249999999994], [32.71875, 49.40625], [32.71875, 49.087500000000006], [32.71875, 48.974999999999994], [32.60625, 48.862500000000004]], {"i0": 0.75, "spread": 1.0, "falloff": 1.0}]]}