{"disk": {"mu": [98.85821413993835, 97.36288905143738], "roll": -0.345555580581712, "rEff": 63.50180278885067, "axRatio": 0.9256172179223312, "i0": 0.21, "c": 2, "n": 1}, "bulge": {"mu": [99.19839870929718, 98.61367070674896], "roll": -0.7266402620032246, "rEff": 5.431583345256805, "axRatio": 0.9948684853561219, "i0": 0.51, "c": 2, "n": 0.69}, "bar": null, "spiral": []}