{"disk": {"mu": [67.6461181640625, 67.26171875], "roll": -1.480948787100269, "rEff": 44.919388878283804, "axRatio": 0.7371072266353278, "i0": 0.2, "c": 2, "n": 1}, "bulge": {"mu": [67.3843994140625, 66.73828125], "roll": 0.23374318086890147, "rEff": 3.7875468747099355, "axRatio": 0.9311029962896537, "i0": 1.23, "c": 2, "n": 1.53}, "bar": null, "spiral": [[[[77.337890625, 65.16796875], [77.337890625, 65.4296875], [77.861328125, 66.73828125], [78.384765625, 67.5234375], [78.646484375, 68.30859375], [78.908203125, 68.5703125], [78.908203125, 68.83203125], [78.908203125, 69.09375], [79.169921875, 69.35546875], [79.169921875, 69.6171875], [79.169921875, 69.87890625], [79.169921875, 70.140625], [79.169921875, 70.6640625], [79.169921875, 70.92578125], [79.169921875, 71.1875], [79.169921875, 71.7109375], [79.169921875, 72.49609375], [79.169921875, 72.7578125], [79.169921875, 73.28125], [79.169921875, 73.8046875], [79.169921875, 74.06640625], [79.169921875, 74.328125], [79.169921875, 74.8515625], [79.169921875, 75.11328125], [79.169921875, 75.375], [79.169921875, 75.63671875], [79.169921875, 75.8984375], [78.908203125, 75.8984375], [78.908203125, 76.16015625], [78.646484375, 76.421875], [78.646484375, 76.9453125], [78.384765625, 76.9453125], [78.123046875, 77.46875], [78.123046875, 77.73046875], [77.861328125, 77.9921875], [77.599609375, 78.25390625], [77.337890625, 78.77734375], [76.814453125, 79.0390625], [76.552734375, 79.30078125], [76.552734375, 79.5625], [76.291015625, 79.5625], [76.029296875, 79.82421875], [75.767578125, 80.0859375], [75.505859375, 80.34765625], [75.244140625, 80.609375], [74.982421875, 80.609375], [74.720703125, 80.87109375], [74.458984375, 81.1328125], [74.197265625, 81.39453125], [73.935546875, 81.65625], [73.673828125, 81.65625], [73.150390625, 82.1796875], [72.888671875, 82.44140625], [72.626953125, 82.703125], [72.103515625, 82.96484375], [71.841796875, 83.2265625], [71.580078125, 83.2265625], [71.580078125, 83.48828125], [71.318359375, 83.48828125], [70.009765625, 84.01171875], [69.224609375, 84.2734375], [68.439453125, 84.796875], [67.916015625, 85.05859375], [67.130859375, 85.58203125], [66.607421875, 85.84375], [66.345703125, 86.10546875], [65.822265625, 86.3671875], [65.560546875, 86.3671875], [65.298828125, 86.3671875], [64.775390625, 86.62890625], [64.513671875, 86.62890625], [63.990234375, 86.890625], [63.466796875, 86.890625], [63.205078125, 86.890625], [62.419921875, 87.15234375], [62.158203125, 87.4140625], [61.634765625, 87.4140625], [61.373046875, 87.67578125], [60.849609375, 87.67578125], [60.587890625, 87.9375], [60.064453125, 87.9375], [59.802734375, 87.9375], [59.541015625, 87.9375], [59.279296875, 88.19921875], [59.017578125, 88.19921875], [58.494140625, 88.19921875], [58.232421875, 88.19921875], [57.970703125, 88.19921875], [57.447265625, 88.19921875], [57.185546875, 88.4609375], [56.923828125, 88.4609375], [56.400390625, 88.4609375], [56.138671875, 88.4609375], [55.615234375, 88.4609375], [55.353515625, 88.4609375], [55.091796875, 88.4609375], [54.830078125, 88.4609375], [54.568359375, 88.4609375], [54.306640625, 88.19921875]], {"i0": 0.08, "spread": 2.0, "falloff": 1.0}], [[[65.298828125, 79.30078125], [64.775390625, 79.5625], [64.513671875, 79.5625], [64.251953125, 79.5625], [63.990234375, 79.5625], [63.728515625, 79.82421875], [63.466796875, 79.82421875], [63.205078125, 79.82421875], [62.943359375, 80.0859375], [62.681640625, 80.0859375], [62.158203125, 80.0859375], [62.158203125, 80.34765625], [61.896484375, 80.34765625], [61.634765625, 80.34765625], [61.373046875, 80.34765625], [61.111328125, 80.34765625], [60.849609375, 80.34765625], [60.587890625, 80.34765625], [60.326171875, 80.34765625], [60.064453125, 80.34765625], [59.802734375, 80.609375], [59.541015625, 80.609375], [59.279296875, 80.609375], [59.017578125, 80.609375], [58.494140625, 80.609375], [58.232421875, 80.609375], [57.970703125, 80.609375], [57.708984375, 80.609375], [57.447265625, 80.609375], [57.185546875, 80.609375], [56.923828125, 80.609375], [56.400390625, 80.609375], [56.138671875, 80.609375], [55.615234375, 80.34765625], [55.353515625, 80.34765625], [54.830078125, 80.34765625], [54.568359375, 80.34765625], [54.306640625, 80.0859375], [54.044921875, 80.0859375], [53.783203125, 80.0859375], [53.521484375, 80.0859375], [53.259765625, 79.82421875], [52.998046875, 79.82421875], [52.736328125, 79.5625], [52.474609375, 79.30078125], [51.951171875, 79.0390625], [51.689453125, 79.0390625], [51.427734375, 78.77734375], [51.427734375, 78.515625], [50.904296875, 78.25390625], [50.642578125, 77.9921875], [50.380859375, 77.73046875], [50.119140625, 77.73046875], [49.857421875, 77.20703125], [49.595703125, 77.20703125], [49.595703125, 76.9453125], [49.333984375, 76.68359375], [49.333984375, 76.421875], [49.072265625, 76.16015625], [48.810546875, 75.8984375], [48.810546875, 75.63671875], [48.810546875, 75.375], [48.548828125, 75.375], [48.548828125, 74.8515625], [48.287109375, 74.8515625], [48.287109375, 74.58984375], [48.025390625, 74.06640625], [48.025390625, 73.8046875], [47.763671875, 73.54296875], [47.763671875, 73.28125], [47.501953125, 72.7578125], [47.501953125, 72.49609375], [47.501953125, 72.234375], [47.240234375, 71.97265625], [47.240234375, 71.7109375], [47.240234375, 71.44921875], [47.240234375, 71.1875], [47.240234375, 70.92578125], [46.978515625, 70.6640625], [46.978515625, 70.40234375], [46.978515625, 70.140625], [46.978515625, 69.87890625], [46.716796875, 69.35546875], [46.716796875, 68.83203125], [46.716796875, 68.5703125], [46.716796875, 68.30859375], [46.716796875, 68.046875], [46.716796875, 67.78515625], [46.716796875, 67.5234375], [46.716796875, 67.26171875], [46.716796875, 67.0], [46.716796875, 66.73828125], [46.716796875, 66.4765625], [46.716796875, 66.21484375], [46.716796875, 65.953125], [46.716796875, 65.69140625], [46.716796875, 65.4296875], [46.716796875, 65.16796875], [46.716796875, 64.90625], [46.716796875, 64.64453125], [46.716796875, 64.3828125], [46.716796875, 64.12109375], [46.716796875, 63.859375], [46.716796875, 63.59765625], [46.716796875, 63.3359375], [46.716796875, 63.07421875], [46.716796875, 62.8125], [46.716796875, 62.55078125]], {"i0": 0.2, "spread": 1.81,