{"disk": {"mu": [63.08416748046875, 62.598846435546875], "roll": 2.7549969723539443, "rEff": 20.847690490263922, "axRatio": 0.3731694881390113, "i0": 0.31, "c": 2, "n": 1}, "bulge": {"mu": [49.938873291015625, 57.26788330078125], "roll": -0.5289278976424835, "rEff": 4.3486251728724055, "axRatio": 0.5, "i0": 0.5, "c": 2, "n": 1.0}, "bar": null, "spiral": []}