{"disk": {"mu": [86.6495361328125, 86.256591796875], "roll": -3.5172328890628584, "rEff": 45.13116043265773, "axRatio": 0.570566650816124, "i0": 0.18, "c": 2, "n": 1}, "bulge": {"mu": [86.71196043491364, 86.31702482700348], "roll": 0.057080649194026126, "rEff": 3.5421676363767225, "axRatio": 0.2953697845218472, "i0": 0.6, "c": 2, "n": 1.57}, "bar": null, "spiral": []}