{"disk": {"mu": [38.331398010253906, 37.931922912597656], "roll": -3.948696001847668, "rEff": 14.186387671930246, "axRatio": 0.45037159995290366, "i0": 0.41, "c": 2, "n": 1}, "bulge": {"mu": [37.71514892578125, 38.12519836425781], "roll": 0.8658727349401839, "rEff": 1.8195095873773564, "axRatio": 0.546156940302173, "i0": 1.03, "c": 2, "n": 0.78}, "bar": null, "spiral": []}