{"disk": {"mu": [127.461181640625, 125.3155517578125], "roll": -2.0274017986873907, "rEff": 42.48236795323517, "axRatio": 0.6795697359618139, "i0": 0.16, "c": 2, "n": 1}, "bulge": {"mu": [126.968994140625, 125.3155517578125], "roll": -1.5707963267948966, "rEff": 3.412602537521995, "axRatio": 0.8958064164776166, "i0": 0.5, "c": 2, "n": 1.01}, "bar": {"mu": [127.21508789062503, 126.79211425781244], "roll": 1.1347007990418492, "rEff": 0.15053648367650854, "axRatio": 0.08181207959982952, "i0": 0.22, "c": 2.02, "n": 0.51}, "spiral": [[[[125.5078125, 138.60000000000002], [126.0, 138.60000000000002], [137.8125, 134.66250000000002], [146.671875, 120.88125], [147.1640625, 120.88125], [153.5625, 105.13125], [153.5625, 104.6390625], [148.640625, 94.303125], [141.2578125, 84.459375]], {"i0": 0.35, "spread": 0.08, "falloff": 1.0}], [[[134.3671875, 112.5140625], [138.3046875, 99.7171875], [138.3046875, 99.225], [130.4296875, 94.7953125], [129.4453125, 94.7953125], [128.953125, 94.7953125], [113.203125, 101.19375], [113.203125, 102.6703125], [103.8515625, 118.9125], [97.9453125, 144.01406250000002], [97.9453125, 145.98281250000002], [99.9140625, 151.88906250000002], [100.40625, 158.77968750000002], [119.109375, 169.11562500000002], [130.4296875, 168.13125000000002], [131.90625, 167.63906250000002], [143.2265625, 161.73281250000002], [143.71875, 161.73281250000002], [155.53125, 152.38125000000002], [159.9609375, 144.99843750000002]], {"i0": 0.29, "spread": 0.25, "falloff": 1.0}], [[[119.109375, 143.02968750000002], [121.078125, 150.90468750000002], [121.5703125, 150.90468750000002], [128.953125, 152.87343750000002], [130.921875, 152.38125000000002], [149.625, 140.07656250000002], [149.625, 139.58437500000002], [162.9140625, 119.4046875], [165.8671875, 102.178125], [161.4375, 85.44375], [161.4375, 84.9515625], [148.640625, 76.584375], [148.640625, 76.0921875], [125.5078125, 77.56875], [113.203125, 81.9984375]], {"i0": 0.28, "spread": 0.68, "falloff": 1.0}]]}