{"disk": {"mu": [63.036986231803894, 64.43430888652802], "roll": -0.8935459795501112, "rEff": 47.855649908836234, "axRatio": 0.8993222663398256, "i0": 0.21, "c": 2, "n": 1}, "bulge": {"mu": [63.39841341972351, 63.194074511528015], "roll": -1.6485072132683694, "rEff": 3.500479719635898, "axRatio": 0.8286951687544379, "i0": 0.5, "c": 2, "n": 1.0}, "bar": null, "spiral": []}