{"disk": {"mu": [70.73193359375, 71.81653589010239], "roll": -0.5388195016359154, "rEff": 40.05744290384283, "axRatio": 0.6690306825092115, "i0": 0.18, "c": 2, "n": 1}, "bulge": {"mu": [70.88866731524467, 71.90492421388626], "roll": 1.8384369815405484, "rEff": 3.7334821524249437, "axRatio": 0.5279181169586801, "i0": 0.47, "c": 2, "n": 5.0}, "bar": null, "spiral": [[[[79.5716796875, 73.2875], [79.711328125, 73.1478515625], [80.7447265625, 80.605078125]], {"i0": 0.11, "spread": 0.34, "falloff": 1.08}], [[[68.427734375, 83.1466796875], [53.8205078125, 78.09140625]], {"i0": 0.15, "spread": 1.05, "falloff": 1.08}], [[[55.3845703125, 71.2765625], [46.2515625, 67.56191406250001]], {"i0": 0.22, "spread": 1.0, "falloff": 1.08}], [[[64.90859375000001, 95.6033203125], [58.2892578125, 94.0392578125]], {"i0": 0.5, "spread": 1.02, "falloff": 1.08}], [[[35.107617187500004, 48.765234375], [35.8896484375, 42.3134765625]], {"i0": 0.38, "spread": 0.85, "falloff": 1.08}], [[[68.651171875, 56.920703125], [79.3482421875, 62.115625], [79.5158203125, 62.283203125], [89.766015625, 71.10898437499999]], {"i0": 0.18, "spread": 1.27, "falloff": 1.08}], [[[62.6462890625, 67.81328125], [67.533984375, 57.2279296875]], {"i0": 0.12, "spread": 0.89, "falloff": 1.08}], [[[56.4458984375, 62.730078125], [56.026953125, 58.5126953125], [60.4677734375, 59.266796875]], {"i0": 0.3, "spread": 0.58, "falloff": 1.08}], [[[71.19277343750001, 55.580078125], [71.7234375, 55.468359375], [71.83515625, 55.468359375], [89.03984375, 52.451953125], [101.496484375, 56.9765625], [108.199609375, 61.11015625]], {"i0": 0.14, "spread": 1.36, "falloff": 1.08}], [[[90.82734375, 78.6779296875], [87.0568359375, 89.5984375], [82.9791015625, 97.2791015625], [71.667578125, 101.32890625], [71.5279296875, 101.1892578125]], {"i0": 0.07, "spread": 2.0, "falloff": 1.08}], [[[112.4728515625, 72.114453125], [111.6349609375, 88.0623046875]], {"i0": 0.25, "spread": 2.0, "falloff": 1.08}]]}