{"disk": {"mu": [58.995744824409485, 59.13609176874161], "roll": -2.904317809526113, "rEff": 17.137507374423095, "axRatio": 0.7059040840128179, "i0": 0.19, "c": 2, "n": 1}, "bulge": {"mu": [58.90361499786377, 58.952549517154694], "roll": 0.07677167329648521, "rEff": 3.761646264986291, "axRatio": 0.8681438636481038, "i0": 0.72, "c": 2, "n": 0.5}, "bar": null, "spiral": [[[[61.35078125, 46.255078125], [69.624609375, 52.50078125], [78.12890625, 61.235546875], [70.29296875, 70.29296875], [58.446875, 74.326171875], [45.12578125, 69.73984375], [37.5203125, 61.005078125], [38.30390625, 51.832421875], [49.596875, 45.909375], [56.18828125, 45.563671875]], {"i0": 0.49, "spread": 2.0, "falloff": 0.99}]]}