{"disk": {"mu": [79.49029541015625, 79.26223754882812], "roll": -1.295886485314224, "rEff": 59.64747741606698, "axRatio": 0.9145381898758582, "i0": 0.2, "c": 2, "n": 1}, "bulge": {"mu": [79.49029541015625, 79.57278442382812], "roll": -4.0977260284625245, "rEff": 4.717305162224036, "axRatio": 0.9259728627634061, "i0": 0.52, "c": 2, "n": 3.64}, "bar": null, "spiral": []}