{"disk": {"mu": [89.52921295166016, 90.40885925292969], "roll": 0.9641409269412317, "rEff": 44.08779152640417, "axRatio": 0.5650834328311456, "i0": 0.15, "c": 2, "n": 1}, "bulge": {"mu": [89.81368255615234, 90.79137420654297], "roll": 0.8147857453707931, "rEff": 5.174287816084877, "axRatio": 0.943657351376884, "i0": 0.5, "c": 2, "n": 1.0}, "bar": {"mu": [90.19483816623688, 90.77850359678268], "roll": 0.7054875991313675, "rEff": 5.335401782256205, "axRatio": 0.39501645658073814, "i0": 0.25, "c": 3.0, "n": 0.51}, "spiral": [[[[85.055859375, 93.18671875000001], [85.055859375, 93.00996093750001], [85.055859375, 92.3736328125], [85.055859375, 91.7373046875], [85.055859375, 91.17167968749999], [85.055859375, 90.7474609375], [85.055859375, 90.3939453125], [85.055859375, 90.0404296875], [85.055859375, 89.6869140625], [85.055859375, 89.4748046875], [85.055859375, 89.2626953125], [85.055859375, 89.0505859375], [85.055859375, 88.873828125], [85.055859375, 88.6970703125], [85.055859375, 88.5203125], [85.0912109375, 88.2728515625], [85.1619140625, 88.0607421875], [85.2326171875, 87.6365234375], [85.409375, 87.0708984375], [85.5861328125, 86.5759765625], [85.7275390625, 86.187109375], [85.904296875, 85.762890625], [86.045703125, 85.3740234375], [86.2224609375, 84.773046875], [86.5052734375, 84.0306640625], [86.68203125, 83.4296875], [86.8234375, 83.00546875], [86.96484375, 82.5458984375], [87.0708984375, 82.227734375], [87.24765625, 81.944921875], [87.4244140625, 81.6267578125], [87.671875, 81.2732421875], [87.9193359375, 80.884375], [88.2728515625, 80.3541015625], [88.66171875, 79.682421875], [88.9091796875, 79.32890625], [89.22734375, 78.9400390625], [89.4748046875, 78.621875], [89.6515625, 78.3390625], [89.8283203125, 78.1623046875], [90.0404296875, 77.7734375], [90.287890625, 77.490625], [90.4646484375, 77.2431640625], [90.71210937500001, 76.995703125], [90.99492187499999, 76.712890625], [91.34843749999999, 76.21796875], [91.7373046875, 75.7583984375], [91.94941406250001, 75.5462890625], [92.47968750000001, 75.0513671875], [93.00996093750001, 74.733203125], [93.64628906249999, 74.4857421875], [94.1412109375, 74.2029296875], [94.70683593749999, 73.884765625], [95.16640625, 73.6373046875], [95.6259765625, 73.460546875], [96.0501953125, 73.2484375], [96.6865234375, 73.0009765625], [97.216796875, 72.7888671875], [98.0298828125, 72.54140625], [98.984375, 72.25859375], [99.97421875, 72.046484375], [100.5751953125, 71.97578125], [101.24687499999999, 71.905078125], [101.883203125, 71.905078125], [102.7669921875, 71.905078125], [103.580078125, 71.905078125], [104.1103515625, 71.905078125], [104.7466796875, 71.905078125], [105.2416015625, 71.905078125], [105.84257812499999, 71.97578125], [106.8677734375, 72.25859375], [107.46875, 72.3646484375], [108.2818359375, 72.5767578125], [109.165625, 72.8595703125], [109.7666015625, 73.036328125], [110.33222656250001, 73.177734375], [110.933203125, 73.2837890625], [111.357421875, 73.4251953125], [111.781640625, 73.601953125], [112.2412109375, 73.7787109375], [112.80683593750001, 73.9908203125], [113.26640624999999, 74.23828125], [113.69062500000001, 74.4857421875], [114.22089843750001, 74.80390625], [114.57441406250001, 75.0513671875], [115.03398437499999, 75.3341796875], [115.316796875, 75.5109375], [115.52890625, 75.65234375], [115.8470703125, 75.864453125], [116.0591796875, 76.1119140625], [116.306640625, 76.3240234375], [116.4833984375, 76.571484375], [116.66015625, 76.8189453125], [116.8369140625, 76.995703125], [116.94296875, 77.2078125], [117.04902343750001, 77.3845703125], [117.15507812499999, 77.490625], [117.33183593749999, 77.6673828125], [117.4732421875, 77.91484375], [117.50859374999999, 78.0916015625], [117.57929687500001, 78.3037109375], [117.68535156249999, 78.551171875], [117.75605468750001, 78.692578125], [117.79140625, 78.9400390625], [117.86210937499999, 79.04609375], [117.86210937499999, 79.2228515625], [117.93281250000001, 79.32890625], [117.93281250000001, 79.4349609375], [117.9681640625, 79.541015625], [118.03886718749999, 79.6470703125], [118.03886718749999, 79.753125], [118.07421875, 79.9298828125], [118.144921875, 80.0359375], [118.1802734375, 80.1419921875], [118.1802734375, 80.248046875], [118.2509765625, 80.248046875], [118.3216796875, 80.248046875]], {"i0": 0.13, "spread": 0.5, "falloff": 2.0}], [[[94.53007812499999, 114.468359375], [94.53007812499999, 114.5390625], [94.53007812499999, 114.821875], [94.03515625, 116.023828125], [93.0806640625, 117.296484375], [92.30292968750001, 118.28632812500001], [91.8080078125, 118.99335937500001], [91.3130859375, 119.70039062500001], [90.9595703125, 120.23066406250001], [90.570703125, 120.7255859375], [90.2171875, 121.29121093750001], [89.9697265625, 121.7154296875], [89.5455078125, 122.2103515625], [89.2626953125, 122.4931640625], [89.015234375, 122.669921875], [88.732421875, 122.88203125000001], [88.2021484375, 123.2001953125], [87.6365234375, 123.51835937499999], [87.0708984375, 123.8365234375], [86.68203125, 124.1546875], [86.0810546875, 124.47285156250001], [85.5861328125, 124.86171875], [84.5962890625, 125.35664062500001], [83.5357421875, 125.922265625], [82.2630859375, 126.41718750000001], [81.096484375, 126.9828125], [80.0359375, 127.47773437500001], [78.7986328125, 127.97265625], [78.0208984375, 128.2908203125], [77.4552734375, 128.5029296875], [77.06640625, 128.53828125], [76.50078125, 128.7150390625], [75.8291015625, 128.9271484375], [75.1927734375, 129.10390625], [74.450390625, 129.316015625], [73.7080078125, 129.457421875], [72.894921875, 129.6341796875], [72.187890625, 129.7755859375], [71.4455078125, 129.9876953125], [70.703125, 130.0583984375], [70.066796875, 130.164453125], [69.3244140625, 130.23515625], [68.652734375, 130.305859375], [67.9103515625, 130.305859375], [67.2740234375, 130.3765625], [66.531640625, 130.447265625], [66.0013671875, 130.447265625], [65.3650390625, 130.447265625], [64.7994140625, 130.4826171875], [64.269140625, 130.4826171875], [63.703515624999994, 130.4826171875], [63.2439453125, 130.4826171875], [62.6076171875, 130.4826171875], [61.935937499999994, 130.4826171875], [61.441015625000006, 130.4826171875], [60.94609375, 130.4826171875], [60.557226562500006, 130.447265625], [60.1330078125, 130.305859375], [59.4259765625, 130.09375], [59.0017578125, 129.9876953125], [58.5421875, 129.740234375], [58.0119140625, 129.4927734375], [57.481640625, 129.2453125], [56.986718749999994, 128.9978515625], [56.3857421875, 128.6796875], [55.749414062499994, 128.396875], [55.219140624999994, 128.2201171875], [54.865624999999994, 128.043359375], [54.6181640625, 127.901953125], [54.547460937500006, 127.8666015625], [54.8302734375, 127.8666015625]], {"i0": 0.05, "spread": 1.62,