{"disk": {"mu": [34.904296875, 34.091212034225464], "roll": -0.27994982252379114, "rEff": 15.480803454196534, "axRatio": 0.6208356845497239, "i0": 0.19, "c": 2, "n": 1}, "bulge": {"mu": [34.52837777137756, 34.32908356189728], "roll": -0.7853990386334337, "rEff": 3.967219899442879, "axRatio": 0.9786725594618059, "i0": 1.0, "c": 2, "n": 1.01}, "bar": null, "spiral": []}