{"disk": {"mu": [105.3973388671875, 105.8203125], "roll": 0.6902506473841965, "rEff": 68.10702824812631, "axRatio": 0.9271929104908493, "i0": 0.21, "c": 2, "n": 1}, "bulge": {"mu": [106.6278076171875, 103.359375], "roll": 0.20749622643520266, "rEff": 3.9818969200966756, "axRatio": 0.5, "i0": 0.51, "c": 2, "n": 1.01}, "bar": {"mu": [107.2430419921875, 84.4921875], "roll": 0.4398425828157362, "rEff": 4.265625, "axRatio": 0.3448275862068966, "i0": 0.11, "c": 1.99, "n": 0.51}, "spiral": [[[[110.33203125, 125.91796875]], {"i0": 0.75, "spread": 1.0, "falloff": 1.0}], [[[116.484375, 128.7890625]], {"i0": 0.75, "spread": 1.0, "falloff": 1.0}], [[[193.59375, 145.60546875], [193.18359375, 145.60546875], [193.18359375, 146.42578125], [192.7734375, 146.8359375], [192.36328125, 146.8359375]], {"i0": 0.75, "spread": 1.0, "falloff": 1.0}], [[[103.359375, 174.7265625], [102.94921875, 174.7265625], [102.94921875, 175.13671875], [103.359375, 175.546875], [103.76953125, 176.3671875], [104.1796875, 176.3671875], [104.58984375, 177.59765625], [105.0, 177.59765625], [105.0, 178.0078125], [105.41015625, 178.41796875], [105.8203125, 178.828125], [105.8203125, 179.23828125], [105.8203125, 180.05859375], [106.640625, 180.05859375], [107.05078125, 180.46875]], {"i0": 0.75, "spread": 1.0, "falloff": 1.0}], [[[126.73828125, 164.8828125], [127.1484375, 165.29296875], [127.55859375, 166.11328125], [127.96875, 166.5234375], [128.7890625, 167.34375], [129.19921875, 167.34375], [129.609375, 167.34375]], {"i0": 0.75, "spread": 1.0, "falloff": 1.0}], [[[46.34765625, 106.23046875], [45.9375, 106.23046875], [45.52734375, 106.23046875]], {"i0": 0.75, "spread": 1.0, "falloff": 1.0}], [[[75.05859375, 37.734375], [75.05859375, 38.5546875], [75.05859375, 38.96484375], [75.05859375, 39.78515625], [75.46875, 40.1953125]], {"i0": 0.75, "spread": 1.0, "falloff": 1.0}], [[[91.875, 171.03515625], [91.875, 170.625], [92.28515625, 171.03515625], [92.28515625, 172.265625], [92.28515625, 173.49609375]], {"i0": 0.75, "spread": 1.0, "falloff": 1.0}]]}