{"disk": {"mu": [76.32947227358818, 76.2864508330822], "roll": -2.652588512297621, "rEff": 49.03779087587718, "axRatio": 0.7433912539087644, "i0": 0.21, "c": 2, "n": 1}, "bulge": {"mu": [75.93623560667038, 76.87630358338356], "roll": -2.3517477770695105, "rEff": 3.732322223106179, "axRatio": 0.669663310683109, "i0": 0.75, "c": 2, "n": 0.5}, "bar": null, "spiral": []}