{"disk": {"mu": [117.2142333984375, 117.0], "roll": 0.5688478584213592, "rEff": 80.16114458740282, "axRatio": 0.7570412193927062, "i0": 0.11, "c": 2, "n": 1}, "bulge": null, "bar": {"mu": [117.6712646484375, 117.9140625], "roll": 2.272056249661174, "rEff": 13.1625, "axRatio": 0.5, "i0": 0.27, "c": 2.32, "n": 0.92}, "spiral": [[[[130.025390625, 117.45703125], [130.939453125, 117.45703125], [132.310546875, 117.9140625], [133.681640625, 118.37109375], [135.052734375, 118.828125], [135.966796875, 119.28515625], [136.880859375, 119.7421875], [137.337890625, 120.19921875], [137.794921875, 120.19921875], [137.794921875, 120.65625], [138.251953125, 120.65625], [138.708984375, 121.11328125], [139.166015625, 121.11328125], [139.166015625, 121.5703125], [139.623046875, 122.02734375], [140.080078125, 122.484375], [140.080078125, 122.94140625], [140.080078125, 123.3984375], [140.080078125, 123.85546875], [140.080078125, 124.3125], [140.080078125, 124.76953125], [140.080078125, 125.2265625], [139.623046875, 125.68359375], [139.166015625, 126.140625], [138.708984375, 126.59765625], [138.251953125, 127.0546875], [137.794921875, 127.51171875], [137.337890625, 127.96875], [136.880859375, 127.96875], [136.423828125, 128.42578125], [135.966796875, 128.42578125], [135.509765625, 128.42578125], [135.052734375, 128.8828125], [134.138671875, 128.8828125], [133.681640625, 128.8828125], [133.224609375, 129.33984375], [132.767578125, 129.33984375], [131.853515625, 129.796875], [130.939453125, 130.25390625], [130.482421875, 130.7109375], [129.568359375, 131.16796875], [128.654296875, 131.625], [128.197265625, 132.08203125], [127.740234375, 132.08203125], [127.283203125, 132.5390625], [126.826171875, 132.99609375], [126.369140625, 132.99609375], [125.912109375, 132.99609375], [125.912109375, 133.453125], [125.455078125, 133.453125], [124.998046875, 133.91015625], [124.083984375, 133.91015625], [123.626953125, 134.3671875], [123.169921875, 134.82421875], [122.712890625, 134.82421875], [122.255859375, 135.28125], [121.798828125, 135.28125], [121.341796875, 135.73828125], [120.884765625, 135.73828125], [120.427734375, 136.1953125], [119.970703125, 136.1953125], [119.513671875, 136.65234375], [119.056640625, 136.65234375], [118.599609375, 136.65234375], [118.142578125, 136.65234375], [118.142578125, 137.109375], [117.685546875, 137.109375], [117.228515625, 137.56640625], [116.314453125, 138.0234375], [115.857421875, 138.48046875], [114.943359375, 138.48046875], [114.486328125, 138.48046875], [113.572265625, 138.48046875], [113.115234375, 138.9375], [112.658203125, 138.9375], [112.201171875, 138.9375], [111.744140625, 138.9375], [111.287109375, 138.9375], [110.830078125, 138.9375], [109.916015625, 138.9375], [108.087890625, 139.39453125], [106.716796875, 139.39453125], [105.345703125, 139.39453125], [104.431640625, 139.8515625], [102.603515625, 139.8515625], [101.232421875, 140.30859375], [100.775390625, 140.30859375], [99.861328125, 140.30859375], [99.404296875, 140.30859375], [98.947265625, 140.30859375], [98.033203125, 140.30859375], [97.576171875, 140.30859375], [96.662109375, 140.30859375], [95.748046875, 139.8515625], [94.833984375, 139.8515625], [93.919921875, 139.39453125], [93.919921875, 138.9375], [93.462890625, 138.9375], [93.005859375, 138.9375], [93.005859375, 138.48046875], [92.548828125, 138.48046875]], {"i0": 0.12, "spread": 1.14, "falloff": 0.9}], [[[100.318359375, 108.7734375], [100.318359375, 107.859375], [101.232421875, 106.9453125], [102.146484375, 105.1171875], [103.060546875, 103.74609375], [103.974609375, 103.2890625], [103.974609375, 102.83203125], [104.431640625, 102.375], [105.345703125, 101.91796875], [105.802734375, 101.91796875], [105.802734375, 101.4609375], [106.716796875, 101.00390625], [107.173828125, 101.00390625], [108.087890625, 100.08984375], [108.544921875, 100.08984375], [109.001953125, 100.08984375], [109.458984375, 100.08984375], [109.458984375, 99.6328125], [110.373046875, 99.6328125], [110.830078125, 99.6328125], [111.287109375, 99.17578125], [111.744140625, 99.17578125], [112.201171875, 99.17578125], [113.115234375, 99.17578125], [113.572265625, 99.17578125], [114.029296875, 99.17578125], [114.486328125, 98.71875], [114.943359375, 98.71875], [115.857421875, 98.26171875], [116.314453125, 98.26171875], [117.228515625, 98.26171875], [118.142578125, 97.8046875], [119.056640625, 97.8046875], [119.970703125, 97.34765625], [120.884765625, 97.34765625], [121.341796875, 96.890625], [121.798828125, 96.890625], [122.712890625, 96.890625], [123.169921875, 96.890625], [124.541015625, 96.43359375], [125.455078125, 96.43359375], [126.826171875, 96.43359375], [127.740234375, 96.43359375], [129.568359375, 95.9765625], [130.482421875, 95.9765625], [131.396484375, 95.9765625], [131.853515625, 95.9765625], [132.310546875, 95.9765625]], {"i0": 0.18, "spread": 1.0, "falloff": 0.9}]]}