{"disk": {"mu": [68.75921630859375, 67.697265625], "roll": -0.7853981633974483, "rEff": 35.495103134046275, "axRatio": 0.5412297317220465, "i0": 0.2, "c": 2, "n": 1}, "bulge": {"mu": [68.94712853431702, 68.36825239658356], "roll": -3.2360440326447644, "rEff": 4.375212017117276, "axRatio": 0.615187171093667, "i0": 0.41, "c": 2, "n": 0.5}, "bar": null, "spiral": [[[[66.2255859375, 77.7314453125], [65.93125, 77.7314453125], [65.075, 77.59765625], [63.951171875, 77.30332031249999], [63.094921875000004, 77.03574218749999], [62.533007812499996, 76.6076171875], [61.810546875, 76.473828125], [61.382421875, 76.1794921875], [61.2486328125, 76.045703125], [60.820507812500004, 75.75136718750001], [60.392382812499996, 75.3232421875], [60.098046875, 75.02890624999999], [59.669921875, 74.60078125], [59.5361328125, 74.333203125], [59.40234375, 74.1994140625], [58.97421875, 73.61074218750001], [58.8404296875, 73.47695312500001], [58.412304687500004, 73.1826171875], [58.251757812499996, 72.9150390625], [57.8236328125, 72.3263671875], [57.68984375, 71.925], [57.3955078125, 71.764453125], [57.26171875, 71.33632812500001], [57.1279296875, 71.20253906250001], [56.83359375, 71.06875000000001], [56.83359375, 70.640625], [56.6998046875, 70.21249999999999], [56.566015625, 69.9181640625], [56.271679687500004, 69.6505859375], [56.137890625000004, 69.35625], [55.977343749999996, 68.92812500000001], [55.709765624999996, 68.79433593750001], [55.709765624999996, 68.6337890625], [55.709765624999996, 68.3662109375], [55.709765624999996, 68.2056640625], [55.54921875, 67.7775390625], [55.54921875, 67.64375], [55.54921875, 67.5099609375], [55.54921875, 67.3494140625], [55.4154296875, 67.3494140625]], {"i0": 0.04, "spread": 1.45, "falloff": 2.0}], [[[55.281640625, 84.71523437500001], [55.12109375, 84.5546875], [54.5591796875, 84.287109375], [53.863476562500004, 83.99277343749999], [52.4453125, 82.8689453125], [51.160937499999996, 81.290234375], [49.8765625, 79.73828125], [49.154101562499996, 78.7482421875], [48.7259765625, 78.02578125000001], [48.2978515625, 77.16953124999999], [48.0302734375, 76.6076171875], [47.6021484375, 76.045703125], [47.040234375000004, 75.189453125], [46.4515625, 74.60078125], [46.183984375, 74.0388671875], [45.6220703125, 73.47695312500001], [45.327734375, 73.048828125], [44.899609375000004, 72.48691406249999], [44.471484374999996, 71.925], [44.043359375, 71.496875], [43.187109375, 70.34628906249999], [42.91953125, 70.051953125], [42.758984375000004, 69.9181640625], [42.330859374999996, 69.35625], [41.7689453125, 68.92812500000001], [41.63515625, 68.6337890625], [41.3408203125, 68.3662109375], [41.3408203125, 68.2056640625], [41.046484375, 67.9380859375], [41.046484375, 67.64375], [40.9126953125, 67.5099609375], [40.9126953125, 67.3494140625], [40.77890625, 66.948046875], [40.6451171875, 66.519921875], [40.6451171875, 66.359375], [40.484570312500004, 66.2255859375], [40.350781250000004, 65.7974609375], [40.216992187500004, 65.503125], [40.216992187500004, 65.3693359375], [40.056445312499996, 65.075], [39.922656249999996, 64.807421875], [39.922656249999996, 64.5130859375], [39.922656249999996, 64.379296875]], {"i0": 0.0, "spread": 1.91, "falloff": 2.0}], [[[87.6853515625, 79.57773437499999], [87.39101562500001, 79.31015624999999], [87.12343750000001, 79.149609375], [86.5615234375, 77.89199218750001], [85.8390625, 77.03574218749999], [85.4109375, 75.75136718750001], [85.2771484375, 75.189453125], [85.11660156250001, 74.76132812499999], [85.11660156250001, 74.4669921875], [85.11660156250001, 74.1994140625], [84.98281250000001, 74.0388671875], [84.84902343750001, 73.905078125], [84.84902343750001, 73.61074218750001], [84.84902343750001, 73.34316406250001], [84.6884765625, 73.048828125], [84.6884765625, 72.9150390625], [84.5546875, 72.48691406249999], [84.287109375, 72.3263671875], [84.12656249999999, 72.0587890625], [83.99277343749999, 71.764453125], [83.6984375, 71.496875], [83.430859375, 71.20253906250001], [83.002734375, 70.7744140625], [82.84218750000001, 70.48007812499999], [82.70839843750001, 70.34628906249999], [82.4140625, 70.051953125], [82.2802734375, 69.9181640625], [82.0126953125, 69.784375], [81.85214843749999, 69.6505859375], [81.71835937499999, 69.4900390625], [81.290234375, 69.2224609375], [81.1564453125, 68.79433593750001], [80.7283203125, 68.2056640625], [80.43398437500001, 67.64375], [80.1396484375, 67.3494140625], [80.005859375, 66.948046875], [79.8720703125, 66.6537109375], [79.73828125, 66.2255859375], [79.57773437499999, 66.091796875], [79.44394531249999, 66.091796875]], {"i0": 0.05, "spread": 0.97, "falloff": 2.0}]]}