{"disk": {"mu": [79.9161376953125, 78.324951171875], "roll": 1.4472902284788582, "rEff": 44.638653840256275, "axRatio": 0.8636218208943508, "i0": 0.22, "c": 2, "n": 1}, "bulge": {"mu": [78.73768872022629, 78.27167618274689], "roll": 1.4946757005346376, "rEff": 5.749473611839884, "axRatio": 0.8879401351271266, "i0": 0.29, "c": 2, "n": 2.63}, "bar": {"mu": [67.21955978870392, 76.07006865739821], "roll": 1.2263225670562306, "rEff": 6.477814383481269, "axRatio": 0.36101371855043346, "i0": 0.1, "c": 2.49, "n": 1.0}, "spiral": [[[[77.42617187500001, 85.511328125], [77.42617187500001, 85.634765625], [77.673046875, 86.128515625], [78.04335937500001, 86.375390625], [78.41367187499999, 86.7765625], [79.154296875, 87.2703125], [79.80234375, 87.8875], [80.66640625, 88.5046875], [81.77734375, 89.276171875], [83.536328125, 90.510546875], [84.276953125, 91.127734375], [84.925, 91.52890625], [85.41875, 91.77578125], [86.0359375, 91.89921875], [87.301171875, 91.40546875], [88.165234375, 91.004296875], [89.55390625, 90.757421875], [90.41796875, 90.633984375], [91.03515625, 90.387109375], [91.806640625, 89.646484375], [92.176953125, 88.875], [92.547265625, 88.2578125], [92.917578125, 87.7640625], [93.164453125, 87.2703125], [93.411328125, 86.375390625], [93.534765625, 85.264453125], [93.287890625, 84.12265625], [93.287890625, 83.25859375], [93.287890625, 82.51796875], [93.781640625, 81.90078125], [94.30625, 81.129296875], [94.30625, 81.005859375], [94.30625, 80.758984375], [94.1828125, 80.388671875], [94.059375, 80.018359375]], {"i0": 0.23, "spread": 0.24, "falloff": 1.31}]]}