{"disk": {"mu": [75.34332275390625, 75.094482421875], "roll": -2.5301751263786065, "rEff": 20.698940889694768, "axRatio": 0.5589333327530943, "i0": 0.15, "c": 2, "n": 1}, "bulge": {"mu": [75.04840087890625, 75.094482421875], "roll": -2.52944015664471, "rEff": 3.302683245955558, "axRatio": 0.5, "i0": 0.58, "c": 2, "n": 0.5}, "bar": {"mu": [75.93316650390625, 74.504638671875], "roll": 0.6928795422778014, "rEff": 1.380234375, "axRatio": 0.28125, "i0": 0.2, "c": 2.01, "n": 0.43}, "spiral": [[[[88.6240234375, 61.520703125], [88.6240234375, 61.22578125], [88.6240234375, 60.930859375], [88.3291015625, 60.6359375], [88.0341796875, 60.341015625], [88.0341796875, 60.04609375], [87.7392578125, 60.04609375], [87.7392578125, 59.751171875], [87.4443359375, 59.751171875], [87.1494140625, 59.751171875], [86.8544921875, 59.751171875], [86.5595703125, 59.45625], [86.2646484375, 59.45625], [85.9697265625, 59.45625], [85.6748046875, 59.45625], [85.3798828125, 59.45625], [85.0849609375, 59.45625], [84.7900390625, 59.45625], [84.4951171875, 59.45625], [84.2001953125, 59.161328125], [83.9052734375, 59.161328125], [83.6103515625, 58.86640625], [83.3154296875, 58.86640625], [82.7255859375, 58.86640625], [82.4306640625, 58.571484375], [82.1357421875, 58.571484375], [81.8408203125, 58.571484375], [81.5458984375, 58.571484375], [81.5458984375, 58.86640625], [81.2509765625, 58.86640625], [81.2509765625, 59.161328125], [80.9560546875, 59.161328125], [80.6611328125, 59.45625], [80.3662109375, 59.45625], [80.0712890625, 59.751171875], [79.7763671875, 59.751171875], [79.4814453125, 60.04609375], [79.1865234375, 60.04609375], [78.8916015625, 60.04609375], [78.8916015625, 60.341015625], [78.5966796875, 60.341015625], [78.5966796875, 60.6359375], [78.3017578125, 60.6359375], [78.0068359375, 60.6359375], [77.7119140625, 60.6359375], [77.4169921875, 60.6359375], [77.1220703125, 60.6359375], [77.1220703125, 60.930859375], [76.8271484375, 60.930859375], [76.5322265625, 60.930859375], [76.2373046875, 60.930859375], [75.9423828125, 60.930859375], [75.6474609375, 61.22578125], [75.6474609375, 61.520703125], [75.3525390625, 61.520703125], [75.0576171875, 61.815625], [75.0576171875, 62.110546875], [74.7626953125, 62.110546875], [74.4677734375, 62.110546875], [74.1728515625, 62.110546875], [73.8779296875, 62.40546875], [73.5830078125, 62.40546875], [73.2880859375, 62.700390625], [72.9931640625, 62.700390625], [72.9931640625, 62.9953125], [72.6982421875, 62.9953125], [72.4033203125, 62.9953125], [72.1083984375, 63.290234375], [71.5185546875, 63.58515625], [71.2236328125, 63.880078125], [70.9287109375, 64.175], [70.3388671875, 64.469921875], [70.3388671875, 64.76484375], [70.0439453125, 64.76484375], [70.0439453125, 65.059765625], [69.7490234375, 65.059765625], [69.4541015625, 65.059765625], [69.1591796875, 65.3546875], [68.8642578125, 65.649609375], [68.5693359375, 65.94453125], [68.2744140625, 65.94453125], [68.2744140625, 66.239453125], [67.9794921875, 66.239453125], [67.9794921875, 66.534375], [67.6845703125, 66.829296875], [67.3896484375, 66.829296875], [67.0947265625, 67.12421875], [66.7998046875, 67.12421875], [66.5048828125, 67.12421875], [66.7998046875, 67.12421875], [67.3896484375, 67.12421875]], {"i0": 0.29, "spread": 0.53, "falloff": 0.96}], [[[81.2509765625, 84.81953125000001], [81.2509765625, 85.11445312500001], [81.2509765625, 85.40937500000001], [81.2509765625, 85.70429687500001], [80.9560546875, 85.99921875000001], [80.9560546875, 86.29414062500001], [80.6611328125, 86.29414062500001], [80.6611328125, 86.58906250000001], [80.3662109375, 86.88398437500001], [80.0712890625, 86.88398437500001], [80.0712890625, 87.17890625000001], [79.7763671875, 87.17890625000001], [79.7763671875, 87.47382812500001], [79.7763671875, 87.76875000000001], [79.4814453125, 87.76875000000001], [79.4814453125, 88.06367187500001], [79.1865234375, 88.35859375000001], [78.8916015625, 88.65351562500001], [78.5966796875, 88.65351562500001], [78.3017578125, 88.94843750000001], [78.0068359375, 89.24335937500001], [77.7119140625, 89.24335937500001], [77.4169921875, 89.53828125000001], [77.1220703125, 89.53828125000001], [76.5322265625, 89.83320312500001], [76.2373046875, 90.12812500000001], [75.9423828125, 90.12812500000001], [75.6474609375, 90.12812500000001], [75.3525390625, 90.42304687500001], [75.0576171875, 90.42304687500001], [74.7626953125, 90.71796875000001], [74.4677734375, 90.71796875000001], [74.1728515625, 90.71796875000001], [73.8779296875, 90.71796875000001], [73.5830078125, 91.01289062500001], [73.2880859375, 91.01289062500001], [72.9931640625, 91.01289062500001], [72.6982421875, 91.30781250000001], [72.4033203125, 91.30781250000001], [72.1083984375, 91.30781250000001], [71.8134765625, 91.60273437500001], [71.5185546875, 91.60273437500001], [71.2236328125, 91.60273437500001], [70.9287109375, 91.60273437500001], [70.6337890625, 91.60273437500001], [70.3388671875, 91.60273437500001], [70.0439453125, 91.60273437500001], [69.7490234375, 91.60273437500001], [69.4541015625, 91.60273437500001], [69.1591796875, 91.89765625000001], [68.8642578125, 91.89765625000001], [68.5693359375, 91.89765625000001], [68.2744140625, 91.89765625000001], [68.2744140625, 92.19257812500001], [67.9794921875, 92.19257812500001], [67.6845703125, 92.19257812500001], [67.3896484375, 92.48750000000001], [67.0947265625, 92.48750000000001], [66.5048828125, 92.48750000000001], [65.9150390625, 92.48750000000001], [65.6201171875, 92.78242187500001], [65.3251953125, 92.78242187500001], [65.0302734375, 92.78242187500001], [64.7353515625, 93.07734375000001], [64.4404296875, 93.07734375000001], [64.1455078125, 93.07734375000001], [63.8505859375, 93.37226562500001], [63.5556640625, 93.37226562500001], [63.2607421875, 93.37226562500001], [62.6708984375, 93.37226562500001], [62.3759765625, 93.37226562500001], [61.7861328125, 93.37226562500001], [61.4912109375, 93.37226562500001], [61.1962890625, 93.37226562500001], [60.9013671875, 93.37226562500001], [60.6064453125, 93.37226562500001], [60.3115234375, 93.37226562500001], [60.0166015625, 93.37226562500001], [59.7216796875, 93.37226562500001], [59.4267578125, 93.37226562500001], [59.1318359375, 93.07734375000001], [58.8369140625, 93.07734375000001], [58.5419921875, 93.07734375000001], [58.2470703125, 93.07734375000001], [57.9521484375, 93.07734375000001], [57.6572265625, 93.07734375000001], [57.3623046875, 93.07734375000001], [57.0673828125, 93.07734375000001], [56.7724609375, 93.07734375000001], [56.4775390625, 93.07734375000001], [56.4775390625, 92.78242187500001], [56.1826171875, 92.78242187500001], [55.8876953125, 92.78242187500001], [55.5927734375, 92.78242187500001], [55.5927734375, 92.48750000000001], [55.2978515625, 92.48750000000001], [55.0029296875, 92.48750000000001], [54.7080078125, 92.48750000000001], [54.4130859375, 92.48750000000001], [54.1181640625, 92.48750000000001], [53.8232421875, 92.48750000000001], [53.5283203125, 92.48750000000001], [53.2333984375, 92.19257812500001], [52.9384765625, 92.19257812500001], [52.6435546875, 91.89765625000001], [52.3486328125, 91.89765625000001], [52.0537109375, 91.89765625000001], [51.7587890625, 91.89765625000001], [51.4638671875, 91.89765625000001], [51.4638671875, 91.60273437500001], [51.1689453125, 91.60273437500001], [51.1689453125, 91.30781250000001], [50.8740234375, 91.30781250000001], [50.8740234375, 91.01289062500001], [50.5791015625, 91.01289062500001], [50.2841796875, 91.01289062500001], [49.9892578125, 91.01289062500001], [49.9892578125, 90.71796875000001], [49.6943359375, 90.71796875000001], [49.3994140625, 90.71796875000001], [49.3994140625, 90.42304687500001], [49.1044921875, 90.42304687500001], [48.8095703125, 90.42304687500001], [48.8095703125, 90.12812500000001], [48.5146484375, 90.12812500000001], [48.2197265625, 90.12812500000001], [48.2197265625, 89.83320312500001], [48.5146484375, 89.83320312500001], [49.1044921875, 90.12812500000001]], {"i0": 0.39, "spread": 1.45,