{"disk": {"mu": [92.5390625, 93.20989656448364], "roll": -4.443426910767834, "rEff": 56.99020600564983, "axRatio": 0.6075096065318633, "i0": 0.22, "c": 2, "n": 1}, "bulge": {"mu": [92.15721011161804, 91.59024691581726], "roll": 2.368851496737251, "rEff": 4.74732889471484, "axRatio": 0.7611178155060376, "i0": 0.53, "c": 2, "n": 0.61}, "bar": null, "spiral": [[[[101.95468749999999, 86.86093749999999], [99.3671875, 76.9421875], [91.92812500000001, 69.934375], [82.6921875, 66.55624999999999], [71.875, 65.98125], [66.4484375, 70.14999999999999], [64.2921875, 77.48125], [64.6515625, 86.17812500000001], [69.25156249999999, 98.00156249999999]], {"i0": 0.04, "spread": 0.68, "falloff": 1.68}], [[[83.7703125, 96.8875]], {"i0": 0.75, "spread": 1.0, "falloff": 1.68}], [[[82.8359375, 96.8875], [79.6015625, 102.67343749999999], [80.8953125, 112.3046875], [87.97500000000001, 121.971875], [95.0546875, 129.05156250000002], [102.4578125, 127.11093749999999], [112.0890625, 120.67812500000001], [114.35312499999999, 111.65781249999999]], {"i0": 0.0, "spread": 1.16, "falloff": 1.68}]]}