{"disk": {"mu": [69.854736328125, 70.4400634765625], "roll": 1.3630276950272873, "rEff": 62.15160541624529, "axRatio": 0.9617684759036849, "i0": 0.08, "c": 2, "n": 1}, "bulge": {"mu": [70.675048828125, 69.8931884765625], "roll": -0.18822150530477075, "rEff": 5.845426104883736, "axRatio": 0.8197919391707945, "i0": 0.5, "c": 2, "n": 1.0}, "bar": {"mu": [70.675048828125, 70.0299072265625], "roll": 0.0, "rEff": 6.2890625, "axRatio": 0.20909090909090908, "i0": 0.2, "c": 2.0, "n": 0.5}, "spiral": [[[[60.29296875, 67.4296875], [60.29296875, 67.15625], [60.29296875, 66.0625], [60.29296875, 65.2421875], [60.56640625, 64.6953125], [60.83984375, 64.1484375], [61.11328125, 63.6015625], [61.38671875, 63.0546875], [61.66015625, 62.5078125], [61.93359375, 62.234375], [62.20703125, 61.6875], [62.48046875, 61.140625], [62.75390625, 60.8671875], [63.02734375, 60.3203125], [63.30078125, 59.5], [63.57421875, 58.953125], [63.84765625, 58.6796875], [64.39453125, 57.859375], [64.66796875, 57.0390625], [64.94140625, 56.4921875], [65.21484375, 56.21875], [65.48828125, 55.9453125], [65.76171875, 55.671875], [65.76171875, 55.125], [66.03515625, 54.8515625], [66.30859375, 54.578125], [66.58203125, 54.3046875], [66.85546875, 54.03125], [67.12890625, 53.7578125], [67.40234375, 53.484375], [67.67578125, 53.2109375], [67.94921875, 52.9375], [68.22265625, 52.390625], [68.76953125, 51.84375], [69.04296875, 51.296875], [69.31640625, 51.0234375], [69.58984375, 50.4765625], [70.13671875, 50.203125], [70.41015625, 49.9296875], [70.68359375, 49.3828125], [71.23046875, 49.109375], [71.50390625, 48.5625], [71.77734375, 48.2890625], [72.05078125, 48.015625], [72.59765625, 47.7421875], [73.14453125, 47.7421875], [73.41796875, 47.46875], [73.69140625, 47.46875], [73.96484375, 47.1953125], [74.23828125, 47.1953125]], {"i0": 0.19, "spread": 1.0, "falloff": 0.81}], [[[82.71484375, 71.2578125], [82.71484375, 71.53125], [82.71484375, 72.625], [82.71484375, 73.4453125], [82.44140625, 74.265625], [82.44140625, 74.8125], [82.16796875, 75.6328125], [81.89453125, 76.1796875], [81.89453125, 76.453125], [81.62109375, 77.0], [81.34765625, 77.546875], [81.34765625, 78.09375], [80.80078125, 78.640625], [80.52734375, 78.9140625], [80.25390625, 79.4609375], [79.98046875, 79.734375], [79.43359375, 80.28125], [79.16015625, 80.5546875], [78.88671875, 81.1015625], [78.33984375, 81.6484375], [78.06640625, 82.1953125], [77.51953125, 82.46875], [76.97265625, 83.015625], [76.69921875, 83.5625], [75.87890625, 84.109375], [75.33203125, 84.3828125], [74.51171875, 84.9296875], [73.96484375, 85.203125], [73.14453125, 85.4765625], [72.59765625, 85.75], [71.77734375, 86.0234375], [71.23046875, 86.296875], [70.13671875, 86.84375], [69.58984375, 87.1171875], [69.04296875, 87.1171875], [67.67578125, 87.390625], [66.58203125, 87.6640625], [65.48828125, 87.6640625], [64.66796875, 87.6640625], [64.12109375, 87.6640625], [63.02734375, 87.6640625], [62.48046875, 87.6640625], [61.38671875, 87.6640625], [60.83984375, 87.6640625], [60.29296875, 87.6640625], [59.47265625, 87.390625], [58.65234375, 87.1171875], [57.83203125, 86.84375], [57.28515625, 86.84375], [56.73828125, 86.5703125], [56.19140625, 86.296875], [55.64453125, 86.0234375], [54.82421875, 85.75], [54.27734375, 85.4765625], [53.18359375, 84.9296875], [52.36328125, 84.65625], [51.81640625, 84.3828125], [50.99609375, 84.109375], [50.44921875, 83.5625], [49.90234375, 83.2890625], [49.35546875, 83.015625], [49.08203125, 82.7421875], [48.53515625, 82.46875], [48.26171875, 81.921875], [47.44140625, 81.375], [47.16796875, 80.828125], [46.62109375, 80.28125], [46.07421875, 79.734375], [45.80078125, 79.4609375], [45.52734375, 78.9140625], [45.25390625, 78.640625], [44.98046875, 78.3671875], [44.98046875, 78.09375], [44.70703125, 77.8203125], [44.43359375, 77.0], [44.43359375, 76.453125], [44.16015625, 75.90625], [44.16015625, 75.359375], [44.16015625, 74.8125], [43.88671875, 74.265625], [43.88671875, 73.71875], [43.88671875, 73.4453125], [43.61328125, 72.625], [43.61328125, 72.078125], [43.33984375, 71.53125], [43.33984375, 70.984375], [43.06640625, 70.1640625], [43.06640625, 69.6171875], [43.06640625, 69.0703125], [43.06640625, 68.5234375], [43.06640625, 67.703125], [43.06640625, 66.8828125], [43.06640625, 66.0625], [43.33984375, 65.2421875], [43.61328125, 64.1484375], [43.88671875, 63.328125], [43.88671875, 62.5078125], [44.16015625, 61.9609375], [44.43359375, 61.140625], [44.70703125, 60.3203125], [44.98046875, 59.7734375], [45.25390625, 58.953125], [45.80078125, 57.5859375], [46.07421875, 57.0390625], [46.34765625, 56.4921875], [46.62109375, 55.9453125], [46.62109375, 55.671875], [46.89453125, 55.125], [47.16796875, 54.8515625], [47.71484375, 54.578125], [47.71484375, 54.3046875], [47.98828125, 54.03125], [47.98828125, 53.7578125], [48.26171875, 53.7578125], [48.53515625, 54.03125]], {"i0": 0.18, "spread": 1.34, "falloff": 0.81}]]}