{"disk": {"mu": [56.5477294921875, 56.33203125], "roll": 0.3754622836998748, "rEff": 35.01712939555063, "axRatio": 0.6319449283261703, "i0": 0.09, "c": 2, "n": 1}, "bulge": {"mu": [57.4383544921875, 56.33203125], "roll": 0.0, "rEff": 5.023124999999999, "axRatio": 0.7411856873793272, "i0": 0.64, "c": 2, "n": 1.19}, "bar": {"mu": [57.9949951171875, 55.55273437500004], "roll": 0.6252897658812346, "rEff": 4.8623472917788995, "axRatio": 0.19288825600663262, "i0": 0.22, "c": 2.45, "n": 0.3}, "spiral": [[[[71.25, 51.2109375], [71.25, 50.98828125], [71.25, 50.54296875], [71.25, 50.3203125], [71.25, 50.09765625], [71.25, 49.4296875], [71.25, 48.5390625], [71.25, 48.09375], [71.25, 47.87109375], [71.25, 47.6484375], [71.25, 47.42578125], [71.25, 47.203125], [71.25, 46.98046875], [71.25, 46.7578125], [71.25, 46.53515625], [71.25, 46.3125], [71.25, 46.08984375], [71.25, 45.8671875], [71.25, 45.64453125], [71.25, 45.421875], [71.25, 45.19921875], [71.25, 44.9765625], [71.25, 44.75390625], [71.25, 44.53125], [71.02734375, 44.30859375], [70.8046875, 44.0859375], [70.58203125, 43.86328125], [70.13671875, 43.86328125], [69.9140625, 43.640625], [69.69140625, 43.41796875], [69.24609375, 43.1953125], [68.80078125, 43.1953125], [68.578125, 42.97265625], [68.35546875, 42.97265625], [68.1328125, 42.75], [67.6875, 42.75], [67.46484375, 42.75], [67.2421875, 42.75], [67.01953125, 42.75], [66.57421875, 42.75], [66.57421875, 42.52734375], [66.3515625, 42.52734375], [66.12890625, 42.52734375], [65.68359375, 42.52734375], [65.4609375, 42.52734375], [65.23828125, 42.3046875], [64.5703125, 42.3046875], [64.34765625, 42.08203125], [64.125, 41.859375], [63.90234375, 41.859375], [63.45703125, 41.859375], [63.01171875, 41.63671875], [62.56640625, 41.63671875], [62.34375, 41.63671875], [62.12109375, 41.63671875], [62.12109375, 41.4140625], [61.67578125, 41.4140625], [61.23046875, 41.19140625], [60.78515625, 40.96875], [60.5625, 40.96875], [60.1171875, 40.96875], [59.671875, 40.96875], [59.2265625, 40.96875], [59.00390625, 40.96875], [58.78125, 40.96875], [58.3359375, 40.74609375], [58.11328125, 40.74609375], [57.890625, 40.74609375], [57.22265625, 40.74609375], [57.0, 40.74609375], [56.33203125, 40.74609375], [56.109375, 40.74609375], [55.88671875, 40.74609375], [55.6640625, 40.74609375], [55.21875, 40.74609375], [54.7734375, 40.74609375], [54.55078125, 40.74609375], [54.328125, 40.74609375], [54.10546875, 40.74609375], [53.66015625, 40.74609375], [53.4375, 40.74609375], [53.21484375, 40.96875], [52.9921875, 41.19140625], [52.76953125, 41.19140625], [52.546875, 41.19140625], [52.546875, 41.4140625], [52.32421875, 41.4140625], [52.1015625, 41.4140625], [52.1015625, 41.63671875], [51.87890625, 41.63671875], [51.87890625, 41.859375], [51.65625, 42.08203125], [51.43359375, 42.08203125], [51.2109375, 42.08203125], [51.2109375, 42.3046875], [51.2109375, 42.52734375], [50.98828125, 42.52734375], [50.98828125, 42.75], [50.765625, 43.1953125], [50.54296875, 43.41796875], [50.3203125, 43.41796875]], {"i0": 0.24, "spread": 1.0, "falloff": 1.0}], [[[41.19140625, 60.5625], [41.19140625, 60.78515625], [41.4140625, 61.453125], [41.63671875, 61.67578125], [41.63671875, 61.8984375], [42.08203125, 62.56640625], [42.52734375, 63.01171875], [42.97265625, 63.45703125], [43.41796875, 63.6796875], [43.640625, 63.6796875], [43.86328125, 64.34765625], [44.30859375, 64.5703125], [44.53125, 64.79296875], [44.75390625, 65.015625], [45.421875, 65.68359375], [45.421875, 66.12890625], [45.64453125, 66.12890625], [45.8671875, 66.3515625], [46.08984375, 66.57421875], [46.3125, 66.796875], [46.53515625, 66.796875], [46.7578125, 67.2421875], [46.98046875, 67.46484375], [47.203125, 67.6875], [47.87109375, 68.35546875], [48.5390625, 68.80078125], [49.20703125, 68.80078125], [50.09765625, 69.0234375], [51.2109375, 69.0234375], [52.1015625, 69.0234375], [53.21484375, 69.0234375], [54.10546875, 69.0234375], [55.21875, 69.0234375], [55.6640625, 69.0234375], [56.5546875, 69.0234375], [57.22265625, 69.46875], [57.890625, 69.46875], [58.55859375, 69.46875], [59.44921875, 69.46875], [59.89453125, 69.46875], [60.33984375, 69.46875], [61.23046875, 69.46875], [61.8984375, 69.46875], [62.56640625, 69.46875], [63.45703125, 69.46875], [64.125, 69.46875], [65.015625, 69.46875], [65.90625, 69.24609375], [66.3515625, 69.0234375], [67.01953125, 69.0234375], [67.46484375, 68.578125], [67.6875, 68.578125], [68.35546875, 68.35546875], [68.578125, 67.6875], [69.0234375, 67.46484375], [69.46875, 67.01953125], [69.69140625, 67.01953125], [70.13671875, 66.796875], [70.13671875, 66.57421875], [70.359375, 66.12890625], [70.8046875, 66.12890625], [70.8046875, 65.90625], [71.02734375, 65.68359375], [71.25, 65.4609375], [71.47265625, 65.23828125], [71.6953125, 65.23828125], [71.91796875, 65.23828125], [71.91796875, 65.015625]], {"i0": 0.19, "spread": 1.0, "falloff": 1.0}]]}