{"disk": {"mu": [96.99076563119888, 97.64909282326698], "roll": -0.776469855852873, "rEff": 47.4003926195835, "axRatio": 0.6037117895466177, "i0": 0.1, "c": 2, "n": 1}, "bulge": {"mu": [98.13767328858376, 97.5290398299694], "roll": -0.9151005262160483, "rEff": 4.981532070884729, "axRatio": 0.6127519553681854, "i0": 0.68, "c": 2, "n": 1.0}, "bar": null, "spiral": []}