{"disk": {"mu": [93.20741772651672, 86.57285034656525], "roll": 1.554404340188113, "rEff": 85.79336604758362, "axRatio": 0.8300435518675074, "i0": 0.07, "c": 2, "n": 1}, "bulge": {"mu": [90.3948962688446, 89.38536643981934], "roll": 1.7798196316261312, "rEff": 7.0565705263145375, "axRatio": 0.5, "i0": 0.56, "c": 2, "n": 0.78}, "bar": null, "spiral": [[[[81.94921875, 96.08203125], [82.30078125, 95.37890625], [81.94921875, 95.37890625], [81.59765625, 94.67578125], [81.24609375, 94.67578125], [81.24609375, 94.32421875], [80.89453125, 93.26953125], [79.83984375, 92.21484375], [79.48828125, 90.45703125], [78.78515625, 89.05078125], [78.78515625, 87.29296875], [78.78515625, 85.53515625], [78.78515625, 83.07421875], [78.78515625, 81.66796875], [79.13671875, 80.61328125], [79.13671875, 80.26171875], [79.13671875, 78.85546875], [79.13671875, 77.80078125], [79.13671875, 76.39453125], [79.83984375, 75.33984375], [80.19140625, 74.98828125], [81.24609375, 74.28515625], [81.94921875, 73.23046875], [82.65234375, 72.52734375], [83.00390625, 71.82421875], [83.70703125, 71.12109375], [85.11328125, 69.71484375], [85.81640625, 68.66015625], [86.16796875, 68.30859375], [86.51953125, 67.95703125], [86.87109375, 67.25390625], [87.92578125, 66.55078125], [87.92578125, 66.19921875], [88.62890625, 65.49609375], [88.98046875, 65.14453125], [89.33203125, 64.79296875], [90.38671875000001, 64.08984375], [91.44140625000001, 63.73828125000001], [92.49609375000001, 63.73828125000001], [92.84765625000001, 63.73828125000001], [93.55078125000001, 63.73828125000001], [94.25390625000001, 63.03515625000001], [95.30859375000001, 63.03515625000001], [96.01171875000001, 62.68359375000001], [96.71484375000001, 62.68359375000001], [97.76953125000001, 62.68359375000001], [98.47265625000001, 62.68359375000001], [99.52734375000001, 62.68359375000001], [100.23046875000001, 62.68359375000001], [100.93359375000001, 62.68359375000001], [101.98828125000001, 62.68359375000001], [102.33984375000001, 62.68359375000001], [102.69140625000001, 62.68359375000001], [103.39453125000001, 62.68359375000001], [103.74609375000001, 62.68359375000001], [104.09765625000001, 62.68359375000001], [104.44921875000001, 62.68359375000001], [104.80078125000001, 62.68359375000001], [105.85546875000001, 62.68359375000001], [106.55859375000001, 62.68359375000001], [107.26171875000001, 62.68359375000001], [107.61328125000001, 62.68359375000001], [107.96484375000001, 62.68359375000001], [107.96484375000001, 63.03515625000001], [107.96484375000001, 63.73828125000001]], {"i0": 0.2, "spread": 1.08, "falloff": 1.0}], [[[99.17578125000001, 86.23828125], [99.17578125000001, 88.34765625], [99.17578125000001, 90.10546875], [99.17578125000001, 94.67578125], [99.17578125000001, 97.13671875], [99.17578125000001, 98.89453125], [99.17578125000001, 99.94921875], [99.17578125000001, 101.00390625], [99.17578125000001, 103.11328125], [99.17578125000001, 103.81640625], [99.17578125000001, 105.22265625], [99.17578125000001, 106.27734375], [98.82421875000001, 106.98046875], [98.47265625000001, 107.68359375], [97.76953125000001, 108.38671875], [97.06640625000001, 109.79296875], [96.01171875000001, 110.49609375], [95.30859375000001, 111.19921875], [94.25390625000001, 111.90234375], [93.55078125000001, 112.25390625], [92.84765625000001, 112.95703125], [92.14453125000001, 113.66015625], [91.44140625000001, 114.01171875], [90.38671875000001, 114.71484375], [89.33203125, 115.06640625], [88.62890625, 115.41796875], [87.92578125, 116.47265625], [86.51953125, 116.47265625], [85.11328125, 116.47265625], [83.70703125, 116.47265625], [82.65234375, 116.47265625], [81.94921875, 116.47265625], [81.24609375, 116.47265625], [80.89453125, 116.47265625], [79.13671875, 116.47265625], [77.37890625, 115.76953125], [76.32421875, 115.41796875], [75.62109375, 115.06640625], [75.26953125, 114.36328125], [74.91796875, 114.01171875], [74.56640625, 113.66015625], [74.21484375, 113.30859375], [73.86328125, 112.25390625], [72.80859375, 111.90234375], [72.45703125, 111.19921875], [72.10546875, 110.14453125], [71.40234375, 108.73828125], [71.05078125, 107.68359375], [70.69921875, 107.33203125], [69.29296875, 105.22265625], [68.23828125, 103.81640625], [67.88671875, 101.70703125], [67.53515625, 100.30078125], [67.18359375, 99.24609375], [67.18359375, 98.19140625], [66.83203125, 97.83984375], [66.83203125, 97.48828125], [66.12890625, 96.78515625], [66.12890625, 95.73046875], [65.77734375, 95.37890625], [65.77734375, 94.32421875], [65.42578125, 93.62109375], [65.42578125, 93.26953125], [65.07421875, 92.91796875], [65.07421875, 92.21484375], [65.07421875, 91.86328125], [64.72265625, 90.45703125], [64.72265625, 90.10546875], [64.72265625, 89.75390625], [64.37109375, 86.58984375], [64.37109375, 83.77734375], [64.37109375, 82.37109375], [64.37109375, 81.31640625], [64.37109375, 80.26171875], [64.37109375, 78.85546875], [64.37109375, 76.39453125], [64.37109375, 74.98828125], [64.37109375, 73.58203125], [64.37109375, 73.23046875], [64.37109375, 72.87890625]], {"i0": 0.2, "spread": 0.4, "falloff": 1.0}]]}