{"disk": {"mu": [72.2724609375, 71.103515625], "roll": -0.779028822778785, "rEff": 31.223817156339166, "axRatio": 0.5646281664719824, "i0": 0.19, "c": 2, "n": 1}, "bulge": {"mu": [72.2724609375, 71.384765625], "roll": -0.7853981633974483, "rEff": 4.041115254481119, "axRatio": 0.8318003918560581, "i0": 0.5, "c": 2, "n": 1.09}, "bar": null, "spiral": []}