{"disk": {"mu": [124.69097900390625, 123.319091796875], "roll": -1.5707963267948966, "rEff": 63.49154296874999, "axRatio": 0.8500366595031129, "i0": 0.19, "c": 2, "n": 1}, "bulge": {"mu": [122.87887153029442, 122.8238835632801], "roll": -0.519145807576104, "rEff": 5.639082026527738, "axRatio": 0.5956111168387158, "i0": 0.51, "c": 2, "n": 0.64}, "bar": null, "spiral": []}