{"disk": {"mu": [37.4299630522728, 37.23632991313934], "roll": 0.3254960193324499, "rEff": 19.591193905859246, "axRatio": 0.5194551640716185, "i0": 0.2, "c": 2, "n": 1}, "bulge": {"mu": [37.46837675571442, 37.708666920661926], "roll": -1.1938890942950304, "rEff": 3.2252817592235847, "axRatio": 0.4723253380896691, "i0": 0.51, "c": 2, "n": 0.5}, "bar": {"mu": [37.38472536206249, 37.812128663063085], "roll": 1.9133770611140173, "rEff": 2.6577189945608475, "axRatio": 0.3289069921592691, "i0": 0.18, "c": 1.5, "n": 0.3}, "spiral": [[[[40.13671875, 36.767578125], [40.1953125, 36.767578125], [40.25390625, 36.826171875], [40.3125, 36.8701171875], [40.37109375, 36.9287109375], [40.4150390625, 36.9873046875], [40.4736328125, 37.0458984375], [40.5322265625, 37.1044921875], [40.5908203125, 37.1630859375], [40.6494140625, 37.1630859375], [40.7666015625, 37.2216796875], [40.8251953125, 37.2802734375], [40.869140625, 37.32421875], [40.927734375, 37.32421875], [41.044921875, 37.3828125], [41.103515625, 37.3828125], [41.162109375, 37.3828125], [41.220703125, 37.44140625], [41.279296875, 37.44140625], [41.3232421875, 37.5], [41.3818359375, 37.5], [41.4404296875, 37.5], [41.4990234375, 37.55859375], [41.5576171875, 37.55859375], [41.6162109375, 37.6171875], [41.6748046875, 37.6171875], [41.6748046875, 37.67578125], [41.7333984375, 37.67578125], [41.77734375, 37.67578125], [41.77734375, 37.7197265625], [41.8359375, 37.7197265625], [41.89453125, 37.7783203125], [41.953125, 37.8369140625], [42.01171875, 37.8369140625], [42.0703125, 37.8955078125], [42.12890625, 37.8955078125], [42.1875, 37.9541015625], [42.2314453125, 38.0126953125], [42.2900390625, 38.0712890625], [42.4072265625, 38.1298828125], [42.4658203125, 38.1298828125], [42.5830078125, 38.232421875], [42.626953125, 38.232421875], [42.744140625, 38.291015625], [42.802734375, 38.349609375], [42.861328125, 38.349609375], [42.919921875, 38.408203125], [43.037109375, 38.408203125], [43.0810546875, 38.466796875], [43.1396484375, 38.466796875], [43.1982421875, 38.466796875], [43.2568359375, 38.525390625], [43.3154296875, 38.525390625], [43.3740234375, 38.583984375], [43.4326171875, 38.583984375], [43.4912109375, 38.583984375], [43.53515625, 38.6279296875], [43.59375, 38.6279296875], [43.65234375, 38.6279296875], [43.7109375, 38.6279296875], [43.76953125, 38.6279296875], [43.828125, 38.6865234375], [43.9453125, 38.6865234375], [43.9892578125, 38.6865234375], [44.1064453125, 38.7451171875], [44.1650390625, 38.7451171875], [44.2822265625, 38.7451171875], [44.3408203125, 38.7451171875], [44.3994140625, 38.7451171875], [44.443359375, 38.7451171875], [44.560546875, 38.8037109375], [44.677734375, 38.8037109375], [44.794921875, 38.8037109375], [44.853515625, 38.8037109375], [44.8974609375, 38.8037109375], [45.0146484375, 38.8037109375], [45.1318359375, 38.8037109375], [45.3076171875, 38.8037109375], [45.41015625, 38.8623046875], [45.52734375, 38.8623046875], [45.64453125, 38.8623046875], [45.8056640625, 38.8623046875], [45.8642578125, 38.8623046875], [46.0400390625, 38.8623046875], [46.1572265625, 38.8623046875], [46.318359375, 38.8623046875], [46.435546875, 38.8623046875], [46.494140625, 38.8623046875], [46.611328125, 38.8623046875], [46.669921875, 38.8623046875], [46.7724609375, 38.8623046875], [46.8896484375, 38.8623046875], [47.0654296875, 38.8623046875], [47.16796875, 38.8623046875], [47.28515625, 38.8623046875], [47.34375, 38.8623046875], [47.40234375, 38.8623046875], [47.51953125, 38.8623046875], [47.578125, 38.8623046875], [47.6220703125, 38.8623046875], [47.7392578125, 38.8623046875], [47.7978515625, 38.8623046875], [47.9150390625, 38.8623046875], [47.9736328125, 38.8623046875], [48.0322265625, 38.8623046875], [48.076171875, 38.8623046875], [48.193359375, 38.8623046875], [48.251953125, 38.8037109375], [48.369140625, 38.8037109375], [48.369140625, 38.7451171875], [48.427734375, 38.6865234375], [48.486328125, 38.6865234375], [48.5302734375, 38.6279296875], [48.5888671875, 38.583984375], [48.6474609375, 38.525390625], [48.7060546875, 38.466796875], [48.7646484375, 38.408203125], [48.8232421875, 38.349609375], [48.8232421875, 38.291015625], [48.8232421875, 38.232421875], [48.8818359375, 38.232421875], [48.8818359375, 38.173828125], [48.984375, 38.0712890625], [49.1015625, 37.9541015625], [49.21875, 37.8955078125], [49.27734375, 37.8369140625], [49.3359375, 37.7197265625], [49.39453125, 37.67578125], [49.4384765625, 37.67578125], [49.4970703125, 37.6171875], [49.5556640625, 37.55859375], [49.5556640625, 37.5], [49.6142578125, 37.44140625], [49.6728515625, 37.32421875], [49.7314453125, 37.2802734375], [49.7900390625, 37.2216796875], [49.8486328125, 37.1630859375], [49.892578125, 37.0458984375], [49.951171875, 37.0458984375], [49.951171875, 36.9873046875], [49.951171875, 36.9287109375], [50.009765625, 36.8701171875], [50.009765625, 36.826171875], [50.068359375, 36.767578125], [50.068359375, 36.708984375], [50.068359375, 36.650390625], [50.126953125, 36.591796875], [50.126953125, 36.533203125], [50.126953125, 36.474609375], [50.126953125, 36.416015625], [50.126953125, 36.3720703125], [50.126953125, 36.2548828125], [50.185546875, 36.1962890625], [50.185546875, 36.0791015625], [50.185546875, 36.0205078125], [50.185546875, 35.9619140625], [50.185546875, 35.859375], [50.185546875, 35.7421875], [50.185546875, 35.625], [50.244140625, 35.5078125], [50.244140625, 35.2880859375], [50.302734375, 35.0537109375], [50.302734375, 34.892578125], [50.3466796875, 34.833984375], [50.3466796875, 34.716796875], [50.3466796875, 34.658203125], [50.3466796875, 34.599609375], [50.3466796875, 34.5556640625], [50.3466796875, 34.4970703125], [50.3466796875, 34.4384765625], [50.3466796875, 34.3798828125], [50.3466796875, 34.3212890625], [50.3466796875, 34.2626953125], [50.302734375, 34.2041015625], [50.244140625, 34.1455078125], [50.244140625, 34.1015625], [50.185546875, 34.04296875], [50.185546875, 33.984375], [50.126953125, 33.984375], [50.126953125, 33.92578125], [50.068359375, 33.8671875], [50.068359375, 33.80859375], [50.009765625, 33.80859375], [50.009765625, 33.75], [49.892578125, 33.69140625], [49.892578125, 33.6474609375], [49.8486328125, 33.5888671875], [49.7900390625, 33.5302734375], [49.7314453125, 33.4716796875], [49.6728515625, 33.4130859375], [49.6728515625, 33.3544921875], [49.6142578125, 33.3544921875], [49.6142578125, 33.2373046875], [49.5556640625, 33.2373046875], [49.4970703125, 33.193359375], [49.4970703125, 33.134765625], [49.4384765625, 33.017578125], [49.4384765625, 32.958984375], [49.39453125, 32.841796875], [49.3359375, 32.783203125], [49.3359375, 32.7392578125], [49.27734375, 32.6806640625], [49.21875, 32.5634765625], [49.16015625, 32.5048828125], [49.16015625, 32.3876953125], [49.1015625, 32.3291015625], [49.04296875, 32.28515625], [49.04296875, 32.2265625], [48.984375, 32.2265625], [48.984375, 32.16796875], [48.984375, 32.109375], [48.9404296875, 32.109375], [48.9404296875, 32.05078125], [48.8818359375, 31.9921875], [48.8818359375, 31.93359375], [48.8232421875, 31.875], [48.7646484375, 31.875], [48.7646484375, 31.7724609375], [48.7060546875, 31.7138671875], [48.6474609375, 31.6552734375], [48.5888671875, 31.5966796875], [48.5302734375, 31.5380859375], [48.486328125, 31.4794921875], [48.427734375, 31.4208984375], [48.369140625, 31.4208984375], [48.369140625, 31.376953125], [48.310546875, 31.376953125], [48.251953125, 31.376953125]], {"i0": 0.0, "spread": 1.0,