{"disk": {"mu": [72.20794677734375, 72.677001953125], "roll": 0.8261918462653138, "rEff": 39.28263169121807, "axRatio": 0.5101501929319986, "i0": 0.15, "c": 2, "n": 1}, "bulge": {"mu": [72.9692193865776, 71.98920503258705], "roll": -2.4967249429450606, "rEff": 6.0786402840272, "axRatio": 0.547171710674606, "i0": 0.44, "c": 2, "n": 0.97}, "bar": null, "spiral": [[[[67.96875, 80.7978515625], [70.234375, 81.7890625], [76.3232421875, 79.5234375], [81.4208984375, 74.5673828125], [84.8193359375, 68.76171875], [86.66015625, 64.0888671875], [87.79296875, 56.1591796875], [87.3681640625, 51.3447265625], [82.5537109375, 49.3623046875], [79.580078125, 49.787109375]], {"i0": 0.17, "spread": 0.03, "falloff": 0.71}], [[[76.8896484375, 68.9033203125], [78.0224609375, 64.0888671875], [74.6240234375, 63.09765625], [69.66796875, 65.36328125], [62.87109375, 71.59375], [58.33984375, 79.806640625], [57.7451171875, 86.037109375], [57.7451171875, 86.1787109375], [57.7451171875, 86.037109375], [58.90625, 91.021484375], [62.7294921875, 94.419921875], [69.2431640625, 92.2958984375], [75.4736328125, 88.8974609375]], {"i0": 0.08, "spread": 0.19, "falloff": 0.71}]]}