{"disk": {"mu": [46.40350341796875, 46.681640625], "roll": -1.1270961963479982, "rEff": 28.99671324235437, "axRatio": 0.5, "i0": 0.09, "c": 2, "n": 1}, "bulge": {"mu": [46.40350341796875, 46.5], "roll": 0.1188403445677652, "rEff": 3.644542079465422, "axRatio": 0.7825238077999772, "i0": 0.66, "c": 2, "n": 3.89}, "bar": null, "spiral": []}