{"disk": {"mu": [87.39277839660645, 86.2939385175705], "roll": 1.025833420129521, "rEff": 47.06346462487951, "axRatio": 0.6031412477287074, "i0": 0.2, "c": 2, "n": 1}, "bulge": {"mu": [87.24000012874603, 86.53159993886948], "roll": -2.5127961408919015, "rEff": 3.2349221400382815, "axRatio": 0.4930528317527539, "i0": 0.65, "c": 2, "n": 0.96}, "bar": {"mu": [86.00127339363098, 84.1780149936676], "roll": 1.5707963267948966, "rEff": 1.9819689989089966, "axRatio": 0.47058924926063733, "i0": 0.2, "c": 2.0, "n": 0.5}, "spiral": []}