{"disk": {"mu": [53.4075927734375, 52.37890625], "roll": -0.8539926668517228, "rEff": 24.22062088804481, "axRatio": 0.42984884403662105, "i0": 0.2, "c": 2, "n": 1}, "bulge": {"mu": [53.4075927734375, 53.0], "roll": -0.8408966686431649, "rEff": 7.210820867234582, "axRatio": 0.9899494936611666, "i0": 0.46, "c": 2, "n": 1.53}, "bar": null, "spiral": [[[[49.48046875, 48.23828125], [50.72265625, 44.92578125], [51.13671875, 44.92578125], [51.7578125, 44.92578125], [56.7265625, 45.33984375], [57.34765625, 45.75390625], [59.2109375, 47.203125], [59.625, 47.6171875], [63.765625, 53.62109375], [64.1796875, 54.2421875], [64.80078125, 55.27734375], [68.11328125, 59.41796875], [68.52734375, 60.0390625], [69.1484375, 60.8671875], [74.53125, 71.6328125], [75.56640625, 73.91015625], [76.39453125, 75.98046875], [76.6015625, 78.2578125], [76.6015625, 78.87890625], [69.1484375, 81.36328125], [62.73046875, 79.29296875]], {"i0": 0.19, "spread": 0.58, "falloff": 1.33}], [[[54.44921875, 59.625], [54.44921875, 62.9375], [47.41015625, 60.8671875], [42.234375, 53.828125], [39.3359375, 49.89453125], [39.12890625, 49.48046875], [37.6796875, 45.9609375], [36.0234375, 43.26953125], [36.0234375, 42.85546875], [34.98828125, 37.05859375]], {"i0": 0.12, "spread": 0.63, "falloff": 1.33}]]}