{"disk": {"mu": [54.241371154785156, 53.7548828125], "roll": -1.5659073097123895, "rEff": 31.842165220697304, "axRatio": 0.5700326667022173, "i0": 0.2, "c": 2, "n": 1}, "bulge": {"mu": [55.186073303222656, 54.06590270996094], "roll": -2.718087403189424, "rEff": 2.2250382807318516, "axRatio": 0.25074606367856817, "i0": 0.54, "c": 2, "n": 1.64}, "bar": {"mu": [54.356548309326236, 53.46007919311527], "roll": 0.45524517711479195, "rEff": 1.61021489790017, "axRatio": 0.3879248994337693, "i0": 0.2, "c": 2.0, "n": 0.5}, "spiral": [[[[73.19179687500001, 52.0943359375], [76.427734375, 40.5982421875]], {"i0": 0.36, "spread": 0.55, "falloff": 1.0}]]}