{"disk": {"mu": [44.75278830528259, 39.75055932998657], "roll": -0.8428064364590446, "rEff": 29.439323483779212, "axRatio": 0.9148203501273335, "i0": 0.24, "c": 2, "n": 1}, "bulge": {"mu": [40.998982429504395, 42.309975385665894], "roll": 2.8632929023099076, "rEff": 3.7265630015106, "axRatio": 0.5, "i0": 0.5, "c": 2, "n": 5.0}, "bar": null, "spiral": [[[[39.637499999999996, 47.59453125], [39.98203125, 47.9390625], [39.98203125, 48.28359375], [39.98203125, 48.97265625], [39.98203125, 49.6453125], [39.98203125, 49.98984375], [40.31015625, 50.67890625], [40.31015625, 51.00703125], [40.31015625, 51.3515625], [40.31015625, 52.040625], [40.6546875, 52.38515625], [40.999218750000004, 52.71328125], [40.999218750000004, 53.0578125], [41.34375, 53.40234375], [41.688281249999996, 53.746875], [42.01640625, 53.746875], [42.70546875, 53.746875], [43.72265625, 53.746875], [45.42890625, 54.09140625], [46.4625, 54.09140625], [47.4796875, 54.09140625], [48.16875, 54.09140625], [49.1859375, 53.746875], [50.8921875, 53.0578125], [51.58125, 52.71328125], [53.96015625, 52.040625], [55.33828125, 51.69609375], [56.0109375, 51.3515625], [56.35546875, 51.3515625], [56.7, 51.3515625], [57.37265625, 51.00703125], [57.7171875, 50.334375], [57.37265625, 49.98984375], [57.04453125, 49.98984375]], {"i0": 0.51, "spread": 1.0, "falloff": 1.0}], [[[53.63203125, 37.012499999999996], [53.63203125, 36.684374999999996], [52.5984375, 35.995312500000004], [50.8921875, 35.30625], [49.1859375, 34.633593749999996], [48.16875, 34.2890625], [47.13515625, 33.944531250000004], [46.4625, 33.944531250000004], [46.11796875, 33.944531250000004], [44.75625, 33.6], [42.3609375, 32.582812499999996], [42.01640625, 32.582812499999996], [41.688281249999996, 32.23828125], [40.6546875, 32.23828125], [39.98203125, 31.89375], [39.637499999999996, 31.565625], [39.29296875, 31.22109375], [38.948437500000004, 30.8765625], [38.27578125, 30.1875], [37.586718749999996, 29.51484375], [37.2421875, 29.1703125], [36.897656250000004, 29.1703125]], {"i0": 0.15, "spread": 1.0, "falloff": 1.0}]]}