{"disk": {"mu": [48.21249961853027, 47.43124866485596], "roll": 1.2207514385497507, "rEff": 17.730872638740877, "axRatio": 0.5, "i0": 0.2, "c": 2, "n": 1}, "bulge": {"mu": [48.21249961853027, 47.24374866485596], "roll": 1.3597029935721505, "rEff": 2.5772077913897435, "axRatio": 0.5960586899557379, "i0": 0.65, "c": 2, "n": 0.5}, "bar": {"mu": [48.30624961853027, 47.52500009536743], "roll": 1.5332201520179942, "rEff": 6.375, "axRatio": 0.36559133786579456, "i0": 0.0, "c": 1.53, "n": 0.51}, "spiral": []}