{"disk": {"mu": [139.9899801015854, 138.6426991224289], "roll": 2.107760264521085, "rEff": 57.24102050583709, "axRatio": 0.5563060441897492, "i0": 0.15, "c": 2, "n": 1}, "bulge": {"mu": [139.357963681221, 137.37014096975327], "roll": 1.6539370989540705, "rEff": 5.387797331650912, "axRatio": 0.5, "i0": 0.54, "c": 2, "n": 1.73}, "bar": null, "spiral": [[[[152.73710937500002, 142.96367187500002], [152.73710937500002, 143.289453125], [154.04023437499998, 144.26679687499998], [155.66914062499998, 145.62421874999998], [156.70078125, 145.95000000000002], [157.02656249999998, 146.27578125], [158.65546874999998, 148.55625], [158.65546874999998, 148.93632812500002], [160.01289062499998, 151.216796875], [160.664453125, 151.86835937499998], [161.96757812500002, 153.22578124999998], [162.293359375, 153.87734375], [162.944921875, 154.52890625], [163.65078125, 155.50625], [163.9765625, 157.189453125], [163.9765625, 158.16679687500002], [163.9765625, 159.46992187499998], [164.30234375, 160.82734374999998], [164.30234375, 162.45624999999998], [164.62812499999998, 163.487890625], [164.62812499999998, 163.81367187499998], [164.62812499999998, 165.44257812499998], [164.30234375, 166.094140625], [163.9765625, 167.12578125000002], [163.9765625, 167.4515625], [162.944921875, 168.42890624999998], [161.64179687499998, 169.08046875], [160.990234375, 170.05781249999998], [160.01289062499998, 170.437890625], [158.98125000000002, 171.089453125], [158.3296875, 171.41523437499998], [157.678125, 171.74101562500002], [157.02656249999998, 171.74101562500002], [156.375, 172.066796875], [155.99492187500002, 172.392578125], [155.343359375, 172.392578125], [154.691796875, 172.718359375], [154.04023437499998, 172.718359375], [153.388671875, 172.718359375], [152.73710937500002, 172.718359375], [152.35703125, 172.718359375], [152.03125, 172.718359375], [151.70546875, 172.718359375], [151.37968750000002, 172.718359375], [150.728125, 172.718359375], [149.42499999999998, 173.75], [148.39335937500002, 173.75], [147.090234375, 173.75], [146.112890625, 173.75], [145.08124999999998, 173.36992187500002], [144.75546875, 173.36992187500002], [143.77812500000002, 173.04414062499998], [142.475, 173.04414062499998], [141.769140625, 173.04414062499998], [141.117578125, 172.718359375], [140.79179687500002, 172.718359375], [139.814453125, 172.718359375], [139.488671875, 172.392578125], [139.16289062500002, 172.066796875], [138.13125, 172.066796875], [137.15390625, 172.066796875], [136.17656250000002, 172.066796875], [135.525, 171.74101562500002], [134.81914062500002, 171.74101562500002], [134.49335937499998, 171.41523437499998], [134.167578125, 171.41523437499998], [133.841796875, 170.763671875], [133.19023437500002, 169.73203125], [132.538671875, 169.08046875], [132.212890625, 168.75468750000002], [131.56132812500002, 168.42890624999998], [131.18125, 168.103125], [130.5296875, 167.77734375], [130.20390625000002, 167.12578125000002], [129.55234375, 166.79999999999998], [129.2265625, 166.094140625], [128.57500000000002, 165.76835937500002], [127.54335937500001, 165.44257812499998], [126.891796875, 165.116796875], [126.56601562499999, 164.791015625], [125.91445312500001, 164.13945312500002], [124.611328125, 163.487890625], [123.90546875, 163.162109375], [123.25390625, 162.45624999999998], [122.92812500000001, 162.13046875], [122.60234375, 161.8046875], [121.95078124999999, 160.82734374999998], [121.29921875000001, 159.85], [120.59335937499999, 158.818359375], [120.59335937499999, 158.16679687500002], [120.267578125, 158.16679687500002], [119.94179687500001, 157.84101562499998], [119.94179687500001, 157.515234375], [119.290234375, 156.863671875], [119.290234375, 156.53789062500002], [118.96445312499999, 156.53789062500002], [118.96445312499999, 156.21210937499998], [118.638671875, 156.21210937499998], [118.638671875, 155.83203125], [117.987109375, 155.50625], [117.987109375, 155.18046875000002], [117.661328125, 154.85468749999998], [116.95546875000001, 154.203125], [116.30390625, 153.55156250000002], [115.97812499999999, 152.9], [115.32656250000001, 151.542578125], [115.00078125, 150.891015625], [114.675, 149.913671875], [114.0234375, 149.262109375], [113.317578125, 148.23046875], [112.666015625, 147.57890625000002], [112.34023437500001, 146.92734375], [112.014453125, 146.6015625], [111.688671875, 145.62421874999998], [111.688671875, 145.244140625], [110.71132812500001, 144.59257812500002], [110.71132812500001, 144.26679687499998], [110.385546875, 143.941015625], [110.00546874999999, 142.96367187500002], [109.6796875, 142.312109375], [109.6796875, 141.60625000000002], [109.35390625000001, 141.28046874999998], [109.35390625000001, 140.62890625], [108.37656249999999, 139.32578125], [108.05078125, 139.0], [107.72500000000001, 138.34843750000002], [107.72500000000001, 137.968359375], [107.39921875, 137.642578125], [107.0734375, 136.99101562500002], [107.0734375, 136.66523437499998], [106.74765624999999, 136.339453125], [106.36757812500001, 136.013671875], [106.36757812500001, 135.687890625], [105.716015625, 135.03632812499998], [105.716015625, 134.65625], [105.39023437499999, 134.00468750000002], [105.064453125, 133.67890624999998], [105.064453125, 133.02734375], [104.73867187500001, 132.37578125000002], [104.73867187500001, 132.04999999999998], [104.087109375, 132.04999999999998], [104.087109375, 131.72421875]], {"i0": 0.27, "spread": 0.83,