{"disk": {"mu": [87.14752197265625, 88.1195068359375], "roll": 0.9694966346597809, "rEff": 31.725805589654872, "axRatio": 0.5851674149422136, "i0": 0.22, "c": 2, "n": 1}, "bulge": {"mu": [87.83111572265625, 88.1195068359375], "roll": 2.2655346029916, "rEff": 2.242395903043512, "axRatio": 0.4254514097721987, "i0": 0.49, "c": 2, "n": 2.6}, "bar": {"mu": [71.59576416015625, 79.4036865234375], "roll": 1.5707963267948966, "rEff": 14.21875, "axRatio": 0.8904109589041096, "i0": 0.13, "c": 2.5, "n": 0.63}, "spiral": []}