{"disk": {"mu": [55.70752000808716, 56.0], "roll": -0.6771274671233621, "rEff": 36.74708718833435, "axRatio": 0.9862435244293913, "i0": 0.29, "c": 2, "n": 1}, "bulge": {"mu": [56.56160497665405, 55.715303897857666], "roll": -1.2998495772373702, "rEff": 5.318613916549632, "axRatio": 0.9226168665393074, "i0": 0.29, "c": 2, "n": 1.0}, "bar": null, "spiral": []}