{"disk": {"mu": [49.7596435546875, 48.73382568359375], "roll": 0.8386810149571408, "rEff": 17.494573133155555, "axRatio": 0.8605065645292567, "i0": 0.11, "c": 2, "n": 1}, "bulge": {"mu": [49.7596435546875, 48.73382568359375], "roll": 1.3258176636680326, "rEff": 3.0334901641993075, "axRatio": 0.9217771979249536, "i0": 0.91, "c": 2, "n": 0.85}, "bar": {"mu": [49.1854248046875, 48.73382568359375], "roll": 0.8045041185158891, "rEff": 0.91875, "axRatio": 0.2, "i0": 0.19, "c": 1.76, "n": 0.47}, "spiral": []}