{"disk": {"mu": [81.9311910867691, 80.42761445045471], "roll": 0.6435012971734199, "rEff": 25.526387419224235, "axRatio": 0.619842699571567, "i0": 0.19, "c": 2, "n": 1}, "bulge": {"mu": [81.9311910867691, 80.42761445045471], "roll": -3.0981419003718953, "rEff": 3.9531466082273803, "axRatio": 0.8526570332573921, "i0": 0.53, "c": 2, "n": 1.0}, "bar": null, "spiral": [[[[89.4796875, 90.17578125], [89.73281250000001, 90.17578125], [91.25156249999999, 90.68203125000001], [92.548828125, 90.93515624999999], [93.814453125, 91.18828125], [94.60546875, 91.18828125], [94.85859375, 91.18828125], [95.61796875, 91.44140625], [96.88359375, 91.44140625], [97.927734375, 91.44140625], [98.43398437500001, 91.44140625], [98.68710937499999, 91.44140625], [98.940234375, 91.44140625], [99.984375, 91.18828125], [100.996875, 90.93515624999999], [101.75625000000001, 90.68203125000001], [102.00937499999999, 90.68203125000001], [102.54726562500001, 89.92265625], [103.306640625, 89.92265625], [104.572265625, 89.131640625], [105.61640625, 88.372265625], [106.62890625, 88.119140625], [107.92617187500001, 87.61289062499999], [109.19179687500001, 86.56875000000001], [109.44492187499999, 86.315625], [109.698046875, 86.315625], [109.698046875, 86.0625], [110.7421875, 85.55624999999999], [110.9953125, 85.05], [111.50156249999999, 84.796875], [111.50156249999999, 84.005859375], [112.545703125, 83.24648437500001], [113.30507812500001, 81.98085937500001], [113.30507812500001, 81.69609375], [113.811328125, 81.69609375], [113.811328125, 81.44296874999999], [114.064453125, 80.93671875], [114.317578125, 80.17734375], [115.36171875000001, 78.626953125], [116.12109375, 77.614453125], [116.88046874999999, 75.8109375], [116.88046874999999, 74.7984375], [117.38671875, 73.754296875], [117.67148437499999, 72.488671875], [117.924609375, 70.17890625], [118.68398437500001, 69.41953125], [118.93710937499999, 68.375390625], [119.443359375, 67.616015625], [120.234375, 62.490234375], [120.234375, 61.477734375000004], [120.234375, 60.43359375], [120.234375, 60.180468749999996], [120.234375, 59.92734375], [120.234375, 59.421093750000004], [120.234375, 59.16796875], [120.234375, 58.914843749999996], [120.234375, 58.376953125], [119.94960937500001, 57.870703125], [119.443359375, 57.617578125], [119.443359375, 57.364453125000004], [119.190234375, 57.111328125], [118.68398437500001, 56.351953125], [117.924609375, 55.5609375], [117.67148437499999, 54.801562499999996], [117.38671875, 54.801562499999996], [116.88046874999999, 54.2953125], [116.37421875, 53.7890625], [116.12109375, 53.251171875000004], [115.86796875, 53.251171875000004], [115.61484374999999, 52.491796875], [115.61484374999999, 51.226171875], [115.36171875000001, 50.688281249999996], [115.36171875000001, 50.18203125]], {"i0": 0.43, "spread": 0.37, "falloff": 1.0}], [[[57.174609374999996, 97.611328125], [57.174609374999996, 97.358203125], [57.174609374999996, 97.0734375], [57.427734375, 95.5546875], [57.427734375, 94.00429687500001], [57.427734375, 90.93515624999999], [57.680859375000004, 89.66953124999999], [57.680859375000004, 88.372265625], [57.680859375000004, 87.866015625], [57.680859375000004, 87.61289062499999], [57.680859375000004, 86.82187499999999], [57.680859375000004, 86.315625], [57.680859375000004, 85.55624999999999], [57.680859375000004, 85.30312500000001], [57.680859375000004, 84.54375], [57.680859375000004, 84.005859375], [57.680859375000004, 83.49960937499999], [57.933984375, 82.23398437499999], [58.440234374999996, 81.69609375], [58.440234374999996, 81.44296874999999], [58.725, 80.93671875], [58.978125, 80.17734375], [59.484375, 79.133203125], [59.990625, 78.626953125], [59.990625, 78.373828125], [60.24375, 78.373828125], [60.24375, 77.867578125], [60.24375, 77.614453125], [60.24375, 77.108203125], [60.496874999999996, 77.108203125], [60.75, 76.0640625], [61.003125000000004, 75.8109375], [61.003125000000004, 75.5578125], [61.541015625, 75.3046875], [61.794140625000004, 74.5453125], [61.794140625000004, 74.2921875], [61.794140625000004, 74.007421875], [62.047265625, 74.007421875], [62.300390625, 73.754296875], [63.059765625000004, 72.994921875], [63.312890625, 72.488671875], [63.850781250000004, 71.729296875], [64.86328125, 71.19140625], [65.11640625, 70.93828125], [66.12890625, 69.92578125], [66.666796875, 69.41953125], [66.919921875, 68.628515625], [67.932421875, 68.375390625], [68.185546875, 68.122265625], [68.438671875, 67.869140625], [69.7359375, 67.109765625], [71.0015625, 66.856640625], [72.551953125, 66.065625], [72.805078125, 65.559375], [74.35546875, 64.546875], [74.86171875, 64.040625], [74.86171875, 63.755859375], [75.87421875, 63.249609375], [76.38046875, 62.996484375], [77.171484375, 62.237109374999996], [77.424609375, 61.983984375], [77.930859375, 61.730859375], [78.690234375, 61.477734375000004], [78.943359375, 60.93984375], [79.228125, 60.686718750000004], [79.9875, 60.43359375], [82.044140625, 60.43359375], [83.81601562499999, 60.180468749999996], [84.86015625, 60.180468749999996], [85.11328125, 60.180468749999996], [85.36640625, 60.180468749999996], [88.688671875, 60.43359375], [89.4796875, 60.686718750000004], [89.73281250000001, 60.93984375], [89.98593749999999, 60.93984375], [90.99843750000001, 62.996484375]], {"i0": 0.23, "spread": 0.75, "falloff": 1.0}]]}