{"disk": {"mu": [66.62446838617325, 67.03847381472588], "roll": -1.8736810503652204, "rEff": 19.333825318087484, "axRatio": 0.6268905498150815, "i0": 0.19, "c": 2, "n": 1}, "bulge": {"mu": [66.19232898950577, 66.33420598506927], "roll": -1.585946749629718, "rEff": 5.1655274593014155, "axRatio": 0.6281886214206879, "i0": 0.51, "c": 2, "n": 1.5}, "bar": null, "spiral": []}