{"disk": {"mu": [112.92572021484375, 111.88888549804688], "roll": -1.3020933021597256, "rEff": 41.200609410278766, "axRatio": 0.47197823016064494, "i0": 0.12, "c": 2, "n": 1}, "bulge": {"mu": [112.48626708984375, 112.32833862304688], "roll": -1.5707963267948966, "rEff": 4.81640625, "axRatio": 0.5743665268941905, "i0": 0.53, "c": 2, "n": 0.6}, "bar": null, "spiral": [[[[99.755859375, 79.365234375], [100.1953125, 79.365234375], [99.31640625, 80.68359375], [97.998046875, 83.759765625], [96.6796875, 85.95703125], [95.80078125, 87.71484375], [94.921875, 89.47265625], [94.04296875, 90.3515625], [94.04296875, 91.23046875], [93.603515625, 92.109375], [93.1640625, 93.8671875], [92.724609375, 94.306640625], [92.724609375, 96.50390625], [92.724609375, 96.943359375], [92.724609375, 98.26171875], [92.724609375, 99.580078125], [92.724609375, 101.337890625], [92.724609375, 102.65625], [93.603515625, 104.4140625], [94.482421875, 105.29296875], [95.361328125, 107.490234375], [95.80078125, 109.248046875], [96.6796875, 111.4453125], [97.119140625, 113.20312500000001], [97.998046875, 115.83984375000001], [98.876953125, 117.15820312500001], [99.755859375, 118.03710937500001], [100.1953125, 118.47656250000001], [100.634765625, 118.91601562500001], [101.513671875, 118.91601562500001], [101.953125, 118.91601562500001], [102.83203125, 118.91601562500001], [103.7109375, 119.35546875000001], [104.150390625, 119.35546875000001], [104.58984375, 119.79492187500001], [105.029296875, 120.23437500000001], [105.46875, 120.67382812500001], [105.908203125, 120.67382812500001], [106.34765625, 120.67382812500001], [106.787109375, 120.67382812500001], [107.2265625, 120.67382812500001]], {"i0": 0.2, "spread": 1.52, "falloff": 1.0}], [[[121.2890625, 109.248046875], [121.728515625, 109.248046875], [123.046875, 111.005859375], [125.68359375, 113.64257812500001], [127.880859375, 116.27929687500001], [129.638671875, 118.03710937500001], [130.078125, 119.35546875000001], [130.517578125, 119.79492187500001], [131.396484375, 121.55273437500001], [132.275390625, 122.87109375000001], [132.71484375, 123.31054687500001], [133.154296875, 125.06835937500001], [133.59375, 125.94726562500001], [133.59375, 128.14453125], [134.033203125, 129.462890625], [134.47265625, 130.78125], [134.912109375, 131.66015625], [135.3515625, 133.857421875], [135.791015625, 134.736328125], [136.669921875, 136.494140625], [137.98828125, 138.69140625], [137.98828125, 139.130859375], [138.427734375, 140.44921875], [138.427734375, 141.328125], [138.8671875, 142.646484375], [138.8671875, 143.0859375], [139.306640625, 143.525390625], [139.306640625, 144.84375], [139.74609375, 145.72265625], [139.74609375, 146.162109375], [139.74609375, 146.6015625], [139.74609375, 147.48046875], [139.74609375, 147.919921875], [139.74609375, 148.798828125], [140.185546875, 148.798828125], [140.185546875, 149.677734375], [140.185546875, 150.556640625]], {"i0": 0.2, "spread": 0.83, "falloff": 1.0}]]}