{"disk": {"mu": [43.330078125, 42.57675504684448], "roll": -1.6989248883355936, "rEff": 16.192805801479444, "axRatio": 0.46387451226034027, "i0": 0.13, "c": 2, "n": 1}, "bulge": {"mu": [42.990234375, 42.74667951464653], "roll": 0.5880031904245865, "rEff": 3.3818914457768905, "axRatio": 0.9468633194096782, "i0": 1.35, "c": 2, "n": 0.5}, "bar": null, "spiral": []}