{"disk": {"mu": [49.912499606609344, 49.45488202571869], "roll": -2.3381784216382897, "rEff": 47.987995054735535, "axRatio": 0.981822621062078, "i0": 0.26, "c": 2, "n": 1}, "bulge": {"mu": [49.525780856609344, 50.03496015071869], "roll": -1.4711276743037345, "rEff": 3.886475337855344, "axRatio": 0.9331075260506765, "i0": 0.11, "c": 2, "n": 5.0}, "bar": null, "spiral": []}