{"disk": {"mu": [89.97197479009628, 89.80882090330124], "roll": -0.6725787834307111, "rEff": 66.1280834587345, "axRatio": 0.7524935786071755, "i0": 0.19, "c": 2, "n": 1}, "bulge": {"mu": [89.45856070518494, 89.48119014501572], "roll": 0.8288490587889792, "rEff": 3.8131229572074954, "axRatio": 0.5, "i0": 0.5, "c": 2, "n": 1.0}, "bar": null, "spiral": [[[[57.965234375, 99.98828125], [58.175000000000004, 99.8134765625], [58.349804687500004, 99.8134765625], [58.524609375000004, 99.8134765625], [58.524609375000004, 100.337890625], [58.734375, 100.337890625], [58.734375, 100.54765625], [58.734375, 100.7224609375], [58.734375, 100.897265625], [58.9091796875, 100.897265625], [59.083984375, 101.10703124999999], [59.293749999999996, 101.10703124999999], [59.293749999999996, 101.28183593749999], [59.643359374999996, 101.28183593749999], [59.643359374999996, 101.45664062499999], [59.853125, 101.66640625000001]], {"i0": 0.96, "spread": 0.41, "falloff": 1.0}], [[[80.4451171875, 101.5615234375], [80.4451171875, 101.9111328125], [80.65488281249999, 101.9111328125], [80.65488281249999, 102.1208984375], [81.00449218749999, 102.1208984375]], {"i0": 0.61, "spread": 0.17, "falloff": 1.0}], [[[92.15703125, 82.05332031249999], [92.15703125, 81.8435546875], [92.15703125, 81.66875], [92.15703125, 81.2841796875], [92.15703125, 81.109375], [92.15703125, 80.55], [92.15703125, 80.16542968750001], [92.15703125, 79.99062500000001], [92.15703125, 79.64101562500001], [92.15703125, 79.43124999999999], [92.15703125, 79.25644531249999], [92.15703125, 78.522265625], [92.15703125, 78.1376953125], [91.9822265625, 77.753125], [91.9822265625, 77.5783203125], [91.9822265625, 77.01894531250001], [91.9822265625, 76.45957031249999], [91.9822265625, 76.28476562499999], [91.9822265625, 76.10996093749999], [91.9822265625, 75.5505859375], [91.9822265625, 75.3408203125], [91.9822265625, 74.7814453125], [91.9822265625, 74.04726562500001], [91.9822265625, 73.87246093750001], [91.9822265625, 73.66269531249999], [91.9822265625, 72.928515625], [91.9822265625, 72.7537109375], [92.15703125, 72.7537109375], [92.15703125, 72.369140625], [92.15703125, 72.1943359375], [92.15703125, 72.01953125], [92.15703125, 71.6349609375], [92.15703125, 71.25039062500001], [92.15703125, 71.07558593750001], [92.15703125, 70.90078125000001]], {"i0": 0.09, "spread": 1.0, "falloff": 1.0}]]}