{"disk": {"mu": [51.933984994888306, 51.30937623977661], "roll": 2.412514664100303, "rEff": 25.69468560003314, "axRatio": 0.5, "i0": 0.18, "c": 2, "n": 1}, "bulge": {"mu": [51.527734994888306, 51.10625123977661], "roll": -0.6467585760180137, "rEff": 6.235969345418595, "axRatio": 0.5, "i0": 0.5, "c": 2, "n": 1.0}, "bar": null, "spiral": [[[[56.671875, 52.365625], [56.996875, 52.690625], [57.646875, 53.3609375], [57.9921875, 53.6859375], [58.1546875, 53.8484375], [58.9671875, 54.3359375], [59.8, 55.00625], [60.9375, 55.33125], [61.9328125, 56.14375], [62.5828125, 56.3265625], [63.253125, 56.3265625], [63.415625, 56.3265625], [64.065625, 55.81875], [64.22812499999999, 55.33125], [64.4109375, 55.00625], [64.5734375, 54.6609375], [64.5734375, 54.3359375], [64.8984375, 54.1734375], [64.8984375, 54.0109375], [65.06093750000001, 53.6859375], [65.06093750000001, 53.1984375], [65.06093750000001, 52.853125], [65.06093750000001, 52.690625], [65.06093750000001, 52.365625], [65.06093750000001, 52.040625], [65.06093750000001, 51.878125000000004], [65.06093750000001, 51.715624999999996], [64.8984375, 51.553125], [64.8984375, 51.370312500000004], [64.73593749999999, 51.370312500000004], [64.73593749999999, 51.207812499999996], [64.5734375, 51.0453125], [64.4109375, 50.8828125], [64.22812499999999, 50.557812500000004], [63.903125, 49.9078125], [63.578125, 49.745312500000004], [63.415625, 49.4], [63.090625, 48.75], [62.928125, 48.5875], [62.4203125, 48.262499999999996], [61.6078125, 47.4296875], [61.1203125, 47.4296875], [60.775, 47.104687500000004], [60.45, 47.104687500000004], [59.9625, 46.942187499999996], [59.2921875, 46.434374999999996], [58.9671875, 46.271875], [58.4796875, 45.946875], [58.1546875, 45.134375], [57.8296875, 44.809374999999996], [57.321875, 44.1390625], [56.834375, 43.489062499999996], [56.509375, 42.981249999999996], [56.184375, 42.81875], [55.6765625, 42.168749999999996], [55.1890625, 42.00625], [54.7015625, 41.84375], [54.19375, 41.1734375], [53.70625, 41.010937500000004], [53.21875, 40.6859375], [52.7109375, 40.5234375], [52.3859375, 40.198437500000004], [52.2234375, 39.690625000000004], [51.7359375, 39.365625], [51.2484375, 38.553125], [50.740625, 37.8828125], [49.928125, 37.0703125], [49.2578125, 36.4], [48.6078125, 35.75], [48.2828125, 35.5875], [47.775, 35.425000000000004], [47.2875, 35.1], [46.9625, 35.1], [46.475, 35.1], [46.3125, 35.1], [45.9671875, 35.1], [45.6421875, 34.754687499999996], [44.9921875, 34.754687499999996], [44.484375, 34.5921875], [43.996874999999996, 34.2671875], [43.671875, 34.2671875], [43.346875000000004, 34.104687500000004], [42.839062500000004, 34.104687500000004], [42.676562499999996, 33.942187499999996], [42.1890625, 33.942187499999996], [41.5390625, 33.7796875], [41.03125, 33.6171875], [40.543749999999996, 33.4546875], [40.05625, 33.292187500000004], [39.731249999999996, 33.109375], [39.5484375, 33.109375], [39.5484375, 32.946875], [39.223437499999996, 32.946875], [39.0609375, 32.946875], [38.7359375, 32.946875], [38.410937499999996, 32.784375000000004]], {"i0": 0.18, "spread": 2.0, "falloff": 1.0}], [[[44.8296875, 46.6171875], [44.484375, 46.6171875], [41.7015625, 46.434374999999996], [40.706250000000004, 46.434374999999996], [39.893750000000004, 46.434374999999996], [39.731249999999996, 46.434374999999996], [39.731249999999996, 46.6171875], [39.5484375, 46.7796875], [39.5484375, 46.942187499999996], [39.223437499999996, 47.104687500000004], [38.8984375, 47.754687499999996], [38.2484375, 48.262499999999996], [38.2484375, 48.425000000000004], [38.2484375, 48.5875], [38.0859375, 48.9125], [37.740625, 49.4], [37.253125000000004, 50.2328125], [37.090624999999996, 50.7203125], [36.928125, 51.207812499999996], [36.928125, 51.370312500000004], [36.928125, 51.553125], [36.928125, 51.715624999999996], [36.928125, 52.203125], [37.090624999999996, 52.690625], [37.090624999999996, 53.1984375], [37.090624999999996, 53.3609375], [37.253125000000004, 53.3609375], [37.578125, 53.3609375], [37.903124999999996, 54.3359375], [38.410937499999996, 55.33125], [38.573437500000004, 55.49375], [39.0609375, 55.81875], [39.385937500000004, 56.6515625], [40.21875, 57.3015625], [40.543749999999996, 57.4640625], [40.706250000000004, 57.7890625], [40.86875, 57.971875], [41.7015625, 58.296875], [42.1890625, 58.784375], [43.509375, 59.434375], [43.509375, 59.7796875], [43.671875, 59.7796875], [43.996874999999996, 59.9421875], [44.667187500000004, 60.7546875], [45.317187499999996, 61.425], [45.6421875, 62.075], [45.6421875, 62.2375], [45.9671875, 62.5625], [46.475, 63.2328125], [46.9625, 63.8828125], [47.449999999999996, 64.55312500000001], [47.775, 64.715625], [48.120312500000004, 65.04062499999999], [48.2828125, 65.04062499999999], [49.0953125, 65.528125], [49.4203125, 65.528125], [50.090624999999996, 66.015625], [50.415625, 66.36093749999999], [50.903124999999996, 66.8484375], [51.065625000000004, 66.8484375], [51.8984375, 67.3359375], [52.7109375, 68.00625000000001], [53.21875, 68.33125], [53.54375, 68.49374999999999], [53.86875, 68.65625], [54.5390625, 68.98125], [54.7015625, 69.14375], [54.8640625, 69.30624999999999], [55.1890625, 69.30624999999999], [56.834375, 69.9765625], [57.646875, 70.62656249999999], [58.1546875, 70.95156250000001], [58.6421875, 71.296875]], {"i0": 0.54, "spread": 0.97, "falloff": 1.0}]]}