{"disk": {"mu": [89.77313232421875, 87.7314682006836], "roll": -4.125950404720447, "rEff": 67.50109671760616, "axRatio": 0.8010367585638456, "i0": 0.16, "c": 2, "n": 1}, "bulge": {"mu": [89.74855041503906, 90.67037200927734], "roll": 2.625347127006689, "rEff": 6.655083063919381, "axRatio": 0.5, "i0": 0.43, "c": 2, "n": 0.93}, "bar": null, "spiral": []}