{"disk": {"mu": [127.32767951488495, 126.5], "roll": -3.0947519406738238, "rEff": 60.78667238023891, "axRatio": 0.5739235125162858, "i0": 0.2, "c": 2, "n": 1}, "bulge": {"mu": [128.31596076488495, 126.994140625], "roll": 0.0, "rEff": 4.1507812500000005, "axRatio": 0.4, "i0": 0.53, "c": 2, "n": 0.73}, "bar": null, "spiral": []}