{"disk": {"mu": [69.5306396484375, 68.51568603515625], "roll": 2.8461518164460733, "rEff": 29.80786539004979, "axRatio": 0.5, "i0": 0.23, "c": 2, "n": 1}, "bulge": {"mu": [69.42523884773254, 69.17233121395111], "roll": -2.6387488915657857, "rEff": 5.329304842188972, "axRatio": 0.718221240441368, "i0": 0.53, "c": 2, "n": 0.5}, "bar": null, "spiral": []}