{"disk": {"mu": [36.73712158203125, 38.705078125], "roll": 0.8412704749940555, "rEff": 21.750856754190057, "axRatio": 0.5794220962105355, "i0": 0.28, "c": 2, "n": 1}, "bulge": {"mu": [38.136260986328125, 37.4688720703125], "roll": 0.26641639668971107, "rEff": 3.7132144618192875, "axRatio": 0.943859159078583, "i0": 0.5, "c": 2, "n": 1.0}, "bar": null, "spiral": [[[[32.359375, 36.159375], [32.31484375, 36.159375], [32.1515625, 36.159375], [31.201562499999998, 36.58984375], [30.71171875, 37.109375], [30.04375, 37.9109375], [29.40546875, 38.608593750000004], [28.85625, 39.009375], [28.158593749999998, 39.425000000000004], [27.74296875, 39.692187499999996], [27.267968749999998, 40.00390625], [26.9265625, 40.30078125], [26.71875, 40.44921875], [26.5703125, 40.657031249999996], [26.40703125, 40.89453125], [26.2734375, 41.146875], [26.13984375, 41.577343750000004], [26.021093750000002, 41.918749999999996], [25.8875, 42.20078125], [25.81328125, 42.49765625], [25.724218750000002, 42.883593749999996], [25.6203125, 43.38828125], [25.4421875, 44.175000000000004], [25.353125000000002, 44.53125], [25.264062499999998, 44.9765625], [25.115624999999998, 45.540625], [25.0265625, 46.015625], [24.92265625, 46.6390625], [24.92265625, 47.143750000000004], [24.92265625, 47.5], [24.92265625, 47.915625], [24.92265625, 48.5390625], [24.967187499999998, 49.103125], [25.1453125, 49.489062499999996], [25.30859375, 49.785937499999996], [25.471875, 50.0234375], [25.872656250000002, 50.780468750000004], [26.080468749999998, 51.0921875], [26.25859375, 51.448437500000004], [26.3625, 51.55234375], [26.451562499999998, 51.671093750000004], [26.48125, 51.70078125], [26.5109375, 51.775], [26.599999999999998, 51.893750000000004], [26.6296875, 52.012499999999996], [26.674218749999998, 52.012499999999996], [26.70390625, 52.012499999999996]], {"i0": 0.4, "spread": 1.0, "falloff": 1.06}], [[[42.453125, 41.102343749999996], [42.453125, 41.028124999999996], [42.453125, 40.71640625], [42.4828125, 40.315625000000004], [42.70546875, 40.092968750000004], [43.061718750000004, 39.78125], [43.44765625, 39.573437500000004], [43.759375, 39.395312499999996], [44.100781250000004, 39.1875], [44.30859375, 39.009375], [44.5015625, 38.890625], [44.664843749999996, 38.7421875], [44.8578125, 38.534375000000004], [45.110156249999996, 38.19296875], [45.288281250000004, 37.88125], [45.510937500000004, 37.56953125], [45.6890625, 37.16875], [45.76328125, 37.00546875], [45.79296875, 36.97578125], [45.79296875, 36.94609375], [45.8375, 36.7828125], [45.926562499999996, 36.4859375], [45.97109375, 36.32265625], [46.000781249999996, 36.20390625], [46.000781249999996, 36.1], [46.0453125, 35.84765625], [46.08984375, 35.4171875], [46.134375, 35.07578125], [46.134375, 34.9125], [46.178906250000004, 34.675], [46.223437499999996, 34.51171875], [46.3421875, 34.30390625], [46.38671875, 34.140625], [46.50546875, 33.88828125], [46.594531249999996, 33.59140625], [46.668749999999996, 33.309375], [46.7875, 32.9234375], [46.8765625, 32.58203125], [46.965624999999996, 32.3296875], [47.039843749999996, 32.16640625], [47.039843749999996, 32.13671875], [47.039843749999996, 32.0921875], [47.039843749999996, 31.98828125], [47.039843749999996, 31.721093749999998], [47.039843749999996, 31.275781249999998], [46.95078125, 30.607812499999998], [46.742968749999996, 30.14765625], [46.520312499999996, 29.746875], [46.3421875, 29.40546875], [46.26796875, 29.3015625], [46.26796875, 29.212500000000002], [46.223437499999996, 29.212500000000002], [46.19375, 29.212500000000002], [46.149218749999996, 29.1828125], [46.11953125, 29.1828125], [45.956250000000004, 29.10859375], [45.61484375, 28.974999999999998], [45.19921875, 28.8859375], [44.57578125, 28.692968750000002], [43.89296875, 28.5], [43.328906249999996, 28.307031249999998], [43.00234375, 28.173437500000002], [42.839062500000004, 28.099218750000002], [42.63125, 28.06953125], [42.512499999999996, 28.06953125], [42.319531250000004, 27.98046875], [42.15625, 27.950781250000002], [42.0375, 27.950781250000002], [41.800000000000004, 27.90625], [41.5328125, 27.90625], [41.2359375, 27.861718749999998], [40.85, 27.861718749999998], [40.538281250000004, 27.861718749999998], [40.092968750000004, 27.861718749999998], [39.52890625, 27.861718749999998], [38.96484375, 27.861718749999998], [38.460156250000004, 27.861718749999998], [37.95546875, 27.861718749999998], [37.64375, 27.861718749999998], [37.1984375, 27.90625], [36.88671875, 27.950781250000002], [36.44140625, 27.9953125], [35.93671875, 28.03984375], [35.565625, 28.12890625], [35.0609375, 28.2625], [34.55625, 28.440625], [33.8734375, 28.5890625], [33.3984375, 28.7375], [32.775, 28.915625000000002], [32.3296875, 29.0046875], [31.9734375, 29.09375], [31.572656249999998, 29.271874999999998], [31.216406250000002, 29.40546875], [30.815625, 29.61328125], [30.4296875, 29.791406249999998], [30.177343750000002, 29.954687500000002], [29.925, 30.11796875], [29.76171875, 30.236718749999998], [29.61328125, 30.310937499999998], [29.494531249999998, 30.385156249999998], [29.37578125, 30.459374999999998], [29.1828125, 30.533593749999998], [29.01953125, 30.65234375], [28.900781249999998, 30.756249999999998], [28.752343749999998, 30.875], [28.7078125, 30.919531250000002], [28.678124999999998, 30.94921875]], {"i0": 0.21, "spread": 0.47, "falloff": 1.06}]]}