{"disk": {"mu": [77.23762959241867, 77.79264569282532], "roll": -1.544715152909257, "rEff": 55.72207577353278, "axRatio": 0.8386076784304498, "i0": 0.26, "c": 2, "n": 1}, "bulge": {"mu": [77.54036396741867, 77.79264569282532], "roll": 1.1071478458636672, "rEff": 4.738544557223773, "axRatio": 0.9999995640352635, "i0": 0.5, "c": 2, "n": 1.0}, "bar": null, "spiral": []}