{"disk": {"mu": [91.8025375008583, 89.16541290283203], "roll": -0.586197634083079, "rEff": 56.14453303876944, "axRatio": 0.8361206401440674, "i0": 0.2, "c": 2, "n": 1}, "bulge": null, "bar": {"mu": [91.10331074893475, 89.16540756821632], "roll": 0.44378257073605315, "rEff": 2.167607892155647, "axRatio": 0.2083330154467451, "i0": 0.38, "c": 2.94, "n": 0.7}, "spiral": [[[[102.994921875, 94.744140625], [99.498828125, 112.57421875], [60.342578124999996, 95.443359375]], {"i0": 0.3, "spread": 2.0, "falloff": 1.0}], [[[88.6609375, 70.62109375], [114.881640625, 69.22265625], [125.0203125, 82.158203125]], {"i0": 0.27, "spread": 2.0, "falloff": 1.0}]]}