{"disk": {"mu": [68.28277587890625, 65.81497192382812], "roll": 1.3317086117223296, "rEff": 32.02180560705611, "axRatio": 0.45803987116790823, "i0": 0.21, "c": 2, "n": 1}, "bulge": {"mu": [67.49176025390625, 68.18801879882812], "roll": 0.34302394042070344, "rEff": 4.443754345855519, "axRatio": 0.9369247858278926, "i0": 0.54, "c": 2, "n": 1.58}, "bar": null, "spiral": [[[[73.828125, 64.494140625], [73.828125, 64.23046875], [73.828125, 63.703125], [73.828125, 63.439453125], [73.828125, 63.17578125], [73.828125, 62.6484375], [73.828125, 62.12109375], [73.828125, 61.59375], [73.828125, 61.330078125], [74.091796875, 60.802734375], [74.091796875, 60.275390625], [74.091796875, 60.01171875], [74.091796875, 59.748046875], [74.35546875, 59.748046875], [74.35546875, 59.484375], [74.35546875, 59.220703125], [74.35546875, 58.95703125], [74.619140625, 57.90234375], [74.619140625, 56.84765625], [74.619140625, 56.583984375], [74.619140625, 56.3203125], [74.619140625, 55.001953125], [74.619140625, 54.73828125], [74.619140625, 53.947265625], [74.619140625, 53.68359375], [74.619140625, 53.15625], [74.35546875, 51.57421875], [74.35546875, 51.310546875], [74.091796875, 51.046875], [74.091796875, 50.51953125], [74.091796875, 50.255859375], [73.828125, 50.255859375], [73.828125, 49.9921875], [73.564453125, 49.9921875], [73.30078125, 49.728515625], [73.037109375, 49.728515625], [72.7734375, 49.728515625], [72.509765625, 49.46484375], [72.24609375, 49.46484375], [71.982421875, 48.9375], [71.71875, 48.9375], [71.455078125, 48.41015625]], {"i0": 0.21, "spread": 0.26, "falloff": 1.27}], [[[61.435546875, 71.349609375], [61.435546875, 71.61328125], [61.435546875, 71.876953125], [61.435546875, 72.66796875], [61.435546875, 73.1953125], [61.435546875, 73.72265625], [61.435546875, 74.25], [61.435546875, 74.77734375], [61.69921875, 75.3046875], [61.69921875, 75.568359375], [61.69921875, 75.83203125], [61.962890625, 76.095703125], [61.962890625, 76.623046875], [61.962890625, 76.88671875], [61.962890625, 77.4140625], [61.962890625, 77.677734375], [61.962890625, 77.94140625], [61.962890625, 78.205078125], [62.2265625, 78.205078125], [62.2265625, 78.46875], [62.2265625, 78.732421875], [62.2265625, 78.99609375], [62.490234375, 80.05078125], [62.490234375, 80.314453125], [62.490234375, 80.578125], [62.75390625, 80.841796875], [63.017578125, 81.10546875], [63.017578125, 81.369140625], [63.28125, 81.6328125], [63.544921875, 81.6328125], [63.80859375, 81.896484375], [64.072265625, 81.896484375], [64.3359375, 81.896484375], [64.599609375, 81.896484375], [65.126953125, 81.896484375], [65.390625, 81.896484375], [65.654296875, 81.896484375], [65.91796875, 81.896484375], [66.708984375, 82.16015625], [67.236328125, 82.16015625], [67.5, 82.16015625], [67.763671875, 82.16015625], [68.02734375, 82.16015625], [68.818359375, 82.16015625], [69.08203125, 82.16015625], [69.873046875, 81.6328125], [71.19140625, 81.369140625], [71.71875, 81.10546875], [71.982421875, 81.10546875], [72.509765625, 80.841796875], [73.564453125, 80.578125], [74.091796875, 80.05078125], [74.091796875, 79.787109375], [74.619140625, 78.732421875], [74.8828125, 77.4140625], [75.146484375, 77.4140625], [75.41015625, 76.623046875], [75.673828125, 76.359375], [75.9375, 75.568359375], [76.201171875, 75.041015625], [76.201171875, 74.77734375], [76.201171875, 74.513671875], [76.201171875, 73.986328125], [76.201171875, 73.72265625], [76.201171875, 73.458984375], [76.201171875, 73.1953125], [76.201171875, 72.931640625]], {"i0": 0.24, "spread": 0.63, "falloff": 1.27}]]}