{"disk": {"mu": [95.48834228515625, 94.614013671875], "roll": -0.060112673986167924, "rEff": 51.94091207280004, "axRatio": 0.6845094033916215, "i0": 0.25, "c": 2, "n": 1}, "bulge": {"mu": [94.36920166015625, 95.733154296875], "roll": 0.06512516333438588, "rEff": 7.006088472054373, "axRatio": 0.468288498307463, "i0": 0.13, "c": 2, "n": 4.9}, "bar": null, "spiral": [[[[99.37968749999999, 94.8658203125], [99.75273437499999, 94.8658203125], [99.93925781249999, 94.8658203125], [100.1630859375, 94.8658203125], [100.349609375, 94.8658203125], [100.5361328125, 94.8658203125], [100.75996093750001, 94.8658203125], [101.13300781250001, 94.8658203125], [101.3568359375, 94.8658203125], [101.7298828125, 94.8658203125], [101.9537109375, 94.8658203125], [102.3267578125, 94.8658203125], [102.73710937499999, 94.679296875], [102.92363281249999, 94.679296875], [103.333984375, 94.679296875], [104.11738281250001, 94.4927734375], [104.527734375, 94.2689453125], [104.90078125, 94.2689453125], [105.3111328125, 94.082421875], [106.09453124999999, 93.8958984375], [106.5048828125, 93.6720703125], [106.69140625, 93.6720703125], [106.8779296875, 93.485546875], [107.47480468750001, 93.485546875], [107.88515625, 93.2990234375], [108.0716796875, 93.2990234375], [108.2955078125, 93.2990234375], [108.48203125, 93.0751953125], [108.6685546875, 93.0751953125], [108.89238281249999, 93.0751953125], [109.07890624999999, 93.0751953125], [109.26542968749999, 92.888671875], [109.4892578125, 92.888671875], [109.67578125, 92.7021484375], [109.8623046875, 92.7021484375], [110.45917968750001, 92.515625], [110.64570312500001, 92.291796875], [110.86953125, 92.291796875], [111.242578125, 92.1052734375], [111.46640625, 92.1052734375], [111.6529296875, 91.91875], [111.839453125, 91.694921875], [112.43632812499999, 91.694921875], [112.66015625, 91.5083984375], [112.8466796875, 91.5083984375], [113.25703125000001, 91.5083984375], [113.44355468750001, 91.321875], [113.63007812500001, 91.321875], [113.81660156250001, 91.321875], [114.0404296875, 91.321875], [114.226953125, 91.321875], [114.6373046875, 91.321875], [114.6373046875, 91.098046875], [114.823828125, 91.098046875], [115.0103515625, 91.098046875], [115.23417968749999, 91.098046875], [115.42070312499999, 91.098046875], [115.8310546875, 91.098046875], [116.017578125, 91.098046875], [116.2041015625, 91.098046875], [116.42792968750001, 91.098046875], [116.61445312500001, 91.098046875], [117.211328125, 91.098046875], [117.3978515625, 91.098046875], [117.584375, 91.098046875], [117.808203125, 91.098046875], [117.9947265625, 91.098046875], [118.18125, 91.098046875], [118.40507812499999, 91.098046875], [118.59160156249999, 91.321875], [118.77812499999999, 91.321875], [119.001953125, 91.321875], [119.1884765625, 91.5083984375], [119.375, 91.5083984375], [119.59882812500001, 91.694921875], [119.78535156250001, 91.694921875], [119.97187500000001, 91.91875], [120.195703125, 91.91875], [120.3822265625, 91.91875], [120.56875, 92.1052734375], [120.56875, 92.291796875], [120.792578125, 92.291796875], [120.9791015625, 92.515625], [121.165625, 92.7021484375], [121.3521484375, 92.7021484375], [121.3521484375, 92.888671875], [121.57597656249999, 93.0751953125], [121.76249999999999, 93.2990234375], [121.94902343749999, 93.485546875], [122.1728515625, 93.6720703125], [122.1728515625, 93.8958984375], [122.359375, 94.082421875], [122.359375, 94.2689453125], [122.5458984375, 94.2689453125], [122.5458984375, 94.4927734375], [122.76972656250001, 94.4927734375], [122.76972656250001, 94.679296875], [122.76972656250001, 94.8658203125], [122.95625000000001, 95.0896484375], [122.95625000000001, 95.276171875], [123.14277343750001, 95.4626953125], [123.14277343750001, 95.6865234375], [123.3666015625, 95.873046875], [123.553125, 96.0595703125], [123.553125, 96.28339843750001], [123.7396484375, 96.28339843750001], [123.7396484375, 96.46992187500001], [123.7396484375, 96.65644531250001], [123.9634765625, 96.65644531250001], [123.9634765625, 96.84296875000001], [124.15, 96.84296875000001], [124.15, 97.2533203125], [124.3365234375, 97.2533203125], [124.3365234375, 97.43984375], [124.523046875, 97.663671875], [124.523046875, 97.8501953125], [124.74687499999999, 98.03671875], [124.74687499999999, 98.44707031249999], [124.93339843749999, 98.44707031249999], [124.93339843749999, 98.63359374999999], [125.11992187499999, 98.857421875], [125.11992187499999, 99.0439453125], [125.11992187499999, 99.23046875], [125.11992187499999, 99.45429687500001], [125.34375, 99.82734375000001], [125.34375, 100.01386718750001], [125.34375, 100.2376953125], [125.34375, 100.8345703125], [125.34375, 101.02109375], [125.34375, 101.43144531249999], [125.34375, 101.61796874999999], [125.34375, 101.80449218749999], [125.34375, 102.0283203125], [125.34375, 102.21484375], [125.34375, 102.4013671875], [125.34375, 102.62519531250001], [125.34375, 102.81171875000001], [125.34375, 102.99824218750001], [125.34375, 103.5951171875], [125.34375, 103.781640625], [125.34375, 104.00546875], [125.34375, 104.378515625], [125.34375, 104.60234374999999], [125.34375, 104.78886718749999], [125.34375, 105.19921875], [125.34375, 105.3857421875], [125.34375, 105.572265625], [125.34375, 105.98261718750001], [125.34375, 106.16914062500001], [125.34375, 106.39296875], [125.11992187499999, 106.5794921875], [125.11992187499999, 106.766015625], [125.11992187499999, 106.98984375], [124.93339843749999, 107.1763671875], [124.93339843749999, 107.362890625], [124.74687499999999, 107.5494140625], [124.523046875, 107.77324218749999], [124.523046875, 107.95976562499999], [124.523046875, 108.14628906249999], [124.3365234375, 108.3701171875], [124.3365234375, 108.556640625], [124.15, 108.556640625], [124.15, 108.7431640625], [123.9634765625, 108.7431640625], [123.9634765625, 108.96699218750001], [123.7396484375, 109.34003906250001], [123.553125, 109.5638671875], [123.553125, 109.750390625], [123.3666015625, 109.9369140625], [123.14277343750001, 109.9369140625], [123.14277343750001, 110.1607421875], [122.95625000000001, 110.1607421875], [122.95625000000001, 110.347265625], [122.76972656250001, 110.5337890625], [122.359375, 110.7203125], [122.359375, 110.94414062499999], [122.1728515625, 110.94414062499999], [122.1728515625, 111.13066406249999], [121.94902343749999, 111.31718749999999], [121.76249999999999, 111.31718749999999], [121.76249999999999, 111.541015625], [121.57597656249999, 111.541015625], [121.165625, 111.7275390625], [120.9791015625, 111.9140625], [120.56875, 112.13789062500001], [120.3822265625, 112.32441406250001], [119.78535156250001, 112.734765625], [119.375, 112.9212890625], [119.1884765625, 113.1078125], [119.001953125, 113.331640625], [118.18125, 113.5181640625], [117.9947265625, 113.7046875], [117.808203125, 113.92851562499999], [117.0248046875, 114.11503906249999], [116.61445312500001, 114.30156249999999], [116.2041015625, 114.48808593749999], [115.60722656249999, 114.8984375], [115.0103515625, 115.0849609375], [114.226953125, 115.49531250000001], [113.81660156250001, 115.68183593750001], [113.63007812500001, 115.9056640625], [113.44355468750001, 115.9056640625], [112.8466796875, 116.2787109375], [112.66015625, 116.2787109375], [112.43632812499999, 116.5025390625], [112.24980468749999, 116.5025390625], [111.6529296875, 116.8755859375], [111.242578125, 117.09941406249999], [110.86953125, 117.09941406249999], [110.64570312500001, 117.28593749999999], [109.8623046875, 117.65898437499999], [109.4892578125, 117.8828125], [109.07890624999999, 118.0693359375], [108.48203125, 118.47968750000001], [107.88515625, 118.85273437500001], [107.47480468750001, 119.0765625], [106.8779296875, 119.449609375], [106.5048828125, 119.6734375], [106.318359375, 119.6734375], [106.09453124999999, 119.8599609375], [105.49765625, 120.046484375], [105.3111328125, 120.27031249999999], [105.124609375, 120.27031249999999], [104.90078125, 120.45683593749999], [104.7142578125, 120.45683593749999], [104.527734375, 120.45683593749999], [103.93085937500001, 