{"disk": {"mu": [70.5, 71.20683565735817], "roll": -0.267910329681323, "rEff": 34.29938122595102, "axRatio": 0.5, "i0": 0.2, "c": 2, "n": 1}, "bulge": {"mu": [70.775390625, 70.10527315735817], "roll": -2.4756228867255325, "rEff": 5.295442365267338, "axRatio": 0.9684368838429818, "i0": 0.63, "c": 2, "n": 2.2}, "bar": null, "spiral": [[[[71.326171875, 66.258984375], [71.6015625, 65.157421875], [78.486328125, 63.78046875], [83.16796875, 65.708203125], [87.57421875, 69.563671875], [91.154296875, 72.04218750000001], [93.908203125, 75.34687500000001], [94.18359375, 75.89765625000001], [94.18359375, 76.17304687500001]], {"i0": 0.18, "spread": 0.87, "falloff": 0.78}], [[[69.3984375, 76.44843750000001], [69.3984375, 78.65156250000001], [68.572265625, 79.47773437500001], [67.74609375, 80.02851562500001], [67.1953125, 80.02851562500001], [63.33984375, 80.02851562500001], [63.064453125, 80.02851562500001], [62.23828125, 79.75312500000001], [58.93359375, 77.27460937500001], [54.52734375, 73.96992187500001], [52.048828125, 70.94062500000001], [51.498046875, 68.18671875], [50.947265625, 64.055859375], [50.947265625, 63.78046875]], {"i0": 0.23, "spread": 0.41, "falloff": 0.78}]]}