{"disk": {"mu": [80.3790283203125, 78.3828125], "roll": -0.7525152835919364, "rEff": 33.18566740044545, "axRatio": 0.5, "i0": 0.2, "c": 2, "n": 1}, "bulge": {"mu": [79.4532470703125, 78.3828125], "roll": -0.8139618212362083, "rEff": 3.820211147843968, "axRatio": 0.5, "i0": 0.5, "c": 2, "n": 1.0}, "bar": {"mu": [80.2247314453125, 78.69140625], "roll": -0.6556956262415362, "rEff": 9.875, "axRatio": 0.8648648648648649, "i0": 0.0, "c": 2.0, "n": 0.5}, "spiral": []}