{"disk": {"mu": [75.19586181640625, 74.91015625], "roll": -0.2077998086966718, "rEff": 43.11471353557153, "axRatio": 0.7493207143511845, "i0": 0.16, "c": 2, "n": 1}, "bulge": {"mu": [75.19586181640625, 76.08984375], "roll": 1.237552025683224, "rEff": 6.491497782255745, "axRatio": 0.9031792505481343, "i0": 0.43, "c": 2, "n": 3.03}, "bar": null, "spiral": [[[[68.716796875, 75.205078125], [56.919921875, 79.923828125], [58.099609375, 84.9375], [58.689453125, 85.52734375], [61.638671875, 86.70703125], [70.19140625, 89.06640625], [70.78125, 89.06640625], [76.6796875, 89.951171875], [88.771484375, 89.06640625], [90.8359375, 88.181640625], [94.669921875, 86.1171875], [94.96484375, 86.1171875], [99.978515625, 83.7578125], [100.2734375, 83.462890625], [100.2734375, 70.19140625], [97.9140625, 61.638671875]], {"i0": 0.13, "spread": 0.39, "falloff": 1.04}], [[[74.3203125, 65.47265625], [75.794921875, 56.625], [78.154296875, 49.841796875], [71.666015625, 46.0078125], [71.076171875, 44.533203125]], {"i0": 0.13, "spread": 0.39, "falloff": 1.04}]]}