{"disk": {"mu": [69.9893826842308, 71.1999483704567], "roll": 2.76632195051169, "rEff": 19.53527244941459, "axRatio": 0.5, "i0": 0.2, "c": 2, "n": 1}, "bulge": {"mu": [70.54015973210335, 71.1999483704567], "roll": -0.22347645125085897, "rEff": 3.1065498971515924, "axRatio": 0.5, "i0": 0.5, "c": 2, "n": 1.0}, "bar": {"mu": [70.05819672346115, 70.61524964869022], "roll": 0.0, "rEff": 3.5089758172631265, "axRatio": 0.7272710574550855, "i0": 0.5, "c": 2.0, "n": 0.5}, "spiral": [[[[54.912890625, 54.995507812499994], [55.1056640625, 54.995507812499994], [55.1056640625, 55.7666015625], [54.52734375, 56.1521484375], [54.52734375, 56.537695312500006], [54.334570312500006, 56.73046875], [54.141796875, 57.3087890625], [53.756249999999994, 57.501562500000006], [53.756249999999994, 58.0798828125], [53.5634765625, 58.27265625], [53.370703125000006, 58.850976562499994], [52.98515625, 59.2365234375], [52.792382812499994, 60.0076171875], [52.792382812499994, 60.5859375], [52.792382812499994, 61.1642578125], [52.792382812499994, 61.5498046875], [52.599609375, 62.128125], [52.599609375, 62.320898437500006], [52.599609375, 62.89921875], [52.599609375, 63.0919921875], [52.599609375, 63.670312499999994], [52.599609375, 63.8630859375], [52.599609375, 64.6341796875], [52.599609375, 65.0197265625], [52.599609375, 65.4052734375], [52.599609375, 65.7908203125], [52.98515625, 66.7546875], [53.370703125000006, 67.3330078125], [53.5634765625, 67.7185546875], [53.5634765625, 68.1041015625], [54.141796875, 68.4896484375], [54.912890625, 68.8751953125], [55.1056640625, 69.06796875], [55.683984374999994, 69.2607421875], [55.8767578125, 69.6462890625], [56.06953125, 69.8390625], [56.840625, 69.8390625]], {"i0": 0.44, "spread": 1.0, "falloff": 1.0}], [[[81.515625, 72.3451171875], [81.90117187499999, 72.15234375], [82.09394531250001, 72.15234375], [82.28671875, 72.15234375], [82.86503906249999, 72.15234375], [83.6361328125, 72.15234375], [83.82890624999999, 72.15234375], [84.4072265625, 72.15234375], [84.6, 72.15234375], [85.1783203125, 72.3451171875], [85.37109375, 72.3451171875], [85.94941406250001, 72.73066406250001], [86.527734375, 73.1162109375], [86.72050781249999, 73.50175781249999], [87.298828125, 73.69453125000001], [87.298828125, 73.8873046875], [87.4916015625, 74.46562499999999], [88.069921875, 74.65839843750001], [88.2626953125, 75.42949218749999], [88.45546875, 75.42949218749999], [88.84101562500001, 75.8150390625], [88.84101562500001, 76.0078125], [89.0337890625, 76.58613281250001], [89.0337890625, 76.77890625], [89.2265625, 76.9716796875], [89.2265625, 77.55000000000001], [89.2265625, 77.7427734375], [89.61210937499999, 78.32109374999999], [89.61210937499999, 78.8994140625], [89.61210937499999, 79.0921875], [89.80488281250001, 79.86328125], [89.80488281250001, 80.0560546875], [89.80488281250001, 80.44160156250001]], {"i0": 0.28, "spread": 1.0, "falloff": 1.0}]]}