{"disk": {"mu": [68.49163818359375, 69.46578979492188], "roll": 0.5890508211930043, "rEff": 51.49064114959532, "axRatio": 0.7421209307375859, "i0": 0.21, "c": 2, "n": 1}, "bulge": {"mu": [67.95648193359375, 69.19821166992188], "roll": 2.922923707715851, "rEff": 3.18236346081518, "axRatio": 0.5211194634703906, "i0": 0.21, "c": 2, "n": 1.69}, "bar": null, "spiral": []}