{"disk": {"mu": [58.59191608428955, 57.37392497062683], "roll": -1.7004987824098812, "rEff": 41.101508901199516, "axRatio": 0.7711734068489607, "i0": 0.22, "c": 2, "n": 1}, "bulge": null, "bar": {"mu": [57.42929345369339, 55.06370669603348], "roll": 1.5707963267948966, "rEff": 5.398766505718231, "axRatio": 0.1788855710360171, "i0": 0.26, "c": 1.85, "n": 0.51}, "spiral": []}