{"disk": {"mu": [152.25015711784363, 151.100341796875], "roll": 0.23124876195386804, "rEff": 75.7465621971968, "axRatio": 0.657704896439883, "i0": 0.11, "c": 2, "n": 1}, "bulge": {"mu": [142.82046961784363, 140.561279296875], "roll": -1.2998498699496466, "rEff": 10.224250971117698, "axRatio": 0.6666665937976205, "i0": 0.63, "c": 2, "n": 0.53}, "bar": null, "spiral": []}