{"disk": {"mu": [62.42065504193306, 63.4765625], "roll": 1.2294405306777143, "rEff": 24.613518570453643, "axRatio": 0.5, "i0": 0.2, "c": 2, "n": 1}, "bulge": {"mu": [62.90893256664276, 62.255859375], "roll": -4.514993127096128, "rEff": 4.23257834717064, "axRatio": 0.999998532808787, "i0": 0.78, "c": 2, "n": 1.0}, "bar": null, "spiral": [[[[53.8818359375, 71.2890625], [53.8818359375, 71.044921875], [53.6376953125, 70.80078125], [53.3935546875, 70.556640625], [53.1494140625, 70.556640625], [52.6611328125, 70.3125], [52.6611328125, 70.068359375], [52.4169921875, 69.82421875], [52.1728515625, 69.3359375], [51.9287109375, 69.3359375], [51.6845703125, 68.84765625], [51.1962890625, 68.359375], [50.9521484375, 68.359375], [50.7080078125, 67.87109375], [50.4638671875, 67.3828125], [50.2197265625, 66.650390625], [49.9755859375, 65.91796875], [49.7314453125, 65.4296875], [49.7314453125, 65.185546875], [49.7314453125, 64.453125], [49.7314453125, 64.208984375], [49.7314453125, 63.4765625], [49.7314453125, 63.232421875], [49.7314453125, 62.744140625], [49.7314453125, 62.5], [49.7314453125, 61.5234375], [49.7314453125, 61.279296875], [49.7314453125, 60.791015625], [49.9755859375, 60.546875], [50.2197265625, 60.05859375], [50.2197265625, 59.5703125], [50.4638671875, 59.5703125], [50.7080078125, 58.837890625], [50.9521484375, 58.349609375], [51.1962890625, 57.861328125], [51.4404296875, 57.6171875], [51.6845703125, 56.884765625], [51.6845703125, 56.640625], [52.1728515625, 56.15234375], [52.4169921875, 55.6640625], [52.6611328125, 55.6640625], [52.9052734375, 54.931640625], [53.1494140625, 54.6875], [53.3935546875, 54.19921875], [53.6376953125, 53.7109375], [53.6376953125, 53.466796875], [53.6376953125, 52.978515625], [53.6376953125, 52.734375], [53.8818359375, 52.490234375], [54.1259765625, 52.001953125], [54.3701171875, 51.7578125], [54.6142578125, 51.025390625], [54.6142578125, 50.78125], [54.8583984375, 50.29296875], [54.8583984375, 50.048828125], [55.1025390625, 49.8046875], [55.1025390625, 49.31640625], [55.3466796875, 49.31640625], [55.5908203125, 48.828125], [55.5908203125, 48.583984375], [55.8349609375, 48.33984375], [56.0791015625, 48.095703125], [56.0791015625, 47.8515625], [56.5673828125, 47.36328125], [56.5673828125, 47.119140625], [56.5673828125, 46.630859375], [56.8115234375, 45.8984375], [57.0556640625, 45.654296875], [57.2998046875, 45.41015625], [57.2998046875, 45.166015625], [57.5439453125, 44.921875], [57.5439453125, 44.677734375], [57.5439453125, 44.189453125], [57.7880859375, 43.9453125], [57.7880859375, 43.701171875], [57.7880859375, 43.45703125], [57.7880859375, 43.212890625], [58.0322265625, 42.96875], [58.2763671875, 42.48046875], [58.2763671875, 42.236328125], [58.5205078125, 41.9921875], [58.5205078125, 41.50390625], [59.0087890625, 41.015625], [59.0087890625, 40.771484375], [59.0087890625, 40.52734375], [59.2529296875, 40.283203125], [59.2529296875, 40.0390625], [59.4970703125, 40.0390625], [59.4970703125, 39.794921875], [59.7412109375, 39.794921875], [59.9853515625, 39.306640625], [60.4736328125, 39.0625], [60.7177734375, 38.57421875], [61.2060546875, 38.57421875], [61.4501953125, 38.0859375], [61.6943359375, 38.0859375], [62.1826171875, 37.841796875], [62.1826171875, 37.59765625], [62.4267578125, 37.59765625], [62.6708984375, 37.109375], [62.9150390625, 37.109375], [63.1591796875, 37.109375], [63.4033203125, 36.865234375], [63.4033203125, 36.62109375], [64.1357421875, 36.1328125], [64.3798828125, 36.1328125], [64.3798828125, 35.888671875], [64.6240234375, 35.888671875], [65.3564453125, 35.64453125], [65.6005859375, 35.400390625], [65.8447265625, 35.15625], [66.0888671875, 35.15625], [66.3330078125, 35.15625], [66.5771484375, 35.15625], [66.8212890625, 35.15625], [67.3095703125, 35.15625], [67.5537109375, 35.15625], [68.0419921875, 35.15625], [68.2861328125, 35.15625], [69.2626953125, 35.15625], [69.7509765625, 35.15625], [69.9951171875, 35.15625], [70.4833984375, 35.15625], [70.7275390625, 35.15625], [70.9716796875, 35.15625], [71.2158203125, 35.15625], [71.4599609375, 35.15625], [71.7041015625, 35.15625], [71.9482421875, 35.15625], [72.1923828125, 35.15625], [72.4365234375, 35.400390625], [72.6806640625, 35.400390625], [73.1689453125, 35.888671875], [73.1689453125, 36.1328125], [73.4130859375, 36.376953125], [73.9013671875, 36.865234375], [74.1455078125, 37.109375], [74.3896484375, 37.353515625], [74.6337890625, 37.353515625], [75.1220703125, 37.841796875], [75.1220703125, 38.0859375]], {"i0": 0.34, "spread": 1.0,