{"disk": {"mu": [60.531509935855865, 60.775720953941345], "roll": -2.0942682972590756, "rEff": 42.69023589999927, "axRatio": 0.9461198409545477, "i0": 0.2, "c": 2, "n": 1}, "bulge": {"mu": [60.767838060855865, 61.01204186677933], "roll": 0.7328151017865066, "rEff": 4.145656086313278, "axRatio": 0.9313448957916327, "i0": 0.4, "c": 2, "n": 1.33}, "bar": null, "spiral": [[[[64.77753906250001, 67.164453125], [64.77753906250001, 67.40078125], [64.54121093750001, 67.637109375], [63.832226562500004, 68.109765625], [63.359570312500004, 68.34609375], [63.123242187500004, 68.81875], [62.886914062500004, 68.81875], [62.886914062500004, 69.055078125], [62.650585937500004, 69.055078125], [62.414257812500004, 69.29140625], [62.177929687500004, 69.527734375], [61.705273437500004, 69.527734375], [61.468945312500004, 69.7640625], [60.996289062500004, 70.000390625], [60.759960937500004, 70.000390625], [60.523632812500004, 70.23671875], [60.0509765625, 70.473046875], [59.8146484375, 70.473046875], [59.5783203125, 70.709375], [59.1056640625, 70.709375], [58.8693359375, 70.945703125], [58.1603515625, 71.18203125], [57.6876953125, 71.418359375], [57.2150390625, 71.418359375], [56.5060546875, 71.6546875], [55.7970703125, 72.12734375], [55.0880859375, 72.363671875], [54.8517578125, 72.6], [54.1427734375, 72.6], [53.1974609375, 73.07265625], [52.4884765625, 73.308984375], [51.0705078125, 73.781640625], [50.1251953125, 74.01796875], [49.8888671875, 74.254296875], [49.6525390625, 74.254296875], [48.7072265625, 74.254296875], [47.9982421875, 74.490625], [47.2892578125, 74.490625], [46.5802734375, 74.490625], [46.3439453125, 74.490625], [45.8712890625, 74.490625], [45.3986328125, 74.254296875], [44.4533203125, 74.01796875], [44.2169921875, 74.01796875], [42.7990234375, 73.308984375], [41.8537109375, 72.6]], {"i0": 0.06, "spread": 0.16, "falloff": 1.46}], [[[54.8517578125, 58.656640624999994], [54.8517578125, 58.420312499999994], [54.8517578125, 58.183984374999994], [54.8517578125, 57.947656249999994], [55.0880859375, 57.711328124999994], [55.0880859375, 57.238671874999994], [55.3244140625, 56.766015624999994], [55.3244140625, 56.529687499999994], [55.5607421875, 56.057031249999994], [55.5607421875, 55.584374999999994], [55.5607421875, 55.348046874999994], [55.7970703125, 54.875390624999994], [56.0333984375, 54.639062499999994], [56.2697265625, 54.166406249999994], [56.2697265625, 53.930078124999994], [56.5060546875, 53.457421874999994], [56.7423828125, 53.457421874999994], [56.7423828125, 53.221093749999994], [56.9787109375, 53.221093749999994], [57.2150390625, 52.748437499999994], [57.4513671875, 52.512109374999994], [57.6876953125, 52.512109374999994], [57.9240234375, 52.275781249999994], [58.3966796875, 51.803124999999994], [58.8693359375, 51.566796874999994], [59.1056640625, 51.094140624999994], [59.3419921875, 51.094140624999994], [59.3419921875, 50.857812499999994], [59.8146484375, 50.621484374999994], [60.0509765625, 50.621484374999994], [60.2873046875, 50.148828124999994], [61.232617187500004, 49.912499999999994], [61.705273437500004, 49.912499999999994], [61.941601562500004, 49.912499999999994], [63.123242187500004, 49.676171874999994], [63.359570312500004, 49.439843749999994]], {"i0": 0.05, "spread": 0.17, "falloff": 1.46}]]}