{"disk": {"mu": [54.421875, 52.93828296661377], "roll": -0.18044803004347584, "rEff": 34.81910049582526, "axRatio": 0.6570164149565663, "i0": 0.2, "c": 2, "n": 1}, "bulge": {"mu": [54.32688617706299, 52.93489694595337], "roll": -0.4136892132788631, "rEff": 2.7444480642185285, "axRatio": 0.7202498458458929, "i0": 0.65, "c": 2, "n": 0.5}, "bar": null, "spiral": []}