{"disk": {"mu": [60.49261474609375, 60.5], "roll": -0.7761391687353252, "rEff": 18.22905506638144, "axRatio": 0.5, "i0": 0.16, "c": 2, "n": 1}, "bulge": {"mu": [60.96527099609375, 60.97265625], "roll": 0.8288490587889792, "rEff": 5.539886134110181, "axRatio": 1.0, "i0": 0.68, "c": 2, "n": 0.62}, "bar": null, "spiral": [[[[47.029296875, 54.35546875], [46.79296875, 53.173828125], [46.556640625, 52.46484375], [46.3203125, 51.9921875], [46.083984375, 51.51953125], [45.84765625, 50.810546875], [45.84765625, 50.1015625], [45.611328125, 49.62890625], [45.611328125, 48.919921875], [45.611328125, 48.68359375], [45.375, 48.2109375], [45.138671875, 47.73828125], [44.90234375, 47.029296875], [44.90234375, 46.79296875], [44.666015625, 46.3203125], [44.4296875, 45.84765625], [44.4296875, 45.375], [44.4296875, 44.90234375], [44.193359375, 44.666015625], [44.193359375, 44.193359375], [43.95703125, 43.95703125], [43.95703125, 43.720703125], [43.95703125, 43.484375], [43.95703125, 43.01171875], [43.95703125, 42.5390625], [43.95703125, 42.06640625], [44.4296875, 41.357421875], [44.4296875, 41.12109375], [44.666015625, 40.884765625], [44.666015625, 40.6484375], [45.138671875, 40.17578125], [45.375, 39.939453125], [45.375, 39.703125], [45.611328125, 39.703125], [45.84765625, 39.703125], [46.083984375, 39.703125], [46.3203125, 39.703125], [46.556640625, 39.466796875], [47.029296875, 39.466796875], [47.265625, 39.466796875], [47.73828125, 39.466796875], [48.447265625, 39.466796875], [48.68359375, 39.466796875], [49.15625, 39.466796875], [49.392578125, 39.466796875], [49.865234375, 39.703125], [50.1015625, 39.703125], [50.810546875, 39.939453125], [51.283203125, 40.17578125], [51.9921875, 40.6484375], [52.701171875, 40.6484375], [53.646484375, 40.884765625], [54.828125, 41.12109375], [55.537109375, 41.357421875], [56.482421875, 41.830078125], [57.427734375, 42.302734375], [57.900390625, 42.5390625], [58.845703125, 43.01171875], [59.318359375, 43.248046875], [59.5546875, 43.720703125], [59.791015625, 43.720703125], [60.02734375, 43.720703125], [60.263671875, 43.720703125], [60.97265625, 44.193359375], [61.681640625, 44.666015625], [62.154296875, 45.138671875], [62.626953125, 45.611328125], [63.099609375, 46.083984375], [63.572265625, 46.556640625], [64.28125, 47.501953125], [64.990234375, 48.2109375], [65.462890625, 48.68359375], [65.69921875, 48.919921875], [65.935546875, 49.15625], [66.408203125, 49.62890625], [66.880859375, 50.1015625], [67.353515625, 50.337890625], [67.58984375, 50.57421875], [68.0625, 50.810546875], [68.298828125, 51.046875], [68.771484375, 51.51953125], [69.0078125, 51.755859375], [69.244140625, 52.228515625], [69.48046875, 52.46484375], [69.716796875, 52.46484375], [69.716796875, 52.701171875], [70.8984375, 54.119140625], [71.607421875, 54.828125], [72.080078125, 55.30078125], [72.552734375, 56.009765625], [72.7890625, 56.24609375], [73.26171875, 56.482421875], [73.498046875, 56.955078125], [73.970703125, 57.19140625], [73.970703125, 57.427734375], [74.20703125, 57.900390625], [74.6796875, 58.13671875], [74.6796875, 58.373046875], [74.916015625, 58.609375], [75.15234375, 58.609375], [75.15234375, 58.845703125], [75.388671875, 59.318359375], [75.861328125, 59.791015625], [76.09765625, 60.263671875], [76.333984375, 60.5], [76.5703125, 60.5], [76.5703125, 60.736328125], [76.5703125, 61.91796875], [76.5703125, 63.099609375], [76.5703125, 64.517578125], [76.5703125, 65.2265625], [76.5703125, 66.171875], [76.806640625, 66.64453125], [76.806640625, 67.1171875], [77.04296875, 67.353515625], [77.279296875, 67.826171875], [77.515625, 67.826171875], [77.98828125, 68.298828125], [78.4609375, 68.771484375], [78.697265625, 69.0078125], [78.93359375, 69.244140625], [79.169921875, 69.716796875], [79.40625, 69.953125], [79.40625, 70.42578125], [79.642578125, 70.42578125], [79.642578125, 70.8984375], [79.642578125, 71.134765625], [79.642578125, 71.37109375], [79.642578125, 71.607421875], [79.642578125, 71.84375], [79.642578125, 72.31640625], [79.642578125, 73.970703125], [79.169921875, 75.625], [79.169921875, 76.5703125], [79.169921875, 76.806640625], [79.169921875, 77.04296875], [79.169921875, 77.279296875], [79.169921875, 77.515625], [78.93359375, 77.751953125], [78.697265625, 77.751953125], [78.697265625, 77.98828125], [78.4609375, 77.98828125], [77.98828125, 78.224609375], [77.515625, 78.4609375], [77.04296875, 78.4609375], [76.333984375, 78.697265625], [75.861328125, 78.697265625], [75.15234375, 78.697265625], [74.916015625, 78.697265625], [74.443359375, 78.93359375], [74.20703125, 78.93359375], [73.970703125, 78.93359375], [73.498046875, 78.93359375], [73.025390625, 78.93359375], [72.7890625, 78.93359375], [72.080078125, 79.169921875], [71.607421875, 79.169921875], [70.8984375, 79.169921875], [70.42578125, 79.40625], [69.716796875, 79.40625], [69.0078125, 79.40625], [68.53515625, 79.40625], [67.58984375, 79.169921875], [67.1171875, 79.169921875], [66.171875, 78.697265625], [65.2265625, 78.224609375], [64.517578125, 77.98828125], [64.044921875, 77.751953125], [63.80859375, 77.515625], [63.572265625, 77.515625], [61.91796875, 77.279296875], [60.736328125, 76.806640625], [59.5546875, 76.333984375], [58.609375, 75.861328125], [57.6640625, 75.388671875], [57.19140625, 75.388671875], [56.24609375, 74.916015625], [55.7734375, 74.6796875], [54.828125, 73.970703125], [54.35546875, 73.734375], [53.646484375, 73.025390625], [52.9375, 72.552734375], [51.9921875, 72.080078125], [51.51953125, 71.37109375], [51.046875, 71.134765625], [50.810546875, 70.662109375], [50.810546875, 70.42578125], [50.810546875, 70.189453125], [50.57421875, 70.189453125], [49.392578125, 69.716796875], [48.68359375, 69.0078125], [47.974609375, 68.53515625], [47.501953125, 68.0625], [46.79296875, 67.58984375], [46.3203125, 66.880859375], [45.611328125, 66.408203125], [45.375, 66.171875], [44.90234375, 65.462890625], [44.4296875, 64.75390625], [43.95703125, 64.28125], [43.720703125, 63.80859375], [43.484375, 63.572265625], [43.01171875, 62.86328125], [42.775390625, 62.154296875], [42.302734375, 61.681640625], [42.06640625, 61.208984375], [41.830078125, 60.736328125], [41.59375, 60.5], [41.59375, 60.263671875], [41.12109375, 59.318359375], [40.6484375, 58.609375], [40.412109375, 58.13671875], [39.939453125, 57.427734375], [39.703125, 56.482421875], [39.466796875, 56.009765625], [39.23046875, 55.30078125], [38.994140625, 55.064453125], [38.7578125, 54.591796875], [38.521484375, 54.119140625], [38.28515625, 53.8828125], [38.048828125, 53.41015625], [37.8125, 52.9375], [37.576171875, 52.701171875], [37.576171875, 52.46484375], [37.33984375, 52.228515625], [37.33984375, 51.755859375], [37.33984375, 51.51953125], [37.33984375, 51.283203125], [37.103515625, 51.283203125], [37.103515625, 51.046875], [37.103515625, 50.810546875], [37.103515625, 50.337890625], [37.103515625, 50.1015625], [37.103515625, 49.865234375], [37.103515625, 49.62890625], [37.103515625, 49.392578125], [37.103515625, 49.15625], [36.8671875, 48.919921875], [36.8671875, 49.15625], [37.103515625, 49.392578125]], {"i0": 0.75, "spread": 1.0, "falloff": 1.0}]]}