{"disk": {"mu": [48.02499961853027, 47.243751525878906], "roll": -1.225793938439159, "rEff": 19.637124537082485, "axRatio": 0.38788587947309594, "i0": 0.22, "c": 2, "n": 1}, "bulge": {"mu": [48.611148834228516, 49.10988807678223], "roll": 1.7590178320996677, "rEff": 4.7560110668001006, "axRatio": 0.9623668606690295, "i0": 0.31, "c": 2, "n": 0.51}, "bar": {"mu": [48.67848587036133, 48.727128982543945], "roll": 1.5707963267948966, "rEff": 4.419152412414551, "axRatio": 0.18918901585820896, "i0": 0.27, "c": 2.23, "n": 0.3}, "spiral": [[[[49.275000000000006, 57.881249999999994], [49.275000000000006, 58.012499999999996], [49.40625, 59.212500000000006], [49.668749999999996, 60.393750000000004], [49.931250000000006, 61.199999999999996], [50.34375, 62.381249999999994], [50.606249999999996, 62.925000000000004], [51.131249999999994, 63.712500000000006], [51.393750000000004, 64.10624999999999], [53.118750000000006, 66.50625], [53.793749999999996, 67.1625], [54.712500000000006, 68.23124999999999], [55.78125, 69.4125], [56.699999999999996, 70.35], [57.356249999999996, 70.875], [57.900000000000006, 71.26875000000001], [58.293749999999996, 71.53125], [58.556250000000006, 71.6625], [59.231249999999996, 71.8125], [59.625, 71.94375], [59.887499999999996, 72.07499999999999], [60.018750000000004, 72.07499999999999], [60.28125, 72.20625000000001], [60.412499999999994, 72.20625000000001], [60.543749999999996, 72.3375], [60.675000000000004, 72.3375], [60.9375, 72.46875], [61.349999999999994, 72.46875], [61.743750000000006, 72.46875], [62.137499999999996, 72.46875], [62.53125, 72.46875], [62.662499999999994, 72.46875], [62.8125, 72.46875], [62.943749999999994, 72.6], [63.074999999999996, 72.6], [63.206250000000004, 72.73124999999999], [63.337500000000006, 72.73124999999999], [63.46875, 72.73124999999999], [63.731249999999996, 72.6], [64.25625, 72.07499999999999], [64.66874999999999, 71.6625], [64.93125, 71.26875000000001], [65.19375, 70.74375], [65.32499999999999, 70.21875], [65.45625000000001, 69.80625], [65.5875, 69.28125], [65.71875, 68.625], [65.71875, 68.36250000000001], [65.85, 67.94999999999999], [65.98124999999999, 67.42500000000001], [66.11250000000001, 66.76875000000001], [66.24375, 66.225], [66.375, 65.69999999999999], [66.525, 65.17500000000001], [66.525, 64.65], [66.525, 64.10624999999999], [66.525, 63.318749999999994], [66.525, 62.643750000000004], [66.525, 62.118750000000006], [66.375, 61.724999999999994], [66.24375, 61.068749999999994], [66.24375, 60.262499999999996], [66.11250000000001, 59.737500000000004], [65.98124999999999, 59.081250000000004], [65.98124999999999, 58.668749999999996], [65.85, 58.275000000000006], [65.85, 57.881249999999994], [65.71875, 57.356249999999996], [65.5875, 57.074999999999996], [65.45625000000001, 56.943749999999994], [65.45625000000001, 56.681250000000006], [65.32499999999999, 56.025000000000006], [65.32499999999999, 55.762499999999996], [65.32499999999999, 55.631249999999994], [65.32499999999999, 55.5], [65.19375, 55.5], [65.19375, 55.349999999999994], [65.0625, 55.349999999999994]], {"i0": 0.2, "spread": 0.8, "falloff": 1.0}], [[[48.356249999999996, 37.724999999999994], [48.356249999999996, 37.59375], [48.206250000000004, 37.3125], [47.681250000000006, 36.525000000000006], [47.15625, 35.868750000000006], [46.631249999999994, 35.45625], [46.087500000000006, 35.0625], [45.5625, 34.8], [45.037499999999994, 34.537499999999994], [44.775000000000006, 34.537499999999994], [44.23125, 34.40625], [43.96875, 34.40625], [43.70625, 34.40625], [43.575, 34.40625], [43.3125, 34.40625], [43.181250000000006, 34.40625], [43.05, 34.40625], [42.76875, 34.40625], [42.506249999999994, 34.537499999999994], [42.1125, 34.537499999999994], [41.71875, 34.66875], [41.587500000000006, 34.8], [41.325, 34.8], [41.04375, 34.931250000000006], [40.912499999999994, 35.0625], [40.650000000000006, 35.193749999999994], [40.51875, 35.325], [40.256249999999994, 35.45625], [39.993750000000006, 35.7375], [39.73125, 35.868750000000006], [39.599999999999994, 36.0], [39.337500000000006, 36.131249999999994], [39.056250000000006, 36.39375], [38.79375, 36.525000000000006], [38.400000000000006, 36.787499999999994], [38.26875, 37.05], [37.875, 37.462500000000006], [37.6125, 37.724999999999994], [37.33125, 38.381249999999994], [37.2, 38.64375], [36.9375, 39.16875], [36.9375, 39.45], [36.806250000000006, 39.712500000000006], [36.806250000000006, 39.84375], [36.675, 40.10625], [36.675, 40.2375], [36.54375, 40.5], [36.412499999999994, 40.7625], [36.412499999999994, 40.89375], [36.412499999999994, 41.04375], [36.412499999999994, 41.4375], [36.150000000000006, 43.425], [35.8875, 44.756249999999994], [35.60625, 46.2], [35.60625, 47.1375], [35.60625, 47.662499999999994], [35.60625, 48.337500000000006], [35.474999999999994, 48.862500000000004], [35.474999999999994, 49.518750000000004], [35.474999999999994, 50.0625], [35.474999999999994, 50.849999999999994], [35.474999999999994, 51.243750000000006], [35.474999999999994, 51.768750000000004], [35.474999999999994, 52.050000000000004], [35.60625, 52.443749999999994], [35.60625, 52.574999999999996], [35.756249999999994, 52.706250000000004], [35.756249999999994, 52.837500000000006], [35.756249999999994, 52.96875], [35.756249999999994, 53.231249999999996], [35.8875, 53.362500000000004], [35.8875, 53.231249999999996]], {"i0": 0.16, "spread": 0.69, "falloff": 1.0}]]}