{"disk": {"mu": [98.70047163963318, 97.31230318546295], "roll": -0.8676567419649447, "rEff": 22.452880530041973, "axRatio": 0.6473328574414282, "i0": 0.2, "c": 2, "n": 1}, "bulge": {"mu": [98.43290710449219, 97.38908064365387], "roll": -0.069472473860832, "rEff": 3.0451544296841333, "axRatio": 0.7442844487559225, "i0": 0.96, "c": 2, "n": 0.55}, "bar": null, "spiral": []}