{"disk": {"mu": [116.63397216796875, 118.78207397460938], "roll": -0.9460803692727122, "rEff": 45.609415686845026, "axRatio": 0.452303191579232, "i0": 0.19, "c": 2, "n": 1}, "bulge": {"mu": [118.94842529296875, 118.31918334960938], "roll": 0.0, "rEff": 6.673752775790074, "axRatio": 0.9715336077668174, "i0": 0.54, "c": 2, "n": 0.76}, "bar": null, "spiral": []}