{"disk": {"mu": [75.2838134765625, 74.4140625], "roll": 1.0545656561831487, "rEff": 42.98061847808034, "axRatio": 0.8707969297245365, "i0": 0.19, "c": 2, "n": 1}, "bulge": {"mu": [75.5767822265625, 74.12109375], "roll": 0.7266423406817256, "rEff": 6.642060966067168, "axRatio": 0.9413856258471999, "i0": 0.54, "c": 2, "n": 0.8}, "bar": null, "spiral": []}