{"disk": {"mu": [48.744140625, 46.875], "roll": -0.7341609959940294, "rEff": 31.686379418055957, "axRatio": 0.6465469487968049, "i0": 0.21, "c": 2, "n": 1}, "bulge": null, "bar": {"mu": [49.306640625, 47.25000000000001], "roll": -0.8450288765286177, "rEff": 6.51829998097865, "axRatio": 0.2678573945995567, "i0": 0.31, "c": 2.11, "n": 0.64}, "spiral": [[[[37.5, 39.0], [34.6875, 43.875], [36.75, 47.8125]], {"i0": 0.34, "spread": 0.54, "falloff": 0.84}], [[[57.75, 56.625], [64.6875, 50.8125], [54.375, 35.0625]], {"i0": 0.31, "spread": 0.66, "falloff": 0.84}]]}