{"disk": {"mu": [51.26894652843475, 49.980663657188416], "roll": -2.148138353401319, "rEff": 20.6764187448953, "axRatio": 0.48649167720680525, "i0": 0.22, "c": 2, "n": 1}, "bulge": {"mu": [51.908321499824524, 50.299402713775635], "roll": -2.1318696737816847, "rEff": 2.7225177953544497, "axRatio": 0.469661023017029, "i0": 0.71, "c": 2, "n": 0.96}, "bar": null, "spiral": [[[[51.617578125, 56.06015625], [51.498046875, 56.06015625], [51.498046875, 56.1796875], [51.498046875, 56.29921875], [51.498046875, 56.418749999999996], [51.378515625, 56.6578125], [51.258984375000004, 56.996484375], [51.258984375000004, 57.355078125], [51.159375000000004, 57.474609375], [51.159375000000004, 57.713671874999996], [51.159375000000004, 58.05234375], [50.68125, 58.410937499999996], [50.442187499999996, 58.530468750000004], [50.203125, 59.008593749999996], [49.983984375, 59.227734375000004], [49.505859375, 59.705859374999996], [49.505859375, 59.944921875], [49.386328125, 59.944921875], [49.386328125, 60.064453125]], {"i0": 0.11, "spread": 1.0, "falloff": 1.0}]]}