{"disk": {"mu": [49.35058653354645, 50.8056640625], "roll": -2.766528399621623, "rEff": 26.657830999788434, "axRatio": 0.5, "i0": 0.21, "c": 2, "n": 1}, "bulge": {"mu": [49.93652403354645, 49.6337890625], "roll": -3.993558980763065, "rEff": 2.927442499210128, "axRatio": 0.830074930499592, "i0": 1.04, "c": 2, "n": 0.53}, "bar": null, "spiral": []}