{"disk": {"mu": [86.2071607708931, 86.82662777602673], "roll": 1.2901186144478922, "rEff": 42.93664520467117, "axRatio": 0.5936712742457195, "i0": 0.1, "c": 2, "n": 1}, "bulge": {"mu": [86.8829420208931, 87.16452097892761], "roll": -4.71238898038469, "rEff": 10.7651953125, "axRatio": 0.8921051106143711, "i0": 0.34, "c": 2, "n": 1.2}, "bar": {"mu": [89.24817639589311, 78.71725535392761], "roll": 1.0343608691901653, "rEff": 5.1488564010258795, "axRatio": 0.34594122468400895, "i0": 0.2, "c": 2.0, "n": 0.5}, "spiral": []}