{"disk": {"mu": [93.1702880859375, 93.36328125], "roll": -0.03148565446759786, "rEff": 46.15959693587268, "axRatio": 0.7344189965450371, "i0": 0.2, "c": 2, "n": 1}, "bulge": {"mu": [92.8070068359375, 91.91015625], "roll": -0.08314123188844118, "rEff": 4.374485530576889, "axRatio": 0.6648858328553161, "i0": 0.5, "c": 2, "n": 1.0}, "bar": null, "spiral": []}