{"disk": {"mu": [81.29166603088379, 80.05208969116211], "roll": -0.7039461190915774, "rEff": 65.61470879128875, "axRatio": 0.9869074661338815, "i0": 0.19, "c": 2, "n": 1}, "bulge": {"mu": [80.66666603088379, 79.73958015441895], "roll": -0.7853981633974483, "rEff": 1e-05, "axRatio": 0.8834522085987724, "i0": 0.78, "c": 2, "n": 0.7}, "bar": {"mu": [80.35416603088379, 79.27083015441895], "roll": 0.8009409531269647, "rEff": 3.0, "axRatio": 0.4444444444444444, "i0": 0.64, "c": 1.57, "n": 0.3}, "spiral": [[[[90.65625, 71.9375], [90.65625, 72.25], [90.65625, 72.5625], [90.96875, 73.1875], [91.28125, 73.5], [91.90625, 74.4375], [91.90625, 74.75], [92.21875, 75.375], [92.84375, 76.3125], [92.84375, 76.625], [93.15625, 76.9375], [93.15625, 78.1875], [93.46875, 78.8125], [93.46875, 79.4375], [93.78125, 80.0625], [93.78125, 80.6875], [93.78125, 81.0], [93.78125, 82.5625], [93.78125, 83.5], [93.78125, 84.125], [93.46875, 84.75], [93.46875, 85.0625], [93.15625, 85.0625], [93.15625, 85.6875], [92.84375, 86.3125], [92.21875, 87.5625], [91.90625, 88.1875], [91.90625, 88.5], [91.28125, 89.4375], [90.34375, 90.375], [90.03125, 91.0], [89.40625, 91.625], [89.40625, 91.9375], [88.78125, 92.5625], [88.46875, 93.1875], [87.84375, 94.125], [86.90625, 95.0625], [85.96875, 96.0], [85.96875, 96.3125], [85.65625, 96.3125], [84.40625, 97.25], [83.46875, 97.875], [83.15625, 98.1875], [81.90625, 98.8125], [81.59375, 98.8125], [81.28125, 99.4375], [79.71875, 99.75], [78.78125, 100.375], [77.53125, 101.3125]], {"i0": 0.03, "spread": 0.09, "falloff": 2.0}], [[[73.15625, 87.875], [73.15625, 87.5625], [73.15625, 87.25], [72.84375, 86.9375], [72.84375, 86.625], [72.53125, 86.3125], [72.53125, 86.0], [72.21875, 85.375], [71.59375, 84.4375], [71.59375, 84.125], [71.59375, 83.8125], [71.59375, 83.5], [71.28125, 83.1875], [70.65625, 82.25], [70.34375, 82.25], [70.34375, 81.9375], [69.40625, 81.3125], [69.09375, 80.375], [69.09375, 80.0625], [69.09375, 79.75], [68.78125, 78.5], [68.78125, 77.875], [68.78125, 76.9375], [68.78125, 76.0], [68.78125, 75.375], [68.78125, 74.75], [69.09375, 73.8125], [69.09375, 72.5625], [69.71875, 71.625], [70.34375, 70.6875], [70.65625, 70.0625], [70.96875, 69.75], [70.96875, 69.4375], [71.28125, 69.125], [71.90625, 68.8125], [72.21875, 68.5], [72.53125, 67.875], [73.46875, 67.5625], [73.78125, 67.25], [74.09375, 66.9375], [74.40625, 66.3125], [74.40625, 66.0], [74.71875, 66.0], [75.03125, 65.375], [75.34375, 65.375], [75.96875, 65.0625], [76.59375, 64.75], [77.84375, 64.125], [79.09375, 63.8125], [79.09375, 63.5], [79.40625, 63.1875], [80.03125, 62.875], [80.34375, 62.875], [80.65625, 62.5625], [81.28125, 62.25], [81.59375, 61.9375]], {"i0": 0.12, "spread": 0.03, "falloff": 2.0}], [[[75.96875, 91.9375], [75.65625, 91.9375], [75.03125, 92.25], [74.40625, 92.25], [74.09375, 92.5625], [74.09375, 92.875], [73.46875, 92.875], [72.84375, 93.1875], [72.53125, 93.1875], [70.34375, 93.1875], [69.09375, 93.1875], [68.46875, 93.1875], [68.15625, 92.875], [67.84375, 92.875], [66.28125, 91.625], [65.34375, 91.0], [65.03125, 91.0], [65.03125, 90.6875], [63.78125, 90.0625], [63.15625, 89.75], [63.15625, 89.4375], [62.84375, 89.4375], [62.84375, 89.125], [61.90625, 88.1875], [61.59375, 87.875], [60.65625, 86.625], [60.65625, 86.3125], [59.71875, 85.375], [59.40625, 84.75], [59.09375, 84.4375], [58.46875, 82.875], [58.46875, 82.5625], [58.15625, 81.625], [58.15625, 81.0], [57.84375, 80.375], [57.84375, 79.75], [57.53125, 78.8125], [57.53125, 78.1875], [57.21875, 77.25], [57.21875, 76.625], [57.21875, 76.0], [57.21875, 75.375], [56.90625, 75.375], [56.90625, 75.0625], [56.59375, 74.4375], [56.59375, 74.125]], {"i0": 0.08, "spread": 0.26, "falloff": 2.0}]]}