{"disk": {"mu": [132.16777500510216, 130.7123739719391], "roll": 0.8129839596178015, "rEff": 16.039390665968387, "axRatio": 0.7842090790821686, "i0": 0.18, "c": 2, "n": 1}, "bulge": {"mu": [130.62675154209137, 131.2602822780609], "roll": 0.0, "rEff": 4.4073046875, "axRatio": 0.8461547629322481, "i0": 0.5, "c": 2, "n": 1.0}, "bar": null, "spiral": []}