{"disk": {"mu": [127.22576904296875, 125.51171875], "roll": -1.6355206082104887, "rEff": 72.19687509094643, "axRatio": 0.7896387856258746, "i0": 0.13, "c": 2, "n": 1}, "bulge": {"mu": [126.99534702301025, 127.23131093382835], "roll": -1.8218964109434022, "rEff": 6.507158094405219, "axRatio": 0.6983931340745587, "i0": 0.72, "c": 2, "n": 0.76}, "bar": null, "spiral": []}