{"disk": {"mu": [63.369789123535156, 62.58332824707031], "roll": -1.3940874707248603, "rEff": 28.41312305809518, "axRatio": 0.9513830559423395, "i0": 0.16, "c": 2, "n": 1}, "bulge": {"mu": [64.36978912353516, 63.08333206176758], "roll": 0.0, "rEff": 3.5416650772094727, "axRatio": 0.9429898882433967, "i0": 1.47, "c": 2, "n": 0.5}, "bar": {"mu": [64.61978912353517, 63.666664123535185], "roll": 0.4461055489434037, "rEff": 2.579958657820982, "axRatio": 0.29253007857795127, "i0": 0.3, "c": 1.5, "n": 2.0}, "spiral": [[[[64.875, 70.075], [65.375, 70.575], [65.875, 70.575], [66.875, 70.575], [67.375, 70.575], [67.875, 70.575], [68.375, 70.575], [68.875, 70.575], [69.375, 70.575], [70.375, 70.575], [70.875, 70.575], [71.375, 70.575], [71.875, 70.575], [72.375, 70.575], [72.875, 70.575], [72.875, 70.075], [73.375, 70.075], [73.375, 69.575], [73.375, 69.075], [73.875, 68.575], [73.875, 68.075], [73.875, 67.575], [74.375, 67.075], [74.375, 66.575], [74.375, 66.075], [74.375, 65.575], [74.875, 65.575], [74.875, 65.075], [74.875, 64.575], [74.875, 64.075], [74.875, 63.575], [74.875, 63.075], [74.875, 62.575], [74.875, 62.075], [74.875, 61.575], [74.875, 61.075], [74.875, 60.575], [74.875, 60.075], [74.875, 59.575], [74.375, 59.075], [74.375, 58.575], [74.375, 58.075], [74.375, 57.575], [74.375, 57.075], [74.375, 56.575], [73.875, 56.575], [73.875, 56.075], [73.875, 55.575], [73.375, 55.075], [72.875, 54.575], [72.875, 54.075], [72.375, 54.075], [72.375, 53.575], [71.875, 53.075], [71.875, 52.575], [71.375, 52.075], [71.375, 51.575], [70.875, 51.575], [70.875, 51.075], [70.375, 51.075], [70.375, 50.575], [69.875, 50.575], [69.375, 50.075], [69.375, 49.575], [68.875, 49.075], [68.375, 48.575], [68.375, 48.075], [67.875, 47.575], [67.375, 47.075], [67.375, 46.575], [66.875, 46.575], [66.375, 46.075], [65.875, 45.575], [65.375, 45.075], [65.375, 44.575], [64.875, 44.575], [64.375, 44.075], [63.875, 43.575], [63.375, 43.075], [62.875, 43.075], [62.875, 42.575], [62.375, 42.575], [61.875, 42.575], [61.375, 42.575], [60.375, 42.575], [59.375, 42.575], [58.875, 42.575], [58.375, 42.575], [57.875, 42.575], [57.375, 42.575], [56.875, 42.575], [56.375, 42.575], [55.875, 42.575], [55.375, 42.575], [54.375, 42.575], [53.875, 42.575], [53.375, 42.575]], {"i0": 0.0, "spread": 0.0, "falloff": 2.0}], [[[62.875, 57.575], [62.375, 57.075], [62.375, 56.575], [62.375, 56.075], [61.875, 56.075], [61.875, 55.575], [61.375, 55.575], [61.375, 55.075], [60.875, 55.075], [60.875, 54.575], [60.375, 54.575], [59.875, 54.075], [59.375, 54.075], [58.875, 53.575], [58.375, 53.575], [57.875, 53.575], [57.375, 54.075], [56.875, 54.075], [56.375, 54.575], [55.875, 55.075], [54.875, 55.575], [54.375, 55.575], [54.375, 56.075], [53.875, 56.575], [53.375, 56.575], [53.375, 57.075], [52.875, 57.075], [52.875, 57.575], [52.875, 58.075], [52.875, 58.575], [52.375, 59.075], [52.375, 59.575], [52.375, 60.075], [52.375, 60.575], [52.375, 61.075], [52.375, 61.575], [52.375, 62.075], [52.375, 62.575], [52.375, 63.075], [52.375, 63.575], [52.375, 64.075], [52.375, 64.575], [52.375, 65.075], [52.375, 65.575], [52.375, 66.075], [52.875, 66.575], [53.375, 67.075], [53.375, 68.075], [53.875, 68.575], [53.875, 69.075], [54.375, 69.575], [54.875, 70.075], [54.875, 70.575], [55.375, 70.575], [55.375, 71.075], [55.875, 71.575], [55.875, 72.075], [56.375, 72.575], [56.875, 73.075], [56.875, 73.575], [57.375, 74.075], [57.375, 74.575], [57.875, 74.575], [57.875, 75.075], [57.875, 75.575], [58.375, 75.575], [58.375, 76.075], [58.875, 76.575], [59.375, 77.575], [59.875, 78.075], [59.875, 78.575], [60.375, 78.575], [60.375, 79.075], [60.875, 79.075], [60.875, 79.575], [61.375, 80.075], [61.875, 80.075], [61.875, 80.575], [62.375, 80.575], [62.375, 81.075], [62.875, 81.075], [62.875, 81.575], [63.375, 81.575], [63.375, 82.075], [63.875, 82.075], [64.375, 82.075], [64.375, 82.575], [64.875, 82.575], [65.375, 83.075], [65.875, 83.075], [65.875, 83.575], [66.375, 83.575], [66.875, 83.575], [66.875, 84.075], [67.375, 84.575], [67.875, 84.575], [68.375, 84.575], [68.375, 85.075], [68.875, 85.075], [69.375, 85.075], [69.875, 85.575], [70.375, 86.075], [70.875, 86.075], [71.375, 86.575]], {"i0": 0.0, "spread": 0.0, "falloff": 2.0}]]}