{"disk": {"mu": [88.90331679582596, 88.58231127262115], "roll": 0.4355425615403503, "rEff": 44.55687791131847, "axRatio": 0.5902955168048188, "i0": 0.21, "c": 2, "n": 1}, "bulge": {"mu": [88.81713366508484, 88.66573029756546], "roll": 0.4124099101855448, "rEff": 3.8591579817640573, "axRatio": 0.5715232339724368, "i0": 0.54, "c": 2, "n": 0.79}, "bar": null, "spiral": [[[[100.39218749999999, 87.53203125], [101.08359374999999, 100.323046875]], {"i0": 0.03, "spread": 0.93, "falloff": 1.0}], [[[86.2875, 99.631640625], [75.08671875, 98.6982421875]], {"i0": 0.01, "spread": 0.97, "falloff": 1.0}], [[[80.825390625, 79.9265625], [91.47304687500001, 76.33125]], {"i0": 0.0, "spread": 0.0, "falloff": 1.0}]]}