{"disk": {"mu": [49.20391845703125, 49.620849609375], "roll": -1.7970154647687948, "rEff": 36.750372006631565, "axRatio": 0.6622032878813553, "i0": 0.2, "c": 2, "n": 1}, "bulge": {"mu": [49.59063720703125, 48.847412109375], "roll": -0.5880026035475675, "rEff": 3.8207812500000005, "axRatio": 0.5150787536377127, "i0": 0.41, "c": 2, "n": 0.99}, "bar": null, "spiral": []}