{"disk": {"mu": [34.527099609375, 32.7528076171875], "roll": 0.20814783364098202, "rEff": 19.245229121663183, "axRatio": 0.5658426078206339, "i0": 0.24, "c": 2, "n": 1}, "bulge": {"mu": [34.527099609375, 32.8856201171875], "roll": 0.1603754439759507, "rEff": 3.4712871079458427, "axRatio": 0.3832642230885683, "i0": 0.51, "c": 2, "n": 0.98}, "bar": {"mu": [33.929443359375014, 33.35046386718748], "roll": 0.1279282309979768, "rEff": 1.3040170191693177, "axRatio": 0.11779710278719982, "i0": 0.2, "c": 2.0, "n": 0.49}, "spiral": []}