{"disk": {"mu": [61.08343505859375, 60.647705078125], "roll": 0.4993467216801301, "rEff": 10.704999662485701, "axRatio": 0.5254519210523259, "i0": 0.16, "c": 2, "n": 1}, "bulge": {"mu": [59.945395559072495, 60.09043574333191], "roll": 0.37596203182014615, "rEff": 4.423476664313143, "axRatio": 0.9094263125092122, "i0": 0.39, "c": 2, "n": 5.0}, "bar": null, "spiral": [[[[52.6775390625, 64.65937500000001], [52.512109374999994, 64.4703125], [52.512109374999994, 64.30488281250001], [52.512109374999994, 64.13945312499999], [52.512109374999994, 63.950390625000004], [52.512109374999994, 63.784960937499996], [52.6775390625, 63.784960937499996], [52.6775390625, 63.595898437500004], [52.6775390625, 63.430468749999996], [52.6775390625, 63.265039062499994], [52.6775390625, 63.075976562499996], [52.6775390625, 62.721484374999996], [52.6775390625, 62.390625], [52.6775390625, 62.201562499999994], [52.6775390625, 62.0361328125], [52.6775390625, 61.847070312499994], [52.6775390625, 61.681640625], [52.6775390625, 61.516210937500006], [52.866601562499994, 61.3271484375], [52.866601562499994, 61.161718750000006], [52.866601562499994, 60.97265625], [52.866601562499994, 60.807226562500006], [52.866601562499994, 60.641796875000004], [53.03203125, 60.452734375000006], [53.03203125, 60.2873046875], [53.03203125, 59.7673828125], [53.221093749999994, 59.5783203125], [53.221093749999994, 59.412890625], [53.3865234375, 59.223828125], [53.3865234375, 59.0583984375], [53.3865234375, 58.892968749999994], [53.551953125, 58.70390625], [53.741015625, 58.3494140625], [53.741015625, 58.183984374999994], [53.9064453125, 57.829492187499994], [53.9064453125, 57.6640625], [54.0955078125, 57.6640625], [54.2609375, 57.3095703125], [54.426367187500006, 57.3095703125], [54.969921875, 56.789648437500006], [55.135351562500006, 56.789648437500006], [55.30078125, 56.6005859375], [55.6552734375, 56.435156250000006], [55.844335937500006, 56.2697265625], [56.175195312499994, 56.2697265625], [56.529687499999994, 56.080664062500006], [56.71875, 56.080664062500006], [57.238671874999994, 55.915234375], [57.4041015625, 55.726171875000006], [57.593164062499994, 55.726171875000006], [57.75859375, 55.726171875000006], [58.278515625, 55.5607421875], [58.467578125, 55.5607421875], [58.798437500000006, 55.3953125], [59.152929687500006, 55.3953125], [59.3419921875, 55.20625], [59.507421875000006, 55.20625], [59.861914062500006, 55.20625], [59.861914062500006, 55.0408203125], [60.02734375, 55.0408203125], [60.216406250000006, 55.0408203125], [60.547265624999994, 55.0408203125], [61.0908203125, 54.8517578125], [61.610742187499994, 54.8517578125], [62.296093750000004, 54.8517578125], [62.650585937500004, 54.8517578125], [63.525000000000006, 54.8517578125], [64.3994140625, 54.8517578125], [64.5884765625, 54.8517578125], [65.1083984375, 54.8517578125], [65.462890625, 54.8517578125], [65.6283203125, 54.8517578125], [65.79374999999999, 55.0408203125], [65.9828125, 55.0408203125], [66.14824218749999, 55.0408203125], [66.50273437499999, 55.0408203125], [66.85722656249999, 55.20625], [67.37714843750001, 55.20625], [68.08613281250001, 55.3953125], [68.2515625, 55.5607421875], [68.4169921875, 55.5607421875], [68.6060546875, 55.5607421875], [68.771484375, 55.726171875000006], [68.960546875, 55.915234375], [69.1259765625, 56.2697265625], [69.29140625, 56.435156250000006], [69.6458984375, 56.6005859375], [70.000390625, 56.955078125], [70.16582031249999, 57.144140625000006], [70.52031249999999, 57.474999999999994], [70.709375, 57.474999999999994], [70.87480468749999, 57.829492187499994], [71.04023437500001, 58.0185546875], [71.39472656250001, 58.3494140625], [71.58378906249999, 58.538476562499994], [71.74921875000001, 58.538476562499994], [71.9146484375, 58.70390625], [71.9146484375, 59.0583984375], [72.10371093750001, 59.223828125], [72.10371093750001, 59.412890625], [72.269140625, 59.5783203125], [72.45820312500001, 59.9328125], [72.45820312500001, 60.452734375000006], [72.45820312500001, 60.641796875000004], [72.6236328125, 61.161718750000006], [72.7890625, 61.3271484375], [72.7890625, 61.681640625], [72.7890625, 62.0361328125], [72.978125, 62.201562499999994], [72.978125, 62.721484374999996], [72.978125, 62.910546874999994], [72.978125, 63.265039062499994], [72.978125, 63.950390625000004], [73.1435546875, 64.13945312499999], [73.1435546875, 64.4703125], [73.1435546875, 65.01386718750001], [73.1435546875, 65.3447265625], [73.1435546875, 65.88828125], [72.978125, 66.408203125], [72.978125, 66.928125], [72.978125, 67.09355468749999], [72.978125, 67.80253906249999], [72.7890625, 68.32246093750001], [72.7890625, 68.8423828125], [72.6236328125, 69.03144531250001], [72.6236328125, 69.38593750000001], [72.45820312500001, 69.905859375], [72.269140625, 70.42578125], [72.10371093750001, 70.7802734375], [72.10371093750001, 70.945703125], [71.58378906249999, 71.6546875], [71.39472656250001, 72.0091796875], [70.52031249999999, 72.88359374999999], [70.16582031249999, 73.04902343750001], [69.8349609375, 73.40351562500001], [69.6458984375, 73.5689453125], [69.48046875, 73.75800781250001], [69.29140625, 73.9234375], [68.960546875, 74.0888671875], [68.771484375, 74.443359375], [68.6060546875, 74.632421875], [68.6060546875, 74.7978515625], [68.4169921875, 74.7978515625], [68.4169921875, 74.96328125], [68.2515625, 74.96328125], [68.08613281250001, 75.15234375], [67.542578125, 75.15234375], [67.21171874999999, 75.3177734375], [66.85722656249999, 75.3177734375], [66.66816406250001, 75.3177734375], [66.50273437499999, 75.3177734375], [66.3373046875, 75.5068359375], [66.14824218749999, 75.5068359375], [65.9828125, 75.5068359375], [65.79374999999999, 75.5068359375], [65.6283203125, 75.5068359375], [65.462890625, 75.672265625], [65.462890625, 75.5068359375]], {"i0": 0.14, "spread": 1.3,