{"disk": {"mu": [85.15557861328125, 82.9742431640625], "roll": -1.3258176636680323, "rEff": 53.53981501915333, "axRatio": 0.7461994282608082, "i0": 0.16, "c": 2, "n": 1}, "bulge": {"mu": [86.15753173828125, 87.3160400390625], "roll": -1.1071487177940904, "rEff": 5.667229689523869, "axRatio": 0.4422240723632249, "i0": 0.17, "c": 2, "n": 1.91}, "bar": null, "spiral": [[[[91.845703125, 84.965625], [100.1953125, 83.6296875], [103.53515625, 82.627734375], [104.203125, 82.29375], [105.205078125, 84.29765625], [105.873046875, 86.96953124999999], [105.873046875, 88.63945312499999], [105.873046875, 90.97734374999999], [105.873046875, 92.31328124999999], [105.5390625, 93.64921874999999], [104.87109375, 94.98515624999999], [104.537109375, 95.65312499999999], [104.203125, 95.98710937499999], [103.201171875, 97.99101562499999], [102.19921875, 98.99296874999999], [101.53125, 101.66484374999999], [100.529296875, 103.66874999999999], [100.1953125, 104.33671874999999], [99.861328125, 104.33671874999999], [99.861328125, 104.67070312499999], [99.52734375, 105.00468749999999], [99.193359375, 105.33867187499999], [98.859375, 105.67265624999999], [97.5234375, 106.67460937499999], [95.853515625, 108.01054687499999], [94.8515625, 109.34648437499999], [93.181640625, 110.34843749999999], [91.845703125, 111.35039062499999], [91.51171875, 112.01835937499999]], {"i0": 0.17, "spread": 0.16, "falloff": 1.0}], [[[73.810546875, 92.98124999999999], [72.474609375, 93.64921874999999], [70.8046875, 94.65117187499999], [68.80078125, 95.65312499999999], [67.130859375, 96.65507812499999], [65.794921875, 96.98906249999999], [65.4609375, 96.98906249999999], [65.4609375, 95.31914062499999], [65.4609375, 93.98320312499999], [65.126953125, 90.30937499999999], [64.79296875, 86.63554687499999], [64.458984375, 83.6296875], [64.125, 80.9578125], [64.125, 78.619921875], [64.125, 76.28203125], [64.125, 73.276171875], [64.125, 70.604296875], [64.125, 68.26640625], [64.125, 66.2625], [64.125, 64.592578125], [65.126953125, 62.2546875], [66.12890625, 60.25078125], [67.130859375, 58.580859375], [68.466796875, 56.24296875], [69.46875, 54.573046875], [70.8046875, 53.57109375], [71.806640625, 52.903125], [73.4765625, 51.5671875], [75.146484375, 50.565234375], [76.81640625, 49.56328125], [78.15234375, 49.229296875], [79.48828125, 48.8953125], [80.82421875, 48.8953125], [81.826171875, 48.561328125], [82.16015625, 48.22734375], [82.828125, 48.22734375], [83.49609375, 48.22734375], [84.498046875, 47.893359375], [85.5, 47.893359375], [86.16796875, 47.893359375], [86.501953125, 47.559375], [86.8359375, 47.559375], [87.169921875, 47.559375], [87.50390625, 47.559375], [87.837890625, 47.559375], [88.171875, 47.559375], [88.505859375, 47.225390625], [88.83984375, 47.225390625], [89.5078125, 47.225390625], [89.841796875, 46.89140625], [90.17578125, 46.557421875], [90.509765625, 46.557421875], [90.509765625, 46.2234375], [90.84375, 46.2234375], [91.177734375, 46.2234375], [91.177734375, 45.889453125]], {"i0": 0.25, "spread": 0.65, "falloff": 1.0}]]}