{"disk": {"mu": [72.0, 71.42812728881836], "roll": -0.016947529806404873, "rEff": 33.19226660684684, "axRatio": 0.6591480027016993, "i0": 0.28, "c": 2, "n": 1}, "bulge": {"mu": [72.0, 71.14687728881836], "roll": 1.2597980461893559, "rEff": 2.8537746770245476, "axRatio": 0.5, "i0": 0.45, "c": 2, "n": 3.23}, "bar": null, "spiral": []}