{"disk": {"mu": [43.70402526855469, 42.12603759765625], "roll": 1.5085716693309057, "rEff": 28.036935877914736, "axRatio": 0.6172492515637003, "i0": 0.18, "c": 2, "n": 1}, "bulge": {"mu": [43.58985900878906, 42.11488342285156], "roll": 1.2093542360664413, "rEff": 6.15786531305509, "axRatio": 0.9871544050254019, "i0": 0.33, "c": 2, "n": 1.0}, "bar": {"mu": [44.397552490234396, 42.406204223632805], "roll": -0.44803943933454354, "rEff": 5.650739570228023, "axRatio": 0.3915325326470393, "i0": 0.27, "c": 3.0, "n": 0.44}, "spiral": [[[[34.920703125, 39.959765625], [34.920703125, 40.094140625], [34.819921875, 40.48046875], [34.685546875, 40.799609375], [34.63515625, 40.933984375], [34.63515625, 40.984375], [34.50078125, 41.202734375], [34.36640625, 41.521875], [34.316015625, 41.706640625], [34.282421875, 41.790625], [34.282421875, 41.82421875], [34.282421875, 41.95859375], [34.13125, 42.848828125], [34.080859375, 43.050390625], [34.080859375, 43.184765625000004], [34.080859375, 43.268750000000004], [34.080859375, 43.386328125], [34.080859375, 43.671875], [34.080859375, 43.907031249999996], [34.080859375, 44.1421875], [34.080859375, 44.427734375], [34.080859375, 44.71328125], [34.080859375, 44.948437500000004], [34.080859375, 45.18359375], [34.080859375, 45.368359375000004], [34.080859375, 45.65390625], [34.080859375, 45.939453125], [34.080859375, 46.225], [34.080859375, 46.460156250000004], [34.080859375, 46.594531249999996], [34.080859375, 46.930468749999996], [34.080859375, 47.182421874999996], [34.080859375, 47.602343749999996], [34.080859375, 48.00546875], [34.080859375, 48.291015625], [34.080859375, 48.526171874999996], [34.080859375, 48.811718750000004], [34.080859375, 49.164453125], [34.13125, 49.5171875], [34.181640625, 49.869921874999996], [34.23203125, 50.205859374999996], [34.3328125, 50.508203125], [34.383203125, 50.793749999999996], [34.416796875, 50.995312500000004], [34.618359375, 51.499218750000004], [34.719140625, 51.751171875000004], [34.8703125, 52.10390625], [34.97109375, 52.43984375], [35.122265625, 52.792578125], [35.223046875, 53.145312499999996], [35.323828125, 53.498046875], [35.4078125, 53.78359375], [35.458203125, 54.018750000000004], [35.558984375, 54.304296875], [35.609375, 54.657031249999996], [35.71015625, 55.09375], [35.8109375, 55.345703125], [35.91171875, 55.765625], [36.0125, 56.26953125], [36.062890625, 56.521484375], [36.096484375, 56.790234375000004], [36.146875, 57.025390625], [36.24765625, 57.260546874999996], [36.331640625, 57.562890625], [36.432421875, 57.898828125], [36.4828125, 58.100390624999996], [36.667578125, 58.48671875], [36.768359375, 58.671484375], [36.953125, 59.007421875], [37.05390625, 59.175390625], [37.137890625, 59.360156249999996], [37.272265625, 59.544921875], [37.373046875, 59.780078124999996], [37.45703125, 59.914453125], [37.641796875, 60.250390625], [37.6921875, 60.384765625], [37.8265625, 60.569531250000004], [37.910546875, 60.754296875], [38.06171875, 61.10703125], [38.19609375, 61.493359375000004], [38.296875, 61.678125], [38.380859375, 61.795703124999996], [38.380859375, 61.84609375], [38.414453125, 61.84609375], [38.4984375, 61.930078125], [38.582421875, 61.963671874999996], [38.716796875, 62.064453125], [39.33828125, 62.601953125], [39.657421875, 62.887499999999996], [40.2453125, 63.3578125], [40.430078125, 63.542578125], [40.564453125, 63.676953125000004], [40.598046875, 63.727343749999996], [40.6484375, 63.727343749999996], [40.68203125, 63.760937500000004], [40.81640625, 63.895312499999996], [41.0515625, 64.13046875], [41.28671875, 64.26484375], [41.42109375, 64.39921875], [41.42109375, 64.449609375]], {"i0": 0.26, "spread": 1.0, "falloff": 1.0}], [[[54.79140625, 42.848828125], [54.79140625, 42.714453125], [54.79140625, 41.941796875], [54.79140625, 41.82421875], [54.79140625, 41.773828125], [54.79140625, 41.35390625], [54.79140625, 40.766015625], [54.8921875, 40.48046875], [54.976171875, 40.194921875], [55.06015625, 39.926171875], [55.110546875000004, 39.691015625], [55.160937499999996, 39.355078125], [55.211328125, 39.019140625], [55.211328125, 38.783984375], [55.211328125, 38.548828125], [55.26171875, 38.112109375], [55.26171875, 37.72578125], [55.26171875, 37.541015625], [55.26171875, 37.406640625], [55.26171875, 37.171484375], [55.26171875, 36.667578125], [55.26171875, 36.2140625], [55.26171875, 35.77734375], [55.26171875, 35.2734375], [55.26171875, 34.954296875], [55.26171875, 34.651953125], [55.26171875, 34.114453125], [55.26171875, 33.408984375], [55.26171875, 32.905078125], [55.26171875, 32.1828125], [55.26171875, 31.762890625], [55.26171875, 31.124609375000002], [55.144140625, 30.553515625], [55.09375, 29.982421875], [55.043359375, 29.612890625000002], [55.043359375, 29.310546875], [55.009765625, 28.924218749999998], [55.009765625, 28.4875], [55.009765625, 28.033984375], [55.009765625, 27.580468749999998], [55.009765625, 27.009375000000002], [54.8921875, 26.287109375], [54.808203125, 25.934375], [54.657031249999996, 25.5984375], [54.522656250000004, 25.380078125], [54.337890625, 25.044140625], [53.985156249999996, 24.557031249999998], [53.733203124999996, 24.036328125], [53.24609375, 23.146093750000002], [53.061328124999996, 22.860546875], [52.77578125, 22.440625], [52.540625, 22.054296875000002], [52.389453124999996, 21.819140625], [52.255078125000004, 21.583984375], [52.0703125, 21.2984375], [51.9359375, 21.080078125], [51.851953125, 20.8953125], [51.801562499999996, 20.86171875], [51.76796875, 20.86171875]], {"i0": 0.14, "spread": 1.0, "falloff": 1.0}]]}