{"disk": {"mu": [37.28680419921875, 35.84375], "roll": 0.0964737751825869, "rEff": 20.15368957817107, "axRatio": 0.7462007628413837, "i0": 0.34, "c": 2, "n": 1}, "bulge": {"mu": [37.28680419921875, 36.421875], "roll": -1.2490457723982544, "rEff": 2.2622718991111155, "axRatio": 0.8249579113843055, "i0": 0.3, "c": 2, "n": 0.5}, "bar": null, "spiral": []}