{"disk": {"mu": [93.39485168457031, 91.77734375], "roll": -1.2637505947761059, "rEff": 73.20350866715926, "axRatio": 0.6728933336716334, "i0": 0.11, "c": 2, "n": 1}, "bulge": {"mu": [92.85285949707031, 91.5966796875], "roll": 0.6947382761967031, "rEff": 2.7656216137536647, "axRatio": 0.874237557962677, "i0": 2.0, "c": 2, "n": 1.33}, "bar": null, "spiral": []}