{"disk": {"mu": [128.48052978515625, 127.80349731445312], "roll": -0.5322095041138786, "rEff": 59.30175437615778, "axRatio": 0.9437178151101581, "i0": 0.1, "c": 2, "n": 1}, "bulge": {"mu": [127.98248291015625, 125.81130981445312], "roll": -1.9974238199217726, "rEff": 4.874517862980389, "axRatio": 0.4016540387582686, "i0": 0.47, "c": 2, "n": 0.6}, "bar": {"mu": [126.73736572265628, 127.5544738769531], "roll": 1.0882830317724197, "rEff": 9.041574616970074, "axRatio": 0.48910470462481337, "i0": 0.0, "c": 1.96, "n": 0.42}, "spiral": [[[[127.001953125, 141.24609375], [127.5, 141.24609375], [128.994140625, 140.748046875], [130.48828125, 140.748046875], [131.484375, 140.25], [132.978515625, 140.25], [135.46875, 139.25390625], [136.962890625, 138.755859375], [137.958984375, 138.755859375], [139.453125, 138.2578125], [139.951171875, 137.759765625], [140.947265625, 137.759765625], [141.943359375, 137.759765625], [142.44140625, 137.26171875], [143.4375, 136.763671875], [143.935546875, 136.265625], [144.931640625, 136.265625], [145.927734375, 135.767578125], [146.923828125, 135.26953125], [147.421875, 135.26953125], [148.41796875, 135.26953125], [148.916015625, 134.771484375], [149.4140625, 134.771484375], [150.41015625, 133.775390625], [151.40625, 133.27734375], [151.904296875, 132.779296875], [152.40234375, 132.28125], [153.3984375, 131.783203125], [154.39453125, 130.787109375], [154.892578125, 130.2890625], [155.390625, 129.29296875], [155.888671875, 128.296875], [156.38671875, 126.802734375], [156.884765625, 125.806640625], [156.884765625, 123.814453125], [156.884765625, 122.818359375], [156.884765625, 121.822265625], [157.3828125, 121.32421875], [157.3828125, 120.826171875], [157.3828125, 120.328125], [157.3828125, 119.830078125], [157.3828125, 119.33203125], [157.3828125, 117.33984375], [157.3828125, 116.841796875], [157.3828125, 115.845703125], [157.3828125, 114.849609375], [157.3828125, 114.3515625], [157.3828125, 113.853515625], [157.3828125, 113.35546875], [157.3828125, 112.359375], [157.3828125, 111.861328125], [157.3828125, 111.36328125], [157.3828125, 110.865234375], [157.3828125, 110.3671875], [156.884765625, 109.869140625], [156.884765625, 109.37109375], [156.38671875, 108.375], [155.888671875, 108.375], [155.390625, 107.37890625], [154.892578125, 106.880859375], [154.39453125, 105.884765625], [153.896484375, 105.38671875], [153.896484375, 104.888671875], [153.3984375, 104.390625], [152.900390625, 103.892578125], [152.40234375, 102.896484375], [151.904296875, 102.3984375], [151.40625, 101.900390625], [150.908203125, 101.40234375], [150.41015625, 100.904296875], [149.912109375, 100.904296875], [148.916015625, 100.40625], [148.916015625, 99.908203125], [148.41796875, 99.908203125], [147.919921875, 99.908203125], [147.421875, 99.908203125], [146.923828125, 99.908203125], [146.42578125, 99.41015625], [145.927734375, 99.41015625], [145.4296875, 99.41015625], [144.931640625, 99.41015625], [144.43359375, 98.912109375], [143.935546875, 98.912109375], [143.4375, 98.4140625], [142.939453125, 98.4140625], [142.44140625, 97.916015625], [141.943359375, 97.916015625], [141.4453125, 97.41796875], [140.947265625, 97.41796875], [140.44921875, 96.919921875], [139.951171875, 96.919921875], [139.453125, 96.421875], [138.955078125, 95.923828125], [137.958984375, 95.42578125], [137.4609375, 94.927734375], [136.962890625, 94.4296875], [136.46484375, 94.4296875], [135.966796875, 93.931640625], [135.46875, 93.931640625], [134.970703125, 93.931640625], [134.47265625, 93.931640625], [133.974609375, 93.43359375], [133.4765625, 93.43359375], [132.978515625, 93.43359375]], {"i0": 0.0, "spread": 2.0, "falloff": 1.0}], [[[132.48046875, 121.822265625], [132.48046875, 121.32421875], [132.48046875, 120.328125], [132.48046875, 119.33203125], [132.48046875, 117.837890625], [131.982421875, 116.34375], [129.990234375, 113.853515625], [128.994140625, 111.861328125], [128.994140625, 110.3671875], [128.49609375, 110.3671875], [128.49609375, 109.869140625], [128.49609375, 109.37109375], [127.998046875, 108.873046875], [127.5, 107.876953125], [127.5, 107.37890625], [127.001953125, 106.880859375], [126.50390625, 106.3828125], [125.5078125, 105.884765625], [125.009765625, 105.38671875], [124.013671875, 104.888671875], [123.017578125, 104.390625], [122.51953125, 104.390625], [122.021484375, 104.390625], [121.5234375, 104.390625], [121.025390625, 103.892578125], [120.52734375, 103.39453125], [120.029296875, 103.39453125], [119.53125, 103.39453125], [119.53125, 102.896484375], [119.033203125, 102.896484375], [118.53515625, 102.896484375], [118.037109375, 102.3984375], [117.5390625, 102.3984375], [117.041015625, 102.3984375], [116.54296875, 102.3984375], [116.044921875, 102.3984375], [115.546875, 102.3984375], [115.048828125, 101.900390625], [114.55078125, 101.900390625], [114.052734375, 101.900390625]], {"i0": 0.0, "spread": 2.0, "falloff": 1.0}], [[[98.61328125, 129.29296875], [98.115234375, 129.791015625], [98.61328125, 134.2734375], [100.107421875, 137.759765625], [101.6015625, 139.751953125], [103.59375, 143.23828125], [104.58984375, 145.23046875], [107.080078125, 148.21875], [108.076171875, 149.712890625], [109.5703125, 151.20703125], [110.56640625, 152.701171875], [111.5625, 154.1953125], [112.55859375, 155.19140625], [113.056640625, 155.689453125], [115.546875, 157.18359375], [118.037109375, 158.1796875], [120.029296875, 159.17578125], [120.52734375, 159.17578125], [121.5234375, 159.17578125], [122.51953125, 159.673828125], [123.017578125, 159.673828125], [124.013671875, 160.171875], [125.009765625, 160.171875], [125.5078125, 160.171875], [127.001953125, 160.171875], [128.49609375, 160.171875], [128.994140625, 160.171875], [129.990234375, 160.171875], [130.48828125, 160.171875], [131.484375, 160.171875], [132.48046875, 160.171875], [133.4765625, 160.171875], [134.47265625, 160.171875], [135.966796875, 160.171875], [136.962890625, 160.171875], [139.951171875, 160.171875], [141.943359375, 160.171875], [144.43359375, 160.669921875], [146.42578125, 160.669921875], [148.41796875, 160.669921875], [149.912109375, 160.669921875], [150.908203125, 160.669921875], [151.904296875, 160.669921875], [152.40234375, 160.669921875], [154.39453125, 160.669921875], [157.3828125, 160.171875], [160.37109375, 159.673828125], [161.865234375, 159.17578125], [162.861328125, 158.677734375], [163.857421875, 158.1796875], [164.35546875, 157.18359375], [165.3515625, 155.19140625], [166.34765625, 154.1953125], [166.34765625, 152.701171875], [166.845703125, 152.203125], [167.34375, 151.20703125], [167.841796875, 150.708984375], [168.33984375, 150.2109375], [168.837890625, 149.712890625], [169.3359375, 148.716796875], [169.833984375, 148.21875], [170.33203125, 147.720703125], [170.33203125, 147.22265625], [170.830078125, 146.724609375], [171.826171875, 145.23046875], [172.32421875, 144.732421875], [172.822265625, 143.736328125], [172.822265625, 143.23828125]], {"i0": 0.0, "spread": 2.0, "falloff": 1.0}]]}