{"disk": {"mu": [145.43176966905594, 146.48092913627625], "roll": -3.9458565030089123, "rEff": 88.3757347533506, "axRatio": 0.6929337490343535, "i0": 0.11, "c": 2, "n": 1}, "bulge": {"mu": [146.00403529405594, 145.90866351127625], "roll": -0.7959615630525291, "rEff": 7.131855310527345, "axRatio": 0.5447290512777566, "i0": 0.53, "c": 2, "n": 1.01}, "bar": null, "spiral": [[[[158.40312500000002, 158.8609375], [158.91816406249998, 158.34589843749998], [159.433203125, 157.83085937500002], [159.9482421875, 156.80078125], [160.46328125, 156.2857421875], [160.97832031250002, 155.77070312499998], [161.49335937499998, 154.740625], [162.0083984375, 154.2255859375], [162.5234375, 154.2255859375], [163.0384765625, 153.710546875], [163.0384765625, 153.19550781249998], [163.55351562500002, 152.68046875000002], [163.55351562500002, 152.1654296875], [164.06855468749998, 152.1654296875], [164.06855468749998, 151.650390625], [164.58359375, 150.62031249999998], [164.58359375, 150.10527343750002], [165.0986328125, 150.10527343750002], [165.0986328125, 149.590234375], [165.0986328125, 149.0751953125], [165.0986328125, 148.56015625], [165.0986328125, 148.04511718749998], [165.0986328125, 147.53007812500002], [165.0986328125, 147.0150390625], [165.0986328125, 146.5], [165.0986328125, 145.9849609375], [165.0986328125, 145.46992187499998], [165.0986328125, 144.95488281250002], [165.0986328125, 144.43984375], [165.0986328125, 143.9248046875], [165.0986328125, 143.409765625], [165.0986328125, 142.89472656249998], [165.0986328125, 142.37968750000002], [165.0986328125, 141.8646484375], [165.0986328125, 141.349609375], [165.0986328125, 140.8345703125], [165.0986328125, 140.31953124999998], [165.0986328125, 139.80449218750002], [165.0986328125, 139.289453125], [165.0986328125, 138.7744140625], [164.58359375, 138.7744140625], [164.58359375, 137.74433593749998], [164.06855468749998, 137.74433593749998], [164.06855468749998, 137.22929687500002], [164.06855468749998, 136.7142578125], [164.06855468749998, 136.19921875], [164.06855468749998, 135.6841796875], [163.55351562500002, 135.6841796875], [163.55351562500002, 135.16914062499998], [163.0384765625, 134.65410156250002], [163.0384765625, 134.1390625], [163.0384765625, 133.6240234375], [162.5234375, 133.108984375], [162.5234375, 132.59394531249998], [162.0083984375, 132.07890625000002], [162.0083984375, 131.5638671875], [161.49335937499998, 131.5638671875], [161.49335937499998, 131.048828125], [160.97832031250002, 131.048828125], [160.97832031250002, 130.5337890625], [160.46328125, 130.5337890625], [160.46328125, 130.01874999999998], [160.46328125, 129.50371093750002], [159.9482421875, 129.50371093750002], [159.9482421875, 128.988671875], [159.433203125, 128.988671875], [159.433203125, 128.4736328125], [158.40312500000002, 127.95859374999999], [158.40312500000002, 127.4435546875], [157.8880859375, 127.4435546875], [157.373046875, 126.928515625], [156.8580078125, 126.928515625], [156.8580078125, 126.41347656250001], [156.34296874999998, 126.41347656250001], [156.34296874999998, 125.8984375], [155.82792968750002, 125.38339843749999], [155.312890625, 125.38339843749999], [155.312890625, 124.868359375], [154.7978515625, 124.868359375], [154.2828125, 124.868359375], [152.7376953125, 123.83828125000001], [152.7376953125, 123.3232421875], [152.22265625, 122.80820312499999], [151.7076171875, 122.2931640625], [151.19257812499998, 121.778125], [149.6474609375, 121.26308593750001], [149.132421875, 120.748046875], [149.132421875, 120.23300781249999], [148.61738281249998, 120.23300781249999], [148.10234375000002, 119.71796875], [147.5873046875, 119.2029296875], [147.072265625, 119.2029296875], [146.5572265625, 119.2029296875], [146.5572265625, 118.68789062500001], [146.04218749999998, 118.68789062500001], [145.52714843750002, 118.68789062500001], [145.012109375, 118.1728515625], [144.4970703125, 118.1728515625], [143.98203125, 118.1728515625], [143.98203125, 117.65781249999999], [143.46699218749998, 117.65781249999999], [142.4369140625, 117.65781249999999], [141.921875, 117.65781249999999], [141.4068359375, 117.65781249999999], [140.89179687499998, 117.65781249999999], [140.37675781250002, 117.65781249999999], [139.86171875, 117.65781249999999], [139.3466796875, 117.65781249999999], [138.31660156249998, 117.65781249999999], [137.80156250000002, 117.65781249999999], [137.2865234375, 117.65781249999999], [136.2564453125, 117.65781249999999], [135.74140624999998, 117.65781249999999], [135.22636718750002, 117.65781249999999], [134.711328125, 117.65781249999999], [134.1962890625, 117.65781249999999], [133.68125, 117.65781249999999], [133.16621093749998, 117.65781249999999], [132.65117187500002, 117.65781249999999], [132.1361328125, 117.65781249999999], [131.62109375, 117.65781249999999], [131.1060546875, 117.65781249999999], [130.59101562499998, 117.65781249999999], [129.5609375, 117.65781249999999], [128.530859375, 117.65781249999999], [127.50078125, 117.65781249999999], [126.98574218750001, 117.65781249999999], [126.470703125, 117.65781249999999], [126.470703125, 118.1728515625], [125.95566406249999, 118.1728515625], [125.440625, 118.1728515625], [124.9255859375, 118.1728515625], [124.9255859375, 118.68789062500001], [124.41054687500001, 119.2029296875], [123.8955078125, 119.71796875], [123.38046874999999, 119.71796875], [122.8654296875, 120.23300781249999], [122.350390625, 121.26308593750001], [121.3203125, 121.26308593750001], [121.3203125, 121.778125], [120.80527343749999, 121.778125], [120.80527343749999, 122.2931640625], [120.290234375, 122.2931640625], [120.290234375, 122.80820312499999], [119.26015625000001, 123.3232421875], [118.7451171875, 123.83828125000001], [118.23007812499999, 124.3533203125], [117.7150390625, 124.868359375], [117.2, 125.38339843749999], [116.68496093750001, 125.8984375], [116.169921875, 126.41347656250001], [115.65488281249999, 126.41347656250001], [115.65488281249999, 126.928515625], [115.13984375, 127.4435546875], [114.6248046875, 127.95859374999999], [114.6248046875, 128.4736328125], [114.10976562500001, 128.988671875], [113.5947265625, 128.988671875], [113.5947265625, 129.50371093750002], [113.5947265625, 130.01874999999998], [113.07968749999999, 130.01874999999998], [112.5646484375, 130.5337890625], [112.5646484375, 131.048828125], [112.049609375, 132.07890625000002], [111.53457031250001, 132.59394531249998], [111.01953125, 133.108984375], [110.50449218749999, 134.1390625], [110.50449218749999, 134.65410156250002], [110.50449218749999, 135.16914062499998], [110.50449218749999, 135.6841796875], [109.989453125, 136.19921875], [109.989453125, 136.7142578125], [109.4744140625, 137.22929687500002], [109.4744140625, 137.74433593749998], [109.4744140625, 138.259375], [108.95937500000001, 138.259375], [108.95937500000001, 138.7744140625], [108.4443359375, 139.289453125], [108.4443359375, 140.31953124999998], [107.4142578125, 140.8345703125], [107.4142578125, 141.349609375], [106.89921875, 141.8646484375], [106.38417968750001, 141.8646484375], [106.38417968750001, 142.89472656249998], [105.869140625, 143.409765625], [105.869140625, 143.9248046875], [105.35410156249999, 144.43984375], [105.35410156249999, 144.95488281250002], [105.35410156249999, 145.46992187499998], [105.35410156249999, 145.9849609375], [105.35410156249999, 147.53007812500002], [105.35410156249999, 148.04511718749998], [105.35410156249999, 148.56015625], [104.8390625, 149.0751953125], [104.8390625, 149.590234375], [104.8390625, 150.10527343750002], [104.8390625, 151.1353515625], [104.8390625, 151.650390625], [104.8390625, 152.1654296875], [104.8390625, 153.19550781249998], [104.8390625, 153.710546875], [104.8390625, 154.2255859375], [104.8390625, 155.25566406250002], [104.8390625, 155.77070312499998], [104.8390625, 156.2857421875], [104.8390625, 156.80078125], [104.8390625, 157.3158203125], [104.8390625, 157.83085937500002], [104.8390625, 158.34589843749998], [104.8390625, 158.8609375], [104.8390625, 159.3759765625], [104.8390625, 159.891015625], 