{"disk": {"mu": [48.39999961853027, 46.531250953674316], "roll": -1.5983755391946375, "rEff": 27.19784286023434, "axRatio": 0.7210966014698289, "i0": 0.2, "c": 2, "n": 1}, "bulge": {"mu": [49.14999961853027, 47.281250953674316], "roll": -2.8198417940170906, "rEff": 2.9646325922033063, "axRatio": 0.7209370482793294, "i0": 0.5, "c": 2, "n": 1.0}, "bar": null, "spiral": []}