{"disk": {"mu": [43.49468994140625, 43.603546142578125], "roll": -1.3327910513289039, "rEff": 36.34625402950187, "axRatio": 0.6772318418652983, "i0": 0.23, "c": 2, "n": 1}, "bulge": {"mu": [43.66461181640625, 43.603546142578125], "roll": -1.2793395323170293, "rEff": 4.967302081192598, "axRatio": 0.9139196037647918, "i0": 0.48, "c": 2, "n": 1.0}, "bar": {"mu": [41.96539306640625, 39.015655517578125], "roll": 1.9316331098279873, "rEff": 2.299910538474519, "axRatio": 0.13174458371586162, "i0": 0.18, "c": 1.98, "n": 0.48}, "spiral": []}