{"disk": {"mu": [62.73651123046875, 62.549591064453125], "roll": -2.857207876995935, "rEff": 20.33584339121536, "axRatio": 0.608315384911786, "i0": 0.19, "c": 2, "n": 1}, "bulge": {"mu": [62.84666806459427, 63.107579946517944], "roll": 1.8828386588345862, "rEff": 3.803605815775999, "axRatio": 0.5, "i0": 0.64, "c": 2, "n": 0.71}, "bar": null, "spiral": []}