{"imageWidth": 512, "height": 128, "imageHeight": 512, "psf": [[0.0001936734188348055, 0.0003995372971985489, 0.00043858549906872213, 0.0005029226304031909, 0.0005989510100334883, 0.00080631033051759, 0.0006935327546671033, 0.0005442369729280472, 0.0003442911256570369, 0.00017291221593040973, 0.0001303563913097605], [0.0003277023206464946, 0.0005646374193020165, 0.0008276363951154053, 0.0011385027319192886, 0.0012573900166898966, 0.001413968508131802, 0.0013345262268558145, 0.0011186795309185982, 0.0007182831177487969, 0.00039159192238003016, 0.0001679833949310705], [0.00043746561277657747, 0.0008441181853413582, 0.001647565164603293, 0.002634241944178939, 0.004090601112693548, 0.005231769289821386, 0.004665515851229429, 0.002760599134489894, 0.0013887044042348862, 0.0006156414747238159, 0.0002615564444568008], [0.0005062863347120583, 0.0010324285831302404, 0.002505503362044692, 0.006210949271917343, 0.013621404767036438, 0.021490728482604027, 0.016909262165427208, 0.00654968898743391, 0.002205745317041874, 0.0008719671750441194, 0.0003721636312548071], [0.0008179855649359524, 0.0014139513950794935, 0.0038759063463658094, 0.012863557785749435, 0.046933021396398544, 0.08631912618875504, 0.05246152728796005, 0.012803138233721256, 0.00370124657638371, 0.0009036476258188486, 0.0006010883953422308], [0.001089794677682221, 0.0016485366504639387, 0.004841838497668505, 0.016159730032086372, 0.07839637994766235, 0.15065531432628632, 0.07682966440916061, 0.015279707498848438, 0.004835295956581831, 0.0008805391262285411, 0.0007722118170931935], [0.0009229601710103452, 0.0014367986004799604, 0.0037102687638252974, 0.01059666182845831, 0.04792000353336334, 0.08866115659475327, 0.0455702543258667, 0.010816718451678753, 0.0032918730285018682, 0.000906385772395879, 0.000624912790954113], [0.0005670022219419479, 0.0009625798556953669, 0.002011651871725917, 0.004430380649864674, 0.012749474495649338, 0.02050798200070858, 0.014131049625575542, 0.005544680170714855, 0.0017562633147463202, 0.0007838662713766098, 0.00039977487176656723], [0.000324632361298427, 0.0005431795143522322, 0.0009823348373174667, 0.0018635872984305024, 0.003835823852568865, 0.006014551036059856, 0.004652719013392925, 0.0023688317742198706, 0.0012085766065865755, 0.0005421895766630769, 0.00025693184579722583], [0.00014885648852214217, 0.00036816170904785395, 0.0004836598236579448, 0.0008693981217220426, 0.001313151908107102, 0.0018362182890996337, 0.0016745158936828375, 0.0008997179102152586, 0.0005490019684657454, 0.00036472585634328425, 0.00018359154637437314], [0.0001479291677242145, 0.00018432292563375086, 0.00036577455466613173, 0.00046070723328739405, 0.0007547184941358864, 0.001320385723374784, 0.0009676620829850435, 0.0005331431748345494, 0.0003889382060151547, 0.0001643509604036808, 0.00010165965795749798]], "psfHeight": 11, "psfWidth": 11, "width": 128}