{"psfHeight": 11, "width": 178, "psf": [[0.0001796343713067472, 0.0003952632541768253, 0.0006538681918755174, 0.0007828509551472962, 0.0009117742883972824, 0.0009922572644427419, 0.0008974751108326018, 0.0007371059618890285, 0.0005119701963849366, 0.0003957201261073351, 0.00039107693010009825], [0.00032684128382243216, 0.0006720030796714127, 0.0011266324436292052, 0.0017740536713972688, 0.00224681431427598, 0.0022149565629661083, 0.0018291069427505136, 0.0014442086685448885, 0.0010609005112200975, 0.0008046153234317899, 0.0006707450374960899], [0.00044936989434063435, 0.0010263655567541718, 0.0022503456566482782, 0.004308878444135189, 0.006328606512397528, 0.006998980883508921, 0.005667098797857761, 0.0036327235866338015, 0.002286470727995038, 0.0015717697096988559, 0.0010003393981605768], [0.0005683947238139808, 0.001558968797326088, 0.004151506815105677, 0.009970678016543388, 0.019105052575469017, 0.0236598402261734, 0.01863236352801323, 0.009794585406780243, 0.004445279482752085, 0.002231887774541974, 0.0011000267695635557], [0.000793252547737211, 0.002064927713945508, 0.0059576197527348995, 0.018244968727231026, 0.04454885795712471, 0.0635133907198906, 0.04870626702904701, 0.02087343856692314, 0.006558338180184364, 0.0024745315313339233, 0.0010647140443325043], [0.0009451498044654727, 0.0021793271880596876, 0.007026566658169031, 0.02289428934454918, 0.06363093852996826, 0.09414374083280563, 0.06572230160236359, 0.023968828842043877, 0.0066159870475530624, 0.0022276167292147875, 0.0010153257753700018], [0.0008765873499214649, 0.0021677573677152395, 0.006220899987965822, 0.01883622445166111, 0.04877566173672676, 0.06663525849580765, 0.04147658124566078, 0.014871315099298954, 0.004895537625998259, 0.0018390421755611897, 0.0008390620932914317], [0.0007690756465308368, 0.001665503834374249, 0.003937823697924614, 0.009681693278253078, 0.019797157496213913, 0.02368438057601452, 0.015136257745325565, 0.006963113788515329, 0.0029927948489785194, 0.0014484653947874904, 0.0007020315970294178], [0.0005055182264186442, 0.0009438137640245259, 0.0020478274673223495, 0.003873496549203992, 0.005980293266475201, 0.006595569662749767, 0.004939977545291185, 0.0029402889776974916, 0.0016909957630559802, 0.0008220841409638524, 0.00048181237070821226], [0.00034015069832094014, 0.0005201913882046938, 0.000939501915127039, 0.0016036804299801588, 0.0020155960228294134, 0.002121222671121359, 0.001686353818513453, 0.0012430904898792505, 0.0008523794822394848, 0.0004786390345543623, 0.0003346332523506135], [0.0002067924360744655, 0.0002729942207224667, 0.00045167343341745436, 0.0007127138087525964, 0.0008284426876343787, 0.0008895418723113835, 0.0008858345099724829, 0.0006749676540493965, 0.00043708685552701354, 0.00029084522975608706, 0.0002499917463865131]], "height": 178, "imageWidth": 512, "psfWidth": 11, "imageHeight": 512}