{"psfHeight": 11, "width": 96, "psf": [[0.00011930048640351743, 0.00027637038147076964, 0.0005486001027747989, 0.0005797356716357172, 0.0007364135235548019, 0.0007681791321374476, 0.0006093415431678295, 0.0005222780746407807, 0.0004999435623176396, 0.0004674220399465412, 0.00027872840291820467], [0.00021937006385996938, 0.0004425897204782814, 0.0009497979772277176, 0.001408715732395649, 0.0019000415923073888, 0.0017937363591045141, 0.0012087554205209017, 0.0009994728025048971, 0.0010062153451144695, 0.000699072377756238, 0.00042486184975132346], [0.00029329495737329125, 0.0006536683067679405, 0.0015330987516790628, 0.0031588575802743435, 0.005327671766281128, 0.005981102120131254, 0.003905131481587887, 0.0024235337041318417, 0.0019614032935351133, 0.0010899642948061228, 0.0005531201604753733], [0.0004273705999366939, 0.0008458613883703947, 0.0025047240778803825, 0.006197213660925627, 0.016625776886940002, 0.022092409431934357, 0.012563562020659447, 0.0060800653882324696, 0.0030901057180017233, 0.00125627382658422, 0.0007245322340168059], [0.0006440303986892104, 0.000785648007877171, 0.004283224698156118, 0.011708524078130722, 0.0486023873090744, 0.07960103452205658, 0.04551069438457489, 0.014694984070956707, 0.00511839147657156, 0.0020151783246546984, 0.0007579631055705249], [0.00082726392429322, 0.0008373461896553636, 0.005267912056297064, 0.01832660846412182, 0.08112943917512894, 0.1315663456916809, 0.08073756098747253, 0.024713026359677315, 0.005321659613400698, 0.0023618866689503193, 0.0005691981059499085], [0.0005442359251901507, 0.001065217424184084, 0.0037210495211184025, 0.013869570568203926, 0.0508977547287941, 0.07745969295501709, 0.0516437292098999, 0.017533747479319572, 0.0040350924246013165, 0.0018507414497435093, 0.0005114040104672313], [0.0004713050147984177, 0.0009415585664100945, 0.001968298340216279, 0.005222086329013109, 0.012971910648047924, 0.01860765740275383, 0.01382420863956213, 0.006135175470262766, 0.002264643320813775, 0.0007706991746090353, 0.0004636045196093619], [0.0003554438007995486, 0.0006357047241181135, 0.0010971929877996445, 0.0019192936597391963, 0.003484653076156974, 0.004681111313402653, 0.003953411243855953, 0.00232680793851614, 0.0011263972846791148, 0.0005604815087281168, 0.00032537264632992446], [0.0002364722895435989, 0.00038565529393963516, 0.0005383652751334012, 0.0007952853920869529, 0.0009301599930040538, 0.001192454481497407, 0.001255458570085466, 0.0009170431876555085, 0.0006865633185952902, 0.0003952988772653043, 0.00028099908377043903], [6.867834599688649e-05, 0.00025803170865401626, 0.00030697527108713984, 0.00040390659705735743, 0.0005221731262281537, 0.0006560025503858924, 0.0006359828403219581, 0.00045725511154159904, 0.0002952201757580042, 0.00021298839419614524, 0.0002017554361373186]], "height": 96, "imageWidth": 512, "psfWidth": 11, "imageHeight": 512}