{"imageWidth": 512, "height": 155, "imageHeight": 512, "psf": [[0.0001773590047378093, 0.00030446809250861406, 0.00034279152168892324, 0.0005345515673980117, 0.0008362387306988239, 0.0010795845882967114, 0.0011186007177457213, 0.0009199278429150581, 0.0006650389404967427, 0.00044160138349980116, 0.00016133105964399874], [0.00032144240685738623, 0.00042952733929269016, 0.0008325582602992654, 0.0014182520098984241, 0.0018794229254126549, 0.002041954779997468, 0.0019320882856845856, 0.0015527248615399003, 0.0010193221969529986, 0.0006633997545577586, 0.00038709709770046175], [0.000526383169926703, 0.0009508641669526696, 0.001713678939267993, 0.003511777613312006, 0.005862071644514799, 0.006576395593583584, 0.005186413414776325, 0.0033435204531997442, 0.001884466502815485, 0.0010585971176624298, 0.0006489450461231172], [0.0007522566593252122, 0.001384457340463996, 0.003214950207620859, 0.00799288135021925, 0.018345655873417854, 0.02377239614725113, 0.01601235568523407, 0.007766487076878548, 0.0033533526584506035, 0.0015237537445500493, 0.0008043584530241787], [0.0009133656276389956, 0.0014858721988275647, 0.004979547578841448, 0.014371153898537159, 0.04831898212432861, 0.07482695579528809, 0.04763616621494293, 0.016644958406686783, 0.005088289268314838, 0.001725569600239396, 0.0008996165706776083], [0.0009281614911742508, 0.0014473419869318604, 0.005475957877933979, 0.0190099086612463, 0.07167764008045197, 0.11394649744033813, 0.0713372454047203, 0.02155785821378231, 0.00565860141068697, 0.0016316631808876991, 0.0008207001956179738], [0.0007467022514902055, 0.0013118081260472536, 0.004398254677653313, 0.014774138107895851, 0.0489240325987339, 0.07497288286685944, 0.04774227365851402, 0.015486720949411392, 0.004389547277241945, 0.0014685828937217593, 0.000745906203519553], [0.0005706112715415657, 0.0010189954191446304, 0.002639841055497527, 0.006746560335159302, 0.01633436046540737, 0.023201003670692444, 0.016764121130108833, 0.007033926900476217, 0.0024920215364545584, 0.00118212157394737, 0.0005066904122941196], [0.00040814420208334923, 0.0006823930889368057, 0.0013312773080542684, 0.0025686973240226507, 0.004517949651926756, 0.006021980661898851, 0.005036164075136185, 0.002824341179803014, 0.0013892543502151966, 0.0007018078467808664, 0.0003785023291129619], [0.0002843391557689756, 0.0004379230085760355, 0.0007114344625733793, 0.0011957609094679356, 0.001357311732135713, 0.0016570822335779667, 0.0016321844886988401, 0.0012088411021977663, 0.000731749227270484, 0.00044303335016593337, 0.0003627881233114749], [0.00013848610979039222, 0.00032102459226734936, 0.00045465765288099647, 0.0005766067770309746, 0.000635933072771877, 0.0008019353845156729, 0.00070128811057657, 0.0005125892348587513, 0.00037371678627096117, 0.0002909413306042552, 0.0002313477307325229]], "psfHeight": 11, "psfWidth": 11, "width": 155}