{"imageWidth": 512, "height": 80, "imageHeight": 512, "psf": [[0.0003386089520063251, 0.0006433301023207605, 0.0008915417711250484, 0.001259024371393025, 0.0017797381151467562, 0.0019390686647966504, 0.0018894317327067256, 0.0014959312975406647, 0.001042819581925869, 0.0007552680908702314, 0.0004837052838411182], [0.0005580010474659503, 0.0008876677020452917, 0.0015701879747211933, 0.0025877163279801607, 0.0038049649447202682, 0.004370321985334158, 0.0042238119058310986, 0.0030791370663791895, 0.0020855178590863943, 0.0013011058326810598, 0.0006945841014385223], [0.0008061414700932801, 0.0015703809913247824, 0.0028769003693014383, 0.005264285020530224, 0.008143848739564419, 0.010513821616768837, 0.009684063494205475, 0.006815345957875252, 0.003892112523317337, 0.0020559909753501415, 0.0010540838120505214], [0.0012426278553903103, 0.0024856615345925093, 0.005106315016746521, 0.010280379094183445, 0.019053073599934578, 0.024468515068292618, 0.021742329001426697, 0.013651899062097073, 0.0066953981295228004, 0.002989080036059022, 0.0014349616831168532], [0.0015127754304558039, 0.003360625123605132, 0.008017360232770443, 0.01845264993607998, 0.0350528322160244, 0.04591885954141617, 0.03840194270014763, 0.022133732214570045, 0.009609304368495941, 0.0039581782184541225, 0.0017600724240764976], [0.0017602434381842613, 0.004007577430456877, 0.009786412119865417, 0.024156058207154274, 0.046041619032621384, 0.058172211050987244, 0.046082619577646255, 0.02483173832297325, 0.010355394333600998, 0.004276682622730732, 0.0018867059843614697], [0.001751958392560482, 0.0037037311121821404, 0.009265080094337463, 0.022002164274454117, 0.04004381597042084, 0.045988667756319046, 0.034869126975536346, 0.01880047470331192, 0.008327639661729336, 0.0036872068885713816, 0.001710811397060752], [0.001486980589106679, 0.0029757956508547068, 0.006554075516760349, 0.013212244026362896, 0.021880388259887695, 0.0242420956492424, 0.018326228484511375, 0.010587631724774837, 0.00532218674197793, 0.0024425352457910776, 0.001190174138173461], [0.001064798329025507, 0.0018608742393553257, 0.0034512621350586414, 0.005970252212136984, 0.009131736122071743, 0.009723687544465065, 0.007703769486397505, 0.0049585746601223946, 0.002737684641033411, 0.001675406121648848, 0.0008036335930228233], [0.000664121937006712, 0.0011452905600890517, 0.0019894978031516075, 0.0027000298723578453, 0.003591913031414151, 0.0037437905557453632, 0.003011909546330571, 0.002350476337596774, 0.00155697762966156, 0.0009792628698050976, 0.0005666370270773768], [0.00045761626097373664, 0.000717467162758112, 0.00098559376783669, 0.0012332869227975607, 0.0015597599558532238, 0.0016847425140440464, 0.0014197889249771833, 0.0011535583762452006, 0.0008643540204502642, 0.0007083583623170853, 0.0004185129073448479]], "psfHeight": 11, "psfWidth": 11, "width": 80}