{"imageWidth": 512, "height": 178, "imageHeight": 512, "psf": [[0.00026189355412498116, 0.0004107673594262451, 0.0007036064635030925, 0.0008027706644497812, 0.0009115481516346335, 0.0008925199508666992, 0.0007050975691527128, 0.0005537139950320125, 0.0005320982891134918, 0.00042559977737255394, 0.0003652700688689947], [0.00027125951601192355, 0.0005778632475994527, 0.0011323941871523857, 0.001728977425955236, 0.0020724935457110405, 0.0022142091765999794, 0.0016151734162122011, 0.001247130217961967, 0.001084608375094831, 0.0008058050298132002, 0.0005637394497171044], [0.0003565980587154627, 0.0008260697941295803, 0.001792913768440485, 0.003661360125988722, 0.006016173865646124, 0.007086136844009161, 0.005042428150773048, 0.0029590476769953966, 0.0020589767955243587, 0.0012917784042656422, 0.0007276092655956745], [0.0005109532503411174, 0.0010669908951967955, 0.002891291631385684, 0.007665091194212437, 0.01806844025850296, 0.024342797696590424, 0.015854457393288612, 0.007428877055644989, 0.003716851118952036, 0.0017371732974424958, 0.0008772208238951862], [0.0006968240486457944, 0.0013841623440384865, 0.004723252262920141, 0.014714743010699749, 0.04733334109187126, 0.07193219661712646, 0.046132128685712814, 0.016942808404564857, 0.0056265173479914665, 0.0020287728402763605, 0.0009413015213795006], [0.0007896397146396339, 0.0015170668484643102, 0.00587314972653985, 0.021249795332551003, 0.07217675447463989, 0.10962674021720886, 0.07253304868936539, 0.025251250714063644, 0.0063751330599188805, 0.0021142426412552595, 0.0010363104520365596], [0.0007446728413924575, 0.0015240809880197048, 0.004713762551546097, 0.01695086434483528, 0.05068725720047951, 0.07116656005382538, 0.04800284281373024, 0.017968889325857162, 0.0048031434416770935, 0.0017932482296600938, 0.0007916230824775994], [0.0005805557011626661, 0.0012301416136324406, 0.0028448051307350397, 0.007300536148250103, 0.01608198694884777, 0.020416071638464928, 0.01467832736670971, 0.006720602046698332, 0.0027093065436929464, 0.0011734383879229426, 0.0005807594861835241], [0.0005101856077089906, 0.0007168722804635763, 0.0014431106392294168, 0.00264442665502429, 0.004490227904170752, 0.005597869865596294, 0.004654843360185623, 0.0027936934493482113, 0.0013675870141014457, 0.000663022103253752, 0.0003799574915319681], [0.00033730556606315076, 0.00047670138883404434, 0.000770407379604876, 0.0010775617556646466, 0.0013175597414374352, 0.0015226536197587848, 0.0014469658490270376, 0.0010912487050518394, 0.0007583843544125557, 0.0004072418960276991, 0.00023722478363197297], [0.00023615390819031745, 0.00018302362877875566, 0.0004084007232449949, 0.0005243045161478221, 0.0007191370241343975, 0.0008370049763470888, 0.000735209381673485, 0.0005541082355193794, 0.00034374892129562795, 0.00028046336956322193, 0.0001529615983599797]], "psfHeight": 11, "psfWidth": 11, "width": 178}