{"psfHeight": 11, "width": 154, "psf": [[0.00020394314196892083, 0.0004880969354417175, 0.0005781761719845235, 0.0008120304555632174, 0.0012039971770718694, 0.0013157188659533858, 0.0011880748206749558, 0.0009336901130154729, 0.0006012704106979072, 0.00042582579771988094, 0.00022022260236553848], [0.00042139767901971936, 0.0006605240632779896, 0.0011815065518021584, 0.0018625067314133048, 0.0027854491490870714, 0.0032100819516927004, 0.0028392798267304897, 0.001971415476873517, 0.0013600691454485059, 0.0007329413201659918, 0.0005006740102544427], [0.000604199361987412, 0.0010869717225432396, 0.002141945529729128, 0.004415963310748339, 0.00724308006465435, 0.008640422485768795, 0.007637882139533758, 0.005011274944990873, 0.0025875400751829147, 0.0013319557765498757, 0.0006650837021879852], [0.0008149180212058127, 0.0017395688919350505, 0.004018920008093119, 0.009632640518248081, 0.018862266093492508, 0.02481827326118946, 0.020883722230792046, 0.011434151791036129, 0.004933416377753019, 0.001992782112210989, 0.0009249126887880266], [0.0009477422572672367, 0.0022678447421640158, 0.006235506851226091, 0.017790140584111214, 0.04204634577035904, 0.05959392338991165, 0.045767564326524734, 0.02044408768415451, 0.00730101577937603, 0.002712308196350932, 0.0011476718354970217], [0.0011094969231635332, 0.0022177353966981173, 0.00743437372148037, 0.022965047508478165, 0.0602651946246624, 0.08700694888830185, 0.06054903566837311, 0.02293412759900093, 0.007559844292700291, 0.002731484593823552, 0.001184377120807767], [0.0009969078237190843, 0.0020826051477342844, 0.006171104963868856, 0.018226658925414085, 0.04556543380022049, 0.0625794529914856, 0.04122821241617203, 0.01581699028611183, 0.005636793095618486, 0.0020955803338438272, 0.001054179621860385], [0.0007715717074461281, 0.0015654521994292736, 0.0037730142939835787, 0.009334429167211056, 0.019334979355335236, 0.02420094609260559, 0.01690610684454441, 0.007809441536664963, 0.0033036309760063887, 0.0014239279553294182, 0.0007198586827144027], [0.000543081434443593, 0.0009716844651848078, 0.0021524233743548393, 0.004074605647474527, 0.006645848974585533, 0.007668597623705864, 0.006201381329447031, 0.0037106394302099943, 0.001915952074341476, 0.0009916392154991627, 0.0005690139369107783], [0.00032072316389530897, 0.0006781243137083948, 0.0010833272244781256, 0.0017915299395099282, 0.002479912480339408, 0.0028965575620532036, 0.0027113966643810272, 0.0019122574012726545, 0.001132944948039949, 0.00048733825678937137, 0.00039112012018449605], [0.00030776814674027264, 0.0004896051250398159, 0.0007194076315499842, 0.0008984412997961044, 0.0011678343871608377, 0.0014223435427993536, 0.001505927531979978, 0.001139867934398353, 0.0006466953200288117, 0.0004181529802735895, 0.00022598788200411946]], "height": 154, "imageWidth": 512, "psfWidth": 11, "imageHeight": 512}