{"psfHeight": 11, "width": 179, "psf": [[0.00032703339820727706, 0.00032412377186119556, 0.0004409013781696558, 0.0006762199918739498, 0.0010524408426135778, 0.0011364626698195934, 0.000871028343681246, 0.0005134339444339275, 0.00040351349161937833, 0.00024237549223471433, 0.00011217415158171207], [0.0005178238498046994, 0.000658947043120861, 0.0007760380394756794, 0.0013044734951108694, 0.0017100557452067733, 0.0015708047430962324, 0.00144378247205168, 0.001053596381098032, 0.0005428200820460916, 0.00034098015748895705, 0.00016659958055242896], [0.0007583776023238897, 0.0010738220298662782, 0.0016718737315386534, 0.0030041811987757683, 0.005343096796423197, 0.006856190972030163, 0.0049742283299565315, 0.002456279005855322, 0.001051520579494536, 0.00047488335985690355, 0.00024625376681797206], [0.0008761840290389955, 0.0015728204743936658, 0.003160161664709449, 0.006911301054060459, 0.016017599031329155, 0.022306079044938087, 0.015073337592184544, 0.005820021964609623, 0.002043733838945627, 0.000754322565626353, 0.0003968575911130756], [0.000910524046048522, 0.0014664019690826535, 0.004777098074555397, 0.013825624249875546, 0.04937649890780449, 0.08510306477546692, 0.04978256672620773, 0.012180468067526817, 0.0036623866762965918, 0.000820893095806241, 0.0005870187887921929], [0.0009074281551875174, 0.001080723712220788, 0.005382272880524397, 0.016670960932970047, 0.07720091938972473, 0.14402656257152557, 0.07792247831821442, 0.015405340120196342, 0.004948333837091923, 0.0006999140605330467, 0.0007914539892226458], [0.0007353489054366946, 0.0009528013761155307, 0.003950322046875954, 0.011548838578164577, 0.04906702786684036, 0.08691917359828949, 0.04706389456987381, 0.010735740885138512, 0.0036544459871947765, 0.0008019237429834902, 0.0006447875057347119], [0.0005363632808439434, 0.000904970511328429, 0.002357274992391467, 0.005742366425693035, 0.014034283347427845, 0.01943567954003811, 0.012326877564191818, 0.004709495231509209, 0.0019425087375566363, 0.0008173836977221072, 0.0004167570732533932], [0.0003456422418821603, 0.0007455589948222041, 0.0014365483075380325, 0.0024241178762167692, 0.003934413194656372, 0.0051038023084402084, 0.0036498173139989376, 0.0018871548818424344, 0.0010951843578368425, 0.0006115050637163222, 0.00033209059620276093], [0.0002776264736894518, 0.0005289848195388913, 0.0008287113741971552, 0.0009756318177096546, 0.0010009210091084242, 0.0008018746739253402, 0.0009126602672040462, 0.0009025014005601406, 0.0005702589405700564, 0.0003576418966986239, 0.0002651005925145], [0.00022198336955625564, 0.00044054724276065826, 0.0005389877478592098, 0.0005655786371789873, 0.0006950836395844817, 0.0008721849881112576, 0.0006753201596438885, 0.00045348171261139214, 0.0002868804440367967, 0.00018678829655982554, 0.00021952044335193932]], "height": 179, "imageWidth": 512, "psfWidth": 11, "imageHeight": 512}