{"imageWidth": 512, "height": 109, "imageHeight": 512, "psf": [[0.00021674491290468723, 0.0003836461983155459, 0.0006388731417246163, 0.0009762668050825596, 0.0011814638273790479, 0.0014869853621348739, 0.0013722729636356235, 0.0011874721385538578, 0.0008269127574749291, 0.00048084446461871266, 0.00033560633892193437], [0.00046211155131459236, 0.0006845455500297248, 0.0011713398853316903, 0.0018077287822961807, 0.0028450784739106894, 0.003645061980932951, 0.0035290357191115618, 0.002596531994640827, 0.001478718128055334, 0.0008652455871924758, 0.0005251927650533617], [0.0006712562753818929, 0.0011559900594875216, 0.002141763921827078, 0.0041121323592960835, 0.00717440340667963, 0.010248963721096516, 0.00929408147931099, 0.005708605982363224, 0.002920085098594427, 0.0013135595945641398, 0.0006887872004881501], [0.0008417714852839708, 0.001786791835911572, 0.003993445076048374, 0.008812743239104748, 0.018547628074884415, 0.027090322226285934, 0.022845715284347534, 0.011525889858603477, 0.004713156260550022, 0.0020089203026145697, 0.0010221240809187293], [0.001080773421563208, 0.0022676961962133646, 0.005996245890855789, 0.016501596197485924, 0.040480416268110275, 0.060230791568756104, 0.0454484187066555, 0.018932795152068138, 0.006743124220520258, 0.0023388792760670185, 0.0010592761682346463], [0.0012258633505553007, 0.0025677380617707968, 0.0072565083391964436, 0.022102558985352516, 0.058129359036684036, 0.08505035936832428, 0.058188024908304214, 0.021471042186021805, 0.007115294225513935, 0.0023080005776137114, 0.0011023719562217593], [0.0012645772658288479, 0.002458506729453802, 0.006597760133445263, 0.018274104222655296, 0.04616626724600792, 0.062844417989254, 0.041176486760377884, 0.015946470201015472, 0.005487585440278053, 0.001975909573957324, 0.000793506158515811], [0.0010322193847969174, 0.0018862379947677255, 0.004299788270145655, 0.009602774865925312, 0.019656406715512276, 0.024996157735586166, 0.017772920429706573, 0.008095335215330124, 0.0033559321891516447, 0.0013592183822765946, 0.0006776188965886831], [0.0008226254140026867, 0.0013410781975835562, 0.0021371820475906134, 0.004054909106343985, 0.006463875528424978, 0.0077032060362398624, 0.006157248746603727, 0.003633481217548251, 0.001898565562441945, 0.0010773324174806476, 0.0004921723157167435], [0.000598131853621453, 0.0008592371013946831, 0.0012547641526907682, 0.0017647561617195606, 0.002369712572544813, 0.0026088294107466936, 0.002362645696848631, 0.0018137800507247448, 0.0011005140841007233, 0.0006233768071979284, 0.00042885958100669086], [0.0002985549217555672, 0.0004679932026192546, 0.0005622764001600444, 0.0007813343545421958, 0.0011665640631690621, 0.0011639011790975928, 0.0011315366718918085, 0.0009759083623066545, 0.0005705058574676514, 0.00035588740138337016, 0.00032613924122415483]], "psfHeight": 11, "psfWidth": 11, "width": 109}