{"psfHeight": 11, "width": 251, "psf": [[0.00024799382663331926, 0.00039161962922662497, 0.0006724181585013866, 0.0007592554902657866, 0.0007982483948580921, 0.0010154483607038856, 0.0009528741356916726, 0.0007040775963105261, 0.0005219478625804186, 0.00032477366039529443, 0.00016284309094771743], [0.0002827538410201669, 0.0005835064221173525, 0.0010892389109358191, 0.0014983058208599687, 0.0013393305707722902, 0.0012330252211540937, 0.0016364188631996512, 0.0014425568515434861, 0.0009340058895759284, 0.0005077117821201682, 0.0003042749303858727], [0.00027423116262070835, 0.0006204911042004824, 0.0015381876146420836, 0.002878300379961729, 0.004542400594800711, 0.005889653228223324, 0.004949582275003195, 0.0029241759330034256, 0.0015659841010347009, 0.0006812242208980024, 0.00037270309985615313], [0.00033551716478541493, 0.0007034983718767762, 0.001849467633292079, 0.005722054746001959, 0.012696857564151287, 0.018205590546131134, 0.01392634492367506, 0.006018673535436392, 0.002546237548813224, 0.0010999656515195966, 0.0005269375978969038], [0.0007054235320538282, 0.000691874127369374, 0.00338573195040226, 0.01059026550501585, 0.04968460276722908, 0.08346349000930786, 0.04660235717892647, 0.012257982976734638, 0.004309099167585373, 0.0012743831612169743, 0.0008195535046979785], [0.001045765238814056, 0.00047398085007444024, 0.005062242969870567, 0.014071430079638958, 0.08512331545352936, 0.15664605796337128, 0.08415697515010834, 0.017613355070352554, 0.006164501421153545, 0.0010701840510591865, 0.0011025089770555496], [0.0008377688936889172, 0.0010275646345689893, 0.003733585588634014, 0.011006739921867847, 0.04667137935757637, 0.08410711586475372, 0.051312245428562164, 0.013673827983438969, 0.0050009312108159065, 0.0012781164841726422, 0.0008196366252377629], [0.0006613479927182198, 0.0010777836432680488, 0.002032082062214613, 0.00488092890009284, 0.01078958623111248, 0.01417643390595913, 0.01090966071933508, 0.005704210139811039, 0.0025181223172694445, 0.0011697778245434165, 0.000502487295307219], [0.00039103173185139894, 0.0006346827722154558, 0.001037110574543476, 0.0018923903116956353, 0.0036360067315399647, 0.0047854213044047356, 0.003615225898101926, 0.002080035861581564, 0.0012377082603052258, 0.0006517553701996803, 0.0003504001651890576], [0.0002845532726496458, 0.00039850675966590643, 0.0005653490079566836, 0.0009167356765829027, 0.0011063192505389452, 0.0007762993918731809, 0.0008710160036571324, 0.0009364839643239975, 0.0006084911874495447, 0.0003462526074144989, 0.00022463093046098948], [0.00017528791795484722, 0.00023934028286021203, 0.00035593131906352937, 0.000520606292411685, 0.0008347337716259062, 0.0010817016009241343, 0.0007687386241741478, 0.000516857486218214, 0.00035370374098420143, 0.00022216036450117826, 0.00010742506856331602]], "height": 251, "imageWidth": 512, "psfWidth": 11, "imageHeight": 512}