{"imageWidth": 512, "height": 156, "imageHeight": 512, "psf": [[0.0004060424689669162, 0.00041308676009066403, 0.0010548351565375924, 0.0013187688309699297, 0.0018039230490103364, 0.0020194484386593103, 0.0018783744890242815, 0.0015057682758197188, 0.0010928878327831626, 0.0007392673287540674, 0.0003518635348882526], [0.0006969303940422833, 0.0011139778653159738, 0.001906579709611833, 0.0031055393628776073, 0.004128098487854004, 0.00469252560287714, 0.004140326287597418, 0.0029576465021818876, 0.0017754825530573726, 0.0010559187503531575, 0.0006163290818221867], [0.001019849325530231, 0.0018300871597602963, 0.0034259280655533075, 0.0063307927921414375, 0.009302852675318718, 0.010844876989722252, 0.009433752857148647, 0.005974179599434137, 0.003267756663262844, 0.0018430273048579693, 0.001057649264112115], [0.001202849904075265, 0.002387923188507557, 0.0054458430968225, 0.012059470638632774, 0.021595247089862823, 0.02567661926150322, 0.020137809216976166, 0.01195681281387806, 0.005867439787834883, 0.0028093887958675623, 0.00138550263363868], [0.001502566272392869, 0.0032972302287817, 0.008043774403631687, 0.019773686304688454, 0.03872358053922653, 0.04779558628797531, 0.03723211959004402, 0.019656451418995857, 0.008508956991136074, 0.0036659748293459415, 0.0015845309244468808], [0.001617656322196126, 0.0037215505726635456, 0.00877845473587513, 0.022967718541622162, 0.04847472906112671, 0.06338445097208023, 0.04817941039800644, 0.02358720265328884, 0.009637480601668358, 0.004109968896955252, 0.0017021623207256198], [0.001415297738276422, 0.003371946047991514, 0.0070817191153764725, 0.01798108033835888, 0.03858165442943573, 0.050878848880529404, 0.03847971186041832, 0.019045690074563026, 0.007978546433150768, 0.0033965380862355232, 0.0017747718375176191], [0.0013314075767993927, 0.0024609160609543324, 0.004789881873875856, 0.010227475315332413, 0.019191797822713852, 0.024764368310570717, 0.019694343209266663, 0.010928205214440823, 0.005187366623431444, 0.002261553891003132, 0.0014156346442177892], [0.0008664632332511246, 0.001508026267401874, 0.0026686268392950296, 0.0046805269084870815, 0.007788504473865032, 0.009687872603535652, 0.008299008011817932, 0.005070718936622143, 0.0028329051565378904, 0.0015700869262218475, 0.0008445292478427291], [0.0006865618634037673, 0.000921154220122844, 0.0014583879383280873, 0.002472033491358161, 0.003406297182664275, 0.003959192428737879, 0.003483292181044817, 0.0021772270556539297, 0.0015688921557739377, 0.0009864026214927435, 0.0005538540426641703], [0.00037191505543887615, 0.0005063361022621393, 0.0009581580525264144, 0.0011011562310159206, 0.001478068996220827, 0.0017247602809220552, 0.0015723094111308455, 0.0012222747318446636, 0.0008796172332949936, 0.00047436339082196355, 0.0004071276925969869]], "psfHeight": 11, "psfWidth": 11, "width": 156}