{"imageWidth": 512, "height": 132, "imageHeight": 512, "psf": [[0.0003344147407915443, 0.000503558199852705, 0.0006571036647073925, 0.0007975540938787162, 0.0008878210210241377, 0.0010292809456586838, 0.0007579816738143563, 0.0005043460987508297, 0.00036722366348840296, 0.00021884127636440098, 0.0001738506689434871], [0.0003079664893448353, 0.0005980841815471649, 0.0010924122761934996, 0.0014935461804270744, 0.0018021793803200126, 0.0017352666473016143, 0.001457934849895537, 0.001018287381157279, 0.0005702989874407649, 0.000350436195731163, 0.0002293021825607866], [0.0004474423185456544, 0.0009012881782837212, 0.001577044720761478, 0.002960948506370187, 0.005536498501896858, 0.006911868695169687, 0.004732577595859766, 0.002384702442213893, 0.001121147652156651, 0.000534179387614131, 0.0003510010428726673], [0.0006663731765002012, 0.0013055286835879087, 0.0025506119709461927, 0.006749197840690613, 0.016264919191598892, 0.02326190657913685, 0.015763044357299805, 0.005718221887946129, 0.0020231883972883224, 0.000802687369287014, 0.00047171631013043225], [0.0010110278381034732, 0.0014071414479985833, 0.004364501219242811, 0.013613558374345303, 0.04857724905014038, 0.08681781589984894, 0.048447221517562866, 0.01075792871415615, 0.0033524001482874155, 0.0008661681204102933, 0.0006806810270063579], [0.0013804102782160044, 0.0014823797391727567, 0.006137583404779434, 0.017191126942634583, 0.07805170118808746, 0.16022370755672455, 0.07922226190567017, 0.011897139251232147, 0.004362769890576601, 0.0005461042164824903, 0.0008992043440230191], [0.001195957069285214, 0.0015955896815285087, 0.004600585903972387, 0.011551928706467152, 0.04466189816594124, 0.09044801443815231, 0.04669655114412308, 0.007999483495950699, 0.003282298566773534, 0.0006890507065691054, 0.000721029588021338], [0.0006351601332426071, 0.001024841913022101, 0.001990559743717313, 0.004483243450522423, 0.010738232173025608, 0.01620209962129593, 0.01073203794658184, 0.004194195847958326, 0.0019372585229575634, 0.0008751893765293062, 0.0004196017689537257], [0.00030741377850063145, 0.0005549381603486836, 0.0010106464615091681, 0.001791089423932135, 0.003427085466682911, 0.004723954480141401, 0.0030676620081067085, 0.001817255630157888, 0.0014071662444621325, 0.000705139187630266, 0.0003207852423656732], [0.0002298077888553962, 0.00038462490192614496, 0.0005025686114095151, 0.0008895018836483359, 0.001305216341279447, 0.0010866338852792978, 0.0009199577616527677, 0.0008766939281485975, 0.0007339160656556487, 0.0003773206553887576, 0.00026881738449446857], [0.00018043282034341246, 0.00018051870574709028, 0.0003570489934645593, 0.0005168977659195662, 0.0009762191912159324, 0.0012202525977045298, 0.0007603456033393741, 0.0004445576632861048, 0.0003704806149471551, 0.0002028301387326792, 0.00019360223086550832]], "psfHeight": 11, "psfWidth": 11, "width": 132}