{"imageWidth": 512, "height": 180, "imageHeight": 512, "psf": [[0.0002541931171435863, 0.00027794783818535507, 0.0003351603227201849, 0.0005702433991245925, 0.0008189442451111972, 0.0009593557915650308, 0.0008931352640502155, 0.0007808420341461897, 0.00039410681347362697, 0.0002011004980886355, 0.0002321865176782012], [0.00029659204301424325, 0.0005025163409300148, 0.0007068015402182937, 0.0010454104049131274, 0.0015203728107735515, 0.0018872482469305396, 0.0019294803496450186, 0.0016723276348784566, 0.0010702434228733182, 0.000519057794008404, 0.0002311866992386058], [0.0005453192279674113, 0.0008790659485384822, 0.0017376212636008859, 0.002768350299447775, 0.004579213447868824, 0.006621242500841618, 0.006656863261014223, 0.004029101226478815, 0.00196878332644701, 0.0009335431968793273, 0.0004159226664341986], [0.000734712986741215, 0.0014112964272499084, 0.0024864813312888145, 0.006359569262713194, 0.01445172168314457, 0.022764872759580612, 0.01995086669921875, 0.009152143262326717, 0.003415187820792198, 0.0014114403165876865, 0.0007797571015544236], [0.0009118234738707542, 0.001680257497355342, 0.004542064853012562, 0.013887069188058376, 0.04565511271357536, 0.0753166601061821, 0.052064694464206696, 0.016309496015310287, 0.005538963247090578, 0.0015439222333952785, 0.0008524545119144022], [0.0012343362905085087, 0.0014977841638028622, 0.006386873312294483, 0.018589595332741737, 0.07428097724914551, 0.12173048406839371, 0.07128770649433136, 0.019850827753543854, 0.005720143672078848, 0.0014607132179662585, 0.0009294762858189642], [0.0010354181285947561, 0.0015332993352785707, 0.00494751101359725, 0.013007908128201962, 0.04771636426448822, 0.07798377424478531, 0.046231649816036224, 0.014517536386847496, 0.004495872650295496, 0.0013353211106732488, 0.0007146955467760563], [0.000499855144880712, 0.001342351664789021, 0.002758732298389077, 0.005937655456364155, 0.013796758837997913, 0.02087409608066082, 0.015513204038143158, 0.006558755412697792, 0.002799365436658263, 0.0011251835385337472, 0.000509970064740628], [0.0005308667314238846, 0.0008520244737155735, 0.001298361225053668, 0.0025173176545649767, 0.004270062781870365, 0.005969078745692968, 0.004962091334164143, 0.002525602001696825, 0.0015792370541021228, 0.0009020714787766337, 0.0002670366957318038], [0.000382732308935374, 0.000578329898416996, 0.0005060686380602419, 0.0010779298609122634, 0.0013331025838851929, 0.001620789524167776, 0.0021076402626931667, 0.0012765186838805676, 0.0007953278254717588, 0.0005252751871012151, 0.00023518777743447572], [0.00019693047215696424, 0.00018924634787254035, 0.0004295307444408536, 0.0005164247122593224, 0.0008213547407649457, 0.0011610564542934299, 0.0011172740487381816, 0.0007440182380378246, 0.0005438100779429078, 0.00028080816264264286, 0.000228638673434034]], "psfHeight": 11, "psfWidth": 11, "width": 180}