{"psfHeight": 11, "width": 109, "psf": [[0.0001236321113537997, 0.0001491888688178733, 0.00013566987763624638, 0.00048504435108043253, 0.0005972767248749733, 0.001053650863468647, 0.0008115617092698812, 0.0006681053782813251, 0.0005703361239284277, 0.0004638026002794504, 0.00033402800909243524], [0.00027459755074232817, 0.00038821710040792823, 0.0004441601049620658, 0.0007871142006479204, 0.0008198953000828624, 6.231760198716074e-05, 0.0005016852519474924, 0.001253840746358037, 0.0008673059637658298, 0.0005453538033179939, 0.0002981966536026448], [0.0005093295476399362, 0.000784108939114958, 0.0012323182309046388, 0.00233360449783504, 0.004678074736148119, 0.005457323044538498, 0.0036979899741709232, 0.00242850324138999, 0.0013950361171737313, 0.0006874526152387261, 0.0004430639382917434], [0.00040695772622711957, 0.0007958211936056614, 0.0020397971384227276, 0.005631757900118828, 0.012313666753470898, 0.01198586355894804, 0.0078122736886143684, 0.005085758864879608, 0.002258740132674575, 0.0012655111495405436, 0.0006206843536347151], [0.00050667196046561, 0.0005381135852076113, 0.0031791185028851032, 0.011378476396203041, 0.054189905524253845, 0.08740924298763275, 0.04624231532216072, 0.012361682020127773, 0.003466632217168808, 0.0014004972763359547, 0.0009524160996079445], [0.0008374776807613671, 0.00034448326914571226, 0.004531078971922398, 0.014603717252612114, 0.09245624393224716, 0.1769251823425293, 0.09373102337121964, 0.016438866034150124, 0.0046698227524757385, 0.0007079789065755904, 0.0010248437756672502], [0.0005789821152575314, 0.0006128756795078516, 0.0032185728196054697, 0.009188556112349033, 0.04724445194005966, 0.08959773182868958, 0.04982616752386093, 0.009335837326943874, 0.003232911927625537, 0.0007103782263584435, 0.0005984405288472772], [0.0003115039726253599, 0.0005666251527145505, 0.001417007064446807, 0.0029798168689012527, 0.009555133059620857, 0.015561528503894806, 0.009352482855319977, 0.003731388598680496, 0.0017059764359146357, 0.0007197462255135179, 0.0004533569444902241], [0.00020635165856219828, 0.0003693548496812582, 0.0008206584607250988, 0.0014082372654229403, 0.002814788604155183, 0.004426078870892525, 0.0032417543698102236, 0.0014380100183188915, 0.0009719925583340228, 0.0005903267301619053, 0.00029149025795049965], [0.00022220802202355117, 0.0002574881655164063, 0.0004646868910640478, 0.0006473228568211198, 0.000620700535364449, 0.0004309287469368428, 0.0007534930482506752, 0.0007470118580386043, 0.0004565540293697268, 0.0003456136037129909, 0.0002525018062442541], [0.0001762911124387756, 0.00024364424461964518, 0.0003147476236335933, 0.0003478791913948953, 0.0006826160824857652, 0.0008638593135401607, 0.0007067903643473983, 0.0004187755985185504, 0.0002277539751958102, 0.00022600778902415186, 0.00012014897220069543]], "height": 109, "imageWidth": 512, "psfWidth": 11, "imageHeight": 512}