{"imageWidth": 512, "height": 96, "imageHeight": 512, "psf": [[0.00025072938296943903, 0.00024114223197102547, 0.0004750467196572572, 0.0007537921774201095, 0.0009119138703681529, 0.0011235808487981558, 0.0011683960910886526, 0.0009643092635087669, 0.0005995690589770675, 0.0003861661534756422, 0.0002317101607332006], [0.0003291646426077932, 0.00050063815433532, 0.0009930027881637216, 0.0016428204253315926, 0.0024628033861517906, 0.002957431133836508, 0.0025501905474811792, 0.0017494566272944212, 0.0009876568801701069, 0.0005499597173184156, 0.00031644117552787066], [0.00043178626219742, 0.0009618839831091464, 0.0019119218923151493, 0.0039559719152748585, 0.007178964093327522, 0.008979099802672863, 0.006843342445790768, 0.0036343871615827084, 0.0017987010069191456, 0.0008665206842124462, 0.0004546525306068361], [0.0007479979540221393, 0.0014992801006883383, 0.0035061954986304045, 0.00899144820868969, 0.020467691123485565, 0.027531471103429794, 0.018691042438149452, 0.007662990130484104, 0.0029459218494594097, 0.0012510644737631083, 0.0005609318614006042], [0.0009492416866123676, 0.0019741030409932137, 0.005657061468809843, 0.016775596886873245, 0.04647300764918327, 0.07026330381631851, 0.045663051307201385, 0.014554585330188274, 0.004610077012330294, 0.0015702064847573638, 0.0008730720728635788], [0.0009255643817596138, 0.0022508115507662296, 0.006808935198932886, 0.021651411429047585, 0.06591077893972397, 0.10513455420732498, 0.0679016262292862, 0.01937101036310196, 0.005944001022726297, 0.0018337068613618612, 0.001072217128239572], [0.0007528895512223244, 0.0019584838300943375, 0.005493071395903826, 0.016296545043587685, 0.04716392606496811, 0.07261398434638977, 0.04764453321695328, 0.015163589268922806, 0.005049432162195444, 0.0019323460292071104, 0.0011674704728648067], [0.0006257292698137462, 0.0012971808901056647, 0.0031616108026355505, 0.007603535894304514, 0.016597958281636238, 0.022746019065380096, 0.01635243371129036, 0.007198644801974297, 0.0028799213469028473, 0.0013803417095914483, 0.0007917762268334627], [0.00044007221003994346, 0.0007848879904486239, 0.001503644627518952, 0.002937367418780923, 0.004869669675827026, 0.006004687864333391, 0.004853615537285805, 0.002867720555514097, 0.0015077325515449047, 0.0008278286550194025, 0.0004874024598393589], [0.0002682601916603744, 0.0004975141491740942, 0.0007429303368553519, 0.0012299951631575823, 0.0016305478056892753, 0.0017743249190971255, 0.0015791332116350532, 0.001181467087008059, 0.000806278781965375, 0.0004952572635374963, 0.00030585238710045815], [0.00015076789713930339, 0.0002543750742916018, 0.0004728552303276956, 0.0006498355069197714, 0.0007879951153881848, 0.0008601738954894245, 0.0006963250925764441, 0.0005604234174825251, 0.00040899848681874573, 0.00030248885741457343, 0.00020098782260902226]], "psfHeight": 11, "psfWidth": 11, "width": 96}