{"psfHeight": 11, "width": 143, "psf": [[0.00018279824871569872, 0.00038739529554732144, 0.0003857573901768774, 0.0007895426242612302, 0.0011764777591452003, 0.0011549192713573575, 0.0009000258287414908, 0.0005972581566311419, 0.000735430046916008, 0.00032353377901017666, 0.00027402365230955184], [0.0002736170426942408, 0.0003539385215844959, 0.0008712842245586216, 0.0013777160784229636, 0.001926884870044887, 0.0019280494889244437, 0.0018044471507892013, 0.0013325264444574714, 0.0008018360822461545, 0.000611198483966291, 0.00039065114106051624], [0.00022783433087170124, 0.0006315124919638038, 0.00124180328566581, 0.003026925027370453, 0.005294953007251024, 0.00650973804295063, 0.00524316867813468, 0.003030766500160098, 0.0015012937365099788, 0.0007693168008700013, 0.000313479860778898], [0.0005423410912044346, 0.0009367726161144674, 0.0024523362517356873, 0.006698780693113804, 0.016127249225974083, 0.022101206704974174, 0.015024319291114807, 0.006287060212343931, 0.002601577201858163, 0.0011731649283319712, 0.000732031709048897], [0.0009656517067924142, 0.0012978737941011786, 0.004498644266277552, 0.013560665771365166, 0.048972584307193756, 0.08134579658508301, 0.04892812669277191, 0.01174014713615179, 0.0036521509755402803, 0.0010075585450977087, 0.0007511187577620149], [0.0011966322781518102, 0.0011238654842600226, 0.006096106953918934, 0.01734035275876522, 0.07787955552339554, 0.13847149908542633, 0.07931186258792877, 0.015314094722270966, 0.0048028756864368916, 0.0008724508807063103, 0.0008464716956950724], [0.0010237949900329113, 0.0012181203346699476, 0.004406045190989971, 0.012615181505680084, 0.04916256293654442, 0.08169101178646088, 0.048913560807704926, 0.012278548441827297, 0.003895514877513051, 0.0008686733199283481, 0.0009622545330785215], [0.0005537594552151859, 0.0008944427827373147, 0.0018970912788063288, 0.005589533131569624, 0.013667280785739422, 0.019010908901691437, 0.014095857739448547, 0.005802481900900602, 0.002181133721023798, 0.0009462899179197848, 0.00044992272160016], [0.0003414654347579926, 0.0007766121416352689, 0.0011893862392753363, 0.0020137233659625053, 0.003931867890059948, 0.005333463661372662, 0.004343576263636351, 0.0023044184781610966, 0.001081584021449089, 0.0007271665963344276, 0.0002579721331130713], [0.00039058178663253784, 0.0005553647060878575, 0.0007358090952038765, 0.0011930050095543265, 0.0013547500129789114, 0.001092316466383636, 0.001187509740702808, 0.000999746727757156, 0.000745470286346972, 0.00035402175853960216, 0.00031591986771672964], [0.00019644371059257537, 0.0005285270162858069, 0.00045856446377001703, 0.000410381966503337, 0.000645950494799763, 0.0008331645512953401, 0.0006123300991021097, 0.0006688365247100592, 0.00043650600127875805, 0.00047156476648524404, 0.0003649571444839239]], "height": 143, "imageWidth": 512, "psfWidth": 11, "imageHeight": 512}