{"psfHeight": 11, "width": 127, "psf": [[0.00015040113066788763, 0.00018798989185597748, 0.00026746196090243757, 0.00051004474516958, 0.0009742919937707484, 0.001359818852506578, 0.0010513134766370058, 0.0008725303923711181, 0.0006020886357873678, 0.0003909901133738458, 0.000342830695444718], [0.00027846978628076613, 0.00040176708716899157, 0.0007534957258030772, 0.0010702717117965221, 0.0016553946770727634, 0.0021588033996522427, 0.001975027145817876, 0.0017523302230983973, 0.0011405161349102855, 0.0006255659973248839, 0.0004592318437062204], [0.0004349914670456201, 0.0007055596215650439, 0.0015541409375146031, 0.002592136850580573, 0.004206100013107061, 0.005864989478141069, 0.005780212581157684, 0.0035805196966975927, 0.001824818435125053, 0.0009539106395095587, 0.000389723340049386], [0.0005626855418086052, 0.0012349843746051192, 0.0029713958501815796, 0.007557140663266182, 0.0158594511449337, 0.022252541035413742, 0.01899227686226368, 0.008390354923903942, 0.0029223694000393152, 0.0011856359196826816, 0.0005247207009233534], [0.001023538177832961, 0.0015064931940287352, 0.0049648829735815525, 0.01419418677687645, 0.05036370828747749, 0.07602650672197342, 0.05483933165669441, 0.018824419006705284, 0.003596638794988394, 0.001427075476385653, 0.00039370087324641645], [0.0011408734135329723, 0.0010638947132974863, 0.005852031987160444, 0.01612143963575363, 0.07685459405183792, 0.12164442241191864, 0.0754808634519577, 0.0218425914645195, 0.004565773997455835, 0.001635234453715384, 0.0005344732198864222], [0.0007568427245132625, 0.0009475546539761126, 0.004231706261634827, 0.01161420252174139, 0.051203034818172455, 0.08149833977222443, 0.04574551805853844, 0.01328367367386818, 0.004182457458227873, 0.0011639175936579704, 0.0006527159712277353], [0.0003078248701058328, 0.0008183360332623124, 0.0021951464004814625, 0.00587096530944109, 0.015227396972477436, 0.02138867974281311, 0.013754277490079403, 0.0056626019068062305, 0.002283546607941389, 0.0007904282538220286, 0.0004821016045752913], [0.00019664039427880198, 0.0005303051439113915, 0.0013199879322201014, 0.0023997926618903875, 0.004076550714671612, 0.004927314352244139, 0.0035345980431884527, 0.0020454165060073137, 0.0011689640814438462, 0.0006005222676321864, 0.00030444192816503346], [5.236408833297901e-05, 0.00014177274715621024, 0.0004897329490631819, 0.0009221677319146693, 0.0013746856711804867, 0.0012787403538823128, 0.0011211452074348927, 0.0009419992566108704, 0.0005585025064647198, 0.00035086050047539175, 0.00023004889953881502], [-9.879619938146789e-06, -1.2866213410234195e-06, 0.0002550403878558427, 0.0005778020713478327, 0.0006850833306089044, 0.000773506355471909, 0.000643100356683135, 0.0005556211108341813, 0.0003212282608728856, 0.00017041253158822656, 0.00018375797662883997]], "height": 127, "imageWidth": 512, "psfWidth": 11, "imageHeight": 512}