{"psfHeight": 11, "width": 141, "psf": [[0.000257052801316604, 0.0003319719107821584, 0.00043675731285475194, 0.0006861074944026768, 0.0008375467150472105, 0.0008619440486654639, 0.0008247654768638313, 0.0008152402588166296, 0.0006995412986725569, 0.00048752696602605283, 0.0003191984142176807], [0.00038692442467436194, 0.0005584724131040275, 0.0010015955194830894, 0.0015631670830771327, 0.002130804816260934, 0.0025048141833394766, 0.002290659351274371, 0.0017692791298031807, 0.0011917047668248415, 0.0006760772666893899, 0.00036466357414610684], [0.0004830530087929219, 0.0009554991847835481, 0.0019829324446618557, 0.0039820922538638115, 0.006452271714806557, 0.008047577925026417, 0.007225680164992809, 0.004334787372499704, 0.002033838303759694, 0.0009749724995344877, 0.0004245652526151389], [0.0005855174385942519, 0.001453830162063241, 0.0037277666851878166, 0.009206988848745823, 0.01986226812005043, 0.02806749753654003, 0.02174592949450016, 0.009725354611873627, 0.0033838977105915546, 0.001292807748541236, 0.0006032258388586342], [0.0007491656579077244, 0.0019539182540029287, 0.005669889040291309, 0.01731099747121334, 0.04479602724313736, 0.06677354127168655, 0.04845768213272095, 0.017601802945137024, 0.004969413857907057, 0.0015749294543638825, 0.0007288946653716266], [0.0008021094836294651, 0.0020495939534157515, 0.0066090780310332775, 0.02288990654051304, 0.06516623497009277, 0.09493370354175568, 0.06492595374584198, 0.02211211621761322, 0.005906424950808287, 0.0018292326712980866, 0.0007779199513606727], [0.0007831921684555709, 0.0018719070358201861, 0.005355211440473795, 0.01777542568743229, 0.04914753884077072, 0.0696074590086937, 0.04685239866375923, 0.016890399158000946, 0.005167252849787474, 0.0019416938303038478, 0.0008746320963837206], [0.0005841340753249824, 0.001306248945184052, 0.0031555453315377235, 0.007922894321382046, 0.01761871762573719, 0.024018747732043266, 0.017417391762137413, 0.007720484863966703, 0.0031726330053061247, 0.001498089055530727, 0.0008134391973726451], [0.00038682096055708826, 0.0007444517686963081, 0.0014447933062911034, 0.002805105410516262, 0.00469990586861968, 0.005788799840956926, 0.004840018693357706, 0.0028807229828089476, 0.0016434327699244022, 0.0009237797348760068, 0.0006191277643665671], [0.0002313596778549254, 0.000454026652732864, 0.0007722657173871994, 0.0010746251791715622, 0.00150905956979841, 0.001855705981142819, 0.0016458204481750727, 0.0012370519107207656, 0.0008032758487388492, 0.0005578857380896807, 0.0004177349910605699], [0.00018111171084456146, 0.00029913653270341456, 0.0004092492745257914, 0.00046011118683964014, 0.0006664572283625603, 0.0007896673632785678, 0.0007232786156237125, 0.0005802481318823993, 0.00042288456461392343, 0.00030070057255215943, 0.00019924627849832177]], "height": 141, "imageWidth": 512, "psfWidth": 11, "imageHeight": 512}