{"psfHeight": 11, "width": 75, "psf": [[0.0003136788436677307, 0.0004903957596980035, 0.0006622911314480007, 0.0010017816675826907, 0.0012409178307279944, 0.001518893288448453, 0.0013725312892347574, 0.0009322116966359317, 0.0004891206626780331, 0.00032007452682591975, 0.00025649843155406415], [0.000438433577073738, 0.0006890924414619803, 0.0010610020253807306, 0.001621020259335637, 0.0024665154051035643, 0.0033281410578638315, 0.0029852173756808043, 0.0018262143712490797, 0.0010170959867537022, 0.0005809323047287762, 0.0003370641788933426], [0.0005391815211623907, 0.0009236258338205516, 0.0017252361867576838, 0.003182672429829836, 0.0063479142263531685, 0.010425620712339878, 0.008767751976847649, 0.004050961695611477, 0.001829590299166739, 0.0009025672916322947, 0.000454738677944988], [0.0005651135579682887, 0.0010615638457238674, 0.0026712145190685987, 0.006835609674453735, 0.01902531087398529, 0.033926673233509064, 0.024001341313123703, 0.008893483318388462, 0.0033686861861497164, 0.0012030825018882751, 0.0007147687720134854], [0.000714577327016741, 0.0014154092641547322, 0.004528468009084463, 0.01367044448852539, 0.04339202865958214, 0.06881516426801682, 0.04421528801321983, 0.016015348955988884, 0.005429264158010483, 0.001835013390518725, 0.0009497608989477158], [0.0006966979708522558, 0.001784394378773868, 0.005483119748532772, 0.019820448011159897, 0.0575871616601944, 0.07766059786081314, 0.053614597767591476, 0.02416227199137211, 0.008297939784824848, 0.002880848478525877, 0.0009051910019479692], [0.0005671787657774985, 0.0014863813994452357, 0.004516429267823696, 0.017556028440594673, 0.05090268328785896, 0.06295574456453323, 0.045452386140823364, 0.02355661243200302, 0.00830377358943224, 0.0028728176839649677, 0.001032026601023972], [0.0005023455596528947, 0.0011208975920453668, 0.002909319009631872, 0.009390704333782196, 0.025902576744556427, 0.030519213527441025, 0.02057650499045849, 0.011048894375562668, 0.004380782134830952, 0.0018535347189754248, 0.0007699897396378219], [0.0003687614807859063, 0.0007614157511852682, 0.0017570272320881486, 0.0038375689182430506, 0.006782921496778727, 0.007557617966085672, 0.005469045136123896, 0.0031883767805993557, 0.0017388799460604787, 0.0009995090076699853, 0.00043574569281190634], [0.00032018875936046243, 0.0005342232761904597, 0.0009318643133156002, 0.0017125566955655813, 0.0022243463899940252, 0.002401424804702401, 0.001978615764528513, 0.0012398887192830443, 0.0007713277009315789, 0.0005134629900567234, 0.00032000307692214847], [0.00026207679184153676, 0.00036980138975195587, 0.0005137813277542591, 0.0007221183041110635, 0.0007997292559593916, 0.000734893954358995, 0.0006939321174286306, 0.0006761202239431441, 0.0004308598581701517, 0.00026318265008740127, 0.00027203449280932546]], "height": 75, "imageWidth": 512, "psfWidth": 11, "imageHeight": 512}