{"imageWidth": 512, "height": 127, "imageHeight": 512, "psf": [[0.0002638259611558169, 0.00032349402317777276, 0.0005330683779902756, 0.0009597925236448646, 0.0012485833140090108, 0.0013613082701340318, 0.001118705840781331, 0.0008569913334213197, 0.0006536486907862127, 0.0005141107831150293, 0.0003422409645281732], [0.00033091858495026827, 0.0005660801543854177, 0.0010097547201439738, 0.0017535235965624452, 0.0025547496043145657, 0.002826659008860588, 0.002355329692363739, 0.0017794708255678415, 0.0011759664630517364, 0.0007146084681153297, 0.00039373862091451883], [0.0005614813417196274, 0.0009548547677695751, 0.0018133674748241901, 0.0037535347510129213, 0.0063902814872562885, 0.00798395462334156, 0.006773197092115879, 0.004088602494448423, 0.0021118237636983395, 0.0010840416653081775, 0.000512243714183569], [0.0008124340674839914, 0.0014608136843889952, 0.00350703252479434, 0.008627297356724739, 0.01775013655424118, 0.024283388629555702, 0.019351385533809662, 0.009805661626160145, 0.003952404018491507, 0.0016147226560860872, 0.0007433323771692812], [0.0010832679690793157, 0.002238818444311619, 0.006387470755726099, 0.018430249765515327, 0.042970139533281326, 0.06191548332571983, 0.0465736910700798, 0.019353050738573074, 0.006335752550512552, 0.0021229588892310858, 0.0008613626123405993], [0.0012813069624826312, 0.0026786625385284424, 0.008427894674241543, 0.026860807090997696, 0.063106469810009, 0.08848608285188675, 0.06422200798988342, 0.024677695706486702, 0.007402379065752029, 0.0023262137547135353, 0.0009550542454235256], [0.0010899483459070325, 0.002301154425367713, 0.00708856713026762, 0.020992876961827278, 0.04669246822595596, 0.062005214393138885, 0.04453234374523163, 0.01804368384182453, 0.0057482244446873665, 0.001972778933122754, 0.0008528931066393852], [0.0007846128428354859, 0.0015847268514335155, 0.003927556332200766, 0.00945170596241951, 0.018436787649989128, 0.023175489157438278, 0.017332272604107857, 0.008357062935829163, 0.0033750596921890974, 0.00140784727409482, 0.0005916243535466492], [0.0005711312405765057, 0.0009746794821694493, 0.0017712743720039725, 0.003565859282389283, 0.005801430903375149, 0.0068989098072052, 0.005568333901464939, 0.003316631307825446, 0.0017985667800530791, 0.0009278314537368715, 0.0004336566780693829], [0.0003395281673874706, 0.0005315989255905151, 0.0008956925594247878, 0.0015037145931273699, 0.0020216277334839106, 0.0021381548140197992, 0.0018183044157922268, 0.0013289576163515449, 0.0009199329069815576, 0.0005638145958073437, 0.0002522050344850868], [0.0002516089880373329, 0.0003339491377118975, 0.0005553314695134759, 0.0007335258997045457, 0.0008854388725012541, 0.0008627102943137288, 0.0007117727654986084, 0.0006419262499548495, 0.00047946686390787363, 0.0003552985726855695, 0.00023281773610506207]], "psfHeight": 11, "psfWidth": 11, "width": 127}