{"imageWidth": 512, "height": 160, "imageHeight": 512, "psf": [[0.00026572911883704364, 0.0003314972564112395, 0.0005752407596446574, 0.0008729502442292869, 0.0011327356332913041, 0.0012604285730049014, 0.0010619907407090068, 0.0007535350741818547, 0.0005303844227455556, 0.000395161856431514, 0.00017069441673811525], [0.0004974105395376682, 0.0006232989253476262, 0.00106953049544245, 0.0015776465879753232, 0.0022578793577849865, 0.0025995939504355192, 0.002296602353453636, 0.0016241123666986823, 0.0008816967601887882, 0.0005795035976916552, 0.00030584054184146225], [0.0007469473057426512, 0.001129107316955924, 0.0019369656220078468, 0.003640034468844533, 0.006255723536014557, 0.00811634212732315, 0.006547527853399515, 0.0035949668381363153, 0.0017537501407787204, 0.0009517326834611595, 0.00046758909593336284], [0.0008680145256221294, 0.0015272216405719519, 0.003406316041946411, 0.007799259386956692, 0.017686473205685616, 0.025191469117999077, 0.018506990745663643, 0.008092534728348255, 0.003263208083808422, 0.0013544636312872171, 0.0005770049174316227], [0.0008821964147500694, 0.0016047339886426926, 0.004921699874103069, 0.014313244260847569, 0.04637013003230095, 0.07591976225376129, 0.04884560406208038, 0.015481162816286087, 0.005068483762443066, 0.0015739864902570844, 0.0007643266580998898], [0.000946994754485786, 0.001403133966960013, 0.0056047397665679455, 0.01772843301296234, 0.07165118306875229, 0.12377581745386124, 0.07186397910118103, 0.018472786992788315, 0.005849412642419338, 0.0013401302276179194, 0.00088114058598876], [0.0007796682766638696, 0.0012625916860997677, 0.004368186928331852, 0.013255110941827297, 0.049001120030879974, 0.07901011407375336, 0.045276954770088196, 0.012562409043312073, 0.0042630769312381744, 0.0012453927192837, 0.0007892876164987683], [0.0005727380630560219, 0.0011703006457537413, 0.0026608321350067854, 0.006491329986602068, 0.015287928283214569, 0.02010921947658062, 0.013290612027049065, 0.005461894907057285, 0.002337843179702759, 0.001077636145055294, 0.0005775648169219494], [0.00044322622125037014, 0.0008676034049130976, 0.0016185666900128126, 0.002667466877028346, 0.004301595035940409, 0.005437858402729034, 0.004008266143500805, 0.002205194439738989, 0.0012707700952887535, 0.0007307382766157389, 0.0003651482693385333], [0.0003988219832535833, 0.0006003148737363517, 0.0009096731664612889, 0.0011825885158032179, 0.001235634321346879, 0.0011285541113466024, 0.0013165529817342758, 0.0010279880370944738, 0.0007445397204719484, 0.00048263694043271244, 0.0003104567585978657], [0.00027124572079628706, 0.0003971111145801842, 0.0005249073728919029, 0.0006171205313876271, 0.0006975239375606179, 0.000808480370324105, 0.0008299497421830893, 0.0005085720913484693, 0.00042994512477889657, 0.0002758748014457524, 0.00019310606876388192]], "psfHeight": 11, "psfWidth": 11, "width": 160}