{"psfHeight": 11, "width": 226, "psf": [[0.00038503637188114226, 0.0005608911160379648, 0.0008514864603057504, 0.0012656081235036254, 0.0014156840043142438, 0.0014974890509620309, 0.0013041123747825623, 0.0011878281366080046, 0.0008433338371105492, 0.0005239557358436286, 0.0003774684446398169], [0.000489829748403281, 0.0008571480284444988, 0.0014634759863838553, 0.0023229436483234167, 0.002959315897896886, 0.0033559042494744062, 0.0030401297844946384, 0.002232541795819998, 0.0014224739279597998, 0.0007756790146231651, 0.00047094697947613895], [0.0006758407689630985, 0.0012961354805156589, 0.002493893960490823, 0.004766954109072685, 0.007357909809798002, 0.008728239685297012, 0.007618175819516182, 0.004960330203175545, 0.002656529424712062, 0.0013226912124082446, 0.0007348792860284448], [0.000928858295083046, 0.0017987587489187717, 0.004356180317699909, 0.010068250820040703, 0.01887289620935917, 0.024396488443017006, 0.01945664919912815, 0.010494332760572433, 0.004742411896586418, 0.002014285884797573, 0.0010750246001407504], [0.001207538298331201, 0.0025103988591581583, 0.0068258862011134624, 0.018896091729402542, 0.0417739637196064, 0.055973637849092484, 0.042061712592840195, 0.01967349648475647, 0.007387279532849789, 0.002800102112814784, 0.0012099405284970999], [0.0014650353696197271, 0.0028750186320394278, 0.008393981494009495, 0.024289658293128014, 0.05680381879210472, 0.07768294960260391, 0.0563444085419178, 0.02471906878054142, 0.008767584338784218, 0.0031302361749112606, 0.001322562457062304], [0.0014112573117017746, 0.0028208091389387846, 0.007280963007360697, 0.019339293241500854, 0.04259224981069565, 0.056615252047777176, 0.0420331135392189, 0.019496183842420578, 0.00727057084441185, 0.002895216690376401, 0.0012488123029470444], [0.001057072076946497, 0.0020865555852651596, 0.004629887640476227, 0.010327276773750782, 0.01897374913096428, 0.023493913933634758, 0.018632274121046066, 0.010037866421043873, 0.004475534427911043, 0.0021182631608098745, 0.0009629880078136921], [0.0007344006444327533, 0.0012258661445230246, 0.0024654932785779238, 0.0044748010113835335, 0.006826505064964294, 0.007969487458467484, 0.006756349466741085, 0.004357477650046349, 0.002408678876236081, 0.001222497783601284, 0.0006356769590638578], [0.00047812570119276643, 0.0007770801894366741, 0.0012516593560576439, 0.0019741777796298265, 0.0025779628194868565, 0.002776110079139471, 0.002659150864928961, 0.0018772425828501582, 0.0011857495410367846, 0.0007222862914204597, 0.00047566439025104046], [0.00029059851658530533, 0.0003682150854729116, 0.0006287423893809319, 0.0009425391908735037, 0.001089040539227426, 0.0011313630966469646, 0.0011998675763607025, 0.0008738828473724425, 0.0006095895660109818, 0.00041687116026878357, 0.0002843813563231379]], "height": 226, "imageWidth": 512, "psfWidth": 11, "imageHeight": 512}