{"imageWidth": 512, "height": 204, "imageHeight": 512, "psf": [[0.00016712820797692984, 0.0003967558150179684, 0.0005085364682599902, 0.0008597295382060111, 0.0011422625975683331, 0.0012783337151631713, 0.0012031708611175418, 0.0008646151982247829, 0.0005068350001238286, 0.0004537486529443413, 0.0001654662046348676], [0.00037506589433178306, 0.0005389330326579511, 0.0008578190463595092, 0.0015506896888837218, 0.0025412326212972403, 0.0028006727807223797, 0.002294381847605109, 0.0016416085418313742, 0.0011721424525603652, 0.0007166756549850106, 0.0004702502628788352], [0.0004816751170437783, 0.000868283212184906, 0.001877104863524437, 0.0037404054310172796, 0.006667635403573513, 0.00798852276057005, 0.006061798892915249, 0.0037694177590310574, 0.0021607663948088884, 0.0010021900525316596, 0.0006497149006463587], [0.000688263971824199, 0.0014539030380547047, 0.0036029426846653223, 0.008475632406771183, 0.020368000492453575, 0.02669740840792656, 0.018092097714543343, 0.008783869445323944, 0.0038082425016909838, 0.001497603370808065, 0.0007403276395052671], [0.000984186539426446, 0.002029244787991047, 0.00616637384518981, 0.016798198223114014, 0.045498911291360855, 0.06487208604812622, 0.04522273316979408, 0.01881667599081993, 0.0055331941694021225, 0.0019140245858579874, 0.0007913573645055294], [0.0013249452458694577, 0.002610616385936737, 0.007862787693738937, 0.02264331839978695, 0.06451325118541718, 0.09081543982028961, 0.06451034545898438, 0.026809558272361755, 0.0068716141395270824, 0.0020347661338746548, 0.000806015741545707], [0.0010256496025249362, 0.0021197055466473103, 0.006198614835739136, 0.018157286569476128, 0.04951443150639534, 0.06503670662641525, 0.04528833553195, 0.01957555115222931, 0.00569506362080574, 0.0017863191897049546, 0.0008052454795688391], [0.0006786876474507153, 0.0013632547343149781, 0.003272905247285962, 0.008675375953316689, 0.019185837358236313, 0.023382103070616722, 0.01632111147046089, 0.008162757381796837, 0.003238403471186757, 0.0014055672800168395, 0.0006747265579178929], [0.0004312719975132495, 0.000773587787989527, 0.0016175166238099337, 0.00324418256059289, 0.005174714606255293, 0.005922338459640741, 0.004856380168348551, 0.0032785595394670963, 0.00199267640709877, 0.0011197144631296396, 0.0004871448618359864], [0.00029450663714669645, 0.0004979439545422792, 0.0008965210290625691, 0.001208916655741632, 0.0017342922510579228, 0.0018168458482250571, 0.0017212864477187395, 0.0015578132588416338, 0.001277025556191802, 0.000845443457365036, 0.00024892837973311543], [0.00029487424762919545, 0.00027429175679571927, 0.0004373646806925535, 0.0006325203576125205, 0.000664102379232645, 0.0007449351833201945, 0.0008373871096409857, 0.0008758734911680222, 0.0005900162504985929, 0.0004252544604241848, 0.0002506374439690262]], "psfHeight": 11, "psfWidth": 11, "width": 204}