{"imageWidth": 512, "height": 135, "imageHeight": 512, "psf": [[0.00024371907056774944, 0.00033493206137791276, 0.0005253476556390524, 0.0005944247241131961, 0.0007874636212363839, 0.0009504235931672156, 0.0009340953547507524, 0.0008070472977124155, 0.0005011513130739331, 0.0003115883155260235, 0.00026198066188953817], [0.0003752813790924847, 0.000596684985794127, 0.0006991956615820527, 0.0011142038274556398, 0.0015407834434881806, 0.0016604402335360646, 0.00201625213958323, 0.0017586079193279147, 0.0008290414116345346, 0.00043531422852538526, 0.0003027269267477095], [0.0005079241236671805, 0.0009609489934518933, 0.0014330105623230338, 0.0025695357471704483, 0.004767029080539942, 0.0067574880085885525, 0.00655490392819047, 0.003900931216776371, 0.0016380412271246314, 0.0006408365443348885, 0.0003362089628353715], [0.0007467820541933179, 0.001399773987941444, 0.002616448560729623, 0.006072254851460457, 0.014041891321539879, 0.023387322202324867, 0.020105523988604546, 0.008244832046329975, 0.0028690691106021404, 0.0011752137215808034, 0.0005989155033603311], [0.0008885628776624799, 0.0015893970848992467, 0.004180265590548515, 0.01274767704308033, 0.043963104486465454, 0.07832228392362595, 0.05287226289510727, 0.014976478181779385, 0.004537900909781456, 0.0012756771175190806, 0.0007635809015482664], [0.0011330286506563425, 0.001751829986460507, 0.005804757121950388, 0.017265576869249344, 0.0751364454627037, 0.13078910112380981, 0.07392479479312897, 0.018611392006278038, 0.005029552616178989, 0.0011661024764180183, 0.0008167778141796589], [0.0011453531915321946, 0.0017692774999886751, 0.005099806468933821, 0.013196495361626148, 0.05095488578081131, 0.0809604600071907, 0.043985769152641296, 0.013139122165739536, 0.0036692279390990734, 0.0011390921426936984, 0.0006465630722232163], [0.0008137643453665078, 0.0014918642118573189, 0.0028060167096555233, 0.006198878865689039, 0.014421159401535988, 0.01922815665602684, 0.013392453081905842, 0.005790703929960728, 0.002199908485636115, 0.0009450464858673513, 0.00039280252531170845], [0.0006988196400925517, 0.0008738120668567717, 0.0014999861596152186, 0.0024491543881595135, 0.00423804484307766, 0.005658760666847229, 0.004384502302855253, 0.0025047422386705875, 0.0013154621701687574, 0.0007477764156647027, 0.00024192998534999788], [0.00037192125455476344, 0.0004980948870070279, 0.0006942079053260386, 0.0010308233322575688, 0.001354478532448411, 0.001229992718435824, 0.0014728843234479427, 0.0012438069097697735, 0.0008261521579697728, 0.000377795600797981, 0.00030624779174104333], [0.00026259844889864326, 0.0003136060549877584, 0.0003395189414732158, 0.0005670124664902687, 0.0008191255619749427, 0.0010484649101272225, 0.000986428465694189, 0.000747889222111553, 0.0005181125598028302, 0.00031369339558295906, 0.00022522202925756574]], "psfHeight": 11, "psfWidth": 11, "width": 135}