{"psfHeight": 11, "width": 117, "psf": [[0.0004859741311520338, 0.0007018927717581391, 0.0009815279627218843, 0.0013221107656136155, 0.00164660660084337, 0.00163815647829324, 0.0014919909881427884, 0.001330203958787024, 0.0007292054360732436, 0.000647537992335856, 0.000439177209045738], [0.0005511027411557734, 0.0009330942993983626, 0.0016513466835021973, 0.002475800458341837, 0.0032875994220376015, 0.0038270787335932255, 0.00334943481720984, 0.002554391510784626, 0.0015895998803898692, 0.0009272429742850363, 0.0004857900785282254], [0.000743524287827313, 0.0013562490930780768, 0.0027753892354667187, 0.0050729066133499146, 0.007939386181533337, 0.009917001239955425, 0.008572060614824295, 0.005698912311345339, 0.00303079467266798, 0.0014420340303331614, 0.0008074450306594372], [0.0011779790511354804, 0.0022005855571478605, 0.004487704485654831, 0.010056138969957829, 0.01951606012880802, 0.02609807252883911, 0.021235808730125427, 0.011488891206681728, 0.005217928905040026, 0.0021493900567293167, 0.0011330745182931423], [0.001448127324692905, 0.0026463689282536507, 0.006983847822993994, 0.017681339755654335, 0.03989904373884201, 0.05518895015120506, 0.04171141982078552, 0.019685398787260056, 0.007504136301577091, 0.002752200234681368, 0.001119769411161542], [0.001423629350028932, 0.0031607479322701693, 0.00827154703438282, 0.022688601166009903, 0.053773581981658936, 0.07399425655603409, 0.053652822971343994, 0.023342113941907883, 0.008530654944479465, 0.003121265210211277, 0.0011684097116813064], [0.0013891516719013453, 0.0029873589519411325, 0.007108878809958696, 0.019015861675143242, 0.04230107367038727, 0.05587521195411682, 0.03998633474111557, 0.017628366127610207, 0.006528045516461134, 0.002520000794902444, 0.001163483364507556], [0.0011453808983787894, 0.0019562626257538795, 0.004468626342713833, 0.010682644322514534, 0.021307535469532013, 0.025739528238773346, 0.018506202846765518, 0.009278143756091595, 0.003778784302994609, 0.001797621720470488, 0.0009170676930807531], [0.0006761962431482971, 0.0013558039208874106, 0.0024424518924206495, 0.004882610868662596, 0.008267548866569996, 0.009230544790625572, 0.0069397068582475185, 0.004073557443916798, 0.0021673215087503195, 0.0011483266716822982, 0.0006139347678981721], [0.00038943177787587047, 0.0006960147875361145, 0.001271385932341218, 0.0022050412371754646, 0.003119200235232711, 0.003380952635779977, 0.0026947513688355684, 0.001883325050584972, 0.0011861107777804136, 0.0006683793617412448, 0.00048716567107476294], [0.0002788813435472548, 0.00040765973972156644, 0.0007728785276412964, 0.0010516332695260644, 0.0014354824088513851, 0.0015175053849816322, 0.0012835260713472962, 0.0010585588170215487, 0.0006645523244515061, 0.00042797077912837267, 0.0003276555216871202]], "height": 117, "imageWidth": 512, "psfWidth": 11, "imageHeight": 512}