{"imageWidth": 512, "height": 150, "imageHeight": 512, "psf": [[0.0002236855070805177, 0.00036298672785051167, 0.0005147364572621882, 0.000651633832603693, 0.001015645801089704, 0.0012159314937889576, 0.0010845294455066323, 0.0009006531327031553, 0.0006592237041331828, 0.0003549930115696043, 0.00018701920635066926], [0.0003554124559741467, 0.0004875976883340627, 0.0009151693084277213, 0.0014882717514410615, 0.0023500812239944935, 0.0031887481454759836, 0.0030312025919556618, 0.001953178783878684, 0.001020360505208373, 0.0005294943111948669, 0.00032665650360286236], [0.0005549340276047587, 0.0009625350940041244, 0.0016330096404999495, 0.0033379069063812494, 0.006518665701150894, 0.010279333218932152, 0.009177123196423054, 0.004372924566268921, 0.0018164821667596698, 0.0008893911144696176, 0.00041783720371313393], [0.0006711370078846812, 0.0013547491980716586, 0.002979885321110487, 0.006956259720027447, 0.018243437632918358, 0.031294357031583786, 0.02425231598317623, 0.009447735734283924, 0.0032264557667076588, 0.0011960361152887344, 0.0005493793287314475], [0.0008809838909655809, 0.0016189070884138346, 0.004673296120017767, 0.013172346167266369, 0.04137970879673958, 0.07127551734447479, 0.04854892939329147, 0.015138518065214157, 0.00471589295193553, 0.001494008582085371, 0.000854717567563057], [0.0009881611913442612, 0.00170736329164356, 0.0058344705030322075, 0.01817317120730877, 0.060711029917001724, 0.09793416410684586, 0.06099339947104454, 0.017276570200920105, 0.005238089244812727, 0.0014835349284112453, 0.0009128975798375905], [0.0009758317610248923, 0.0017829373246058822, 0.005427689291536808, 0.015851356089115143, 0.04934949800372124, 0.07172014564275742, 0.042678121477365494, 0.013247569091618061, 0.004275609739124775, 0.0013809980591759086, 0.0008380944491364062], [0.0008251277613453567, 0.0016168566653504968, 0.0036699376069009304, 0.009461750276386738, 0.022656381130218506, 0.029142187908291817, 0.017920391634106636, 0.007058154325932264, 0.0026068289298564196, 0.0011223485926166177, 0.0005182726308703423], [0.0007700895075686276, 0.0011424258118495345, 0.0021492703817784786, 0.004372975789010525, 0.007564719300717115, 0.008834341540932655, 0.006152585614472628, 0.0030182257760316133, 0.0014929064782336354, 0.0007795118144713342, 0.00029398431070148945], [0.00047738643479533494, 0.0007472417200915515, 0.001104273134842515, 0.001627248479053378, 0.0023807992693036795, 0.0028087960090488195, 0.0022765453904867172, 0.0014821755466982722, 0.0009048093343153596, 0.0005293005960993469, 0.00026460771914571524], [0.00020384055096656084, 0.0004003295907750726, 0.0005014328635297716, 0.0007033031433820724, 0.000918844947591424, 0.0011451125610619783, 0.0010891722049564123, 0.0008477629162371159, 0.0004658596881199628, 0.0002740276977419853, 0.0001952487655216828]], "psfHeight": 11, "psfWidth": 11, "width": 150}