{"psfHeight": 11, "width": 294, "psf": [[0.00017820321954786777, 0.00017061049584299326, 0.00038907883572392166, 0.00038469466380774975, 0.0006131617701612413, 0.0007660093251615763, 0.00091841776156798, 0.0005951327621005476, 0.0003978293389081955, 0.0003046429774258286, 0.00012301182141527534], [0.0002325215464225039, 0.00039981098962016404, 0.0006920603918842971, 0.0008405481348745525, 0.0011243770131841302, 0.0015686728293076158, 0.0016315811080858111, 0.001210685819387436, 0.0006737748626619577, 0.0004651362542062998, 0.00023611632059328258], [0.0005277821328490973, 0.0007791331736370921, 0.0011523982975631952, 0.0021994628477841616, 0.003924235235899687, 0.005699589848518372, 0.005174154881387949, 0.0027660103514790535, 0.0015302877873182297, 0.0008325365488417447, 0.00038852408761158586], [0.0008293114951811731, 0.001261639641597867, 0.0023051591124385595, 0.005458649713546038, 0.014169790782034397, 0.022291161119937897, 0.016583798453211784, 0.0072515569627285, 0.0033114885445684195, 0.0013038917677477002, 0.0006595944287255406], [0.0009065833291970193, 0.0015249241841956973, 0.0038937716744840145, 0.013607850298285484, 0.048872701823711395, 0.07263103127479553, 0.04695507884025574, 0.01789349876344204, 0.0056165773421525955, 0.0018695442704483867, 0.0007175258942879736], [0.0007950112922117114, 0.0015404357109218836, 0.00474728224799037, 0.02130245789885521, 0.0814494863152504, 0.11933267116546631, 0.07745924592018127, 0.02658013254404068, 0.0071044680662453175, 0.0021286453120410442, 0.0009193886071443558], [0.0006915616104379296, 0.0017084956634789705, 0.004283316433429718, 0.015462953597307205, 0.04899490624666214, 0.07221084833145142, 0.05128280818462372, 0.018579648807644844, 0.005315093323588371, 0.0017009986331686378, 0.0008065376314334571], [0.0007846283260732889, 0.001332509214989841, 0.0026103847194463015, 0.006436741910874844, 0.013547942973673344, 0.01848563551902771, 0.015044072642922401, 0.007178246509283781, 0.002795194508507848, 0.0010059467749670148, 0.0005024621495977044], [0.0005352633888833225, 0.0007963556563481688, 0.001248201704584062, 0.0025661205872893333, 0.003956228028982878, 0.004588572774082422, 0.004134059883654118, 0.0025406023487448692, 0.0013239812105894089, 0.0005059476825408638, 0.000363917468348518], [0.00028357867267914116, 0.0004636310040950775, 0.0007341621094383299, 0.001095849322155118, 0.0013583424733951688, 0.0013535984326153994, 0.0013329879147931933, 0.001154441270045936, 0.0007765833870507777, 0.0006343981367535889, 0.0002317086618859321], [0.000197476678295061, 0.0002007163711823523, 0.00033018269459716976, 0.0005147368065081537, 0.0006981746992096305, 0.0007910241256467998, 0.0007390946848317981, 0.0005909742903895676, 0.000475995970191434, 0.00033720588544383645, 0.0002203298354288563]], "height": 294, "imageWidth": 512, "psfWidth": 11, "imageHeight": 512}