{"disk": {"mu": [143.092041015625, 142.0], "roll": 0.44915586993530604, "rEff": 104.42101430163949, "axRatio": 0.8415517804432252, "i0": 0.07, "c": 2, "n": 1}, "bulge": {"mu": [143.646728515625, 142.5546875], "roll": -1.1705556697609225, "rEff": 10.191700184411125, "axRatio": 0.5863354070289113, "i0": 0.49, "c": 2, "n": 0.62}, "bar": null, "spiral": [[[[149.2109375, 151.4296875], [149.765625, 151.4296875], [152.5390625, 155.3125], [153.6484375, 156.421875], [155.3125, 159.1953125], [156.9765625, 160.3046875], [159.1953125, 161.4140625], [163.078125, 163.078125], [167.515625, 164.1875], [169.1796875, 164.7421875], [175.8359375, 163.078125], [178.0546875, 162.5234375], [179.71875, 161.96875], [185.265625, 159.75], [189.703125, 156.9765625], [193.03125, 155.3125], [194.140625, 155.3125], [195.8046875, 153.6484375], [198.0234375, 152.5390625], [198.578125, 151.984375], [201.3515625, 148.65625], [202.4609375, 145.8828125], [203.015625, 145.328125], [203.015625, 144.7734375], [203.015625, 144.21875], [203.015625, 143.6640625], [203.015625, 143.109375], [202.4609375, 143.109375], [201.90625, 143.6640625]], {"i0": 0.17, "spread": 1.64, "falloff": 1.29}]]}