{"disk": {"mu": [50.04231631755829, 49.24153685569763], "roll": -2.7028620050822862, "rEff": 25.49707365662438, "axRatio": 0.4545434906274114, "i0": 0.2, "c": 2, "n": 1}, "bulge": {"mu": [50.06819665431976, 49.875760078430176], "roll": -1.1065034213267941, "rEff": 4.662761765668051, "axRatio": 0.9554906885715323, "i0": 0.47, "c": 2, "n": 1.16}, "bar": null, "spiral": []}