{"disk": {"mu": [117.63593655824661, 118.94746470451355], "roll": -0.8668500404059041, "rEff": 64.36677728512163, "axRatio": 0.47731069122801345, "i0": 0.11, "c": 2, "n": 1}, "bulge": {"mu": [118.56171780824661, 118.94745764136314], "roll": -0.7419472680059175, "rEff": 9.042376127989758, "axRatio": 0.6759409138370718, "i0": 0.43, "c": 2, "n": 1.46}, "bar": null, "spiral": []}