{"disk": {"mu": [127.07444149255753, 125.91642758250237], "roll": -4.684618447393947, "rEff": 76.71068525977311, "axRatio": 0.9777143001923903, "i0": 0.15, "c": 2, "n": 1}, "bulge": {"mu": [126.49086907505989, 126.20820248126984], "roll": 0.5779012515277895, "rEff": 7.516238615087965, "axRatio": 0.9771929068059133, "i0": 0.53, "c": 2, "n": 0.71}, "bar": null, "spiral": []}