{"disk": {"mu": [80.0704345703125, 78.26708984375], "roll": 2.36304369815628, "rEff": 33.15211439079448, "axRatio": 0.5309088808906887, "i0": 0.21, "c": 2, "n": 1}, "bulge": {"mu": [79.77337729930878, 78.1182786822319], "roll": -4.013730079340887, "rEff": 5.074479634865656, "axRatio": 0.7678547095523608, "i0": 0.53, "c": 2, "n": 0.87}, "bar": {"mu": [79.22569119930276, 78.09720224142065], "roll": 2.3663980262022886, "rEff": 1.9902123785228067, "axRatio": 0.18240683103269045, "i0": 0.0, "c": 2.01, "n": 1.37}, "spiral": []}