{"disk": {"mu": [43.26777309179306, 44.00410294532776], "roll": -4.536154282648015, "rEff": 25.198904177136665, "axRatio": 0.6167701009082599, "i0": 0.34, "c": 2, "n": 1}, "bulge": {"mu": [42.92792934179306, 42.98457169532776], "roll": -1.3642602536892205, "rEff": 1e-05, "axRatio": 0.3675162683335128, "i0": 0.0, "c": 2, "n": 0.89}, "bar": null, "spiral": []}