{"disk": {"mu": [48.8026123046875, 48.80859375], "roll": -2.468559651635492, "rEff": 21.702681871629196, "axRatio": 0.5, "i0": 0.23, "c": 2, "n": 1}, "bulge": {"mu": [49.1854248046875, 49.0], "roll": -2.434978451181489, "rEff": 6.1909196871115695, "axRatio": 0.5, "i0": 0.48, "c": 2, "n": 1.41}, "bar": null, "spiral": [[[[44.40625, 57.8046875], [47.8515625, 60.484375], [61.82421875, 52.25390625], [68.5234375, 35.21875], [64.12109375, 32.34765625]], {"i0": 0.34, "spread": 1.2, "falloff": 1.0}]]}