{"disk": {"mu": [133.4014892578125, 133.9453125], "roll": -0.047583103276983424, "rEff": 91.10827300092019, "axRatio": 0.8705242673240073, "i0": 0.09, "c": 2, "n": 1}, "bulge": {"mu": [134.9835205078125, 134.47265625], "roll": 0.13255153229667402, "rEff": 5.067400963280813, "axRatio": 0.5, "i0": 0.5, "c": 2, "n": 0.75}, "bar": {"mu": [134.9835205078125, 134.99999999999997], "roll": 0.2821237321427154, "rEff": 13.594653032446583, "axRatio": 0.3486538053271682, "i0": 0.27, "c": 2.07, "n": 0.39}, "spiral": [[[[149.23828125, 128.14453125], [157.67578125, 133.41796875], [160.83984375, 137.109375], [160.83984375, 138.1640625], [167.6953125, 149.23828125], [168.75, 156.62109375], [168.75, 168.75], [166.11328125, 176.66015625], [161.3671875, 182.98828125], [139.74609375, 188.26171875], [130.78125, 190.8984375], [127.08984375, 191.953125], [123.3984375, 191.953125], [109.6875, 189.31640625], [100.72265625, 182.98828125]], {"i0": 0.27, "spread": 1.42, "falloff": 1.04}], [[[123.92578125, 146.6015625], [110.7421875, 153.45703125], [109.6875, 154.51171875], [108.10546875, 155.0390625], [88.06640625, 147.65625], [88.06640625, 145.546875], [79.1015625, 124.98046875], [85.95703125, 111.796875], [88.06640625, 110.7421875], [89.12109375, 110.21484375], [93.33984375, 108.6328125]], {"i0": 0.19, "spread": 1.4, "falloff": 1.04}], [[[119.1796875, 134.47265625], [119.1796875, 133.41796875], [119.1796875, 132.36328125], [112.32421875, 118.125], [109.16015625, 100.72265625], [109.16015625, 99.140625], [110.7421875, 97.03125], [119.1796875, 89.6484375], [119.70703125, 89.12109375], [129.7265625, 83.84765625], [130.78125, 83.84765625], [131.30859375, 83.84765625], [140.2734375, 83.84765625], [145.01953125, 87.01171875], [158.203125, 95.44921875], [158.203125, 95.9765625], [158.73046875, 96.50390625], [160.3125, 101.25]], {"i0": 0.18, "spread": 1.13, "falloff": 1.04}]]}