{"disk": {"mu": [78.08378720283508, 76.78125], "roll": -2.234842489621581, "rEff": 50.989854761078774, "axRatio": 0.5, "i0": 0.07, "c": 2, "n": 1}, "bulge": {"mu": [78.38847470283508, 77.6953125], "roll": 1.310193935047556, "rEff": 1.915658900995524, "axRatio": 0.5, "i0": 2.0, "c": 2, "n": 5.0}, "bar": null, "spiral": [[[[80.22421875, 90.43125], [79.31015625, 90.43125], [77.48203125, 89.2125], [76.56796875, 88.603125], [76.26328125, 88.603125], [76.26328125, 87.99375], [76.26328125, 87.6890625], [76.26328125, 86.775], [76.26328125, 86.165625], [76.26328125, 85.55625], [76.26328125, 84.946875], [76.26328125, 84.3375], [76.26328125, 84.0328125], [76.26328125, 83.728125]], {"i0": 0.14, "spread": 0.56, "falloff": 1.0}]]}