{"disk": {"mu": [57.6610107421875, 55.48663330078125], "roll": -4.71238898038469, "rEff": 25.790273437499998, "axRatio": 0.6970079387223538, "i0": 0.33, "c": 2, "n": 1}, "bulge": null, "bar": {"mu": [57.8836669921875, 56.26593017578125], "roll": 1.6509811740962128, "rEff": 3.42, "axRatio": 0.1348314606741573, "i0": 0.33, "c": 2.01, "n": 0.38}, "spiral": []}