{"disk": {"mu": [63.8671875, 62.90234375], "roll": -0.4048917862850834, "rEff": 51.40646846458138, "axRatio": 0.7403610687853519, "i0": 0.2, "c": 2, "n": 1}, "bulge": {"mu": [64.1171875, 62.65234375], "roll": 2.9543387338563107, "rEff": 6.731656556895933, "axRatio": 0.9945836845283573, "i0": 0.54, "c": 2, "n": 1.09}, "bar": null, "spiral": []}