{"disk": {"mu": [70.68654924631119, 69.89333045482635], "roll": -3.2283338398594683, "rEff": 38.24188918043589, "axRatio": 0.6654569489437363, "i0": 0.28, "c": 2, "n": 1}, "bulge": null, "bar": null, "spiral": []}