{"disk": {"mu": [90.01728701591492, 89.50758582353592], "roll": 0.8356351882567893, "rEff": 61.32500478454459, "axRatio": 0.9957571406575063, "i0": 0.18, "c": 2, "n": 1}, "bulge": {"mu": [90.12165343761444, 89.46539968252182], "roll": -0.8505244877432144, "rEff": 2.8229389340356037, "axRatio": 0.9702632837139958, "i0": 0.56, "c": 2, "n": 0.99}, "bar": {"mu": [90.5283245295286, 88.62567248940466], "roll": 0.5320339588590954, "rEff": 4.629070522606149, "axRatio": 0.28132104113174206, "i0": 0.25, "c": 2.25, "n": 0.58}, "spiral": [[[[100.93222656249999, 89.6748046875], [101.246875, 89.6748046875], [101.9111328125, 90.12929687500001], [102.0509765625, 90.30410156250001], [102.22578125, 90.44394531249999], [102.54042968750001, 90.75859375], [102.68027343749999, 91.0732421875], [102.994921875, 91.4228515625], [103.3095703125, 91.87734375000001], [103.484375, 92.36679687499999], [103.6591796875, 92.8212890625], [103.973828125, 93.485546875], [104.11367187500001, 94.11484374999999], [104.60312499999999, 95.23359375], [104.74296875, 95.37343750000001], [104.74296875, 95.86289062499999], [104.9177734375, 96.35234375], [105.0576171875, 96.981640625], [105.232421875, 97.43613281249999], [105.232421875, 97.9255859375], [105.4072265625, 98.5548828125], [105.4072265625, 99.18417968749999], [105.4072265625, 100.61757812500001], [105.0576171875, 101.736328125], [104.9177734375, 102.36562500000001], [104.60312499999999, 102.994921875], [104.28847656250001, 103.7990234375], [104.11367187500001, 104.28847656250001], [103.6591796875, 104.77792968749999], [103.3095703125, 105.4072265625], [103.1697265625, 106.03652343750001], [102.68027343749999, 106.840625], [102.22578125, 107.469921875], [101.736328125, 108.27402343749999], [100.79238281250001, 109.53261718750001], [99.498828125, 110.966015625], [98.380078125, 112.084765625], [97.61093749999999, 113.20351562500001], [96.981640625, 113.8328125], [96.8068359375, 114.2873046875], [96.4921875, 114.60195312500001], [95.86289062499999, 115.09140624999999], [95.54824218750001, 115.580859375], [95.37343750000001, 115.8955078125], [95.23359375, 116.35000000000001], [94.744140625, 117.01425781249999], [94.2546875, 117.6435546875], [93.80019531250001, 118.44765625000001], [93.3107421875, 119.216796875], [92.8212890625, 120.02089843750001], [92.8212890625, 120.33554687499999], [92.36679687499999, 120.6501953125], [92.19199218749999, 121.1396484375], [91.87734375000001, 121.2794921875], [91.5626953125, 121.59414062500001], [91.387890625, 122.08359374999999], [91.248046875, 122.3982421875], [91.0732421875, 122.573046875], [91.0732421875, 122.712890625], [90.9333984375, 122.712890625], [90.75859375, 122.8876953125], [90.9333984375, 122.8876953125]], {"i0": 0.36, "spread": 1.97, "falloff": 1.43}], [[[98.380078125, 97.12148437500001], [98.380078125, 97.29628906250001], [98.380078125, 97.75078125], [98.380078125, 98.240234375], [98.380078125, 98.86953125000001], [98.380078125, 99.6736328125], [98.380078125, 100.3029296875], [98.380078125, 100.61757812500001], [98.240234375, 101.10703124999999], [98.240234375, 101.4216796875], [98.0654296875, 101.9111328125], [97.9255859375, 102.36562500000001], [97.75078125, 102.85507812499999], [97.43613281249999, 103.1697265625], [97.12148437500001, 103.7990234375], [96.981640625, 104.11367187500001], [96.4921875, 104.60312499999999], [96.002734375, 105.092578125], [95.68808593749999, 105.232421875], [95.37343750000001, 105.4072265625], [94.744140625, 105.86171875000001], [94.2546875, 106.03652343750001], [92.99609375, 106.17636718749999], [91.387890625, 106.35117187499999], [90.30410156250001, 106.52597656249999], [89.3251953125, 106.52597656249999], [89.1853515625, 106.52597656249999], [88.38125000000001, 106.52597656249999], [86.45839843750001, 106.52597656249999], [85.514453125, 106.52597656249999], [84.71035156250001, 106.52597656249999], [84.5705078125, 106.52597656249999], [84.395703125, 106.52597656249999], [82.8224609375, 106.35117187499999], [81.56386718750001, 106.03652343750001], [80.2703125, 105.721875], [79.95566406249999, 105.721875], [79.64101562500001, 105.721875], [79.01171875, 105.4072265625], [78.20761718749999, 105.232421875], [76.77421875, 104.77792968749999], [76.45957031249999, 104.60312499999999], [75.97011718750001, 104.42832031249999], [75.515625, 104.28847656250001], [74.39687500000001, 103.973828125], [73.4529296875, 103.34453125], [72.64882812500001, 103.1697265625], [72.3341796875, 102.85507812499999], [72.01953125, 102.68027343749999], [71.21542968749999, 102.22578125], [70.411328125, 101.736328125], [69.78203125, 101.4216796875], [69.46738281249999, 101.10703124999999], [68.97792968750001, 100.93222656249999], [68.033984375, 100.3029296875], [67.40468750000001, 99.98828125], [66.915234375, 99.6736328125], [66.2859375, 99.35898437499999], [65.97128906249999, 99.18417968749999], [65.3419921875, 98.7296875], [65.1671875, 98.5548828125], [64.7126953125, 98.240234375], [64.537890625, 98.240234375], [64.3630859375, 98.100390625], [63.90859375, 97.75078125], [63.7337890625, 97.43613281249999], [63.279296875, 97.12148437500001], [63.1044921875, 96.981640625], [62.615039062499996, 96.6669921875], [62.300390625, 96.4921875], [62.160546875, 96.35234375], [62.160546875, 96.1775390625]], {"i0": 0.2, "spread": 1.72,