{"disk": {"mu": [49.119140625, 47.25], "roll": -0.7257674502662789, "rEff": 30.612028885717457, "axRatio": 0.6066634332317536, "i0": 0.2, "c": 2, "n": 1}, "bulge": {"mu": [48.94206619262695, 47.05566215515137], "roll": -0.9080674158740796, "rEff": 6.536023090624132, "axRatio": 0.7480491078770424, "i0": 0.5, "c": 2, "n": 0.96}, "bar": null, "spiral": [[[[45.01875, 42.35625], [41.943749999999994, 40.2375], [36.9375, 40.9875], [37.6875, 49.706250000000004]], {"i0": 0.33, "spread": 0.49, "falloff": 1.14}], [[[54.056250000000006, 51.824999999999996], [58.3125, 53.737500000000004], [63.412499999999994, 50.981249999999996], [61.818749999999994, 44.381249999999994], [56.193749999999994, 36.73125]], {"i0": 0.6, "spread": 0.1, "falloff": 1.14}]]}