{"disk": {"mu": [86.63482666015625, 87.63885498046875], "roll": -1.9700170963701493, "rEff": 18.874865918283245, "axRatio": 0.5, "i0": 0.21, "c": 2, "n": 1}, "bulge": {"mu": [86.97662353515625, 87.29705810546875], "roll": -1.4940244355251187, "rEff": 4.857569760907833, "axRatio": 0.7357997512131615, "i0": 0.57, "c": 2, "n": 1.46}, "bar": null, "spiral": []}