{"disk": {"mu": [67.36267223954201, 68.22235375642776], "roll": 1.3937229606799313, "rEff": 24.598495439568225, "axRatio": 0.3551368009876555, "i0": 0.2, "c": 2, "n": 1}, "bulge": {"mu": [67.80068635940552, 67.6036325097084], "roll": 0.8850677753270704, "rEff": 2.6554221776513964, "axRatio": 0.626894752444795, "i0": 1.06, "c": 2, "n": 1.15}, "bar": null, "spiral": [[[[73.1162109375, 63.59765625], [73.30078125, 63.38671875], [74.0654296875, 62.279296875], [74.98828125, 60.8818359375], [75.462890625, 59.6689453125], [75.6474609375, 58.7197265625], [75.7529296875, 57.69140625], [75.7529296875, 56.953125], [75.5419921875, 56.2939453125], [75.1728515625, 54.896484375], [74.9091796875, 54.3427734375], [74.724609375, 53.9736328125], [74.4345703125, 53.4990234375], [74.3291015625, 53.0244140625], [74.25, 52.6552734375], [74.0654296875, 52.1806640625], [73.775390625, 51.732421875], [73.6962890625, 51.2578125], [73.5908203125, 50.888671875], [73.40625, 50.5986328125], [73.1162109375, 50.2294921875], [72.5625, 49.67578125], [71.9033203125, 49.0166015625], [71.6396484375, 48.9111328125], [71.0595703125, 48.6474609375], [70.7958984375, 48.462890625], [70.505859375, 48.1728515625], [69.9521484375, 47.8828125], [69.3984375, 47.513671875], [68.818359375, 47.25], [68.3701171875, 46.8544921875], [67.8955078125, 46.669921875], [67.4208984375, 46.4853515625], [67.0517578125, 46.2216796875], [66.76171875, 45.931640625], [66.498046875, 45.6416015625], [66.12890625, 45.5625], [65.9443359375, 45.45703125], [65.9443359375, 45.3779296875]], {"i0": 0.43, "spread": 0.26, "falloff": 1.0}], [[[62.2001953125, 70.6904296875], [62.2001953125, 70.76953125], [61.2509765625, 72.193359375], [60.697265625, 74.4345703125], [60.22265625, 76.095703125], [60.0380859375, 77.1240234375], [60.0380859375, 78.15234375], [60.0380859375, 78.9169921875], [60.328125, 79.83984375], [60.6181640625, 80.578125], [60.8818359375, 81.2373046875], [61.2509765625, 81.7119140625], [61.7255859375, 82.0810546875], [62.0947265625, 82.5556640625], [62.4638671875, 83.0302734375], [62.75390625, 83.21484375], [63.0439453125, 83.478515625], [63.0439453125, 83.583984375]], {"i0": 0.29, "spread": 1.23, "falloff": 1.0}], [[[79.3916015625, 64.1513671875], [79.3916015625, 64.23046875], [79.3916015625, 68.080078125], [79.3916015625, 71.71875], [79.20703125, 73.775390625], [78.732421875, 75.5419921875], [78.1787109375, 77.4140625], [77.5986328125, 78.521484375], [77.150390625, 79.470703125], [76.67578125, 80.3935546875], [76.306640625, 80.9736328125], [75.6474609375, 82.0810546875], [74.619140625, 82.9248046875], [73.880859375, 83.478515625], [73.037109375, 84.0322265625], [72.4833984375, 84.6123046875], [71.9033203125, 84.8759765625], [71.455078125, 85.271484375], [71.349609375, 85.271484375]], {"i0": 0.17, "spread": 1.35, "falloff": 1.0}]]}