{"disk": {"mu": [30.904042959213257, 30.13920259475708], "roll": -1.7894652726688387, "rEff": 25.890601474100272, "axRatio": 0.8514334769641038, "i0": 0.21, "c": 2, "n": 1}, "bulge": {"mu": [30.96988731622696, 30.333095610141754], "roll": 0.8424783224867101, "rEff": 3.90620060735064, "axRatio": 0.8761539191213625, "i0": 0.84, "c": 2, "n": 0.5}, "bar": null, "spiral": []}