{"disk": {"mu": [75.59417724609375, 77.6953125], "roll": 0.8180662757993641, "rEff": 59.841354231086754, "axRatio": 0.9773648923122851, "i0": 0.2, "c": 2, "n": 1}, "bulge": {"mu": [76.59825360774994, 76.0700743496418], "roll": -1.7234478976004344, "rEff": 3.9435016937257585, "axRatio": 0.6871802209563806, "i0": 0.47, "c": 2, "n": 0.84}, "bar": null, "spiral": [[[[94.7583984375, 87.13828125], [95.0572265625, 86.2716796875], [95.206640625, 85.524609375], [95.206640625, 84.50859375], [95.0572265625, 83.492578125], [94.7583984375, 82.775390625], [94.489453125, 81.460546875], [94.190625, 79.9962890625], [93.891796875, 78.830859375], [93.7423828125, 78.3826171875], [93.7423828125, 77.9642578125], [93.7423828125, 77.6654296875], [93.59296875, 77.2171875], [93.3240234375, 76.6494140625], [93.174609375, 76.3505859375], [93.0251953125, 76.0517578125], [92.87578125, 75.90234375], [92.7263671875, 75.7529296875], [92.7263671875, 75.603515625], [92.576953125, 75.33457031249999], [92.4275390625, 75.33457031249999], [92.15859375, 74.88632812499999], [91.859765625, 74.58749999999999], [91.4115234375, 74.3185546875], [91.262109375, 74.169140625], [91.1126953125, 74.169140625], [90.9931640625, 74.0197265625], [90.84375, 74.0197265625], [90.6943359375, 73.8703125], [90.3955078125, 73.7208984375], [90.0966796875, 73.571484375], [89.947265625, 73.4220703125], [89.6783203125, 73.27265625], [89.52890625, 73.153125], [89.230078125, 72.854296875], [88.93125, 72.7048828125], [88.512890625, 72.4060546875], [88.0646484375, 72.1072265625], [87.3474609375, 71.53945312500001], [86.89921875, 71.24062500000001], [86.7498046875, 71.24062500000001], [86.600390625, 71.09121093750001], [86.3015625, 70.94179687500001], [86.0326171875, 70.6728515625], [85.883203125, 70.3740234375], [85.4349609375, 69.92578125], [84.7177734375, 69.50742187499999], [84.1201171875, 69.20859374999999], [83.7017578125, 68.90976562499999], [83.7017578125, 68.76035156249999], [83.55234375, 68.76035156249999], [83.55234375, 68.61093749999999], [82.3869140625, 68.0431640625], [81.63984375, 67.89375], [80.325, 67.1765625], [79.6078125, 66.7283203125], [79.1595703125, 66.57890625]], {"i0": 0.16, "spread": 0.89, "falloff": 1.1}], [[[57.5841796875, 78.6814453125], [57.73359375, 78.6814453125], [57.8830078125, 78.6814453125], [58.749609375, 78.3826171875], [59.9150390625, 77.9642578125], [60.2138671875, 77.6654296875], [60.662109375, 77.2171875], [60.9609375, 76.798828125], [61.2298828125, 76.3505859375], [61.379296875, 75.90234375], [61.5287109375, 75.48398437499999], [61.678125, 75.18515624999999], [61.8275390625, 74.88632812499999], [61.8275390625, 74.73691406249999], [61.8275390625, 74.58749999999999], [61.8275390625, 74.43808593749999], [61.8275390625, 74.3185546875], [61.8275390625, 74.169140625], [61.8275390625, 73.8703125], [61.976953125, 73.153125], [61.976953125, 72.854296875], [61.976953125, 72.55546875], [61.976953125, 72.256640625], [61.976953125, 71.98769531250001], [61.976953125, 71.83828125000001], [61.976953125, 71.68886718750001], [61.976953125, 71.39003906250001], [61.976953125, 71.24062500000001], [62.1263671875, 70.79238281250001], [62.1263671875, 70.5234375], [62.1263671875, 70.0751953125], [62.1263671875, 69.626953125], [62.1263671875, 69.35800781249999], [62.1263671875, 69.05917968749999], [61.976953125, 68.90976562499999], [61.976953125, 68.76035156249999], [61.976953125, 68.192578125], [61.8275390625, 68.0431640625], [61.678125, 67.7443359375], [61.5287109375, 67.4455078125], [61.5287109375, 67.1765625], [61.379296875, 67.0271484375], [61.2298828125, 66.57890625], [60.662109375, 65.71230468750001], [60.36328125, 65.11464843750001], [60.2138671875, 64.96523437500001], [60.2138671875, 64.81582031250001]], {"i0": 0.24, "spread": 0.42, "falloff": 1.1}], [[[60.662109375, 94.9974609375], [60.8115234375, 94.9974609375], [60.9609375, 95.146875], [61.2298828125, 95.2962890625], [61.678125, 95.74453125], [61.976953125, 95.8939453125], [62.1263671875, 96.162890625], [62.5447265625, 96.3123046875], [62.5447265625, 96.46171875]], {"i0": 0.08, "spread": 1.3, "falloff": 1.1}]]}