{"disk": {"mu": [90.17578125, 89.28515911102295], "roll": 0.6640461628266848, "rEff": 41.89259110455124, "axRatio": 0.5331736088579678, "i0": 0.21, "c": 2, "n": 1}, "bulge": {"mu": [89.82421875, 89.28515911102295], "roll": 0.29145679447786715, "rEff": 3.8906454724611974, "axRatio": 0.542765690325572, "i0": 0.5, "c": 2, "n": 0.68}, "bar": null, "spiral": []}