{"disk": {"mu": [147.62664794921875, 147.64453125], "roll": -1.0179551052023572, "rEff": 82.21707791187751, "axRatio": 0.8029147720322132, "i0": 0.13, "c": 2, "n": 1}, "bulge": {"mu": [145.90985107421875, 146.5], "roll": 2.601173153319209, "rEff": 7.407814393595848, "axRatio": 0.6474396359443718, "i0": 0.48, "c": 2, "n": 2.66}, "bar": null, "spiral": [[[[157.9453125, 160.806640625], [157.9453125, 161.37890625], [160.234375, 165.384765625], [161.37890625, 167.1015625], [164.8125, 169.390625], [165.384765625, 169.962890625], [168.24609375, 171.107421875], [170.53515625, 172.251953125], [173.96875, 172.82421875], [177.40234375, 172.82421875], [179.119140625, 173.96875], [180.8359375, 174.541015625], [181.408203125, 174.541015625], [181.98046875, 174.541015625], [183.125, 172.82421875], [183.125, 172.251953125], [183.697265625, 172.251953125], [184.26953125, 170.53515625], [184.841796875, 169.390625], [185.986328125, 167.673828125], [185.986328125, 167.1015625], [187.130859375, 165.384765625], [187.130859375, 164.8125], [187.130859375, 164.240234375], [187.130859375, 163.66796875], [187.130859375, 163.095703125], [187.703125, 162.5234375], [188.275390625, 161.951171875], [192.28125, 160.234375], [192.28125, 159.662109375], [193.42578125, 157.9453125], [195.71484375, 155.083984375], [195.71484375, 154.51171875], [195.71484375, 153.3671875], [195.71484375, 152.22265625], [195.71484375, 150.505859375], [196.287109375, 149.361328125], [196.287109375, 148.7890625], [196.859375, 148.7890625]], {"i0": 0.1, "spread": 1.39, "falloff": 1.0}], [[[132.193359375, 145.927734375], [131.62109375, 145.927734375], [129.904296875, 147.64453125], [129.33203125, 148.216796875], [128.759765625, 149.93359375], [128.759765625, 151.078125], [128.759765625, 152.794921875], [128.759765625, 153.939453125], [128.759765625, 154.51171875], [128.759765625, 156.80078125], [128.759765625, 157.373046875], [128.759765625, 158.517578125], [128.759765625, 159.08984375], [129.33203125, 160.234375], [130.4765625, 161.37890625], [130.4765625, 163.095703125], [131.048828125, 163.66796875], [131.62109375, 164.8125], [131.62109375, 165.384765625], [131.62109375, 166.529296875], [132.193359375, 168.24609375], [132.193359375, 168.818359375], [132.193359375, 169.962890625], [133.337890625, 171.6796875], [133.91015625, 172.82421875], [135.626953125, 173.96875], [137.34375, 175.685546875], [138.48828125, 177.40234375], [139.6328125, 178.546875], [141.349609375, 179.119140625], [142.494140625, 179.69140625], [144.783203125, 180.263671875], [146.5, 181.408203125], [147.64453125, 181.98046875], [148.7890625, 181.98046875], [150.505859375, 181.98046875], [152.22265625, 182.552734375], [153.939453125, 183.125], [154.51171875, 183.125], [155.65625, 183.125], [156.228515625, 183.125], [157.373046875, 183.125]], {"i0": 0.03, "spread": 1.51, "falloff": 1.0}], [[[142.494140625, 132.193359375], [140.205078125, 129.904296875], [135.626953125, 128.1875], [133.337890625, 128.1875], [130.4765625, 128.1875], [127.04296875, 128.1875], [123.609375, 128.1875], [122.46484375, 128.1875], [121.3203125, 128.1875], [119.603515625, 128.759765625], [117.88671875, 129.904296875], [117.314453125, 130.4765625], [115.59765625, 131.62109375], [115.025390625, 132.765625], [114.453125, 133.337890625], [113.880859375, 133.337890625], [113.30859375, 136.19921875], [112.736328125, 137.34375], [112.1640625, 139.6328125], [111.591796875, 142.494140625], [111.01953125, 145.35546875], [111.01953125, 147.072265625], [111.01953125, 149.361328125], [111.01953125, 153.3671875], [110.447265625, 156.228515625], [110.447265625, 160.234375], [110.447265625, 161.37890625], [110.447265625, 163.095703125], [110.447265625, 164.8125], [111.01953125, 165.384765625], [112.1640625, 166.529296875], [112.736328125, 167.1015625], [113.30859375, 167.1015625], [113.30859375, 167.673828125], [113.30859375, 168.24609375], [113.30859375, 168.818359375], [113.880859375, 169.390625]], {"i0": 0.04, "spread": 1.33, "falloff": 1.0}], [[[160.806640625, 145.927734375], [161.37890625, 145.927734375], [162.5234375, 145.927734375], [163.66796875, 145.35546875], [164.240234375, 144.783203125], [164.8125, 143.638671875], [164.8125, 143.06640625], [164.8125, 142.494140625], [165.384765625, 141.921875], [165.384765625, 141.349609375], [165.384765625, 140.77734375], [165.384765625, 140.205078125], [165.384765625, 139.6328125], [165.384765625, 139.060546875], [165.384765625, 138.48828125], [165.384765625, 137.916015625], [165.384765625, 136.771484375], [164.240234375, 135.0546875], [163.66796875, 134.482421875], [163.66796875, 132.765625], [161.951171875, 130.4765625], [160.806640625, 128.759765625], [160.234375, 128.759765625], [158.517578125, 128.1875], [157.9453125, 127.04296875], [157.373046875, 126.470703125], [157.373046875, 125.326171875], [156.80078125, 124.75390625], [156.80078125, 123.609375], [156.228515625, 123.037109375], [155.65625, 122.46484375], [154.51171875, 121.3203125], [153.939453125, 120.748046875], [153.939453125, 120.17578125], [152.794921875, 119.603515625], [151.650390625, 118.458984375], [150.505859375, 118.458984375], [148.7890625, 117.88671875], [147.072265625, 117.314453125], [144.2109375, 117.314453125], [142.494140625, 116.7421875], [140.205078125, 116.7421875], [137.34375, 116.7421875], [135.626953125, 116.7421875], [135.0546875, 116.7421875], [134.482421875, 116.7421875], [133.91015625, 116.7421875], [133.337890625, 116.7421875], [132.193359375, 116.7421875], [129.904296875, 116.7421875], [128.759765625, 116.7421875], [127.04296875, 117.88671875], [124.75390625, 119.03125], [124.181640625, 119.03125], [123.609375, 119.603515625], [120.748046875, 121.3203125], [119.03125, 121.892578125], [116.169921875, 123.037109375], [115.025390625, 123.609375], [112.736328125, 124.75390625], [111.01953125, 125.326171875], [109.875, 125.326171875], [109.875, 125.8984375], [108.73046875, 127.04296875], [108.158203125, 127.615234375], [107.5859375, 128.1875], [106.44140625, 129.33203125], [106.44140625, 129.904296875], [105.869140625, 130.4765625], [105.869140625, 131.048828125], [104.724609375, 132.193359375], [104.15234375, 133.91015625], [103.580078125, 135.0546875], [103.0078125, 136.19921875], [101.86328125, 137.916015625], [101.86328125, 140.205078125], [101.86328125, 140.77734375], [101.86328125, 143.638671875], [101.86328125, 144.783203125], [101.86328125, 145.35546875], [101.86328125, 145.927734375], [101.86328125, 146.5], [102.435546875, 147.072265625], [102.435546875, 147.64453125], [102.435546875, 148.216796875], [103.0078125, 148.216796875], [103.0078125, 148.7890625]], {"i0": 0.2, "spread": 1.33, "falloff": 1.0}]]}