{"disk": {"mu": [72.1318359375, 74.53125], "roll": 0.04234754902057609, "rEff": 49.82592010643783, "axRatio": 0.9148625464730522, "i0": 0.15, "c": 2, "n": 1}, "bulge": {"mu": [71.8505859375, 70.59375], "roll": 0.5461665634337877, "rEff": 10.587110751404275, "axRatio": 0.6307219823171712, "i0": 0.38, "c": 2, "n": 1.0}, "bar": null, "spiral": []}