{"disk": {"mu": [58.332763671875, 57.9114990234375], "roll": -0.8055296715278509, "rEff": 23.158959538175914, "axRatio": 0.8079446219321591, "i0": 0.21, "c": 2, "n": 1}, "bulge": {"mu": [59.012451171875, 57.6849365234375], "roll": -0.7853981633974483, "rEff": 2.8596392600095024, "axRatio": 0.5, "i0": 0.5, "c": 2, "n": 0.79}, "bar": {"mu": [58.446044921875, 58.5911865234375], "roll": 1.5707963267948966, "rEff": 2.0390625, "axRatio": 0.5, "i0": 0.39, "c": 2.02, "n": 0.43}, "spiral": []}