{"disk": {"mu": [126.69495391845703, 127.12346649169922], "roll": 0.07025920747723614, "rEff": 82.31364154761228, "axRatio": 0.7766704813524635, "i0": 0.17, "c": 2, "n": 1}, "bulge": {"mu": [126.9922103881836, 126.7451400756836], "roll": -3.141592653589793, "rEff": 7.502830505371094, "axRatio": 0.5, "i0": 0.39, "c": 2, "n": 0.59}, "bar": null, "spiral": []}