{"disk": {"mu": [108.6328125, 108.82969093322754], "roll": 0.4241943894402371, "rEff": 71.7497664483468, "axRatio": 0.9154328047367485, "i0": 0.19, "c": 2, "n": 1}, "bulge": {"mu": [108.18451881408691, 106.52920532226562], "roll": -2.1902866474035094, "rEff": 4.855871841730302, "axRatio": 0.7897509598949176, "i0": 0.53, "c": 2, "n": 0.71}, "bar": null, "spiral": [[[[65.1796875, 139.640625], [65.1796875, 138.375], [64.3359375, 135.0], [65.1796875, 132.890625], [66.0234375, 132.046875], [66.0234375, 130.359375], [65.6015625, 127.40625], [65.6015625, 125.296875], [65.1796875, 124.875], [65.1796875, 121.5], [64.7578125, 118.96875], [64.7578125, 117.703125], [65.1796875, 114.328125], [65.6015625, 112.21875], [68.9765625, 106.3125], [71.0859375, 104.203125], [74.8828125, 101.25], [76.1484375, 100.40625], [79.5234375, 97.875], [85.0078125, 94.078125], [85.8515625, 93.234375], [87.5390625, 91.546875], [89.2265625, 89.859375], [89.6484375, 89.859375], [91.7578125, 89.859375], [95.9765625, 89.859375], [99.3515625, 89.859375], [101.4609375, 89.859375], [103.9921875, 89.859375], [104.4140625, 89.859375], [110.3203125, 90.28125], [110.7421875, 90.28125], [111.5859375, 90.28125], [112.4296875, 90.28125], [112.8515625, 90.703125]], {"i0": 0.06, "spread": 1.0, "falloff": 1.25}], [[[109.4765625, 153.140625], [109.0546875, 152.71875], [101.4609375, 148.5], [98.0859375, 145.546875], [91.7578125, 140.0625], [89.6484375, 135.0], [88.3828125, 132.46875], [87.5390625, 128.25], [84.5859375, 122.765625], [83.3203125, 118.546875], [82.4765625, 113.0625], [82.4765625, 111.375], [82.4765625, 109.6875], [88.3828125, 102.9375], [88.8046875, 102.9375], [93.0234375, 102.9375], [95.5546875, 103.359375], [97.2421875, 103.359375], [97.6640625, 103.359375]], {"i0": 0.0, "spread": 1.0, "falloff": 1.25}], [[[133.1015625, 128.25], [132.6796875, 127.828125], [130.1484375, 128.671875], [123.8203125, 131.203125], [120.8671875, 131.625], [116.6484375, 131.625], [111.1640625, 129.515625], [108.6328125, 128.671875], [105.6796875, 126.140625], [101.8828125, 125.296875], [100.6171875, 124.453125], [100.1953125, 121.921875], [99.7734375, 120.234375], [99.3515625, 119.8125], [99.3515625, 118.96875], [99.3515625, 117.28125], [99.3515625, 116.859375], [99.3515625, 116.015625]], {"i0": 0.0, "spread": 1.51, "falloff": 1.25}]]}