{"disk": {"mu": [93.27083259820938, 92.12662503123283], "roll": -4.524547148264205, "rEff": 44.50354101355552, "axRatio": 0.6406155040640166, "i0": 0.18, "c": 2, "n": 1}, "bulge": {"mu": [92.90950447320938, 92.12662503123283], "roll": -4.353616637919104, "rEff": 3.0254469734035223, "axRatio": 0.8183676500068173, "i0": 0.69, "c": 2, "n": 0.59}, "bar": {"mu": [93.45149666070938, 90.68131253123283], "roll": 1.5707963267948966, "rEff": 1.41279296875, "axRatio": 0.43396213921251425, "i0": 0.26, "c": 1.94, "n": 0.3}, "spiral": [[[[94.52343750000001, 100.44921875], [94.52343750000001, 100.810546875], [94.52343750000001, 101.171875], [94.52343750000001, 101.533203125], [94.52343750000001, 101.89453125], [94.52343750000001, 102.255859375], [94.52343750000001, 102.6171875], [94.52343750000001, 102.978515625], [94.16210937500001, 103.33984375], [94.16210937500001, 103.701171875], [93.80078125000001, 103.701171875], [93.43945312500001, 104.0625], [93.07812500000001, 104.0625], [92.71679687500001, 104.0625], [92.35546875, 104.423828125], [92.35546875, 104.78515625], [91.6328125, 104.78515625], [91.6328125, 105.146484375], [91.271484375, 105.146484375], [90.91015625, 105.5078125], [90.548828125, 105.5078125], [90.1875, 105.5078125], [89.826171875, 105.5078125], [89.46484375, 105.5078125], [88.7421875, 105.5078125], [88.380859375, 105.5078125], [88.01953125, 105.5078125], [87.658203125, 105.146484375], [87.296875, 104.423828125], [86.57421875, 104.423828125], [86.212890625, 104.0625], [85.490234375, 103.33984375], [85.12890625, 102.978515625], [84.40625, 102.6171875], [84.044921875, 102.255859375], [82.9609375, 102.255859375], [82.599609375, 102.255859375], [82.23828125, 101.89453125], [81.876953125, 101.533203125], [81.515625, 100.810546875], [81.154296875, 100.44921875], [80.79296875, 99.7265625], [80.431640625, 99.00390625], [80.0703125, 97.919921875], [80.0703125, 97.197265625], [79.708984375, 96.474609375], [79.708984375, 96.11328125], [79.708984375, 95.390625], [79.34765625, 94.306640625], [79.34765625, 93.9453125], [78.986328125, 92.861328125], [78.986328125, 91.77734375], [78.986328125, 91.0546875], [78.986328125, 90.693359375], [78.986328125, 89.609375], [78.625, 84.55078125], [78.625, 84.189453125], [78.625, 83.10546875], [78.625, 82.3828125], [78.625, 82.021484375], [78.625, 81.298828125], [78.625, 80.21484375], [78.625, 79.130859375], [78.625, 78.76953125], [78.625, 78.046875], [78.986328125, 77.685546875], [78.986328125, 76.962890625], [79.34765625, 76.240234375], [79.34765625, 74.794921875], [79.708984375, 74.072265625], [79.708984375, 73.7109375], [79.708984375, 72.98828125], [80.0703125, 72.265625], [80.431640625, 71.54296875], [80.79296875, 70.8203125], [81.154296875, 70.09765625], [81.876953125, 69.736328125], [82.23828125, 69.013671875], [82.599609375, 68.291015625], [82.9609375, 67.9296875], [83.322265625, 67.20703125], [83.68359375, 67.20703125], [83.68359375, 66.845703125], [84.044921875, 66.845703125], [84.044921875, 66.484375], [84.40625, 66.484375], [84.40625, 66.123046875]], {"i0": 0.05, "spread": 0.05, "falloff": 1.8}], [[[92.71679687500001, 80.576171875], [93.07812500000001, 80.21484375], [93.43945312500001, 79.853515625], [93.80078125000001, 79.4921875], [93.80078125000001, 78.76953125], [94.16210937500001, 78.408203125], [94.52343750000001, 78.408203125], [94.88476562500001, 78.046875], [95.24609375000001, 78.046875], [95.60742187500001, 78.046875], [95.96875000000001, 77.685546875], [96.33007812500001, 77.685546875], [96.69140625000001, 77.32421875], [97.05273437500001, 77.32421875], [97.41406250000001, 77.32421875], [97.77539062500001, 77.32421875], [98.49804687500001, 77.32421875], [98.85937500000001, 77.32421875], [99.22070312500001, 77.32421875], [99.22070312500001, 77.685546875], [99.58203125000001, 77.685546875], [99.94335937500001, 77.685546875], [99.94335937500001, 78.046875], [100.30468750000001, 78.408203125], [100.66601562500001, 78.408203125], [101.02734375000001, 79.130859375], [101.02734375000001, 78.76953125], [101.38867187500001, 78.76953125], [101.38867187500001, 79.130859375], [102.11132812500001, 79.4921875], [102.11132812500001, 79.853515625], [102.11132812500001, 80.21484375], [102.47265625000001, 80.21484375], [102.83398437500001, 80.576171875], [102.83398437500001, 80.9375], [103.19531250000001, 81.298828125], [103.19531250000001, 81.66015625], [103.55664062500001, 82.021484375], [103.55664062500001, 82.3828125], [103.91796875000001, 82.744140625], [103.91796875000001, 83.10546875], [103.91796875000001, 83.466796875], [104.64062500000001, 83.828125], [104.64062500000001, 84.189453125], [104.64062500000001, 84.55078125], [104.64062500000001, 84.912109375], [105.00195312500001, 85.2734375], [105.36328125000001, 85.634765625], [105.36328125000001, 85.99609375], [105.72460937500001, 85.99609375], [105.72460937500001, 86.71875], [105.72460937500001, 87.44140625], [106.08593750000001, 87.44140625], [106.08593750000001, 87.802734375], [106.44726562500001, 88.1640625], [106.44726562500001, 88.525390625], [106.44726562500001, 88.88671875], [106.44726562500001, 89.248046875], [106.44726562500001, 89.970703125], [106.44726562500001, 90.33203125], [106.44726562500001, 91.0546875], [106.44726562500001, 93.22265625], [106.44726562500001, 93.583984375], [106.44726562500001, 93.9453125], [106.44726562500001, 94.306640625], [106.44726562500001, 94.66796875], [106.44726562500001, 95.029296875], [106.44726562500001, 95.751953125], [106.44726562500001, 96.11328125], [106.44726562500001, 96.474609375], [106.08593750000001, 97.55859375], [105.72460937500001, 98.28125], [105.72460937500001, 99.00390625], [105.36328125000001, 99.7265625], [105.36328125000001, 100.44921875], [105.36328125000001, 101.171875], [105.00195312500001, 101.533203125], [105.00195312500001, 102.255859375], [105.00195312500001, 102.6171875], [105.00195312500001, 103.33984375], [105.00195312500001, 104.0625], [105.00195312500001, 104.423828125], [104.64062500000001, 105.146484375], [104.64062500000001, 106.23046875], [104.64062500000001, 106.953125], [104.27929687500001, 107.67578125], [104.27929687500001, 108.037109375], [104.27929687500001, 108.3984375], [103.91796875000001, 109.12109375], [103.91796875000001, 109.482421875], [103.55664062500001, 110.205078125], [103.55664062500001, 110.927734375], [103.55664062500001, 111.2890625], [103.55664062500001, 112.01171875], [103.19531250000001, 112.373046875], [103.19531250000001, 113.095703125], [102.83398437500001, 113.818359375], [102.83398437500001, 114.541015625], [102.83398437500001, 114.90234375], [102.47265625000001, 115.263671875], [102.11132812500001, 115.625], [102.11132812500001, 115.986328125]], {"i0": 0.05, "spread": 0.03, "falloff": 1.8}]]}