{"disk": {"mu": [90.01348876953125, 89.5], "roll": -0.6723684674340222, "rEff": 71.34304419784543, "axRatio": 0.7294709287817712, "i0": 0.12, "c": 2, "n": 1}, "bulge": null, "bar": {"mu": [89.54166068136692, 89.32225593924522], "roll": 1.045028157297367, "rEff": 8.584449192881584, "axRatio": 0.3157891886195092, "i0": 0.13, "c": 3.0, "n": 1.37}, "spiral": [[[[84.4306640625, 79.6759765625], [84.4306640625, 79.361328125], [84.4306640625, 78.76699218750001], [84.4306640625, 77.85800781249999], [84.4306640625, 77.2287109375], [84.4306640625, 76.5994140625], [84.4306640625, 76.005078125], [84.4306640625, 75.37578125], [84.7453125, 75.09609375000001], [84.7453125, 74.7814453125], [84.7453125, 74.466796875], [85.02499999999999, 74.1521484375], [85.3396484375, 73.5578125], [85.654296875, 73.5578125], [85.654296875, 73.2431640625], [85.9689453125, 72.928515625], [85.9689453125, 72.61386718749999], [86.28359375000001, 72.61386718749999], [86.28359375000001, 72.3341796875], [86.56328125, 72.3341796875], [86.56328125, 72.01953125], [86.8779296875, 72.01953125], [87.192578125, 71.7048828125], [87.50722656250001, 71.7048828125], [87.50722656250001, 71.39023437499999], [87.7869140625, 71.39023437499999], [88.1015625, 71.07558593750001], [88.4162109375, 71.07558593750001], [88.73085937500001, 70.7958984375], [89.04550781249999, 70.7958984375], [89.3251953125, 70.7958984375], [89.3251953125, 70.48125], [89.63984375, 70.48125], [89.95449218750001, 70.48125], [90.26914062499999, 70.48125], [90.548828125, 70.16660156249999], [90.8634765625, 70.16660156249999], [91.17812500000001, 70.16660156249999], [91.49277343749999, 69.85195312500001], [91.807421875, 69.85195312500001], [92.087109375, 69.85195312500001], [92.40175781250001, 69.85195312500001], [92.71640624999999, 69.85195312500001], [93.0310546875, 69.85195312500001], [93.3107421875, 69.572265625], [93.62539062500001, 69.572265625], [93.94003906249999, 69.572265625], [94.84902343750001, 69.572265625], [95.16367187499999, 69.2576171875], [95.79296875, 69.2576171875], [96.07265625000001, 69.2576171875], [97.29628906250001, 69.2576171875], [98.240234375, 69.2576171875], [98.83457031249999, 69.2576171875], [99.4638671875, 69.2576171875], [99.778515625, 69.572265625], [100.05820312499999, 69.572265625], [100.3728515625, 69.572265625], [100.6875, 69.572265625], [101.0021484375, 69.85195312500001], [101.31679687500001, 69.85195312500001], [101.596484375, 70.16660156249999], [101.9111328125, 70.16660156249999], [102.22578125, 70.16660156249999], [102.54042968750001, 70.16660156249999], [102.8201171875, 70.48125], [103.4494140625, 70.7958984375], [103.76406250000001, 71.07558593750001], [104.3583984375, 71.07558593750001], [104.98769531250001, 71.39023437499999], [105.30234374999999, 71.7048828125], [105.58203125, 72.01953125], [105.8966796875, 72.01953125], [106.21132812500001, 72.3341796875], [106.52597656249999, 72.928515625], [106.840625, 73.2431640625], [107.1203125, 73.5578125], [107.43496093750001, 73.83749999999999], [107.74960937499999, 74.466796875], [108.3439453125, 75.09609375000001], [108.97324218749999, 76.005078125], [109.287890625, 76.9140625], [109.88222656250001, 77.54335937500001], [110.19687499999999, 77.85800781249999], [110.5115234375, 78.1376953125], [110.826171875, 78.76699218750001], [111.10585937500001, 79.6759765625], [111.73515625, 81.21425781250001], [112.32949218750001, 82.1232421875], [112.64414062499999, 83.0671875], [113.2734375, 83.97617187499999], [113.5880859375, 84.88515625000001], [113.86777343749999, 85.19980468749999], [114.182421875, 85.514453125], [114.4970703125, 85.8291015625], [114.81171875, 86.42343749999999], [114.81171875, 86.7380859375], [114.81171875, 87.052734375], [115.09140624999999, 87.052734375], [115.09140624999999, 87.3673828125], [115.09140624999999, 87.64707031249999], [115.4060546875, 87.96171875], [115.4060546875, 88.2763671875], [115.720703125, 88.591015625], [115.720703125, 89.1853515625], [116.0353515625, 89.5], [116.0353515625, 90.12929687500001], [116.0353515625, 90.408984375], [116.35000000000001, 90.7236328125], [116.35000000000001, 91.03828125], [116.35000000000001, 91.35292968750001], [116.35000000000001, 91.6326171875], [116.6296875, 91.947265625]], {"i0": 0.12, "spread": 1.0, "falloff": 1.0}], [[[99.778515625, 92.2619140625], [99.778515625, 92.57656250000001], [100.05820312499999, 92.89121093749999], [100.05820312499999, 93.1708984375], [100.3728515625, 93.485546875], [100.3728515625, 93.80019531250001], [100.3728515625, 94.11484374999999], [100.6875, 94.11484374999999], [100.6875, 94.39453125], [100.6875, 94.7091796875], [101.0021484375, 94.7091796875], [101.0021484375, 95.02382812500001], [101.0021484375, 95.33847656249999], [101.31679687500001, 95.33847656249999], [101.31679687500001, 95.653125], [101.31679687500001, 95.9328125], [101.31679687500001, 96.24746093750001], [101.31679687500001, 96.56210937499999], [101.596484375, 96.8767578125], [101.596484375, 97.1564453125], [101.596484375, 97.47109375000001], [101.596484375, 97.78574218749999], [101.596484375, 98.100390625], [101.596484375, 98.380078125], [101.596484375, 98.69472656250001], [101.596484375, 99.00937499999999], [101.596484375, 99.3240234375], [101.596484375, 99.91835937500001], [101.596484375, 100.23300781249999], [101.596484375, 100.54765625], [101.596484375, 100.8623046875], [101.596484375, 101.14199218750001], [101.596484375, 101.45664062499999], [101.31679687500001, 101.7712890625], [101.0021484375, 102.0859375], [101.0021484375, 102.4005859375], [100.6875, 102.4005859375], [100.6875, 102.68027343749999], [100.3728515625, 102.994921875], [100.05820312499999, 103.3095703125], [100.05820312499999, 103.62421875], [99.778515625, 104.2185546875], [99.4638671875, 104.533203125], [99.4638671875, 104.8478515625], [99.14921875, 105.16250000000001], [98.83457031249999, 105.16250000000001], [98.83457031249999, 105.4421875], [98.5548828125, 105.4421875], [98.240234375, 105.7568359375], [97.9255859375, 105.7568359375], [97.61093749999999, 106.071484375], [97.0166015625, 106.071484375], [96.701953125, 106.38613281250001], [96.38730468749999, 106.38613281250001], [96.07265625000001, 106.38613281250001], [95.79296875, 106.6658203125], [95.4783203125, 106.6658203125], [95.16367187499999, 106.6658203125], [94.84902343750001, 106.6658203125], [94.5693359375, 106.98046875], [93.94003906249999, 106.98046875], [93.62539062500001, 106.98046875], [93.3107421875, 106.98046875], [92.71640624999999, 106.98046875], [92.40175781250001, 106.98046875], [92.087109375, 106.98046875], [91.807421875, 106.98046875], [91.49277343749999, 106.98046875], [91.17812500000001, 106.98046875], [90.8634765625, 106.98046875]], {"i0": 0.16, "spread": 1.0, "falloff": 1.0}]]}