{"disk": {"mu": [88.96466064453125, 89.71304321289062], "roll": -0.8476128501057733, "rEff": 58.00883375077585, "axRatio": 0.7756217527195288, "i0": 0.2, "c": 2, "n": 1}, "bulge": {"mu": [90.01348876953125, 89.36343383789062], "roll": -0.7298996581517315, "rEff": 4.233829434992447, "axRatio": 0.5, "i0": 0.52, "c": 2, "n": 0.83}, "bar": null, "spiral": []}