{"disk": {"mu": [65.1171875, 64.0], "roll": -0.9078114128117665, "rEff": 35.82891709220361, "axRatio": 0.42877117569371886, "i0": 0.21, "c": 2, "n": 1}, "bulge": {"mu": [65.1171875, 64.0], "roll": -0.7853981633974483, "rEff": 4.4832140047626545, "axRatio": 0.7561385865899038, "i0": 0.42, "c": 2, "n": 2.93}, "bar": null, "spiral": []}