{"disk": {"mu": [84.82159423828125, 85.1033935546875], "roll": -1.3751338674628448, "rEff": 49.88728533471857, "axRatio": 0.7699328735582459, "i0": 0.19, "c": 2, "n": 1}, "bulge": {"mu": [86.15753173828125, 86.4393310546875], "roll": -1.0768549578753155, "rEff": 4.93122020175764, "axRatio": 0.716199117892914, "i0": 0.5, "c": 2, "n": 1.0}, "bar": null, "spiral": []}