{"disk": {"mu": [74.94947856664658, 76.0800154209137], "roll": -0.2473539555718233, "rEff": 45.47186782907536, "axRatio": 0.8032267844928558, "i0": 0.17, "c": 2, "n": 1}, "bulge": {"mu": [74.94947856664658, 75.7850935459137], "roll": 0.0, "rEff": 6.903944087963529, "axRatio": 0.9753916592266355, "i0": 0.5, "c": 2, "n": 1.0}, "bar": null, "spiral": []}