{"disk": {"mu": [102.67847943305969, 101.24525713920593], "roll": -3.9247118398814584, "rEff": 32.23231591531132, "axRatio": 0.5201591061692433, "i0": 0.07, "c": 2, "n": 1}, "bulge": {"mu": [102.89412546157837, 101.23883700370789], "roll": 4.075879701991873, "rEff": 4.8971480887268415, "axRatio": 0.9661911688888583, "i0": 0.87, "c": 2, "n": 0.83}, "bar": null, "spiral": []}