{"disk": {"mu": [63.29154968261719, 63.13323974609375], "roll": 0.28765868033139064, "rEff": 26.118587983473173, "axRatio": 0.6409504570691219, "i0": 0.14, "c": 2, "n": 1}, "bulge": {"mu": [62.75821477174759, 63.06110322475433], "roll": 1.8966516150455746, "rEff": 3.483576183217488, "axRatio": 0.6089877478415595, "i0": 1.33, "c": 2, "n": 0.5}, "bar": null, "spiral": [[[[62.5732421875, 51.806640625], [62.744140625, 51.806640625], [63.232421875, 51.46484375], [63.86718750000001, 51.0986328125], [64.5751953125, 50.6103515625], [64.990234375, 50.1953125], [65.6005859375, 49.7314453125], [65.91796875, 49.5361328125], [66.2353515625, 49.31640625], [66.650390625, 49.12109375], [67.0654296875, 48.974609375], [67.529296875, 48.779296875], [68.0908203125, 48.5595703125], [68.5791015625, 48.4375], [69.140625, 48.291015625], [69.775390625, 48.0712890625], [70.4345703125, 47.9248046875], [70.9716796875, 47.7294921875], [71.630859375, 47.509765625], [72.119140625, 47.36328125], [72.5830078125, 47.2900390625], [73.2421875, 47.2900390625], [73.876953125, 47.2900390625], [74.70703125, 47.2900390625], [75.9521484375, 47.2900390625], [76.4404296875, 47.2900390625], [76.904296875, 47.2900390625], [77.4658203125, 47.2900390625], [78.1982421875, 47.2900390625], [78.9306640625, 47.2900390625], [79.345703125, 47.36328125], [79.9072265625, 47.36328125], [80.6396484375, 47.4365234375], [81.4453125, 47.4365234375], [81.982421875, 47.509765625], [82.470703125, 47.5830078125], [83.0322265625, 47.5830078125], [83.6669921875, 47.65625], [84.5947265625, 47.802734375], [85.3759765625, 47.8759765625], [86.767578125, 48.1689453125], [87.4755859375, 48.3154296875], [88.3056640625, 48.4619140625], [89.111328125, 48.6328125], [89.8681640625, 48.7060546875], [90.6005859375, 48.9013671875], [91.3330078125, 49.12109375], [91.89453125, 49.267578125], [92.3828125, 49.4873046875], [92.9443359375, 49.6826171875], [93.65234375, 50.048828125], [93.994140625, 50.1708984375], [94.482421875, 50.3662109375], [95.01953125, 50.5126953125], [95.361328125, 50.634765625], [95.6787109375, 50.87890625], [95.849609375, 50.9521484375], [96.1181640625, 51.1474609375], [96.435546875, 51.46484375], [96.6796875, 51.708984375], [96.923828125, 51.904296875], [97.3388671875, 52.1484375], [97.802734375, 52.490234375], [98.2177734375, 52.7587890625], [98.53515625, 53.02734375], [98.876953125, 53.22265625], [99.1943359375, 53.5400390625], [99.4384765625, 53.7109375], [99.560546875, 53.90625], [99.560546875, 54.0283203125], [99.560546875, 54.0771484375], [99.609375, 54.150390625], [99.7314453125, 54.2724609375], [99.9267578125, 54.443359375], [100.1953125, 54.78515625], [100.3173828125, 54.98046875], [100.3662109375, 54.98046875], [100.48828125, 55.029296875], [100.830078125, 55.224609375], [101.220703125, 55.4931640625], [101.4892578125, 55.6640625], [101.611328125, 55.7373046875]], {"i0": 0.23, "spread": 2.0, "falloff": 1.0}], [[[64.4775390625, 74.70703125], [64.306640625, 74.70703125], [63.720703125, 74.70703125], [63.13476562500001, 74.70703125], [62.6220703125, 74.70703125], [61.962890625, 74.70703125], [61.5478515625, 74.755859375], [61.1328125, 74.755859375], [60.64453125, 74.755859375], [60.3759765625, 74.755859375], [60.107421875, 74.755859375], [59.8388671875, 74.8291015625], [59.66796875, 74.8291015625], [59.3994140625, 74.8291015625], [59.130859375, 74.90234375], [58.7158203125, 74.90234375], [58.30078125, 74.90234375], [57.8125, 74.951171875], [57.1533203125, 74.951171875], [56.884765625, 74.951171875], [56.396484375, 74.951171875], [56.0546875, 74.951171875], [55.6396484375, 74.951171875], [55.1513671875, 74.951171875], [54.8095703125, 74.951171875], [54.4677734375, 74.951171875], [53.90625, 74.951171875], [53.7109375, 74.951171875], [53.4423828125, 74.951171875], [53.125, 74.951171875], [52.783203125, 74.951171875], [52.294921875, 74.951171875], [51.806640625, 74.951171875], [51.3916015625, 74.951171875], [50.927734375, 74.951171875], [50.8056640625, 74.951171875], [50.634765625, 74.951171875], [50.439453125, 74.951171875], [50.1708984375, 74.951171875], [49.6826171875, 74.951171875], [49.267578125, 74.951171875], [48.828125, 74.90234375], [48.4130859375, 74.8291015625], [47.9248046875, 74.8291015625], [47.5830078125, 74.755859375], [47.314453125, 74.755859375], [47.0458984375, 74.6826171875], [46.77734375, 74.609375], [46.2890625, 74.560546875], [45.8740234375, 74.4873046875], [45.458984375, 74.4140625], [44.970703125, 74.3408203125], [44.43359375, 74.1943359375], [44.1650390625, 74.1943359375], [43.8232421875, 74.1455078125], [43.505859375, 74.072265625], [43.06640625, 73.9990234375], [42.6025390625, 73.92578125], [42.236328125, 73.92578125], [41.7724609375, 73.8525390625], [41.552734375, 73.8525390625], [41.2841796875, 73.8525390625], [40.966796875, 73.8037109375], [40.771484375, 73.8037109375], [40.576171875, 73.8037109375], [40.4541015625, 73.73046875], [40.33203125, 73.73046875], [40.13671875, 73.681640625], [39.94140625, 73.681640625], [39.74609375, 73.6083984375], [39.501953125, 73.6083984375], [39.306640625, 73.53515625], [39.1845703125, 73.53515625], [38.9892578125, 73.486328125], [38.8671875, 73.486328125], [38.7451171875, 73.4130859375], [38.623046875, 73.4130859375], [38.5009765625, 73.4130859375], [38.3056640625, 73.291015625], [38.18359375, 73.291015625], [37.98828125, 73.2421875], [37.8662109375, 73.2421875], [37.744140625, 73.1689453125], [37.548828125, 73.095703125], [37.4267578125, 73.046875], [37.2314453125, 72.9736328125], [36.9140625, 72.9248046875], [36.71875, 72.8515625], [36.376953125, 72.7783203125], [36.03515625, 72.705078125], [35.7666015625, 72.65625], [35.2783203125, 72.509765625], [34.9365234375, 72.4365234375], [34.6435546875, 72.36328125], [34.1552734375, 72.2412109375], [33.8134765625, 72.16796875], [33.4228515625, 72.0947265625], [33.0810546875, 71.97265625], [32.8125, 71.8994140625], [32.470703125, 71.7529296875], [32.2021484375, 71.630859375], [31.73828125, 71.3623046875], [31.4697265625, 71.240234375], [31.201171875, 71.09375], [30.859375, 70.8251953125], [30.517578125, 70.6298828125], [30.1025390625, 70.2880859375], [29.833984375, 70.0927734375], [29.5166015625, 69.8974609375], [29.1015625, 69.62890625], [28.759765625, 69.43359375], [28.5888671875, 69.23828125], [28.3935546875, 69.1162109375], [28.271484375, 68.994140625], [28.125, 68.9208984375], [27.9541015625, 68.798828125], [27.685546875, 68.603515625], [27.4169921875, 68.408203125], [27.1484375, 68.1884765625], [26.85546875, 67.919921875], [26.6845703125, 67.724609375], [26.416015625, 67.48046875], [26.220703125, 67.28515625], [25.9521484375, 67.0166015625], [25.68359375, 66.748046875], [25.4150390625, 66.40625], [25.146484375, 66.1376953125], [24.7802734375, 65.7958984375], [24.21875, 65.087890625], [23.9501953125, 64.6728515625], [23.6083984375, 64.306640625], [23.388671875, 64.0380859375], [23.193359375, 63.8427734375], [22.998046875, 63.50097656250001], [22.8759765625, 63.37890625000001], [22.802734375, 63.25683593750001]], {"i0": 0.11, "spread": 2.0, "falloff": 1.0}]]}