{"disk": {"mu": [61.58380404114723, 60.74463653564453], "roll": 2.4051749693913447, "rEff": 38.154219124296226, "axRatio": 0.5589259029250767, "i0": 0.09, "c": 2, "n": 1}, "bulge": {"mu": [60.67927271127701, 60.61701011657715], "roll": 3.926991455024333, "rEff": 7.153648305456569, "axRatio": 0.9757137619097944, "i0": 0.53, "c": 2, "n": 1.1}, "bar": null, "spiral": []}