{"disk": {"mu": [80.3076171875, 79.0625], "roll": -0.7469555733762603, "rEff": 60.36964989882126, "axRatio": 0.8334007762202424, "i0": 0.19, "c": 2, "n": 1}, "bulge": {"mu": [79.9951171875, 80.0], "roll": 0.9272952180016122, "rEff": 2.484375, "axRatio": 0.5, "i0": 1.23, "c": 2, "n": 0.5}, "bar": null, "spiral": []}