{"disk": {"mu": [37.49542236328125, 37.6190185546875], "roll": -4.175104266083919, "rEff": 21.47728869284825, "axRatio": 0.6808684164953113, "i0": 0.19, "c": 2, "n": 1}, "bulge": {"mu": [37.90791481733322, 37.77804672718048], "roll": 1.4000610283080366, "rEff": 4.190025069580016, "axRatio": 0.8852744765541489, "i0": 0.37, "c": 2, "n": 0.5}, "bar": null, "spiral": [[[[41.9384765625, 37.8955078125], [42.0556640625, 37.8955078125], [42.3046875, 37.5439453125], [42.7734375, 36.826171875], [43.0078125, 36.240234375], [42.890625, 35.4052734375], [42.3046875, 34.453125], [41.4697265625, 33.6181640625], [40.166015625, 32.7978515625], [39.3310546875, 32.431640625], [38.49609375, 32.197265625], [37.55859375, 32.080078125], [36.6064453125, 32.080078125], [35.771484375, 32.080078125], [35.0537109375, 32.080078125], [33.9990234375, 32.080078125], [33.28125, 32.197265625], [32.6806640625, 32.5634765625], [32.4462890625, 32.6806640625], [32.4462890625, 32.9150390625], [32.3291015625, 32.9150390625]], {"i0": 0.31, "spread": 0.04, "falloff": 1.0}], [[[33.6328125, 39.43359375], [33.6328125, 39.55078125], [33.6328125, 40.2685546875], [34.1162109375, 41.103515625], [34.8193359375, 41.689453125], [35.888671875, 42.1728515625], [36.9580078125, 42.8759765625], [38.02734375, 43.359375], [38.7451171875, 43.828125], [39.4482421875, 44.296875], [40.400390625, 44.8974609375], [40.986328125, 45.3662109375], [41.7041015625, 45.615234375], [42.0556640625, 45.849609375], [42.1728515625, 45.849609375]], {"i0": 0.17, "spread": 0.74, "falloff": 1.0}]]}