{"disk": {"mu": [99.39218139648438, 98.80899047851562], "roll": 2.26355291012975, "rEff": 69.36783231131002, "axRatio": 0.9176648877777929, "i0": 0.19, "c": 2, "n": 1}, "bulge": {"mu": [97.844482421875, 97.56185913085938], "roll": -4.172186196140475, "rEff": 3.1950629935179817, "axRatio": 0.5441555140265703, "i0": 0.53, "c": 2, "n": 0.84}, "bar": null, "spiral": [[[[183.6734375, 163.23125]], {"i0": 0.75, "spread": 1.0, "falloff": 1.0}]]}