{"disk": {"mu": [77.16651916503906, 77.67147064208984], "roll": -2.233974941474419, "rEff": 61.17235513189735, "axRatio": 0.9031486647831829, "i0": 0.26, "c": 2, "n": 1}, "bulge": {"mu": [76.6946792602539, 77.54730224609375], "roll": -1.9817018952848717, "rEff": 8.567203419491298, "axRatio": 0.9772853550922338, "i0": 0.05, "c": 2, "n": 5.0}, "bar": null, "spiral": []}