{"disk": {"mu": [51.89208984375, 50.984375], "roll": -0.6844438340626098, "rEff": 27.790476928440007, "axRatio": 0.5, "i0": 0.21, "c": 2, "n": 1}, "bulge": {"mu": [51.68896484375, 51.59375], "roll": -0.6857295109062863, "rEff": 4.388161987096647, "axRatio": 0.5, "i0": 0.87, "c": 2, "n": 1.05}, "bar": null, "spiral": [[[[46.0078125, 46.109375], [45.8046875, 46.109375], [45.3984375, 46.109375], [44.7890625, 46.109375], [44.3828125, 46.109375], [44.1796875, 46.109375], [43.9765625, 46.109375], [43.7734375, 46.109375], [43.5703125, 46.109375], [43.3671875, 46.109375], [43.1640625, 46.109375], [43.1640625, 46.3125], [42.9609375, 46.3125], [42.7578125, 46.515625], [42.5546875, 46.515625], [42.3515625, 46.515625], [42.1484375, 46.71875], [41.9453125, 46.71875], [41.7421875, 46.71875], [41.5390625, 46.71875], [41.5390625, 46.921875], [41.3359375, 46.921875], [41.3359375, 47.125], [41.1328125, 47.125], [41.1328125, 47.328125], [41.1328125, 47.53125], [40.9296875, 47.53125], [40.9296875, 47.734375], [40.7265625, 47.734375], [40.7265625, 47.9375], [40.7265625, 48.140625], [40.7265625, 48.34375], [40.5234375, 48.34375], [40.5234375, 48.546875], [40.3203125, 48.546875], [40.3203125, 48.75], [40.1171875, 48.953125], [40.1171875, 49.15625], [40.1171875, 49.359375], [40.1171875, 49.5625], [39.9140625, 49.765625], [39.9140625, 49.96875], [39.9140625, 50.375], [39.9140625, 50.578125], [39.9140625, 50.78125], [39.9140625, 50.984375], [39.9140625, 51.1875], [39.7109375, 51.1875], [39.7109375, 51.390625], [39.7109375, 51.59375], [39.7109375, 51.796875], [39.7109375, 52.0], [39.7109375, 52.203125], [39.7109375, 52.40625], [39.7109375, 52.8125], [39.7109375, 53.015625], [39.9140625, 53.21875], [39.9140625, 53.421875], [39.9140625, 53.828125], [39.9140625, 54.234375], [39.9140625, 54.4375], [40.1171875, 54.84375], [40.1171875, 55.25], [40.3203125, 55.859375], [40.5234375, 56.265625], [40.7265625, 56.875], [40.7265625, 57.078125], [40.9296875, 57.28125], [40.9296875, 57.484375], [41.1328125, 57.6875], [41.1328125, 57.890625], [41.3359375, 58.09375], [41.5390625, 58.296875], [41.5390625, 58.5], [41.7421875, 58.5], [41.9453125, 58.703125], [41.9453125, 58.90625], [42.1484375, 59.109375], [42.3515625, 59.3125], [42.5546875, 59.515625], [42.7578125, 59.71875], [42.9609375, 59.921875], [43.1640625, 60.125], [43.3671875, 60.328125], [43.3671875, 60.53125], [43.5703125, 60.53125], [43.7734375, 60.734375], [43.9765625, 60.734375], [43.9765625, 60.9375], [44.3828125, 61.140625], [44.5859375, 61.140625], [44.5859375, 61.34375], [44.9921875, 61.34375], [44.9921875, 61.546875], [45.1953125, 61.546875], [45.3984375, 61.75], [45.6015625, 61.75], [45.8046875, 61.75], [45.8046875, 61.953125], [46.0078125, 61.953125], [46.2109375, 62.15625], [46.4140625, 62.359375], [46.6171875, 62.359375], [46.6171875, 62.5625], [46.8203125, 62.765625], [47.0234375, 62.765625], [47.0234375, 62.96875], [47.2265625, 62.96875], [47.2265625, 63.171875], [47.4296875, 63.171875], [47.6328125, 63.375], [47.6328125, 63.578125], [47.8359375, 63.578125], [47.8359375, 63.78125], [48.0390625, 63.78125], [48.0390625, 63.984375], [48.2421875, 63.984375], [48.4453125, 64.1875], [48.6484375, 64.390625], [48.8515625, 64.59375], [49.0546875, 64.59375], [49.2578125, 64.796875], [49.4609375, 65.0], [49.8671875, 65.203125], [49.8671875, 65.40625], [50.2734375, 65.609375], [50.2734375, 65.8125], [50.8828125, 65.8125], [51.4921875, 66.21875], [51.8984375, 66.625], [52.1015625, 66.828125], [52.5078125, 67.03125], [52.9140625, 67.234375], [53.1171875, 67.4375], [53.3203125, 67.4375], [53.5234375, 67.4375], [53.7265625, 67.640625], [54.1328125, 67.640625], [54.3359375, 67.84375], [54.5390625, 67.84375], [54.7421875, 68.046875], [54.9453125, 68.046875], [55.1484375, 68.046875], [55.3515625, 68.046875], [55.3515625, 68.25], [55.5546875, 68.25], [55.7578125, 68.25], [55.9609375, 68.25], [56.1640625, 68.453125], [56.3671875, 68.453125], [56.7734375, 68.65625], [56.9765625, 68.859375], [57.1796875, 68.859375], [57.5859375, 69.0625], [57.9921875, 69.265625], [58.3984375, 69.46875], [58.8046875, 69.671875], [59.2109375, 69.875], [59.4140625, 70.078125], [59.8203125, 70.28125], [60.2265625, 70.484375], [60.6328125, 70.6875], [61.0390625, 70.890625], [61.4453125, 71.09375], [61.6484375, 71.09375], [62.0546875, 71.5], [62.6640625, 71.703125], [63.0703125, 71.90625], [63.6796875, 72.109375], [63.8828125, 72.3125], [64.0859375, 72.515625], [64.4921875, 72.71875], [64.6953125, 72.71875], [64.8984375, 72.921875], [65.1015625, 73.125], [65.3046875, 73.328125], [65.5078125, 73.328125]], {"i0": 0.29, "spread": 1.12, "falloff": 1.0}], [[[61.2421875, 57.078125], [61.4453125, 57.078125], [61.8515625, 57.078125], [62.4609375, 57.078125], [63.0703125, 57.078125], [63.4765625, 57.078125], [63.6796875, 56.875], [63.8828125, 56.875], [63.8828125, 56.671875], [64.0859375, 56.46875], [64.0859375, 56.265625], [64.2890625, 56.265625], [64.4921875, 56.0625], [64.6953125, 55.859375], [64.6953125, 55.65625], [64.6953125, 55.453125], [64.6953125, 55.25], [64.6953125, 55.046875], [64.6953125, 54.84375], [64.6953125, 54.640625], [64.6953125, 54.4375], [64.6953125, 54.234375], [64.4921875, 54.03125], [64.4921875, 53.625], [64.2890625, 53.421875], [64.2890625, 53.21875], [64.2890625, 52.8125], [64.0859375, 52.40625], [64.0859375, 52.203125], [63.8828125, 52.0], [63.8828125, 51.796875], [63.6796875, 51.796875], [63.6796875, 51.59375], [63.4765625, 51.390625], [63.2734375, 51.390625], [63.0703125, 51.1875], [63.0703125, 50.984375], [62.8671875, 50.78125], [62.6640625, 50.78125], [62.2578125, 50.375], [62.0546875, 49.765625], [61.6484375, 49.15625], [61.2421875, 48.546875], [60.8359375, 48.34375], [60.4296875, 47.9375], [60.0234375, 47.53125], [59.8203125, 46.921875], [59.4140625, 46.515625], [59.0078125, 46.109375], [58.6015625, 45.5], [58.6015625, 45.296875], [58.1953125, 45.09375], [58.1953125, 44.890625], [57.9921875, 44.28125], [57.3828125, 42.65625], [57.1796875, 42.046875], [56.7734375, 41.234375], [56.3671875, 40.625], [56.3671875, 40.421875], [56.1640625, 40.015625], [55.7578125, 39.609375], [55.5546875, 39.40625], [55.1484375, 39.203125], [54.7421875, 38.59375], [54.1328125, 38.1875], [53.5234375, 37.78125], [53.1171875, 37.578125], [52.9140625, 37.578125], [52.7109375, 37.375], [52.5078125, 37.375], [52.3046875, 37.375], [52.3046875, 37.171875], [52.1015625, 37.171875], [51.8984375, 37.171875], [51.8984375, 36.96875], [51.6953125, 36.96875], [51.4921875, 36.96875], [51.2890625, 36.765625], [51.0859375, 36.765625], [50.8828125, 36.765625], [50.4765625, 36.5625], [49.8671875, 36.5625], [49.2578125, 36.15625], [48.8515625, 35.953125], [48.2421875, 35.953125], [47.8359375, 35.546875], [47.2265625, 35.34375], [46.8203125, 34.9375], [46.2109375, 34.734375], [46.0078125, 34.53125], [45.8046875, 34.328125], [45.3984375, 34.125], [44.7890625, 33.71875], [44.5859375, 33.515625], [44.1796875, 33.3125], [43.7734375, 32.90625], [43.3671875, 32.90625], [42.5546875, 32.5], [41.7421875, 32.296875], [40.9296875, 32.09375], [40.7265625, 32.09375], [40.3203125, 32.09375], [40.1171875, 32.09375], [39.9140625, 32.09375]], {"i0": 0.1, "spread": 1.0, "falloff": 1.0}]]}