{"disk": {"mu": [88.8153076171875, 87.609375], "roll": 0.20902294280626463, "rEff": 53.40878416164902, "axRatio": 0.637812912586916, "i0": 0.08, "c": 2, "n": 1}, "bulge": {"mu": [88.89786112308502, 88.65234375], "roll": -0.12435499454676144, "rEff": 4.204341442960376, "axRatio": 0.5, "i0": 0.5, "c": 2, "n": 1.0}, "bar": {"mu": [89.64835694432259, 88.74996027350426], "roll": 0.0, "rEff": 3.6063586050271987, "axRatio": 0.2366069717738964, "i0": 0.17, "c": 3.0, "n": 0.64}, "spiral": [[[[81.108203125, 87.12265624999999], [81.108203125, 86.70546875000001], [81.108203125, 86.18398437500001], [81.108203125, 85.627734375], [81.108203125, 85.2453125], [81.108203125, 84.4109375], [81.108203125, 84.028515625], [81.108203125, 83.611328125], [81.247265625, 83.333203125], [81.247265625, 83.08984375], [81.247265625, 82.67265625], [81.38632812499999, 82.25546874999999], [81.38632812499999, 81.873046875], [81.525390625, 81.594921875], [81.66445312500001, 81.31679687500001], [81.803515625, 81.03867187499999], [81.90781249999999, 80.79531250000001], [82.046875, 80.65625], [82.18593750000001, 80.378125], [82.4640625, 80.10000000000001], [82.60312499999999, 79.9609375], [82.7421875, 79.57851562500001], [82.985546875, 79.30039062499999], [83.263671875, 79.022265625], [83.541796875, 78.77890624999999], [83.680859375, 78.63984375], [83.81992187499999, 78.50078125], [84.06328125, 78.36171875000001], [84.48046875, 77.94453125], [84.75859375, 77.94453125], [85.03671874999999, 77.701171875], [85.280078125, 77.56210937499999], [85.419140625, 77.423046875], [85.83632812500001, 77.283984375], [86.114453125, 77.14492187500001], [86.496875, 77.005859375], [86.77499999999999, 77.005859375], [87.05312500000001, 77.005859375], [87.1921875, 76.86679687499999], [87.57460937500001, 76.86679687499999], [87.99179687499999, 76.727734375], [88.26992187500001, 76.727734375], [88.51328124999999, 76.62343750000001], [88.79140625000001, 76.484375], [89.06953125, 76.34531249999999], [89.34765625, 76.34531249999999], [89.730078125, 76.20625], [90.147265625, 76.0671875], [90.5296875, 76.0671875], [90.946875, 75.92812500000001], [91.225, 75.92812500000001], [91.885546875, 75.7890625], [92.302734375, 75.7890625], [92.68515625, 75.7890625], [92.96328125, 75.7890625], [93.38046875, 75.7890625], [93.65859375, 75.7890625], [93.901953125, 75.7890625], [94.180078125, 75.7890625], [94.458203125, 75.7890625], [94.736328125, 75.7890625], [94.9796875, 75.7890625], [95.396875, 75.7890625], [95.5359375, 75.7890625], [95.918359375, 75.7890625], [96.335546875, 75.7890625], [96.752734375, 75.7890625], [96.891796875, 75.7890625], [97.41328125, 75.7890625], [97.69140625, 75.7890625], [98.073828125, 75.7890625], [98.630078125, 75.7890625], [99.047265625, 75.92812500000001], [99.290625, 75.92812500000001], [99.56875, 76.0671875], [99.846875, 76.20625], [100.229296875, 76.34531249999999], [100.507421875, 76.34531249999999], [100.924609375, 76.62343750000001], [101.30703125, 76.86679687499999], [101.58515625, 76.86679687499999], [101.86328125, 77.14492187500001], [102.00234375, 77.14492187500001], [102.384765625, 77.283984375], [102.662890625, 77.56210937499999], [102.941015625, 77.701171875], [103.219140625, 77.80546875], [103.4625, 77.94453125], [103.8796875, 78.22265625], [104.1578125, 78.50078125], [104.296875, 78.50078125], [104.401171875, 78.77890624999999], [104.679296875, 78.88320312500001], [105.096484375, 79.161328125], [105.47890625, 79.57851562500001], [106.03515625, 79.9609375], [106.31328125, 80.378125], [106.556640625, 80.51718749999999], [106.834765625, 80.79531250000001], [106.973828125, 81.03867187499999], [107.112890625, 81.31679687500001], [107.391015625, 81.594921875], [107.530078125, 81.73398437499999], [107.634375, 81.873046875], [107.634375, 82.01210937500001], [107.9125, 82.25546874999999], [108.190625, 82.67265625], [108.46875, 83.194140625], [108.712109375, 83.611328125], [108.851171875, 83.889453125], [108.990234375, 84.028515625], [109.129296875, 84.16757812499999], [109.129296875, 84.4109375], [109.268359375, 84.55], [109.407421875, 84.68906249999999], [109.546484375, 84.828125], [109.546484375, 84.96718750000001], [109.685546875, 85.2453125], [109.78984375, 85.48867187500001], [109.92890625, 85.627734375], [109.92890625, 85.766796875], [110.06796875, 85.90585937499999], [110.06796875, 86.044921875], [110.06796875, 86.18398437500001]], {"i0": 0.13, "spread": 1.0,