{"disk": {"mu": [38.09642267227173, 35.41521316766739], "roll": -2.7121522283603303, "rEff": 27.242925482106095, "axRatio": 0.800811819770248, "i0": 0.21, "c": 2, "n": 1}, "bulge": {"mu": [37.084686279296875, 36.42694956064224], "roll": -1.2627427155678916, "rEff": 5.033720157158948, "axRatio": 0.8770590161003792, "i0": 0.5, "c": 2, "n": 1.0}, "bar": null, "spiral": []}