{"disk": {"mu": [43.23980712890625, 42.926513671875], "roll": -1.6492864294322285, "rEff": 10.8463719677813, "axRatio": 0.5, "i0": 0.2, "c": 2, "n": 1}, "bulge": {"mu": [43.06988525390625, 42.926513671875], "roll": -0.16514867741462672, "rEff": 3.355653739261884, "axRatio": 0.989812977147567, "i0": 1.57, "c": 2, "n": 0.5}, "bar": null, "spiral": []}