{"disk": {"mu": [69.5306396484375, 68.89892578125], "roll": 2.7651980954096187, "rEff": 33.56092687233947, "axRatio": 0.6126946164060806, "i0": 0.21, "c": 2, "n": 1}, "bulge": {"mu": [68.4525146484375, 67.55126953125], "roll": -0.43240777557053783, "rEff": 5.202359849910912, "axRatio": 0.6512443790102238, "i0": 0.46, "c": 2, "n": 1.18}, "bar": null, "spiral": [[[[81.3984375, 67.81406249999999], [81.12890625, 67.81406249999999], [83.015625, 67.81406249999999], [85.171875, 68.08359374999999], [85.98046875, 68.08359374999999], [87.328125, 68.08359374999999], [88.67578125, 68.08359374999999], [89.75390625, 68.35312499999999], [91.37109375, 68.62265624999999], [92.71875, 69.16171875], [94.60546875, 69.70078125], [95.4140625, 69.70078125], [95.953125, 69.9703125], [96.76171875, 70.23984375], [97.30078125, 70.509375], [98.109375, 71.0484375], [98.91796875, 71.31796875], [99.45703125, 71.31796875], [99.99609375, 71.85703125], [101.07421875, 72.665625], [101.61328125, 73.2046875], [102.15234375, 74.01328125], [102.421875, 74.01328125], [102.69140625, 74.2828125], [103.23046875, 75.09140625], [103.5, 75.63046875], [103.76953125, 76.4390625], [103.76953125, 76.70859375], [104.0390625, 77.24765625], [104.0390625, 77.78671875], [104.0390625, 78.05625], [104.0390625, 79.6734375], [104.0390625, 80.2125], [104.0390625, 80.48203125], [104.30859375, 80.48203125], [104.30859375, 80.7515625], [104.30859375, 81.8296875], [104.30859375, 83.17734375], [103.76953125, 85.603125], [103.23046875, 87.2203125], [102.15234375, 89.64609375], [101.61328125, 90.4546875], [100.8046875, 91.5328125], [99.45703125, 92.88046875], [98.37890625, 93.95859375], [97.5703125, 95.03671875], [95.953125, 96.11484375], [94.875, 96.9234375], [93.796875, 97.4625], [93.2578125, 97.73203125], [91.640625, 98.0015625], [90.5625, 98.27109375], [90.29296875, 98.27109375]], {"i0": 0.07, "spread": 1.68, "falloff": 1.0}], [[[61.18359375, 71.0484375], [60.9140625, 71.0484375], [59.8359375, 71.0484375], [59.02734375, 71.0484375], [58.48828125, 71.0484375], [57.94921875, 70.77890625], [56.87109375, 70.23984375], [56.6015625, 70.23984375], [55.79296875, 69.9703125], [54.4453125, 69.70078125], [53.90625, 69.43125], [53.3671875, 69.43125], [52.01953125, 68.89218749999999], [51.48046875, 68.89218749999999], [50.94140625, 68.62265624999999], [49.59375, 68.08359374999999], [48.78515625, 68.08359374999999], [47.70703125, 67.81406249999999], [46.08984375, 67.54453124999999], [45.55078125, 67.27499999999999], [44.47265625, 67.00546874999999], [43.125, 66.73593749999999], [42.5859375, 66.19687499999999], [41.5078125, 65.38828124999999], [40.69921875, 64.84921874999999], [40.16015625, 64.57968749999999], [39.890625, 64.04062499999999], [39.3515625, 63.23203125], [38.54296875, 62.15390625], [38.2734375, 61.61484375], [37.734375, 60.80625], [37.46484375, 60.2671875], [37.1953125, 59.99765625], [36.92578125, 59.1890625], [36.65625, 58.91953125], [36.65625, 58.65], [36.1171875, 58.38046875], [36.1171875, 57.84140625], [35.84765625, 57.84140625], [35.84765625, 57.571875], [35.84765625, 57.30234375], [35.84765625, 57.0328125], [35.84765625, 56.76328125], [35.84765625, 56.49375], [35.84765625, 56.22421875]], {"i0": 0.03, "spread": 2.0, "falloff": 1.0}]]}