{"disk": {"mu": [128.72955322265625, 126.005859375], "roll": 0.5585993153435628, "rEff": 52.154069520090275, "axRatio": 0.5904894299606055, "i0": 0.1, "c": 2, "n": 1}, "bulge": {"mu": [127.57716625928879, 127.52918243408203], "roll": 0.16748285872969135, "rEff": 10.238264811557482, "axRatio": 0.4090246143067449, "i0": 0.28, "c": 2, "n": 1.08}, "bar": {"mu": [127.33883544802669, 128.28145466744908], "roll": 0.2653673067759704, "rEff": 14.989523829669023, "axRatio": 0.37888525196689765, "i0": 0.07, "c": 2.32, "n": 0.96}, "spiral": [[[[112.4091796875, 134.8212890625], [112.4091796875, 135.1201171875], [112.1103515625, 135.4189453125], [112.1103515625, 135.7177734375], [112.1103515625, 136.0166015625], [112.1103515625, 136.3154296875], [112.1103515625, 136.962890625], [111.8115234375, 137.560546875], [111.8115234375, 137.859375], [111.8115234375, 138.158203125], [111.8115234375, 138.45703125], [111.8115234375, 138.755859375], [111.8115234375, 139.0546875], [111.8115234375, 139.353515625], [112.1103515625, 139.353515625], [112.1103515625, 139.7021484375], [112.4091796875, 140.0009765625], [112.7080078125, 140.0009765625], [113.0068359375, 140.2998046875], [113.3056640625, 140.5986328125], [113.654296875, 140.8974609375], [113.953125, 141.1962890625], [114.251953125, 141.1962890625], [114.849609375, 141.4951171875], [115.447265625, 141.7939453125], [115.74609375, 141.7939453125], [116.3935546875, 142.142578125], [116.9912109375, 142.44140625], [117.5888671875, 142.44140625], [118.1865234375, 142.740234375], [118.4853515625, 142.740234375], [119.431640625, 142.740234375], [120.328125, 143.0390625], [121.224609375, 143.0390625], [122.1708984375, 143.337890625], [122.7685546875, 143.337890625], [123.3662109375, 143.337890625], [123.9638671875, 143.337890625], [124.611328125, 143.337890625], [125.806640625, 143.337890625], [127.0517578125, 143.337890625], [128.2470703125, 143.0390625], [129.791015625, 142.740234375], [130.986328125, 142.740234375], [131.8828125, 142.44140625], [132.8291015625, 142.142578125], [133.4267578125, 142.142578125], [134.3232421875, 141.7939453125], [134.970703125, 141.4951171875], [135.8671875, 141.1962890625], [136.46484375, 140.8974609375], [137.4111328125, 140.5986328125], [138.3076171875, 140.2998046875], [139.2041015625, 140.0009765625], [139.8017578125, 139.7021484375], [140.748046875, 139.353515625], [141.046875, 139.353515625], [141.64453125, 139.0546875], [142.2421875, 139.0546875], [142.5908203125, 138.755859375], [143.1884765625, 138.45703125], [143.4873046875, 138.45703125], [144.0849609375, 138.158203125], [144.6826171875, 137.859375], [145.330078125, 137.859375], [145.927734375, 137.26171875], [146.82421875, 136.962890625], [147.123046875, 136.962890625], [148.0693359375, 136.6142578125], [148.6669921875, 136.0166015625], [149.5634765625, 135.7177734375], [150.1611328125, 135.4189453125], [150.80859375, 135.1201171875], [151.705078125, 134.8212890625], [152.302734375, 134.5224609375], [152.900390625, 134.2236328125], [153.5478515625, 133.875], [154.1455078125, 133.27734375], [154.7431640625, 132.978515625], [155.0419921875, 132.978515625], [155.3408203125, 132.6796875], [155.6396484375, 132.6796875], [155.98828125, 132.08203125], [156.5859375, 132.08203125], [156.884765625, 131.783203125], [157.482421875, 131.1357421875], [158.080078125, 130.5380859375], [158.4287109375, 130.2392578125], [159.0263671875, 129.6416015625], [159.6240234375, 129.3427734375], [159.9228515625, 129.0439453125], [160.2216796875, 128.6953125], [160.8193359375, 128.09765625], [161.16796875, 127.79882812500001], [161.466796875, 127.201171875], [161.765625, 126.90234375], [162.064453125, 126.603515625], [162.36328125, 125.9560546875], [162.662109375, 125.6572265625], [162.9609375, 125.3583984375], [163.259765625, 125.0595703125], [163.259765625, 124.4619140625], [163.55859375, 124.1630859375], [163.9072265625, 123.5654296875], [164.2060546875, 122.91796875], [164.5048828125, 122.3203125], [164.5048828125, 121.72265625], [164.8037109375, 120.7763671875], [164.8037109375, 120.1787109375], [164.8037109375, 119.5810546875], [165.1025390625, 118.9833984375], [165.1025390625, 118.3857421875], [165.1025390625, 118.037109375], [165.1025390625, 117.73828125], [165.4013671875, 117.140625], [165.4013671875, 116.54296875], [165.4013671875, 116.244140625], [165.4013671875, 115.9453125], [165.4013671875, 115.646484375], [165.4013671875, 115.2978515625], [165.4013671875, 114.9990234375], [165.4013671875, 114.7001953125], [165.7001953125, 114.4013671875], [165.7001953125, 114.1025390625], [165.7001953125, 113.8037109375], [165.7001953125, 113.5048828125], [165.7001953125, 113.2060546875]], {"i0": 0.07, "spread": 2.0,