{"disk": {"mu": [89.6844482421875, 90.25482177734375], "roll": 1.4706301619069715, "rEff": 55.74024686267994, "axRatio": 0.8350494400398202, "i0": 0.21, "c": 2, "n": 1}, "bulge": {"mu": [90.0321044921875, 88.51654052734375], "roll": -1.3078015951139772, "rEff": 5.359809765215489, "axRatio": 0.5669032636568849, "i0": 0.52, "c": 2, "n": 0.62}, "bar": {"mu": [68.65124511718751, 77.73919677734376], "roll": 1.717874682183299, "rEff": 4.377576329336071, "axRatio": 0.37550090283416754, "i0": 0.17, "c": 2.0, "n": 0.63}, "spiral": []}