{"disk": {"mu": [51.666484236717224, 50.40614050626755], "roll": -2.0451964653682517, "rEff": 13.340805763273258, "axRatio": 0.31522720448022823, "i0": 0.25, "c": 2, "n": 1}, "bulge": {"mu": [51.62993323802948, 50.31557768583298], "roll": -2.0235752801763756, "rEff": 4.410736357345118, "axRatio": 0.8882038976913444, "i0": 0.64, "c": 2, "n": 1.5}, "bar": null, "spiral": []}