{"disk": {"mu": [63.33522081375122, 63.1136871278286], "roll": -1.7601665000987623, "rEff": 10.308229051383494, "axRatio": 0.5, "i0": 0.16, "c": 2, "n": 1}, "bulge": {"mu": [63.19512292742729, 63.06431317329407], "roll": -0.7654000529632121, "rEff": 2.47122345694876, "axRatio": 0.5, "i0": 0.56, "c": 2, "n": 4.37}, "bar": null, "spiral": []}