{"disk": {"mu": [68.79433757066727, 69.25814074277878], "roll": 0.49934664878783547, "rEff": 53.10747675342027, "axRatio": 0.752004735351935, "i0": 0.2, "c": 2, "n": 1}, "bulge": {"mu": [68.25918132066727, 68.45540228486061], "roll": 2.356194490192345, "rEff": 4.025406751468789, "axRatio": 0.8835226340609272, "i0": 0.55, "c": 2, "n": 0.5}, "bar": null, "spiral": [[[[65.0482421875, 62.292187500000004], [64.7806640625, 62.559765625000004], [62.1048828125, 64.4328125], [61.5697265625, 65.235546875], [61.0345703125, 66.03828125], [60.7669921875, 66.305859375], [60.4994140625, 66.841015625], [59.9642578125, 67.376171875], [59.9642578125, 67.64375], [59.6966796875, 67.911328125], [59.1615234375, 68.7140625], [58.8939453125, 69.24921875], [58.6263671875, 69.784375], [58.3587890625, 70.31953125], [58.0912109375, 70.8546875], [58.0912109375, 71.38984375], [58.0912109375, 71.925], [58.0912109375, 72.9953125], [58.6263671875, 73.53046875], [59.1615234375, 74.333203125], [59.4291015625, 74.60078125], [59.4291015625, 74.868359375], [59.6966796875, 75.403515625], [59.9642578125, 75.67109375], [60.2318359375, 75.938671875], [60.4994140625, 76.473828125], [60.7669921875, 77.008984375], [61.0345703125, 77.2765625], [61.3021484375, 77.544140625], [61.5697265625, 77.81171875], [61.8373046875, 78.079296875], [62.3724609375, 78.346875], [62.9076171875, 78.88203125], [63.7103515625, 79.149609375], [63.9779296875, 79.4171875], [65.0482421875, 79.684765625], [67.4564453125, 79.95234375], [69.06191406250001, 80.4875], [70.39980468750001, 80.755078125], [75.21621093750001, 80.4875], [76.01894531250001, 80.4875], [76.82167968750001, 80.4875], [78.42714843750001, 79.95234375], [79.22988281250001, 79.684765625], [80.03261718750001, 79.684765625], [80.30019531250001, 79.4171875], [81.63808593750001, 78.346875], [82.17324218750001, 78.079296875], [82.70839843750001, 77.2765625], [82.97597656250001, 77.008984375], [84.58144531250001, 75.938671875], [85.11660156250001, 75.403515625], [85.11660156250001, 74.868359375], [85.65175781250001, 74.60078125], [86.18691406250001, 74.333203125], [86.98964843750001, 73.53046875], [88.32753906250001, 72.192578125], [88.59511718750001, 72.192578125], [88.86269531250001, 71.657421875], [89.39785156250001, 71.122265625], [89.93300781250001, 70.051953125], [90.20058593750001, 69.516796875], [90.73574218750001, 68.7140625], [90.73574218750001, 68.446484375], [91.00332031250001, 67.64375], [91.27089843750001, 67.10859375], [91.53847656250001, 66.841015625], [91.53847656250001, 66.305859375], [91.53847656250001, 65.503125], [91.53847656250001, 64.96796875], [91.80605468750001, 64.165234375], [91.80605468750001, 63.362500000000004], [91.80605468750001, 62.827343750000004], [91.80605468750001, 61.757031250000004], [91.80605468750001, 61.489453125000004], [91.80605468750001, 60.954296875000004], [91.80605468750001, 60.151562500000004], [91.80605468750001, 59.348828125000004], [91.80605468750001, 59.081250000000004], [91.80605468750001, 58.278515625000004], [91.80605468750001, 57.743359375000004], [91.80605468750001, 57.475781250000004], [91.80605468750001, 57.208203125000004], [91.80605468750001, 56.137890625000004], [91.80605468750001, 55.870312500000004], [91.80605468750001, 55.602734375000004], [91.80605468750001, 55.335156250000004], [91.53847656250001, 54.800000000000004], [91.27089843750001, 54.264843750000004]], {"i0": 0.08, "spread": 0.28, "falloff": 0.72}], [[[70.93496093750001, 55.602734375000004], [72.54042968750001, 55.602734375000004], [74.41347656250001, 55.602734375000004], [74.94863281250001, 55.602734375000004], [74.94863281250001, 55.870312500000004], [75.75136718750001, 56.137890625000004], [76.01894531250001, 56.405468750000004], [76.55410156250001, 56.673046875000004], [77.08925781250001, 57.208203125000004], [77.35683593750001, 57.475781250000004], [77.62441406250001, 58.010937500000004], [78.15957031250001, 58.278515625000004], [78.15957031250001, 58.813671875000004], [78.42714843750001, 59.081250000000004], [78.69472656250001, 59.348828125000004], [78.96230468750001, 59.616406250000004], [78.96230468750001, 60.151562500000004], [78.96230468750001, 60.686718750000004], [78.96230468750001, 61.221875000000004], [79.22988281250001, 61.489453125000004], [79.22988281250001, 62.024609375000004], [79.22988281250001, 62.559765625000004], [79.22988281250001, 62.827343750000004], [79.22988281250001, 63.094921875000004], [79.22988281250001, 63.362500000000004], [79.22988281250001, 63.630078125000004], [78.96230468750001, 63.897656250000004], [78.96230468750001, 64.4328125], [78.96230468750001, 64.96796875], [78.96230468750001, 65.235546875], [78.69472656250001, 65.235546875], [78.42714843750001, 65.235546875], [78.42714843750001, 65.770703125], [78.42714843750001, 66.03828125], [77.89199218750001, 66.305859375], [77.62441406250001, 66.5734375], [77.35683593750001, 66.841015625], [77.08925781250001, 67.10859375], [76.01894531250001, 67.911328125], [75.75136718750001, 67.911328125], [75.48378906250001, 68.17890625], [75.21621093750001, 68.17890625], [74.94863281250001, 68.17890625], [74.68105468750001, 68.446484375], [74.68105468750001, 68.7140625], [74.41347656250001, 68.7140625], [74.14589843750001, 68.981640625], [73.87832031250001, 68.981640625], [73.87832031250001, 69.24921875], [73.07558593750001, 69.516796875], [72.80800781250001, 69.516796875], [72.54042968750001, 69.516796875]], {"i0": 0.1, "spread": 0.29, "falloff": 0.72}]]}