{"disk": {"mu": [77.38373291492462, 76.98572188615799], "roll": -4.215720518081007, "rEff": 50.01623498356704, "axRatio": 0.7160643849721753, "i0": 0.2, "c": 2, "n": 1}, "bulge": {"mu": [78.22361278533936, 75.83823609352112], "roll": -1.21634749443935, "rEff": 7.501940005460691, "axRatio": 0.5869206341370236, "i0": 0.46, "c": 2, "n": 1.0}, "bar": null, "spiral": []}