{"disk": {"mu": [76.73932230472565, 76.6290352344513], "roll": 0.0, "rEff": 58.953125, "axRatio": 0.784, "i0": 0.15, "c": 2, "n": 1}, "bulge": {"mu": [78.24322855472565, 76.3282539844513], "roll": -1.4920123658057527, "rEff": 7.223108132687519, "axRatio": 0.5, "i0": 0.44, "c": 2, "n": 1.22}, "bar": null, "spiral": []}