{"disk": {"mu": [120.59036362171173, 121.64596450328827], "roll": 1.0138948026893109, "rEff": 59.609803724396166, "axRatio": 0.8862794050857175, "i0": 0.2, "c": 2, "n": 1}, "bulge": {"mu": [122.00833237171173, 121.17330825328827], "roll": 1.3909428270024184, "rEff": 3.6462756922159656, "axRatio": 0.5, "i0": 0.49, "c": 2, "n": 0.86}, "bar": null, "spiral": [[[[123.41054687500001, 120.71640625], [123.88320312500001, 120.71640625], [126.24648437500001, 120.24375], [127.66445312500001, 119.77109375], [130.50039062500002, 123.07968749999999], [130.50039062500002, 130.64218749999998], [126.24648437500001, 137.25937499999998], [121.04726562500001, 143.87656249999998]], {"i0": 0.1, "spread": 0.72, "falloff": 0.58}], [[[121.04726562500001, 120.71640625], [120.574609375, 120.71640625], [119.629296875, 120.24375], [118.683984375, 120.24375], [117.266015625, 120.24375], [116.793359375, 119.77109375], [115.848046875, 119.77109375], [114.902734375, 115.04453125], [118.211328125, 109.8453125], [123.41054687500001, 106.53671875], [130.50039062500002, 107.48203125], [135.69960937500002, 111.7359375]], {"i0": 0.05, "spread": 0.31, "falloff": 0.58}]]}