{"disk": {"mu": [48.23539924621582, 47.25597381591797], "roll": -2.8918565152127504, "rEff": 26.61252075466887, "axRatio": 0.5, "i0": 0.22, "c": 2, "n": 1}, "bulge": {"mu": [48.323015213012695, 47.02134132385254], "roll": -0.5769324255173605, "rEff": 4.319120208944245, "axRatio": 0.8702131988333329, "i0": 0.57, "c": 2, "n": 0.5}, "bar": null, "spiral": [[[[55.03125, 46.931250000000006], [55.275000000000006, 46.931250000000006], [57.150000000000006, 45.806250000000006], [57.65625, 45.5625], [57.65625, 45.056250000000006], [57.918749999999996, 43.8], [58.03125, 42.806250000000006], [58.03125, 41.925], [57.525000000000006, 40.556250000000006], [57.28125, 39.675], [56.662499999999994, 38.79375], [56.025000000000006, 38.306250000000006], [54.900000000000006, 37.425], [53.90625, 36.806250000000006], [53.287499999999994, 36.54375], [52.275000000000006, 36.431250000000006], [51.28125, 36.431250000000006], [50.400000000000006, 36.3], [49.143750000000004, 36.3], [48.018750000000004, 36.431250000000006], [47.15625, 36.806250000000006], [46.14375, 37.181250000000006], [45.525000000000006, 37.425], [44.64375, 38.04375], [43.7625, 38.41875], [42.900000000000006, 38.79375], [42.150000000000006, 39.1875], [41.381249999999994, 39.806250000000006], [40.89375, 40.6875], [40.14375, 40.6875], [39.01875, 40.931250000000006], [37.631249999999994, 41.681250000000006], [37.256249999999994, 42.056250000000006], [37.14375, 42.431250000000006], [36.6375, 42.806250000000006], [36.39375, 43.181250000000006], [36.131249999999994, 43.556250000000006], [35.756249999999994, 43.6875], [34.5, 44.306250000000006], [33.506249999999994, 44.8125], [33.0, 45.1875], [32.625, 45.693749999999994], [32.1375, 46.181250000000006], [31.762500000000003, 46.556250000000006], [31.387500000000003, 46.818749999999994], [31.125, 46.931250000000006], [30.881249999999998, 47.306250000000006], [30.506249999999998, 47.681250000000006], [30.131249999999998, 48.056250000000006], [29.493750000000002, 48.5625], [29.118750000000002, 48.9375], [28.743750000000002, 49.3125], [28.5, 49.443749999999994], [28.5, 49.6875], [28.368750000000002, 50.0625], [28.368750000000002, 50.193749999999994], [28.125, 50.568749999999994], [27.993750000000002, 50.8125]], {"i0": 0.09, "spread": 0.0, "falloff": 1.81}], [[[42.75, 46.78125], [42.618750000000006, 46.78125], [41.381249999999994, 47.64375], [40.631249999999994, 48.393750000000004], [40.743750000000006, 49.518750000000004], [40.743750000000006, 50.025000000000006], [40.875, 51.018750000000004], [41.118750000000006, 52.275000000000006], [41.25, 52.912499999999994], [41.25, 53.15625], [41.25, 53.90625], [41.25, 54.412499999999994], [41.625, 55.78125], [41.868750000000006, 56.662499999999994], [42.506249999999994, 57.412499999999994], [43.368750000000006, 57.787499999999994], [44.625, 58.40625], [46.125, 58.537499999999994], [48.131249999999994, 58.40625], [50.268750000000004, 58.162499999999994], [51.881249999999994, 57.65625], [53.643750000000004, 56.662499999999994], [54.900000000000006, 56.025000000000006], [56.137499999999996, 55.275000000000006], [56.887499999999996, 54.900000000000006], [57.768750000000004, 54.150000000000006], [58.762499999999996, 53.287499999999994], [59.775000000000006, 52.537499999999994], [61.143750000000004, 51.018750000000004], [61.893750000000004, 49.893750000000004], [62.15625, 49.03125], [62.775000000000006, 48.28125], [62.90625, 47.90625], [63.018750000000004, 47.400000000000006]], {"i0": 0.16, "spread": 0.07, "falloff": 1.81}]]}