{"disk": {"mu": [101.89819586277008, 101.14466285705566], "roll": 0.3733764203206976, "rEff": 52.75241830038297, "axRatio": 0.6232380208814978, "i0": 0.1, "c": 2, "n": 1}, "bulge": {"mu": [102.68593919277191, 101.48911893367767], "roll": -0.9097525644849028, "rEff": 5.714454383673848, "axRatio": 0.6360758531409885, "i0": 0.54, "c": 2, "n": 1.32}, "bar": null, "spiral": [[[[107.61796875, 105.26718749999999], [108.01640625, 105.06796874999999], [108.6140625, 105.06796874999999], [108.81328125, 105.06796874999999], [109.0125, 105.06796874999999], [109.21171875, 105.06796874999999], [109.4109375, 105.06796874999999], [109.61015625, 105.06796874999999], [109.84921874999999, 105.06796874999999], [110.04843749999999, 105.06796874999999], [110.04843749999999, 104.86874999999999], [110.44687499999999, 104.66953124999999], [110.64609374999999, 104.47031249999999], [111.04453124999999, 104.47031249999999], [111.24374999999999, 104.47031249999999], [111.44296874999999, 104.27109374999999], [111.64218749999999, 104.07187499999999], [111.64218749999999, 103.87265624999999], [111.84140624999999, 103.67343749999999], [112.04062499999999, 103.434375], [112.27968750000001, 103.434375], [112.47890625000001, 103.23515625], [112.67812500000001, 103.0359375], [112.67812500000001, 102.83671875], [112.67812500000001, 102.43828125], [112.87734375000001, 102.2390625], [113.07656250000001, 102.03984375], [113.27578125000001, 101.4421875], [113.27578125000001, 101.24296875], [113.47500000000001, 100.8046875], [113.67421875000001, 100.40625], [113.67421875000001, 99.80859375], [113.67421875000001, 99.41015625], [113.67421875000001, 99.01171875], [113.67421875000001, 98.4140625], [113.67421875000001, 98.175], [113.67421875000001, 97.97578125], [113.67421875000001, 97.57734375], [113.67421875000001, 97.378125], [113.47500000000001, 97.17890625], [113.27578125000001, 96.78046875], [113.07656250000001, 96.38203125], [112.87734375000001, 96.38203125], [112.87734375000001, 96.1828125], [112.87734375000001, 95.98359375], [112.87734375000001, 95.74453125000001], [112.67812500000001, 95.54531250000001], [112.47890625000001, 95.34609375000001], [112.04062499999999, 95.34609375000001], [111.84140624999999, 95.14687500000001], [111.64218749999999, 94.94765625000001], [111.24374999999999, 94.54921875000001], [111.04453124999999, 94.54921875000001], [110.84531249999999, 94.35000000000001], [110.64609374999999, 94.35000000000001], [110.64609374999999, 94.15078125000001], [110.44687499999999, 93.95156250000001], [110.24765624999999, 93.75234375000001], [110.04843749999999, 93.55312500000001], [109.84921874999999, 93.55312500000001], [109.61015625, 93.35390625000001], [109.61015625, 92.91562499999999], [109.21171875, 92.71640624999999], [109.0125, 92.51718749999999], [108.81328125, 92.51718749999999], [108.6140625, 92.11874999999999], [108.41484375, 91.91953124999999], [108.01640625, 91.72031249999999], [107.8171875, 91.52109374999999], [107.41875, 91.52109374999999], [106.98046875, 91.12265624999999], [106.78125, 90.92343749999999], [106.3828125, 90.48515625], [105.984375, 90.48515625], [105.78515625, 90.48515625], [105.38671875, 90.2859375], [104.98828125, 90.08671875], [104.58984375, 89.68828125], [104.1515625, 89.68828125], [103.753125, 89.4890625], [103.55390625, 89.4890625], [103.3546875, 89.28984375], [103.15546875, 89.090625], [102.5578125, 88.89140625], [102.159375, 88.6921875], [101.52187500000001, 88.49296875], [101.32265625000001, 88.49296875], [100.92421875000001, 88.09453125], [100.52578125000001, 87.85546875], [100.32656250000001, 87.85546875], [99.92812500000001, 87.65625], [99.29062499999999, 87.45703125], [98.89218749999999, 87.45703125], [98.49374999999999, 87.2578125], [98.09531249999999, 87.05859375], [97.49765624999999, 86.859375], [97.29843749999999, 86.66015625], [96.6609375, 86.4609375], [96.06328125, 86.4609375], [95.8640625, 86.4609375], [95.465625, 86.26171875], [95.0671875, 86.26171875], [94.2703125, 86.0625], [93.6328125, 85.86328125], [93.234375, 85.86328125], [92.8359375, 85.6640625], [92.4375, 85.6640625], [92.0390625, 85.6640625], [91.4015625, 85.6640625], [90.80390625, 85.6640625], [90.40546875, 85.6640625], [90.00703125, 85.6640625], [89.409375, 85.6640625], [89.409375, 85.86328125], [88.97109375000001, 86.0625], [88.37343750000001, 86.26171875], [87.97500000000001, 86.4609375], [87.77578125000001, 86.4609375], [87.37734375000001, 86.4609375], [87.17812500000001, 86.66015625], [86.77968750000001, 87.05859375], [86.58046875000001, 87.2578125], [86.14218749999999, 87.45703125], [85.94296874999999, 87.45703125], [85.54453124999999, 87.65625], [85.34531249999999, 87.85546875], [85.14609374999999, 88.09453125], [84.54843749999999, 88.09453125], [84.34921874999999, 88.29375], [84.14999999999999, 88.29375], [83.95078124999999, 88.29375], [83.5125, 88.29375], [83.31328125, 88.29375], [83.1140625, 88.29375], [82.51640625, 88.29375], [82.3171875, 88.49296875], [82.11796875, 88.49296875], [81.71953125, 88.49296875], [81.28125, 88.49296875], [81.08203125, 88.49296875], [80.8828125, 88.49296875], [80.484375, 88.49296875], [80.28515625, 88.6921875], [79.88671875, 88.89140625], [79.2890625, 89.090625], [79.08984375, 89.28984375], [78.890625, 89.4890625], [78.45234375, 89.4890625], [78.253125, 89.68828125], [78.05390625, 89.8875], [77.65546875, 90.08671875], [77.25703125, 90.48515625], [77.0578125, 90.48515625], [76.85859375, 90.48515625], [76.2609375, 90.72421874999999], [76.2609375, 90.92343749999999], [76.02187500000001, 91.12265624999999], [75.82265625000001, 91.32187499999999], [75.62343750000001, 91.52109374999999], [75.42421875000001, 91.52109374999999], [75.22500000000001, 91.52109374999999], [75.22500000000001, 91.72031249999999], [75.02578125000001, 91.72031249999999], [74.62734375000001, 91.91953124999999], [74.42812500000001, 92.11874999999999], [74.42812500000001, 92.31796874999999], [74.22890625000001, 92.31796874999999], [74.22890625000001, 92.51718749999999], [73.83046875000001, 92.51718749999999], [73.39218749999999, 92.71640624999999], [73.19296874999999, 92.91562499999999], [73.19296874999999, 93.11484374999999], [73.19296874999999, 93.35390625000001], [72.99374999999999, 93.35390625000001], [72.59531249999999, 93.55312500000001], [72.39609374999999, 93.55312500000001], [72.19687499999999, 93.75234375000001], [72.19687499999999, 93.95156250000001]], {"i0": 0.09, "spread": 1.17,