{"disk": {"mu": [117.01575428247452, 118.30514693260193], "roll": 0.9392527945437159, "rEff": 72.47842442994214, "axRatio": 0.9521943674356365, "i0": 0.17, "c": 2, "n": 1}, "bulge": {"mu": [117.01575428247452, 116.48483443260193], "roll": -0.896055384571344, "rEff": 6.9046315164879735, "axRatio": 0.9402905622537189, "i0": 0.48, "c": 2, "n": 0.77}, "bar": null, "spiral": []}