{"disk": {"mu": [70.068359375, 69.48958277702332], "roll": 3.1075921561173723, "rEff": 33.78358810421582, "axRatio": 0.9804795796882092, "i0": 0.12, "c": 2, "n": 1}, "bulge": {"mu": [69.92849469184875, 69.34531629085541], "roll": 1.5167947626726612, "rEff": 4.376175928115845, "axRatio": 0.8096274629700214, "i0": 0.46, "c": 2, "n": 1.42}, "bar": {"mu": [70.02383232116699, 69.67901468276978], "roll": 1.5707963267948966, "rEff": 3.4437386989593506, "axRatio": 0.1834057663870627, "i0": 0.26, "c": 2.25, "n": 0.35}, "spiral": [[[[69.7265625, 81.56640625], [77.4921875, 81.4296875], [88.29296875, 71.6953125], [92.53125, 62.26171875]], {"i0": 0.33, "spread": 0.87, "falloff": 0.93}], [[[70.4921875, 58.0234375], [67.921875, 49.4921875], [54.6875, 47.05859375], [43.5859375, 61.1953125], [44.48828125, 75.33203125], [50.28515625, 80.80078125]], {"i0": 0.45, "spread": 1.21, "falloff": 0.93}], [[[60.45703125, 80.0625], [59.69140625, 88.8671875], [66.85546875, 94.63671875]], {"i0": 0.27, "spread": 1.94, "falloff": 0.93}], [[[71.72265625, 87.19921875], [71.859375, 87.19921875], [72.0234375, 87.19921875], [79.625, 86.59765625], [85.53125, 82.93359375]], {"i0": 0.19, "spread": 1.01, "falloff": 0.93}], [[[90.86328125, 54.5234375], [85.53125, 47.98828125], [75.5234375, 45.85546875]], {"i0": 0.24, "spread": 1.73, "falloff": 0.93}], [[[77.4921875, 58.625], [77.328125, 58.4609375], [75.9609375, 52.08984375]], {"i0": 0.35, "spread": 0.34, "falloff": 0.93}]]}