{"disk": {"mu": [40.54088509082794, 40.482160806655884], "roll": -0.9342881110069455, "rEff": 31.61943173987044, "axRatio": 0.9082803634332309, "i0": 0.21, "c": 2, "n": 1}, "bulge": {"mu": [41.02135384082794, 39.841535806655884], "roll": -0.07130746478529022, "rEff": 2.1804630862100614, "axRatio": 0.31252168987692674, "i0": 0.54, "c": 2, "n": 0.86}, "bar": null, "spiral": []}