{"disk": {"mu": [45.6976318359375, 44.6484375], "roll": 1.0821539241751703, "rEff": 19.659081793305393, "axRatio": 0.5, "i0": 0.13, "c": 2, "n": 1}, "bulge": {"mu": [45.6976318359375, 44.296875], "roll": -1.7681918866447774, "rEff": 5.877885950511707, "axRatio": 0.49049041552685296, "i0": 0.27, "c": 2, "n": 4.27}, "bar": {"mu": [46.22497558593749, 43.76953124999999], "roll": 1.2946993073994602, "rEff": 6.244686871158145, "axRatio": 0.21488167493288252, "i0": 0.22, "c": 2.36, "n": 0.5}, "spiral": [[[[43.76953125, 51.328125], [43.59375, 51.15234375], [40.60546875, 55.37109375], [40.60546875, 55.546875], [40.4296875, 56.07421875], [40.25390625, 57.12890625], [39.375, 59.4140625], [39.19921875, 60.1171875], [38.671875, 60.8203125], [38.49609375, 61.5234375], [36.5625, 62.9296875], [36.38671875, 62.9296875], [36.03515625, 63.10546875], [35.5078125, 63.28125], [33.046875, 62.578125]], {"i0": 0.36, "spread": 0.33, "falloff": 1.32}], [[[50.09765625, 32.34375], [51.50390625, 31.46484375], [52.55859375, 30.5859375], [52.734375, 30.5859375], [56.25, 29.70703125], [56.25, 29.53125], [57.3046875, 27.7734375], [59.4140625, 34.1015625], [59.58984375, 34.27734375], [59.765625, 34.98046875], [59.94140625, 35.33203125], [60.46875, 37.08984375]], {"i0": 0.37, "spread": 0.58, "falloff": 1.32}]]}