{"disk": {"mu": [42.30523681640625, 44.113311767578125], "roll": -1.09432890732119, "rEff": 29.935461571886037, "axRatio": 0.7975048364031259, "i0": 0.2, "c": 2, "n": 1}, "bulge": {"mu": [43.83453369140625, 43.773468017578125], "roll": -0.8253768505207383, "rEff": 3.0663493468545893, "axRatio": 0.7578337064326873, "i0": 0.5, "c": 2, "n": 0.78}, "bar": null, "spiral": [[[[46.048828125, 46.83046875], [46.048828125, 47.000390625], [46.048828125, 47.680078125], [46.048828125, 48.699609375], [46.048828125, 49.379296875], [46.048828125, 49.8890625], [46.21875, 50.058984375], [46.21875, 50.398828125], [46.21875, 50.56875], [46.21875, 50.738671875], [46.21875, 51.078515625], [46.21875, 51.2484375], [46.048828125, 51.418359375], [45.5390625, 51.758203125], [45.369140625, 51.928125], [45.19921875, 52.098046875], [44.859375, 52.098046875], [44.689453125, 52.26796875], [44.51953125, 52.437890625], [44.349609375, 52.437890625], [44.1796875, 52.437890625], [43.83984375, 52.437890625], [43.669921875, 52.437890625], [43.330078125, 52.437890625], [43.16015625, 52.437890625], [42.8203125, 52.26796875], [41.970703125, 52.26796875], [41.630859375, 52.098046875], [41.4609375, 52.098046875], [41.291015625, 52.098046875], [40.611328125, 51.758203125], [40.44140625, 51.758203125], [39.76171875, 51.58828125], [39.421875, 51.418359375], [38.912109375, 51.418359375], [38.572265625, 51.2484375], [38.0625, 51.078515625], [37.552734375, 50.90859375], [37.212890625, 50.738671875], [36.873046875, 50.56875], [36.36328125, 50.22890625], [35.513671875, 49.54921875], [35.173828125, 49.379296875], [34.6640625, 48.699609375], [33.814453125, 48.019921875], [33.474609375, 47.680078125], [33.3046875, 47.51015625], [32.96484375, 46.83046875], [32.455078125, 46.15078125], [32.455078125, 45.47109375], [32.28515625, 44.961328125], [32.115234375, 44.79140625], [32.115234375, 44.4515625], [31.9453125, 44.11171875], [31.775390625, 43.43203125], [31.775390625, 43.262109375], [31.60546875, 42.582421875], [31.60546875, 42.4125], [31.435546875, 41.902734375], [31.265625, 41.562890625], [31.265625, 41.053125], [31.095703125, 40.543359375], [31.095703125, 40.203515625], [31.095703125, 39.863671875], [30.92578125, 39.523828125], [30.92578125, 39.35390625], [30.755859375, 39.183984375], [30.755859375, 38.67421875], [30.5859375, 38.504296875], [30.5859375, 38.334375], [30.5859375, 37.99453125], [30.5859375, 37.6546875], [30.5859375, 37.484765625], [30.5859375, 37.144921875], [30.5859375, 36.805078125], [30.5859375, 36.63515625], [30.755859375, 36.465234375], [30.755859375, 36.125390625], [30.92578125, 35.785546875], [31.095703125, 35.445703125], [31.435546875, 35.105859375], [31.60546875, 34.9359375], [31.60546875, 34.59609375], [31.775390625, 34.426171875], [31.9453125, 34.426171875], [31.9453125, 34.25625], [32.115234375, 34.25625], [32.28515625, 34.086328125], [32.625, 33.746484375], [32.96484375, 33.5765625], [33.474609375, 33.23671875], [33.64453125, 33.23671875], [33.814453125, 32.896875], [33.984375, 32.896875], [34.154296875, 32.726953125], [34.494140625, 32.387109375], [34.833984375, 32.2171875], [35.173828125, 31.877343749999998], [35.68359375, 31.537499999999998], [35.853515625, 31.367578124999998], [36.193359375, 31.027734374999998], [36.36328125, 31.027734374999998]], {"i0": 0.0, "spread": 1.0, "falloff": 1.0}]]}