{"disk": {"mu": [29.996337890625, 28.7347412109375], "roll": -2.900896619526549, "rEff": 12.192132533036416, "axRatio": 0.6043080715839871, "i0": 0.32, "c": 2, "n": 1}, "bulge": {"mu": [30.054298639297485, 29.731133580207825], "roll": 2.0344434631683868, "rEff": 2.7410221957580494, "axRatio": 0.5, "i0": 0.67, "c": 2, "n": 0.5}, "bar": null, "spiral": []}