{"disk": {"mu": [70.07916611433029, 68.94798398017883], "roll": 1.4830224344676761, "rEff": 37.50266132249598, "axRatio": 0.9409060549504117, "i0": 0.17, "c": 2, "n": 1}, "bulge": {"mu": [69.80768173933029, 69.21946835517883], "roll": 0.5123894603107377, "rEff": 3.904491122188922, "axRatio": 0.9439012421308399, "i0": 0.61, "c": 2, "n": 0.54}, "bar": {"mu": [78.63092392683029, 51.16575741767883], "roll": 1.5707963267948966, "rEff": 10.935390625, "axRatio": 0.95, "i0": 0.14, "c": 2.18, "n": 0.59}, "spiral": []}