{"disk": {"mu": [71.54292273521423, 70.05947053432465], "roll": -0.5830765202252148, "rEff": 20.32288040551535, "axRatio": 0.7527804155263413, "i0": 0.1, "c": 2, "n": 1}, "bulge": {"mu": [71.95388543605804, 70.3525824546814], "roll": -1.5707963267948966, "rEff": 2.493757724761963, "axRatio": 0.763386660608639, "i0": 1.58, "c": 2, "n": 1.0}, "bar": null, "spiral": []}