{"disk": {"mu": [64.85468670725822, 66.26650840044022], "roll": -3.9342382609459365, "rEff": 41.684027991546024, "axRatio": 0.6258536077713626, "i0": 0.26, "c": 2, "n": 1}, "bulge": {"mu": [65.74176555871964, 65.26121717691422], "roll": -3.723525452058508, "rEff": 3.556338077727306, "axRatio": 0.9613683083983819, "i0": 0.26, "c": 2, "n": 5.0}, "bar": null, "spiral": [[[[66.93281250000001, 63.274023437500006], [69.133203125, 60.843359375000006], [70.2333984375, 58.284765625000006], [69.9775390625, 57.005468750000006], [68.34003906250001, 54.85625], [61.6876953125, 51.7859375], [56.621679687500006, 51.606835937499994], [55.470312500000006, 52.118554687499994], [53.653710937499994, 53.0908203125], [52.655859375000006, 54.165429687499994], [51.1974609375, 57.2869140625], [50.4298828125, 60.587500000000006], [50.455468749999994, 63.274023437500006], [51.06953125, 65.39765625], [51.734765624999994, 66.7025390625], [52.502343749999994, 67.95625000000001], [54.0119140625, 69.95195312499999], [54.933007812499994, 71.640625], [55.8029296875, 72.97109375], [56.724023437499994, 74.0201171875], [58.3615234375, 75.4017578125], [60.178124999999994, 76.22050781249999], [62.352929687499994, 76.73222656249999], [63.8625, 76.98808593749999], [65.19296875, 77.218359375], [65.960546875, 77.320703125], [67.2142578125, 77.55097656250001], [68.826171875, 77.5765625], [69.87519531250001, 77.525390625], [71.384765625, 77.3974609375], [72.38261718749999, 77.0904296875], [73.15019531249999, 76.65546875000001], [74.73652343750001, 75.5296875], [76.4251953125, 74.42949218749999], [78.01152343749999, 73.0990234375], [78.77910156249999, 72.0755859375], [79.52109375, 70.821875], [79.572265625, 70.25898437500001], [79.572265625, 70.054296875], [79.59785156250001, 69.1587890625], [79.776953125, 68.54472656249999], [80.083984375, 67.6748046875], [80.288671875, 66.983984375], [80.33984375, 66.574609375], [80.36542968750001, 66.21640625], [80.87714843750001, 64.732421875], [81.26093750000001, 63.529882812500006], [81.26093750000001, 63.3251953125]], {"i0": 0.08, "spread": 1.0, "falloff": 2.0}]]}