{"disk": {"mu": [56.1666259765625, 55.9820556640625], "roll": -4.706396007024911, "rEff": 31.52942240058338, "axRatio": 0.9498150516456745, "i0": 0.24, "c": 2, "n": 1}, "bulge": {"mu": [56.65966796875, 55.30615234375], "roll": 0.08351322492741216, "rEff": 12.5299146139522, "axRatio": 0.9180137396034312, "i0": 0.13, "c": 2, "n": 0.74}, "bar": null, "spiral": []}