{"disk": {"mu": [104.9871826171875, 103.60931396484375], "roll": 0.021502061986231134, "rEff": 61.32635758612184, "axRatio": 0.8118004638246941, "i0": 0.2, "c": 2, "n": 1}, "bulge": {"mu": [105.3973388671875, 103.60931396484375], "roll": -1.5707963267948966, "rEff": 4.568371056993936, "axRatio": 0.9055385138137417, "i0": 0.52, "c": 2, "n": 0.98}, "bar": {"mu": [104.9871826171875, 103.81439208984375], "roll": 1.6884324974731924, "rEff": 4.921875, "axRatio": 0.3076923076923077, "i0": 0.0, "c": 2.0, "n": 0.5}, "spiral": [[[[104.58984375, 94.9921875], [104.58984375, 94.58203125], [112.3828125, 98.2734375], [118.53515625, 104.8359375], [118.9453125, 104.8359375], [114.84375, 115.08984375000001], [110.7421875, 124.11328125000001], [98.4375, 133.546875], [97.6171875, 133.95703125], [86.54296875, 135.1875], [85.3125, 135.1875], [70.95703125, 129.03515625], [65.625, 125.75390625000001]], {"i0": 0.44, "spread": 0.0, "falloff": 1.26}], [[[105.41015625, 110.16796875000001], [91.875, 106.47656250000001], [86.54296875, 99.50390625], [96.38671875, 85.1484375], [101.71875, 79.81640625], [102.12890625, 79.81640625], [120.99609375, 83.09765625], [123.046875, 83.09765625], [136.58203125, 86.7890625], [136.9921875, 87.19921875], [137.8125, 88.01953125], [145.1953125, 97.453125], [145.60546875, 100.32421875], [150.52734375, 119.19140625000001], [150.52734375, 119.60156250000001], [149.296875, 122.06250000000001], [147.24609375, 124.93359375000001], [146.015625, 126.16406250000001], [144.78515625, 126.57421875000001]], {"i0": 0.05, "spread": 0.0, "falloff": 1.26}], [[[91.46484375, 115.50000000000001], [91.875, 115.50000000000001], [77.51953125, 115.91015625000001], [69.31640625, 113.44921875000001], [69.31640625, 113.03906250000001]], {"i0": 0.12, "spread": 1.0, "falloff": 1.26}], [[[91.46484375, 81.45703125], [80.80078125, 75.3046875]], {"i0": 0.28, "spread": 1.0, "falloff": 1.26}]]}