{"disk": {"mu": [53.7828369140625, 50.203125], "roll": -0.15264932839526504, "rEff": 36.605780268193634, "axRatio": 0.7949103066111478, "i0": 0.16, "c": 2, "n": 1}, "bulge": {"mu": [51.5914306640625, 50.80078125], "roll": 0.15494234260625694, "rEff": 2.797901553599157, "axRatio": 0.7521675430038238, "i0": 2.0, "c": 2, "n": 0.5}, "bar": null, "spiral": [[[[60.84140625, 44.2265625], [57.355078125, 40.102734375000004], [45.919921875, 39.56484375], [41.15859375, 44.007421875], [41.676562499999996, 51.737109374999996], [44.864062499999996, 57.355078125], [57.036328125000004, 60.6421875], [62.75390625, 60.004687499999996], [62.75390625, 60.104296874999996], [65.82187499999999, 57.135937500000004]], {"i0": 0.21, "spread": 1.12, "falloff": 1.22}]]}