{"disk": {"mu": [136.78579378128052, 135.82293558120728], "roll": -0.03332123297362619, "rEff": 49.11478863153217, "axRatio": 0.7758320199442484, "i0": 0.13, "c": 2, "n": 1}, "bulge": {"mu": [136.60490322113037, 134.97598028182983], "roll": -1.2329212969166847, "rEff": 6.150555906561651, "axRatio": 0.6418717404862162, "i0": 0.49, "c": 2, "n": 1.64}, "bar": {"mu": [137.28410410881042, 134.3585488796234], "roll": -1.0907901093483718, "rEff": 1.48188157081604, "axRatio": 0.3252028919067917, "i0": 0.17, "c": 1.5, "n": 2.0}, "spiral": [[[[140.56875000000002, 144.60625], [141.41875, 149.91875], [147.20937500000002, 151.034375], [152.14999999999998, 146.359375], [156.13437499999998, 140.675], [157.83437500000002, 129.678125], [154.859375, 119.63749999999999], [146.625, 114.75]], {"i0": 0.14, "spread": 1.71, "falloff": 1.02}], [[[144.28750000000002, 142.534375], [147.20937500000002, 139.39999999999998], [148.21875, 132.121875], [138.33749999999998, 128.296875], [127.7125, 126.59687500000001], [119.31875, 128.5625], [107.3125, 133.715625], [102.265625, 142.85312499999998], [102.265625, 150.92812500000002]], {"i0": 0.05, "spread": 1.69, "falloff": 1.02}]]}