{"disk": {"mu": [40.68438720703125, 41.598785400390625], "roll": -1.285241656025288, "rEff": 15.653305509306687, "axRatio": 0.8738475081246277, "i0": 0.2, "c": 2, "n": 1}, "bulge": {"mu": [40.94290980696678, 41.83541423082352], "roll": -1.367805710243758, "rEff": 2.9316879302211105, "axRatio": 0.981534002822947, "i0": 0.51, "c": 2, "n": 0.8}, "bar": null, "spiral": []}