{"disk": {"mu": [37.56866455078125, 38.0859375], "roll": 0.8297041248482244, "rEff": 28.192603839704343, "axRatio": 0.9996124218642269, "i0": 0.2, "c": 2, "n": 1}, "bulge": {"mu": [37.54396587610245, 37.99865394830704], "roll": -1.9713317405147635, "rEff": 3.0697998829286504, "axRatio": 0.8660991114508381, "i0": 0.53, "c": 2, "n": 0.5}, "bar": null, "spiral": []}