{"disk": {"mu": [113.74853706359863, 112.84291875362396], "roll": 2.4057406634824567, "rEff": 48.141041470679625, "axRatio": 0.5, "i0": 0.2, "c": 2, "n": 1}, "bulge": {"mu": [113.76862180233002, 112.94763958454132], "roll": -3.141592653589793, "rEff": 4.546441268920899, "axRatio": 0.5, "i0": 0.51, "c": 2, "n": 0.69}, "bar": null, "spiral": [[[[122.7109375, 111.67578125], [122.7109375, 111.4109375], [123.85859375000001, 107.217578125], [124.1234375, 105.540234375], [123.54960937499999, 104.43671875], [123.019921875, 103.598046875], [122.18125, 102.49453125], [120.76875000000001, 101.391015625], [120.23906249999999, 100.55234375], [119.09140625, 99.13984375], [117.14921874999999, 97.19765625], [113.83867187499999, 95.5203125], [111.32265625, 94.416796875], [109.6453125, 93.578125], [107.96796875, 93.0484375], [106.599609375, 92.474609375], [103.244921875, 92.474609375], [101.567578125, 92.474609375], [101.302734375, 92.474609375]], {"i0": 0.21, "spread": 0.06, "falloff": 1.49}], [[[105.49609375, 114.72148437499999], [105.49609375, 115.03046875000001], [105.187109375, 116.97265625], [105.187109375, 117.50234375], [105.7609375, 118.34101562500001], [106.290625, 120.01835937499999], [106.290625, 121.12187499999999], [106.864453125, 122.22539062499999], [107.129296875, 123.373046875], [108.276953125, 124.21171874999999], [109.071484375, 124.74140625000001], [110.483984375, 126.41874999999999], [111.0578125, 126.992578125], [111.896484375, 127.83125000000001], [113.26484375000001, 128.934765625], [114.94218749999999, 130.03828125], [116.884375, 131.406640625], [118.25273437499999, 132.554296875], [119.400390625, 132.819140625], [119.66523437500001, 133.39296875], [120.23906249999999, 133.39296875], [120.50390625, 133.6578125]], {"i0": 0.14, "spread": 0.19, "falloff": 1.49}]]}