{"disk": {"mu": [37.373046576976776, 37.553711235523224], "roll": 1.3460851583802542, "rEff": 10.518353361923579, "axRatio": 0.5068791276722319, "i0": 0.2, "c": 2, "n": 1}, "bulge": {"mu": [37.080077826976776, 37.114258110523224], "roll": 1.3734007669450161, "rEff": 2.1959644584906424, "axRatio": 0.6083640041667786, "i0": 1.22, "c": 2, "n": 4.21}, "bar": null, "spiral": []}