{"disk": {"mu": [124.30182218551636, 126.1957388818264], "roll": 0.011764142144745943, "rEff": 49.32209744998293, "axRatio": 0.6738862310466346, "i0": 0.28, "c": 2, "n": 1}, "bulge": {"mu": [126.88295596837997, 127.64481139183044], "roll": -3.180266175443911, "rEff": 3.9787089441836256, "axRatio": 0.7825103428441045, "i0": 0.31, "c": 2, "n": 1.03}, "bar": null, "spiral": [[[[135.98749999999998, 131.4908203125], [137.074609375, 131.4908203125], [140.68183593749998, 132.03437499999998], [142.806640625, 132.03437499999998], [144.3384765625, 132.03437499999998], [145.37617187499998, 131.78730468749998], [146.41386718750002, 131.4908203125], [147.5009765625, 131.24375], [148.538671875, 130.749609375], [149.57636718749998, 130.2060546875], [151.10820312500002, 128.9212890625], [153.480078125, 126.5494140625], [154.76484374999998, 125.2646484375], [155.55546875000002, 124.47402343750001], [156.34609375, 122.645703125], [156.8896484375, 121.36093749999999], [157.13671875, 119.53261718750001], [157.3837890625, 118.494921875], [157.3837890625, 117.704296875], [157.3837890625, 117.16074218749999], [157.630859375, 116.123046875], [157.630859375, 115.08535156250001], [157.92734375, 114.83828125000001], [157.3837890625, 112.21933593749999], [156.8896484375, 110.14394531250001], [156.8896484375, 108.0685546875], [155.30839843750002, 103.6212890625], [155.30839843750002, 102.83066406249999], [154.76484374999998, 101.5458984375], [153.480078125, 99.9646484375], [152.1953125, 98.6798828125], [150.61406250000002, 97.345703125], [149.82343749999998, 97.0986328125], [148.7857421875, 96.8515625], [148.2421875, 96.55507812500001], [147.9951171875, 96.55507812500001], [147.5009765625, 96.30800781250001], [147.2044921875, 96.30800781250001], [146.957421875, 96.30800781250001], [145.67265625000002, 96.55507812500001]], {"i0": 0.54, "spread": 1.62, "falloff": 0.82}]]}