{"disk": {"mu": [39.729034423828125, 39.222747802734375], "roll": 0.7487173756407965, "rEff": 20.01825190670197, "axRatio": 0.793468016780678, "i0": 0.19, "c": 2, "n": 1}, "bulge": {"mu": [39.266143798828125, 38.914154052734375], "roll": -0.2053953891897674, "rEff": 2.6913639059735943, "axRatio": 0.7115051655930247, "i0": 0.5, "c": 2, "n": 1.0}, "bar": {"mu": [39.651885986328125, 39.29989624023439], "roll": 0.7209713239718948, "rEff": 1.4101417351852374, "axRatio": 0.3077002156293486, "i0": 0.2, "c": 2.0, "n": 0.5}, "spiral": []}