{"disk": {"mu": [100.67605590820312, 101.7130885720253], "roll": 0.07820540085960119, "rEff": 51.92186876293086, "axRatio": 0.5500967202985917, "i0": 0.21, "c": 2, "n": 1}, "bulge": {"mu": [100.67958903312683, 102.13055390119553], "roll": 1.317580366574167, "rEff": 2.032939529967477, "axRatio": 0.6666051833828378, "i0": 0.97, "c": 2, "n": 1.0}, "bar": {"mu": [100.52663315832615, 101.30065976083279], "roll": 1.4733132604864154, "rEff": 6.366927057504654, "axRatio": 0.35409744613457966, "i0": 0.2, "c": 2.0, "n": 0.5}, "spiral": []}