{"disk": {"mu": [72.77435302734375, 73.6328125], "roll": -4.591765311804587, "rEff": 40.668946932873816, "axRatio": 0.6761340875919419, "i0": 0.21, "c": 2, "n": 1}, "bulge": {"mu": [72.85270750522614, 73.2109808921814], "roll": 1.7766299309963867, "rEff": 4.254809904950587, "axRatio": 0.5, "i0": 0.47, "c": 2, "n": 1.49}, "bar": null, "spiral": [[[[83.4599609375, 69.44140625], [78.333984375, 57.6318359375], [61.3984375, 62.248046875]], {"i0": 0.15, "spread": 2.0, "falloff": 0.85}], [[[57.376953125, 94.6748046875], [70.7158203125, 106.4560546875], [85.4423828125, 108.63671875]], {"i0": 0.13, "spread": 2.0, "falloff": 0.85}]]}