{"disk": {"mu": [65.89686048030853, 63.93400892615318], "roll": 0.4482642579434914, "rEff": 30.077770031577444, "axRatio": 0.5, "i0": 0.24, "c": 2, "n": 1}, "bulge": {"mu": [64.70597290992737, 65.42261838912964], "roll": 0.3826225787078462, "rEff": 2.9732774563047006, "axRatio": 0.5026912100926603, "i0": 0.5, "c": 2, "n": 1.0}, "bar": {"mu": [64.11052912473679, 65.37894487380981], "roll": 0.4575684250945522, "rEff": 4.421175295114518, "axRatio": 0.26190490831120694, "i0": 0.19, "c": 1.79, "n": 2.0}, "spiral": [[[[42.378515625, 76.08984375], [42.378515625, 75.78750000000001], [42.983203124999996, 75.1828125], [43.2603515625, 74.6033203125], [43.562695312500004, 73.99863281249999], [44.4697265625, 73.39394531250001], [44.4697265625, 73.0916015625], [45.3515625, 72.51210937500001], [45.956250000000004, 71.907421875], [45.956250000000004, 71.60507812499999], [46.5357421875, 71.3279296875], [46.838085937500004, 71.0255859375], [47.4427734375, 70.4208984375], [47.7451171875, 70.11855468750001], [48.022265624999996, 70.11855468750001], [48.324609375, 69.5390625], [48.626953125, 68.63203125], [48.929296875, 68.32968749999999], [49.533984374999996, 68.0525390625], [49.8111328125, 67.44785156249999], [49.8111328125, 67.1455078125], [50.415820312499996, 66.84316406250001], [50.7181640625, 66.5408203125], [50.7181640625, 65.96132812500001], [51.0205078125, 65.658984375], [51.6, 65.356640625], [51.6, 65.05429687499999], [51.6, 64.7771484375], [52.507031250000004, 64.17246093749999], [52.809374999999996, 63.8701171875], [53.0865234375, 63.5677734375], [53.388867187500004, 63.290625], [53.9935546875, 62.6859375], [54.2958984375, 62.081250000000004], [54.573046874999996, 62.081250000000004], [54.875390625, 62.081250000000004], [55.177734375, 61.77890625], [55.480078125, 61.501757812499996], [55.782421875000004, 61.501757812499996], [55.782421875000004, 61.199414062500004], [56.3619140625, 60.8970703125], [56.664257812500004, 60.8970703125], [57.2689453125, 60.5947265625], [57.848437499999996, 60.015234375], [58.453125, 60.015234375], [58.75546875, 59.410546875], [59.057812500000004, 59.410546875], [59.3349609375, 59.108203124999996], [59.6373046875, 59.108203124999996], [60.241992187499996, 58.503515625], [61.426171875, 58.226367187499996], [61.728515625, 57.6216796875], [62.9126953125, 57.3193359375], [63.8197265625, 56.73984375], [64.1220703125, 56.73984375], [64.39921875, 56.73984375], [65.00390625, 56.4375], [65.30624999999999, 56.4375], [65.60859375, 56.4375], [66.18808593749999, 56.4375], [66.18808593749999, 56.13515625], [66.7927734375, 55.832812499999996], [67.674609375, 55.832812499999996], [68.279296875, 55.832812499999996], [69.1611328125, 55.832812499999996], [69.7658203125, 55.832812499999996], [70.37050781250001, 55.832812499999996], [70.95, 55.832812499999996], [71.25234375000001, 55.832812499999996], [71.85703124999999, 55.832812499999996], [72.159375, 55.832812499999996], [72.159375, 56.13515625], [72.4365234375, 56.4375], [72.73886718749999, 56.4375], [72.73886718749999, 56.73984375], [73.0412109375, 56.73984375], [73.0412109375, 57.0169921875], [73.3435546875, 57.0169921875], [73.3435546875, 57.3193359375], [73.3435546875, 57.6216796875], [73.3435546875, 57.924023437500004], [73.3435546875, 58.226367187499996], [73.3435546875, 58.503515625], [73.3435546875, 59.108203124999996], [73.3435546875, 59.410546875], [73.3435546875, 59.712890625], [73.0412109375, 59.712890625], [73.0412109375, 60.015234375]], {"i0": 0.07, "spread": 0.8, "falloff": 1.31}], [[[94.78476562499999, 47.1908203125], [94.482421875, 47.1908203125], [94.18007812500001, 48.097851562500004], [94.18007812500001, 48.7025390625], [94.18007812500001, 49.282031249999996], [94.18007812500001, 49.584375], [94.18007812500001, 50.4662109375], [94.18007812500001, 51.0708984375], [93.877734375, 51.952734375], [93.575390625, 53.162109375], [93.29824218750001, 53.7416015625], [92.9958984375, 54.648632812500004], [92.6935546875, 54.950976562499996], [92.6935546875, 56.13515625], [92.39121093749999, 56.4375], [91.78652343750001, 57.0169921875], [91.20703125, 58.503515625], [91.20703125, 59.108203124999996], [90.60234375, 59.712890625], [90.02285156250001, 60.5947265625], [89.7205078125, 60.8970703125], [89.11582031249999, 62.081250000000004], [87.931640625, 63.290625], [86.4451171875, 65.05429687499999], [85.2609375, 65.96132812500001], [84.65625, 66.5408203125], [83.1697265625, 67.7501953125], [82.8673828125, 68.32968749999999], [81.985546875, 68.934375], [80.19667968750001, 70.11855468750001], [79.5919921875, 70.72324218749999], [79.28964843749999, 71.0255859375], [78.40781249999999, 71.60507812499999], [77.80312500000001, 71.60507812499999], [76.6189453125, 72.209765625], [75.7119140625, 72.51210937500001], [74.830078125, 72.814453125], [73.923046875, 72.814453125], [73.64589843750001, 73.0916015625], [72.73886718749999, 73.0916015625], [72.159375, 73.39394531250001], [71.5546875, 73.39394531250001], [70.95, 73.6962890625], [70.6728515625, 73.6962890625], [70.37050781250001, 73.6962890625], [70.0681640625, 73.99863281249999], [69.46347656249999, 73.99863281249999], [68.883984375, 73.99863281249999], [68.279296875, 73.99863281249999], [67.674609375, 73.99863281249999], [67.3974609375, 73.99863281249999], [66.7927734375, 73.99863281249999], [65.8857421875, 73.99863281249999], [65.30624999999999, 73.99863281249999], [64.39921875, 73.99863281249999], [64.1220703125, 73.99863281249999], [63.517382812499996, 73.99863281249999], [62.9126953125, 73.99863281249999], [62.333203125000004, 73.99863281249999], [62.030859375, 73.99863281249999], [61.426171875, 74.3009765625], [60.8466796875, 74.3009765625], [60.5443359375, 74.3009765625], [59.939648437500004, 74.3009765625], [59.6373046875, 74.3009765625], [59.3349609375, 74.3009765625], [59.057812500000004, 74.3009765625], [58.453125, 74.3009765625], [57.848437499999996, 74.3009765625], [57.848437499999996, 73.99863281249999], [57.848437499999996, 73.6962890625], [57.848437499999996, 73.39394531250001], [57.848437499999996, 73.0916015625], [57.848437499999996, 72.814453125], [58.15078125, 72.814453125], [58.15078125, 72.51210937500001], [58.453125, 72.51210937500001]], {"i0": 0.23, "spread": 1.0, "falloff": 1.31}]]}