{"disk": {"mu": [113.23004150390625, 116.853515625], "roll": 0.8725554379517314, "rEff": 67.9490038206328, "axRatio": 0.840325282204543, "i0": 0.2, "c": 2, "n": 1}, "bulge": {"mu": [115.03472900390625, 115.951171875], "roll": 0.0906598872007453, "rEff": 3.5880164929269243, "axRatio": 0.5621940733997497, "i0": 0.34, "c": 2, "n": 0.94}, "bar": {"mu": [117.96734619140625, 111.890625], "roll": 2.7707013647771306, "rEff": 4.01994140625, "axRatio": 0.375, "i0": 0.2, "c": 2.0, "n": 0.5}, "spiral": []}