{"disk": {"mu": [89.6844482421875, 88.38616943359375], "roll": 3.550748806349868, "rEff": 47.52978070289365, "axRatio": 0.9149591617363441, "i0": 0.18, "c": 2, "n": 1}, "bulge": {"mu": [89.3367919921875, 87.69085693359375], "roll": 0.49934672168013017, "rEff": 3.4240169701556766, "axRatio": 0.7860244238600086, "i0": 0.95, "c": 2, "n": 0.5}, "bar": null, "spiral": [[[[83.78515625, 82.4640625], [83.4375, 82.4640625], [83.08984375, 82.4640625], [82.7421875, 82.81171875], [82.046875, 82.81171875], [81.69921875, 83.159375], [81.3515625, 83.50703125], [81.00390625, 83.8546875], [80.65625, 83.8546875], [80.30859375, 84.20234375], [79.9609375, 84.20234375], [79.9609375, 84.55], [79.61328125, 84.89765625], [79.265625, 84.89765625], [78.91796875, 85.2453125], [78.5703125, 85.59296875], [78.5703125, 85.940625], [78.22265625, 85.940625], [78.22265625, 86.28828125], [78.22265625, 86.6359375], [78.22265625, 86.98359375], [77.875, 87.67890625], [77.52734375, 88.37421875], [77.52734375, 89.06953125], [77.52734375, 89.4171875], [77.52734375, 89.76484375], [77.52734375, 90.1125], [77.52734375, 90.46015625], [77.52734375, 91.15546875], [77.52734375, 91.85078125], [77.875, 93.24140625], [77.875, 93.93671875], [77.875, 94.63203125], [78.22265625, 95.32734375], [78.22265625, 96.02265625], [78.5703125, 96.71796875], [78.5703125, 97.065625], [78.91796875, 97.41328125], [78.91796875, 97.7609375], [78.91796875, 98.45625], [78.91796875, 98.80390625], [79.265625, 99.1515625], [79.265625, 99.49921875], [79.265625, 99.846875], [79.61328125, 100.19453125], [79.61328125, 100.5421875], [79.9609375, 100.88984375], [79.9609375, 101.2375], [79.9609375, 101.58515625], [80.30859375, 101.9328125], [80.30859375, 102.28046875], [80.65625, 102.628125], [80.65625, 102.97578125], [81.00390625, 102.97578125], [81.00390625, 103.3234375], [81.3515625, 103.67109375], [81.69921875, 104.01875], [82.046875, 104.01875], [82.046875, 104.36640625], [82.39453125, 104.7140625], [82.7421875, 105.06171875], [83.08984375, 105.409375], [83.4375, 105.409375], [83.78515625, 105.75703125], [84.1328125, 105.75703125], [84.48046875, 105.75703125], [84.828125, 105.75703125], [85.17578125, 106.1046875], [85.5234375, 106.1046875], [85.87109375, 106.1046875], [86.21875, 106.1046875], [86.56640625, 106.1046875], [86.9140625, 106.1046875], [87.609375, 106.45234375], [87.95703125, 106.45234375], [88.3046875, 106.45234375], [88.65234375, 106.45234375], [89.0, 106.45234375], [89.34765625, 106.45234375], [90.04296875, 106.45234375], [90.390625, 106.45234375], [90.73828125, 106.45234375], [91.43359375, 106.45234375], [91.78125, 106.45234375], [92.4765625, 106.45234375], [92.82421875, 106.45234375], [93.51953125, 106.1046875], [94.21484375, 106.1046875], [94.91015625, 106.1046875], [95.60546875, 105.75703125], [96.30078125, 105.75703125], [96.6484375, 105.409375], [97.34375, 105.06171875], [97.69140625, 105.06171875], [98.0390625, 104.7140625], [98.734375, 104.36640625], [99.08203125, 104.36640625], [99.77734375, 104.01875], [100.125, 103.67109375], [100.8203125, 103.3234375], [101.16796875, 103.3234375], [101.515625, 102.97578125], [101.86328125, 102.628125], [102.55859375, 102.628125], [102.90625, 102.28046875], [103.25390625, 101.9328125], [103.6015625, 101.58515625], [103.94921875, 101.2375], [104.296875, 100.88984375], [104.64453125, 100.88984375], [104.9921875, 100.5421875], [105.33984375, 100.19453125], [105.33984375, 99.846875], [105.6875, 99.49921875], [106.03515625, 99.1515625], [106.3828125, 98.80390625], [106.73046875, 98.45625], [107.078125, 97.7609375], [107.42578125, 97.7609375], [107.7734375, 97.41328125], [107.7734375, 97.065625], [108.12109375, 97.065625], [108.46875, 96.71796875], [108.81640625, 96.3703125], [109.1640625, 96.02265625], [109.859375, 95.32734375], [110.20703125, 94.9796875], [110.5546875, 94.63203125], [110.90234375, 93.93671875], [111.25, 93.5890625], [111.59765625, 92.54609375], [111.9453125, 91.85078125], [112.29296875, 91.15546875], [112.640625, 89.76484375], [112.98828125, 89.06953125], [113.3359375, 88.0265625], [113.68359375, 86.6359375], [114.03125, 85.59296875], [114.37890625, 84.20234375], [114.37890625, 83.50703125], [114.7265625, 82.11640625], [114.7265625, 81.0734375], [114.7265625, 80.03046875], [114.7265625, 78.2921875], [114.7265625, 76.9015625], [114.7265625, 75.5109375], [114.7265625, 74.1203125], [114.7265625, 71.68671875], [114.7265625, 70.64375], [114.7265625, 69.60078125], [114.7265625, 68.90546875], [114.03125, 67.8625], [113.68359375, 66.81953125], [112.640625, 65.08125], [111.59765625, 64.03828125], [110.5546875, 62.3], [109.51171875, 61.25703125], [107.7734375, 59.86640625], [106.73046875, 58.8234375], [106.03515625, 58.47578125], [105.33984375, 58.128125], [104.64453125, 57.78046875], [103.94921875, 57.4328125], [102.90625, 57.08515625], [101.16796875, 56.7375], [99.4296875, 56.7375], [97.69140625, 56.7375], [96.30078125, 56.7375], [95.2578125, 56.7375], [93.8671875, 56.7375], [92.4765625, 56.7375], [90.390625, 57.4328125], [88.65234375, 57.78046875], [87.609375, 58.128125], [86.21875, 58.8234375], [85.17578125, 59.51875], [84.1328125, 60.2140625], [83.08984375, 60.909375], [81.69921875, 61.95234375], [80.65625, 62.9953125], [79.61328125, 64.03828125], [78.22265625, 65.08125], [77.52734375, 66.12421875], [76.83203125, 66.81953125], [75.09375, 68.5578125], [74.3984375, 69.253125], [73.0078125, 70.99140625], [72.3125, 71.68671875], [71.26953125, 72.7296875], [70.921875, 73.425], [69.53125, 74.815625], [69.18359375, 75.85859375], [67.79296875, 77.596875], [67.4453125, 78.63984375], [66.75, 79.6828125], [66.0546875, 81.0734375], [65.70703125, 82.11640625], [65.359375, 83.159375], [65.01171875, 84.20234375], [64.6640625, 84.89765625], [64.31640625, 86.6359375], [63.96875, 88.0265625], [63.62109375, 89.06953125], [63.2734375, 90.46015625], [63.2734375, 92.1984375], [62.92578125, 93.5890625], [62.92578125, 95.675], [62.92578125, 97.41328125], [62.92578125, 99.846875], [62.92578125, 101.2375], [62.92578125, 102.28046875], [62.92578125, 103.3234375], [63.2734375, 105.06171875], [63.2734375, 105.75703125], [63.62109375, 106.8], [63.96875, 107.14765625], [64.6640625, 108.190625], [65.01171875, 108.8859375], [66.0546875, 110.2765625], [66.75, 110.971875], [67.09765625, 111.6671875], [68.140625, 112.71015625], [68.8359375, 113.40546875], [69.53125, 114.10078125], [70.57421875, 114.79609375], [70.921875, 115.49140625], [72.3125, 116.18671875], [73.35546875, 116.534375], [74.3984375, 116.88203125], [75.7890625, 117.57734375], [78.5703125, 117.925], [82.046875, 118.96796875]], {"i0": 0.09, "spread": 1.01,