{"disk": {"mu": [62.24822998046875, 62.98828125], "roll": -0.8416766996862102, "rEff": 40.51216668589479, "axRatio": 0.9433584732088448, "i0": 0.21, "c": 2, "n": 1}, "bulge": {"mu": [62.21427768468857, 62.84923478960991], "roll": -0.6660882892168813, "rEff": 4.574059533958671, "axRatio": 0.6631916367822537, "i0": 0.55, "c": 2, "n": 1.0}, "bar": null, "spiral": []}