{"disk": {"mu": [77.03959301114082, 77.7838134765625], "roll": -0.6422786713847888, "rEff": 40.86008607466916, "axRatio": 0.5, "i0": 0.21, "c": 2, "n": 1}, "bulge": {"mu": [76.81167840957642, 76.8952426314354], "roll": -1.687904119207299, "rEff": 5.4643841004414915, "axRatio": 0.9776732194556167, "i0": 0.54, "c": 2, "n": 1.34}, "bar": {"mu": [76.91724002361293, 77.10634507238858], "roll": 0.6078023770553618, "rEff": 1e-05, "axRatio": 0.333749169163693, "i0": 0.08, "c": 2.21, "n": 1.26}, "spiral": [[[[81.5869140625, 75.0478515625], [82.1923828125, 74.7451171875], [83.1005859375, 74.1396484375], [83.7060546875, 74.1396484375], [84.3115234375, 74.1396484375], [84.6142578125, 73.8369140625], [85.5224609375, 73.5341796875], [86.1279296875, 72.9287109375], [86.4306640625, 72.9287109375], [86.7333984375, 72.9287109375], [87.0361328125, 72.9287109375], [87.3388671875, 72.9287109375], [87.6416015625, 72.9287109375], [87.9443359375, 72.9287109375], [88.2470703125, 72.9287109375], [89.1552734375, 73.2314453125], [90.3662109375, 73.8369140625], [90.9716796875, 74.1396484375], [91.8798828125, 74.4423828125], [92.4853515625, 74.7451171875], [92.7880859375, 75.3505859375], [93.0908203125, 75.9560546875], [93.6962890625, 75.9560546875], [93.9990234375, 76.5615234375], [93.9990234375, 76.8642578125], [94.9072265625, 77.1669921875], [95.2099609375, 77.4697265625], [95.5126953125, 77.7724609375], [95.8154296875, 78.3779296875], [96.1181640625, 78.3779296875], [96.1181640625, 78.9833984375], [96.4208984375, 79.2861328125], [96.7236328125, 79.8916015625], [97.3291015625, 80.4970703125], [97.3291015625, 81.1025390625], [97.6318359375, 81.7080078125], [97.9345703125, 82.0107421875], [97.9345703125, 82.9189453125], [98.2373046875, 83.2216796875], [98.2373046875, 83.8271484375], [98.5400390625, 84.4326171875], [98.5400390625, 85.0380859375], [98.5400390625, 85.6435546875], [98.5400390625, 86.2490234375], [98.5400390625, 86.8544921875], [98.8427734375, 87.4599609375], [98.8427734375, 88.0654296875], [98.8427734375, 88.6708984375], [99.1455078125, 89.2763671875], [99.1455078125, 89.8818359375], [99.1455078125, 90.1845703125], [99.1455078125, 90.4873046875], [99.4482421875, 91.0927734375], [99.4482421875, 91.3955078125], [99.4482421875, 92.0009765625], [99.4482421875, 92.3037109375], [99.4482421875, 92.6064453125], [99.4482421875, 92.9091796875], [99.4482421875, 93.2119140625]], {"i0": 0.14, "spread": 0.39, "falloff": 1.0}], [[[70.6884765625, 80.6181640625], [70.0830078125, 80.6181640625], [68.8720703125, 81.2236328125], [67.3583984375, 81.2236328125], [65.8447265625, 81.2236328125], [64.9365234375, 81.2236328125], [64.0283203125, 81.2236328125], [62.8173828125, 81.2236328125], [62.2119140625, 81.2236328125], [61.6064453125, 81.2236328125], [61.0009765625, 80.6181640625], [59.7900390625, 80.6181640625], [58.8818359375, 80.3154296875], [58.2763671875, 79.4072265625], [57.6708984375, 79.1044921875], [56.7626953125, 78.1962890625], [56.1572265625, 77.5908203125], [55.5517578125, 76.9853515625], [54.9462890625, 76.3798828125], [54.6435546875, 75.1689453125], [54.0380859375, 73.9580078125], [53.4326171875, 72.7470703125], [53.1298828125, 71.5361328125], [52.5244140625, 70.0224609375], [52.5244140625, 68.5087890625], [52.5244140625, 66.9951171875], [52.5244140625, 66.0869140625], [53.1298828125, 65.4814453125], [53.1298828125, 64.2705078125], [53.7353515625, 63.6650390625], [54.3408203125, 62.7568359375], [54.9462890625, 61.8486328125], [55.5517578125, 61.2431640625], [56.1572265625, 60.6376953125], [57.3681640625, 60.0322265625], [58.5791015625, 58.8212890625], [59.4873046875, 57.9130859375], [60.3955078125, 56.3994140625], [61.0009765625, 56.0966796875], [61.3037109375, 55.4912109375], [61.6064453125, 55.1884765625], [62.5146484375, 54.8857421875], [62.8173828125, 54.5830078125], [63.4228515625, 54.2802734375], [64.3310546875, 53.9775390625], [65.2392578125, 53.6748046875], [65.8447265625, 53.3720703125], [66.7529296875, 53.3720703125], [67.0556640625, 53.3720703125], [67.6611328125, 53.3720703125], [68.2666015625, 53.3720703125], [68.8720703125, 53.3720703125]], {"i0": 0.13, "spread": 2.0, "falloff": 1.0}]]}