{"disk": {"mu": [218.05990600585938, 217.81985473632812], "roll": -2.201875714266226, "rEff": 97.84775194093014, "axRatio": 0.5, "i0": 0.03, "c": 2, "n": 1}, "bulge": {"mu": [218.94009399414062, 220.03366088867188], "roll": 1.0714496051147666, "rEff": 6.0424038724390785, "axRatio": 0.5, "i0": 0.48, "c": 2, "n": 1.47}, "bar": {"mu": [216.37954711914062, 215.33932495117188], "roll": 0.0, "rEff": 2.6458984375, "axRatio": 0.13513513513513514, "i0": 0.21, "c": 1.96, "n": 0.33}, "spiral": []}