{"disk": {"mu": [75.59417724609375, 74.70703125], "roll": 2.255272705525051, "rEff": 42.82560584753763, "axRatio": 0.712970353395967, "i0": 0.2, "c": 2, "n": 1}, "bulge": {"mu": [76.52888149023056, 76.09632942080498], "roll": 1.639014156419066, "rEff": 3.8361865894264, "axRatio": 0.5, "i0": 0.52, "c": 2, "n": 0.82}, "bar": null, "spiral": [[[[87.2876953125, 95.7744140625], [86.18203125, 95.923828125], [85.3154296875, 96.0732421875], [84.628125, 96.0732421875], [83.9109375, 96.1927734375], [83.07421875, 96.4916015625], [82.2375, 96.760546875], [81.101953125, 97.059375], [80.265234375, 97.3283203125], [79.846875, 97.3283203125], [79.548046875, 97.3283203125], [79.2791015625, 97.3283203125], [78.8607421875, 97.477734375], [78.4423828125, 97.6271484375], [78.0240234375, 97.7466796875], [77.037890625, 97.89609375], [76.17128906250001, 97.89609375], [75.90234375, 98.0455078125], [75.603515625, 98.0455078125], [75.33457031249999, 98.0455078125], [74.766796875, 98.1650390625], [74.1990234375, 98.314453125], [73.78066406250001, 98.314453125], [73.51171875, 98.4638671875], [73.212890625, 98.4638671875], [72.94394531249999, 98.4638671875], [72.675, 98.4638671875], [72.2267578125, 98.4638671875], [71.8083984375, 98.4638671875], [71.24062500000001, 98.4638671875], [70.822265625, 98.4638671875], [70.1349609375, 98.4638671875], [69.5671875, 98.4638671875], [69.268359375, 98.4638671875], [68.73046875, 98.4638671875], [68.16269531249999, 98.4638671875], [67.7443359375, 98.4638671875], [67.4455078125, 98.314453125], [66.75820312500001, 98.0455078125], [65.8916015625, 97.7466796875], [64.487109375, 97.17890625], [63.0826171875, 96.641015625], [62.3953125, 96.3421875], [61.5287109375, 95.923828125], [60.6919921875, 95.3560546875], [60.423046875, 95.2365234375], [60.2736328125, 95.087109375], [60.12421875, 94.9376953125], [60.0046875, 94.78828125], [59.705859375, 94.66875], [59.5564453125, 94.5193359375], [59.4369140625, 94.369921875], [59.4369140625, 94.250390625], [59.2875, 94.250390625], [59.1380859375, 94.1009765625], [59.0185546875, 93.8021484375], [58.7197265625, 93.533203125], [58.45078125, 93.11484375], [58.151953125, 92.696484375], [58.032421875, 92.5470703125], [57.8830078125, 92.39765625], [57.8830078125, 92.278125], [57.73359375, 92.1287109375], [57.5841796875, 91.979296875], [57.5841796875, 91.8298828125], [57.4646484375, 91.8298828125], [57.4646484375, 91.7103515625], [57.1658203125, 91.2919921875], [56.7474609375, 90.84375], [56.598046875, 90.72421875], [56.478515625, 90.425390625], [56.3291015625, 90.1564453125], [56.1796875, 90.00703125], [56.1796875, 89.8875], [56.1796875, 89.7380859375], [55.9107421875, 89.588671875], [55.761328125, 89.1703125], [55.761328125, 89.0208984375], [55.641796875, 89.0208984375], [55.34296875, 88.453125], [55.0740234375, 88.034765625], [54.6556640625, 87.3474609375], [54.087890625, 86.6302734375], [53.66953125, 86.0625], [53.5201171875, 85.7935546875], [53.370703125, 85.7935546875]], {"i0": 0.23, "spread": 0.25, "falloff": 1.25}], [[[79.2791015625, 88.33359375], [78.9802734375, 88.6025390625], [78.4423828125, 89.0208984375], [77.874609375, 89.588671875], [77.57578125, 89.8875], [77.157421875, 90.00703125], [76.7390625, 90.305859375], [76.32070312500001, 90.305859375], [75.90234375, 90.305859375], [74.6173828125, 90.305859375], [74.07949218750001, 90.305859375], [73.78066406250001, 90.305859375], [73.63125000000001, 90.305859375], [73.51171875, 90.305859375], [73.3623046875, 90.00703125], [73.09335937499999, 89.8875], [72.675, 89.7380859375], [72.5255859375, 89.4392578125], [72.376171875, 89.3197265625], [72.1072265625, 89.1703125], [71.8083984375, 88.9013671875], [71.53945312500001, 88.6025390625], [71.39003906250001, 88.453125], [71.24062500000001, 88.33359375], [71.12109375, 88.1841796875], [70.822265625, 87.915234375], [70.55332031249999, 87.61640625], [70.25449218749999, 87.3474609375], [70.1349609375, 87.0486328125], [69.985546875, 86.9291015625], [69.8361328125, 86.6302734375], [69.7166015625, 86.480859375], [69.5671875, 86.2119140625], [69.4177734375, 85.94296875], [69.268359375, 85.94296875], [68.99941406250001, 85.644140625], [68.85000000000001, 85.3751953125], [68.431640625, 84.807421875], [68.16269531249999, 84.3890625], [68.01328124999999, 84.2396484375], [67.86386718749999, 83.970703125], [67.7443359375, 83.671875], [67.3259765625, 83.253515625], [67.0271484375, 82.9845703125], [66.60878906250001, 82.416796875], [66.45937500000001, 82.2673828125], [66.1904296875, 81.9984375], [66.1904296875, 81.8490234375], [66.041015625, 81.699609375], [65.8916015625, 81.699609375], [65.8916015625, 81.4306640625], [65.77207031249999, 81.28125], [65.62265624999999, 81.28125]], {"i0": 0.14, "spread": 0.25, "falloff": 1.25}], [[[76.17128906250001, 82.6857421875], [76.17128906250001, 82.5662109375], [75.90234375, 81.4306640625], [75.90234375, 80.44453125], [75.90234375, 79.72734375], [75.90234375, 79.189453125], [76.0517578125, 78.7412109375], [76.0517578125, 78.3228515625], [76.0517578125, 77.9044921875], [76.0517578125, 77.635546875], [76.0517578125, 77.33671875], [76.0517578125, 76.918359375], [76.0517578125, 76.3505859375], [76.0517578125, 76.08164062499999], [76.0517578125, 75.66328125], [76.0517578125, 75.244921875], [76.0517578125, 74.67714843750001], [76.0517578125, 73.9599609375], [76.0517578125, 73.39218749999999], [76.0517578125, 72.854296875], [76.0517578125, 72.7048828125], [75.90234375, 72.13710937500001], [75.90234375, 71.71875], [75.7529296875, 71.419921875], [75.7529296875, 71.15097656249999], [75.603515625, 70.88203125], [75.603515625, 70.583203125], [75.48398437499999, 70.3142578125], [75.33457031249999, 69.89589843750001], [75.33457031249999, 69.59707031250001], [75.18515624999999, 69.328125], [75.065625, 69.1787109375], [75.065625, 69.029296875], [75.065625, 68.61093749999999], [74.9162109375, 68.0431640625], [74.766796875, 67.77421875], [74.766796875, 67.50527343750001], [74.6173828125, 67.05703125000001], [74.4978515625, 66.51914062499999], [74.4978515625, 65.9513671875], [74.4978515625, 65.801953125], [74.4978515625, 65.5330078125], [74.4978515625, 65.38359375], [74.3484375, 65.2341796875]], {"i0": 0.02, "spread": 0.4, "falloff": 1.25}], [[[62.933203125, 57.912890625], [62.813671875, 57.912890625], [62.6642578125, 57.912890625], [62.6642578125, 57.7634765625], [62.51484375, 57.49453125], [62.51484375, 56.9267578125], [62.51484375, 56.239453125], [62.51484375, 56.0900390625], [62.51484375, 55.940625], [62.51484375, 55.82109375], [62.6642578125, 55.6716796875], [62.6642578125, 55.522265625], [62.813671875, 55.2533203125], [62.933203125, 54.9544921875]], {"i0": 0.26, "spread": 0.97, "falloff": 1.25}]]}