{"disk": {"mu": [71.13020777702332, 69.27994847297668], "roll": 0.03844259002118799, "rEff": 33.72335316883829, "axRatio": 0.5, "i0": 0.05, "c": 2, "n": 1}, "bulge": {"mu": [70.85677027702332, 69.27994847297668], "roll": -0.023456121077036457, "rEff": 3.8681375136005802, "axRatio": 0.6973264903074405, "i0": 1.05, "c": 2, "n": 1.3}, "bar": null, "spiral": []}