{"disk": {"mu": [82.16766357421875, 82.822265625], "roll": -2.5458081059667346, "rEff": 50.53720991837825, "axRatio": 0.6254837008708172, "i0": 0.17, "c": 2, "n": 1}, "bulge": {"mu": [82.16766357421875, 82.822265625], "roll": 0.696352280000168, "rEff": 2.6970117493075403, "axRatio": 0.6213080327535957, "i0": 1.91, "c": 2, "n": 0.5}, "bar": null, "spiral": []}