{"disk": {"mu": [72.68341064453125, 73.07296752929688], "roll": 0.7861913170612241, "rEff": 60.82193364277577, "axRatio": 0.8333639569262319, "i0": 0.13, "c": 2, "n": 1}, "bulge": {"mu": [74.57022094726562, 74.11630249023438], "roll": 2.972152126333605, "rEff": 3.2223239936922643, "axRatio": 0.8591093676388906, "i0": 1.06, "c": 2, "n": 1.0}, "bar": null, "spiral": []}