{"disk": {"mu": [88.9891357421875, 88.86419677734375], "roll": -0.020240150641789956, "rEff": 55.71293098842754, "axRatio": 0.6486643777649256, "i0": 0.21, "c": 2, "n": 1}, "bulge": {"mu": [88.9891357421875, 89.21185302734375], "roll": 0.047583103276983396, "rEff": 3.435255423520805, "axRatio": 0.5, "i0": 0.53, "c": 2, "n": 1.0}, "bar": null, "spiral": [[[[81.3515625, 95.8140625], [81.3515625, 95.46640625], [81.3515625, 95.11875], [81.3515625, 94.77109375], [81.00390625, 94.77109375], [79.9609375, 94.4234375], [77.875, 94.07578125], [76.83203125, 94.07578125], [76.13671875, 94.07578125], [75.7890625, 94.07578125], [75.7890625, 93.728125], [75.7890625, 93.38046875], [75.7890625, 92.68515625], [75.7890625, 90.2515625], [75.7890625, 89.20859375], [75.7890625, 88.86093749999999], [75.7890625, 87.47031249999999], [75.7890625, 86.42734374999999], [75.7890625, 85.03671874999999], [76.13671875, 83.99374999999999], [76.13671875, 83.29843749999999], [76.484375, 82.25546874999999], [76.484375, 81.21249999999999], [76.83203125, 80.51718749999999], [77.1796875, 79.82187499999999], [77.52734375, 79.12656249999999], [78.22265625, 78.77890624999999], [78.91796875, 78.43124999999999], [79.61328125, 78.43124999999999], [81.00390625, 78.43124999999999], [81.3515625, 78.43124999999999], [85.87109375, 79.47421874999999], [91.0859375, 79.47421874999999], [92.12890625, 79.47421874999999], [92.4765625, 79.47421874999999], [93.171875, 79.47421874999999], [94.21484375, 79.47421874999999], [95.2578125, 79.47421874999999], [96.6484375, 79.47421874999999], [98.734375, 79.82187499999999], [101.515625, 80.16953124999999], [102.2109375, 80.16953124999999], [102.2109375, 80.51718749999999], [103.25390625, 80.86484374999999], [104.9921875, 83.29843749999999], [106.03515625, 84.34140624999999], [106.3828125, 85.03671874999999], [106.73046875, 85.38437499999999], [107.078125, 85.38437499999999], [107.42578125, 85.73203124999999], [107.42578125, 86.07968749999999], [107.7734375, 87.12265624999999], [108.12109375, 89.20859375], [108.46875, 89.55625], [108.46875, 89.90390625], [108.81640625, 90.946875], [109.1640625, 91.29453125], [109.51171875, 92.3375], [109.51171875, 93.0328125], [109.859375, 93.38046875], [109.859375, 93.728125], [109.859375, 94.4234375], [109.51171875, 95.46640625], [109.1640625, 96.509375], [108.46875, 97.2046875], [107.7734375, 98.24765625], [107.078125, 99.63828125], [106.03515625, 100.68125], [105.33984375, 102.071875], [104.9921875, 102.7671875], [104.296875, 103.4625], [103.25390625, 104.1578125], [102.2109375, 105.20078125], [100.8203125, 105.89609375], [99.77734375, 106.24375], [98.0390625, 106.9390625], [97.69140625, 107.28671875], [96.6484375, 107.634375], [95.953125, 107.634375], [94.91015625, 107.98203125], [93.8671875, 108.3296875], [92.4765625, 108.3296875], [90.73828125, 109.025], [89.0, 109.025], [87.95703125, 109.025], [85.5234375, 109.7203125], [84.48046875, 109.7203125], [83.78515625, 109.7203125], [82.7421875, 109.7203125], [80.65625, 109.37265625], [78.91796875, 109.37265625], [77.52734375, 109.37265625], [76.484375, 108.3296875], [75.7890625, 106.24375], [74.74609375, 105.20078125], [73.703125, 104.50546875], [72.3125, 103.11484375], [71.6171875, 102.071875], [70.2265625, 101.02890625], [69.18359375, 99.9859375], [67.79296875, 98.94296875], [66.75, 98.24765625], [65.359375, 97.55234375], [63.96875, 96.85703125], [62.578125, 96.509375], [61.8828125, 96.509375], [61.1875, 96.16171875], [60.14453125, 95.46640625], [59.1015625, 94.77109375], [58.05859375, 94.07578125], [56.66796875, 93.0328125], [55.97265625, 92.68515625]], {"i0": 0.0, "spread": 0.41, "falloff": 1.0}]]}