{"disk": {"mu": [96.65217590332031, 97.39518737792969], "roll": -3.022249903111937, "rEff": 65.4660947218482, "axRatio": 0.8146501076409244, "i0": 0.11, "c": 2, "n": 1}, "bulge": null, "bar": {"mu": [97.15467071533203, 96.892692565918], "roll": 0.25270995549173597, "rEff": 8.801363866691679, "axRatio": 0.2754985039167194, "i0": 0.1, "c": 3.0, "n": 1.73}, "spiral": [[[[108.405078125, 90.520703125], [108.405078125, 90.369140625], [108.215625, 89.95234375], [107.49570312499999, 88.474609375], [105.86640625, 84.458203125], [104.540234375, 81.275390625], [103.858203125, 79.721875], [103.630859375, 79.532421875], [103.44140625, 79.34296875], [103.13828124999999, 78.774609375], [102.53203125, 78.016796875], [102.115234375, 77.52421875], [101.3953125, 76.880078125], [100.52382812500001, 76.27382812500001], [98.856640625, 74.94765625000001], [97.83359374999999, 74.265625], [96.8484375, 73.62148437500001], [96.2421875, 73.12890625], [95.484375, 72.5984375], [94.7265625, 72.14375], [93.58984375, 71.72695312500001], [92.415234375, 71.272265625], [90.7859375, 70.77968750000001], [89.72500000000001, 70.55234374999999], [88.36093749999999, 70.438671875], [87.67890625, 70.438671875], [86.92109375, 70.438671875], [86.08749999999999, 70.438671875], [85.25390625, 70.55234374999999], [84.079296875, 70.893359375], [83.09414062500001, 71.34804687500001], [81.73007812499999, 71.91640625000001], [79.721875, 72.712109375], [78.13046874999999, 73.73515625], [77.37265624999999, 74.265625], [76.728515625, 74.682421875], [75.85703124999999, 75.55390625], [74.985546875, 76.576953125], [73.924609375, 77.60000000000001], [72.9015625, 78.54726562500001], [72.14375, 79.26718749999999], [71.61328125, 80.02499999999999], [71.423828125, 80.517578125], [71.12070312499999, 81.01015625000001], [70.70390625, 81.9953125], [70.514453125, 82.753125], [70.287109375, 83.776171875], [69.94609375, 84.912890625], [69.60507812499999, 85.89804687499999], [69.150390625, 87.3], [68.809375, 88.28515625], [68.46835937499999, 89.15664062500001], [68.165234375, 89.80078125], [68.0515625, 90.29335937500001], [67.862109375, 90.82382812499999], [67.74843750000001, 91.20273437499999], [67.67265625, 91.20273437499999]], {"i0": 0.3, "spread": 1.96, "falloff": 1.0}], [[[82.37421875, 110.981640625], [82.45, 110.981640625], [82.45, 111.057421875], [82.86679687499999, 111.815234375], [83.321484375, 112.68671875], [83.81406249999999, 113.5203125], [84.23085937500001, 114.05078125], [84.533984375, 114.65703125], [84.7234375, 115.1875], [85.10234375, 115.79375], [85.40546875, 116.17265625], [85.70859374999999, 116.665234375], [85.973828125, 116.96835937499999], [86.08749999999999, 117.15781249999999], [86.390625, 117.650390625], [87.337890625, 118.938671875], [88.01992187500001, 119.734375], [88.28515625, 120.11328125], [88.58828125000001, 120.530078125], [89.005078125, 121.02265625], [89.383984375, 121.439453125], [89.762890625, 121.93203125000001], [90.141796875, 122.31093750000001], [90.55859375, 122.727734375], [90.9375, 123.106640625], [91.43007812500001, 123.59921874999999], [91.80898437500001, 124.01601562500001], [92.415234375, 124.50859375], [93.3625, 125.15273437500001], [94.65078125000001, 125.87265624999999], [95.25703125, 126.213671875], [95.673828125, 126.516796875], [96.39375, 126.81992187499999], [96.92421875000001, 127.00937499999999], [97.53046875, 127.3125], [98.13671875, 127.61562500000001], [98.89453125, 128.03242187499998], [99.76601562500001, 128.48710937500002], [100.6375, 128.90390625], [101.508984375, 129.35859374999998], [102.494140625, 129.8890625], [103.251953125, 130.230078125], [103.971875, 130.646875], [104.69179687500001, 131.17734375], [105.3359375, 131.55625], [106.09375, 132.01093749999998], [106.58632812500001, 132.38984374999998], [107.192578125, 132.69296875], [107.72304687500001, 132.9203125], [108.329296875, 133.22343750000002], [109.2765625, 133.640234375], [109.693359375, 133.8296875], [110.18593750000001, 134.019140625], [110.56484375000001, 134.1328125], [110.94375000000001, 134.322265625], [111.246875, 134.398046875], [111.62578125, 134.625390625], [112.26992187500001, 134.81484375], [112.98984374999999, 135.004296875], [113.633984375, 135.23164062499998], [114.278125, 135.30742187500002], [114.88437499999999, 135.534765625], [115.71796875, 135.72421875], [116.24843750000001, 135.913671875], [116.741015625, 136.02734375], [117.4609375, 136.103125], [118.10507812499999, 136.33046875], [118.71132812500001, 136.44414062500002], [119.128125, 136.63359375000002], [119.317578125, 136.63359375000002], [119.5828125, 136.709375], [119.96171875, 136.82304687500002], [120.56796874999999, 136.93671874999998], [120.87109375, 136.93671874999998], [121.36367187500001, 136.93671874999998], [121.666796875, 137.01250000000002], [121.74257812500001, 137.01250000000002], [121.666796875, 137.01250000000002]], {"i0": 0.39, "spread": 2.0, "falloff": 1.0}]]}