{"disk": {"mu": [136.01275634765625, 134.8714599609375], "roll": -2.43375877432322, "rEff": 72.9835732171117, "axRatio": 0.8914506797675484, "i0": 0.17, "c": 2, "n": 1}, "bulge": {"mu": [134.95416259765625, 135.9300537109375], "roll": -0.2914567944778671, "rEff": 4.420817287366812, "axRatio": 0.5, "i0": 0.64, "c": 2, "n": 0.5}, "bar": null, "spiral": [[[[135.5, 149.155859375], [131.794921875, 150.74375], [123.85546875, 150.74375], [120.6796875, 150.74375], [114.857421875, 148.097265625], [110.09375, 144.3921875], [107.447265625, 140.687109375], [104.271484375, 135.9234375], [101.095703125, 131.159765625], [99.5078125, 126.925390625], [98.978515625, 122.16171875], [98.44921875, 115.81015625], [98.44921875, 109.987890625], [98.44921875, 105.753515625], [99.5078125, 102.577734375], [103.7421875, 98.343359375], [107.447265625, 96.226171875], [112.2109375, 94.108984375], [115.38671875, 93.5796875], [120.150390625, 91.4625], [122.267578125, 90.933203125], [127.03125, 90.40390625], [130.736328125, 88.816015625], [132.32421875, 88.816015625], [136.029296875, 88.28671875], [138.67578125, 88.28671875], [142.380859375, 88.28671875], [145.556640625, 88.28671875], [148.732421875, 88.28671875], [150.849609375, 88.28671875], [154.025390625, 89.3453125], [155.61328125, 89.874609375], [160.90625, 90.933203125], [162.494140625, 90.933203125], [164.08203125, 90.933203125]], {"i0": 0.14, "spread": 0.93, "falloff": 1.26}]]}