{"disk": {"mu": [102.7862548828125, 98.5867919921875], "roll": -3.5136604124479134, "rEff": 65.16432311196537, "axRatio": 0.8358513205811323, "i0": 0.19, "c": 2, "n": 1}, "bulge": {"mu": [105.2003173828125, 103.0125732421875], "roll": 2.701750070774057, "rEff": 4.497814889712531, "axRatio": 0.5, "i0": 0.46, "c": 2, "n": 0.5}, "bar": null, "spiral": []}