{"disk": {"mu": [65.24798583984375, 64.80313110351562], "roll": -2.5292046408695077, "rEff": 33.028518915465575, "axRatio": 0.547229704421184, "i0": 0.22, "c": 2, "n": 1}, "bulge": {"mu": [64.64125460386276, 64.52961802482605], "roll": -2.282254984932306, "rEff": 4.354761077069638, "axRatio": 0.5, "i0": 0.59, "c": 2, "n": 0.76}, "bar": null, "spiral": []}