{"disk": {"mu": [36.69067472219467, 37.8936767578125], "roll": 1.4259838285559576, "rEff": 21.316874125139478, "axRatio": 0.5, "i0": 0.21, "c": 2, "n": 1}, "bulge": {"mu": [37.27661222219467, 36.7218017578125], "roll": 0.9272952180016122, "rEff": 2.197265625, "axRatio": 0.5, "i0": 1.18, "c": 2, "n": 1.25}, "bar": null, "spiral": []}