{"disk": {"mu": [147.5562744140625, 146.42578125], "roll": 3.554923058129121, "rEff": 47.89188996302983, "axRatio": 0.5153788492408007, "i0": 0.03, "c": 2, "n": 1}, "bulge": {"mu": [147.6478886604309, 146.6396062374115], "roll": 0.4615906677715014, "rEff": 5.521323416118576, "axRatio": 0.7826273972661664, "i0": 0.76, "c": 2, "n": 0.5}, "bar": null, "spiral": []}