{"disk": {"mu": [126.23748779296875, 128.28353881835938], "roll": 1.56186799261506, "rEff": 88.00006994614205, "axRatio": 0.902528390836807, "i0": 0.14, "c": 2, "n": 1}, "bulge": {"mu": [126.17314153909683, 126.77967321872711], "roll": 0.7378150601204652, "rEff": 7.345928502092933, "axRatio": 0.6750334088715785, "i0": 0.5, "c": 2, "n": 1.0}, "bar": null, "spiral": [[[[106.9814453125, 124.96816406250001], [106.9814453125, 125.21523437500001], [106.734375, 125.46230468750001], [106.28964843749999, 125.70937500000001], [106.04257812499999, 126.1541015625], [105.5978515625, 126.6482421875], [105.35078125, 127.09296875], [105.1037109375, 127.3400390625], [104.856640625, 127.587109375], [104.856640625, 127.8341796875], [104.6095703125, 128.27890625], [104.4119140625, 128.773046875], [104.16484375, 129.0201171875], [104.16484375, 129.2671875], [104.16484375, 129.46484375], [104.16484375, 129.958984375], [103.9177734375, 130.65078125], [103.670703125, 130.8978515625], [103.670703125, 131.3919921875], [103.670703125, 131.58964843750002], [103.670703125, 131.83671875000002], [103.670703125, 132.77558593749998], [103.47304687500001, 133.26972656249998], [103.47304687500001, 133.9615234375], [103.47304687500001, 134.4556640625], [103.47304687500001, 134.900390625], [103.22597656250001, 135.8392578125], [103.22597656250001, 136.58046875], [103.22597656250001, 137.02519531250002], [103.22597656250001, 137.96406249999998], [103.22597656250001, 138.45820312499998], [103.22597656250001, 139.15], [103.22597656250001, 139.8912109375], [103.22597656250001, 140.3359375], [103.22597656250001, 141.2748046875], [103.47304687500001, 142.016015625], [103.47304687500001, 142.70781250000002], [103.9177734375, 143.64667968749998], [103.9177734375, 144.14082031249998], [104.4119140625, 145.0796875], [104.6095703125, 145.771484375], [105.1037109375, 146.7103515625], [105.5978515625, 147.6986328125], [106.04257812499999, 148.39042968750002], [106.53671874999999, 149.57636718749998], [106.734375, 150.2681640625], [106.9814453125, 150.7623046875], [107.4755859375, 151.4541015625], [107.92031250000001, 152.1458984375], [108.66152343750001, 153.1341796875], [109.3533203125, 154.32011718750002], [110.0451171875, 155.25898437499998], [111.47812499999999, 156.642578125], [112.169921875, 157.5814453125], [112.9111328125, 158.32265625], [113.60292968750001, 158.76738281250002], [114.09707031250001, 159.26152343750002], [114.541796875, 159.75566406250002], [115.0359375, 160.20039062499998], [115.4806640625, 160.44746093749998], [115.727734375, 160.69453124999998], [115.727734375, 160.8921875], [115.9748046875, 160.8921875]], {"i0": 0.2, "spread": 1.0, "falloff": 1.0}], [[[132.9732421875, 162.8193359375], [133.4673828125, 162.8193359375], [134.1591796875, 163.0169921875], [134.900390625, 163.0169921875], [135.3451171875, 163.2640625], [136.53105468750002, 163.758203125], [137.46992187499998, 164.20292968750002], [138.21113281249998, 164.69707031250002], [138.655859375, 164.94414062500002], [139.15, 165.19121093750002], [139.841796875, 165.38886718749998], [140.7806640625, 165.63593749999998], [141.521875, 166.13007812499998], [142.46074218750002, 166.327734375], [142.90546874999998, 166.5748046875], [143.64667968749998, 166.5748046875], [144.09140625, 166.5748046875], [144.8326171875, 166.821875], [145.27734375, 166.821875], [145.771484375, 166.821875], [146.2162109375, 166.821875], [146.7103515625, 166.821875], [147.15507812500002, 166.821875], [147.40214843750002, 166.821875], [147.64921875000002, 166.821875], [147.89628906250002, 166.821875]], {"i0": 0.09, "spread": 1.0, "falloff": 1.0}], [[[152.1458984375, 118.39609374999999], [152.1458984375, 115.530078125], [152.1458984375, 113.158203125], [151.898828125, 109.15566406250001], [151.4046875, 106.53671874999999], [150.9599609375, 103.96718750000001], [150.712890625, 102.78125], [150.4658203125, 102.287109375], [150.4658203125, 102.0400390625], [150.2681640625, 101.59531249999999], [149.526953125, 100.409375], [149.08222656249998, 99.4705078125], [148.34101562499998, 98.53164062500001], [147.64921875000002, 98.03750000000001], [146.957421875, 97.345703125], [146.46328125, 97.0986328125], [145.969140625, 96.6044921875], [145.27734375, 96.40683593749999], [144.8326171875, 95.91269531249999], [144.09140625, 95.66562499999999], [143.15253906249998, 95.2208984375], [142.46074218750002, 94.7267578125], [141.521875, 94.28203125], [140.7806640625, 93.787890625], [140.3359375, 93.5408203125], [139.3970703125, 93.34316406250001], [138.655859375, 93.09609375000001], [137.96406249999998, 92.84902343750001], [137.02519531250002, 92.84902343750001], [136.28398437500002, 92.84902343750001], [135.3451171875, 92.84902343750001], [134.900390625, 92.84902343750001], [134.40625, 92.84902343750001], [134.40625, 92.60195312500001]], {"i0": 0.08, "spread": 1.0, "falloff": 1.0}], [[[111.97226562499999, 105.35078125], [111.72519531249999, 105.5978515625], [111.23105468749999, 105.5978515625], [110.2921875, 105.5978515625], [109.3533203125, 105.5978515625], [108.90859375000001, 105.844921875], [107.72265625, 106.3390625], [106.9814453125, 106.78378906249999], [106.28964843749999, 107.27792968749999], [105.5978515625, 107.9697265625], [105.1037109375, 108.66152343750001], [104.4119140625, 109.40273437500001], [103.670703125, 109.8474609375], [103.22597656250001, 110.3416015625], [102.73183593750001, 110.786328125], [102.0400390625, 111.5275390625], [101.5458984375, 111.97226562499999], [101.10117187499999, 112.46640624999999], [100.85410156249999, 112.96054687499999], [100.35996093749999, 113.4052734375], [100.1623046875, 113.65234375], [99.915234375, 114.09707031250001], [99.42109375, 114.59121093750001], [99.1740234375, 114.83828125000001], [99.1740234375, 115.08535156250001], [98.9763671875, 115.2830078125], [98.9763671875, 115.530078125], [98.729296875, 115.530078125]], {"i0": 0.05, "spread": 1.0, "falloff": 1.0}]]}