{"disk": {"mu": [142.15852808952332, 140.81098008155823], "roll": 0.5273909513070905, "rEff": 34.458167992689305, "axRatio": 0.5, "i0": 0.2, "c": 2, "n": 1}, "bulge": {"mu": [143.04288291931152, 142.28489351272583], "roll": 0.49934617304148543, "rEff": 1.8468153960504914, "axRatio": 0.5, "i0": 0.5, "c": 2, "n": 1.0}, "bar": {"mu": [142.15852808952332, 142.87446904182434], "roll": 0.0, "rEff": 5.011332750320435, "axRatio": 0.9444483436271758, "i0": 0.2, "c": 2.0, "n": 0.5}, "spiral": [[[[151.8734375, 112.49062500000001], [150.43125, 111.93593750000001], [143.05390624999998, 108.99609375], [139.2265625, 108.66328125], [136.28671875, 108.99609375], [133.62421875, 110.1609375], [130.3515625, 111.60312499999999], [128.5765625, 112.8234375], [126.246875, 114.265625], [124.471875, 116.04062499999999], [122.97421874999999, 117.53828125], [121.2546875, 118.98046875], [119.4796875, 120.20078124999999], [118.25937499999999, 121.36562500000001], [118.25937499999999, 121.64296875000001], [118.25937499999999, 121.36562500000001], [117.98203124999999, 121.64296875000001], [116.53984375, 123.6953125], [115.0421875, 126.08046875000001], [112.98984374999999, 130.7953125], [110.9375, 135.2328125], [110.05, 138.45], [109.16250000000001, 139.94765625], [109.43984375000001, 140.225], [107.66484375, 140.83515625], [93.5203125, 153.2046875], [90.85781250000001, 157.03203125000002], [90.58046875000001, 159.69453124999998], [91.46796875, 162.02421875000002], [93.5203125, 165.57421875], [96.1828125, 168.5140625], [99.12265624999999, 172.67421875], [103.22734375, 176.16875000000002], [103.56015624999999, 176.5015625], [113.87734375000001, 183.26874999999998], [115.0421875, 183.82343749999998], [117.09453125, 183.54609374999998], [124.471875, 181.77109375], [135.06640625, 178.55390624999998], [143.33124999999998, 173.22890625], [147.49140624999998, 170.2890625], [151.31875, 168.79140625], [151.8734375, 168.79140625], [196.08203125, 122.8078125], [189.31484375, 110.43828125], [163.35546875, 108.3859375], [141.0015625, 97.79140625000001], [114.76484375, 114.5984375], [87.640625, 138.72734375], [81.42812500000001, 165.8515625], [104.72500000000001, 187.09609375], [125.359375, 192.69843749999998], [171.34296874999998, 164.96406249999998], [192.86484375, 139.3375], [202.9046875, 123.41796875], [198.18984375, 103.06093750000001], [166.90546874999998, 100.73125], [153.03828124999998, 97.79140625000001]], {"i0": 0.75, "spread": 1.0, "falloff": 1.0}]]}