{"disk": {"mu": [55.38958740234375, 57.82421875], "roll": 0.7321939838539576, "rEff": 30.37337102109066, "axRatio": 0.6022413919581302, "i0": 0.15, "c": 2, "n": 1}, "bulge": {"mu": [56.49310302734375, 56.94140625], "roll": -2.44685437739309, "rEff": 5.264590741922077, "axRatio": 0.7635389991864782, "i0": 0.64, "c": 2, "n": 1.91}, "bar": {"mu": [51.52728271484375, 61.0244140625], "roll": 0.0, "rEff": 34.650390625, "axRatio": 0.9515151515151515, "i0": 0.01, "c": 2.06, "n": 0.5}, "spiral": [[[[52.306640625, 62.900390625], [51.865234375, 62.900390625], [51.865234375, 62.6796875], [51.64453125, 62.6796875], [51.423828125, 62.6796875], [50.982421875, 62.458984375], [50.76171875, 62.458984375], [50.541015625, 62.23828125], [50.3203125, 62.017578125], [50.099609375, 61.796875], [50.099609375, 61.576171875], [49.87890625, 61.35546875], [49.658203125, 61.134765625], [49.4375, 60.693359375], [49.4375, 60.47265625], [49.4375, 60.251953125], [49.216796875, 59.810546875], [48.99609375, 59.1484375], [48.99609375, 58.927734375], [48.99609375, 58.486328125], [48.99609375, 58.265625], [48.99609375, 58.044921875], [48.99609375, 57.162109375], [48.99609375, 56.94140625], [49.216796875, 56.720703125], [49.216796875, 56.5], [49.4375, 56.279296875], [49.4375, 56.05859375], [49.658203125, 55.837890625], [49.87890625, 55.6171875], [50.3203125, 55.396484375], [50.982421875, 54.955078125], [51.203125, 54.955078125], [51.423828125, 54.734375], [51.64453125, 54.513671875], [52.0859375, 54.29296875], [52.52734375, 54.072265625], [52.96875, 53.8515625], [53.41015625, 53.630859375], [53.630859375, 53.41015625], [53.8515625, 53.41015625], [54.072265625, 53.189453125], [54.29296875, 52.96875], [54.513671875, 52.96875], [54.513671875, 52.748046875], [54.734375, 52.748046875], [55.17578125, 52.52734375], [55.396484375, 52.52734375], [55.6171875, 52.52734375], [55.837890625, 52.306640625], [56.279296875, 52.306640625], [56.279296875, 52.0859375], [56.5, 52.0859375], [56.720703125, 52.0859375], [56.94140625, 51.865234375], [57.3828125, 51.865234375], [58.044921875, 51.64453125], [58.70703125, 51.423828125], [60.251953125, 50.982421875], [60.693359375, 50.76171875], [61.35546875, 50.541015625], [61.796875, 50.541015625], [62.23828125, 50.3203125], [62.900390625, 50.099609375], [63.341796875, 49.87890625], [63.5625, 49.87890625], [64.00390625, 49.658203125], [64.4453125, 49.4375], [64.88671875, 49.4375], [65.107421875, 49.216796875], [65.328125, 48.99609375], [65.76953125, 48.775390625], [65.990234375, 48.775390625], [65.990234375, 48.5546875], [66.2109375, 48.5546875], [66.431640625, 48.333984375], [66.65234375, 47.892578125], [67.314453125, 47.23046875], [67.53515625, 47.009765625], [67.53515625, 46.7890625], [67.755859375, 46.568359375], [67.755859375, 46.34765625], [67.755859375, 45.46484375], [67.755859375, 45.244140625], [67.755859375, 45.0234375], [67.53515625, 44.802734375], [67.53515625, 44.58203125], [67.314453125, 44.361328125], [67.09375, 44.140625], [67.09375, 43.919921875], [66.873046875, 43.919921875], [66.65234375, 43.69921875], [66.431640625, 43.478515625], [66.431640625, 43.2578125], [66.2109375, 43.037109375], [65.990234375, 42.81640625], [65.548828125, 42.595703125], [65.328125, 42.375], [64.88671875, 41.93359375], [64.666015625, 41.93359375], [64.4453125, 41.93359375], [64.224609375, 41.93359375], [64.00390625, 41.712890625], [63.783203125, 41.712890625], [63.341796875, 41.712890625], [63.12109375, 41.4921875], [62.900390625, 41.4921875], [62.458984375, 41.271484375], [62.23828125, 41.271484375], [62.017578125, 41.271484375], [61.796875, 41.05078125], [61.35546875, 41.05078125], [61.134765625, 40.830078125], [60.9140625, 40.830078125], [60.693359375, 40.830078125], [60.251953125, 40.609375], [59.810546875, 40.609375], [59.58984375, 40.609375], [59.369140625, 40.609375], [58.265625, 40.609375], [58.044921875, 40.609375], [57.82421875, 40.609375], [57.603515625, 40.609375], [57.3828125, 40.609375], [57.162109375, 40.609375], [56.94140625, 40.609375], [56.720703125, 40.609375], [56.5, 40.609375], [56.279296875, 40.609375], [56.05859375, 40.830078125], [55.837890625, 40.830078125], [55.6171875, 40.830078125], [55.396484375, 40.830078125], [54.955078125, 41.05078125], [54.513671875, 41.05078125], [54.072265625, 41.271484375], [53.630859375, 41.4921875], [53.189453125, 41.712890625], [52.306640625, 41.93359375], [52.0859375, 42.154296875], [51.865234375, 42.154296875], [51.64453125, 42.375], [51.423828125, 42.375], [51.203125, 42.595703125], [50.982421875, 42.595703125], [50.76171875, 42.595703125], [50.3203125, 42.595703125], [50.3203125, 42.81640625], [50.099609375, 42.81640625], [49.87890625, 43.037109375], [49.658203125, 43.037109375]], {"i0": 0.18, "spread": 0.26, "falloff": 1.0}], [[[36.416015625, 48.333984375], [36.1953125, 48.5546875], [35.75390625, 49.216796875], [35.3125, 49.658203125], [34.87109375, 50.541015625], [33.98828125, 51.865234375], [33.767578125, 52.306640625], [33.326171875, 53.189453125], [32.884765625, 53.8515625], [32.443359375, 54.513671875], [31.560546875, 56.05859375], [31.119140625, 56.5], [30.8984375, 57.162109375], [30.45703125, 57.82421875], [30.236328125, 58.044921875], [30.236328125, 58.486328125], [30.015625, 58.70703125], [29.57421875, 59.369140625], [29.353515625, 59.58984375], [29.1328125, 60.03125], [28.912109375, 60.47265625], [28.69140625, 60.9140625], [28.470703125, 61.576171875], [28.470703125, 62.017578125], [28.029296875, 64.224609375], [28.029296875, 64.666015625], [28.029296875, 65.328125], [28.029296875, 65.990234375], [28.25, 66.873046875], [28.470703125, 67.53515625], [28.470703125, 68.197265625], [28.69140625, 68.859375], [28.69140625, 69.30078125], [28.912109375, 69.7421875], [28.912109375, 70.404296875], [29.1328125, 71.06640625], [29.353515625, 72.169921875], [29.794921875, 72.611328125], [30.236328125, 73.2734375], [30.677734375, 73.71484375], [30.8984375, 74.15625], [31.33984375, 74.818359375], [31.560546875, 75.259765625], [32.001953125, 75.48046875], [32.443359375, 76.142578125], [33.767578125, 77.6875], [34.208984375, 77.908203125], [34.650390625, 77.908203125], [35.3125, 78.12890625], [36.1953125, 78.349609375], [37.078125, 78.5703125], [37.51953125, 78.5703125], [37.740234375, 78.5703125], [38.40234375, 78.5703125], [39.064453125, 78.5703125], [39.7265625, 78.5703125], [40.609375, 78.5703125], [41.4921875, 78.5703125], [41.93359375, 78.791015625], [42.81640625, 78.791015625], [43.478515625, 79.01171875], [43.69921875, 79.01171875], [43.919921875, 79.01171875], [44.58203125, 79.01171875], [44.802734375, 79.01171875], [46.568359375, 78.12890625], [47.23046875, 77.908203125], [47.671875, 77.6875], [48.333984375, 77.466796875], [49.216796875, 77.24609375], [49.87890625, 77.025390625], [50.541015625, 77.025390625], [50.982421875, 76.8046875], [51.203125, 76.583984375], [51.865234375, 76.583984375], [52.306640625, 76.36328125], [52.96875, 76.142578125], [53.41015625, 75.921875], [54.29296875, 75.701171875], [54.734375, 75.259765625], [55.17578125, 75.259765625], [55.6171875, 75.0390625], [56.05859375, 74.818359375], [56.5, 74.59765625], [56.94140625, 74.15625], [58.927734375, 72.83203125], [59.369140625, 72.390625], [59.810546875, 72.169921875], [60.03125, 71.94921875], [60.47265625, 71.728515625], [60.9140625, 71.5078125], [61.134765625, 71.287109375], [61.796875, 70.845703125], [62.23828125, 70.404296875], [62.6796875, 70.404296875], [62.900390625, 69.962890625], [63.341796875, 69.7421875], [63.783203125, 69.30078125], [64.00390625, 69.080078125], [64.224609375, 68.859375]], {"i0": 0.2, "spread": 0.35, "falloff": 1.0}]]}