{"disk": {"mu": [127.19131457805634, 125.81864935159683], "roll": -3.1215363849275066, "rEff": 56.5881306379239, "axRatio": 0.5520571032183016, "i0": 0.19, "c": 2, "n": 1}, "bulge": {"mu": [125.53512787818909, 125.29224732518196], "roll": -0.01817982953490683, "rEff": 4.889523077348309, "axRatio": 0.5, "i0": 0.45, "c": 2, "n": 1.17}, "bar": null, "spiral": []}