{"disk": {"mu": [52.50146484375, 52.203125], "roll": -2.549289001295334, "rEff": 31.66804200759382, "axRatio": 0.7508387261998265, "i0": 0.06, "c": 2, "n": 1}, "bulge": {"mu": [52.70458984375, 51.796875], "roll": 0.7454194762741583, "rEff": 2.8637392464964107, "axRatio": 0.821535226144033, "i0": 1.94, "c": 2, "n": 0.5}, "bar": null, "spiral": [[[[52.1015625, 59.109375], [52.1015625, 59.3125], [52.1015625, 59.515625], [52.1015625, 59.71875], [52.1015625, 59.921875], [51.8984375, 59.921875], [51.8984375, 60.125], [51.6953125, 60.328125], [51.4921875, 60.53125], [51.2890625, 60.734375], [51.2890625, 60.9375], [51.0859375, 60.9375], [50.8828125, 60.9375], [50.8828125, 61.140625], [50.6796875, 61.140625], [50.2734375, 61.34375], [50.0703125, 61.34375], [49.8671875, 61.34375], [49.6640625, 61.34375], [49.4609375, 61.546875], [49.0546875, 61.546875], [48.8515625, 61.75], [48.4453125, 61.75], [48.2421875, 61.953125], [47.8359375, 61.953125], [47.4296875, 62.15625], [47.2265625, 62.15625], [46.8203125, 62.15625], [46.6171875, 62.359375], [46.4140625, 62.359375], [46.2109375, 62.359375], [45.8046875, 62.359375], [45.6015625, 62.359375], [45.1953125, 62.359375], [44.9921875, 62.359375], [44.7890625, 62.359375], [44.5859375, 62.359375], [44.3828125, 62.15625], [44.1796875, 62.15625], [43.9765625, 61.953125], [43.7734375, 61.953125], [43.5703125, 61.75], [43.3671875, 61.75], [42.9609375, 61.546875], [42.7578125, 61.546875], [42.5546875, 61.34375], [42.1484375, 61.34375], [41.9453125, 61.140625], [41.7421875, 60.9375], [41.7421875, 60.734375], [41.5390625, 60.734375], [41.3359375, 60.53125], [41.3359375, 60.328125], [41.1328125, 60.125], [40.9296875, 59.921875], [40.9296875, 59.71875], [40.7265625, 59.71875], [40.5234375, 59.515625], [40.3203125, 59.3125], [40.1171875, 59.109375], [39.9140625, 58.90625], [39.9140625, 58.703125], [39.7109375, 58.5], [39.5078125, 58.5], [39.3046875, 58.296875], [39.1015625, 58.09375], [38.8984375, 57.890625], [38.8984375, 57.6875], [38.6953125, 57.6875], [38.4921875, 57.28125], [38.4921875, 57.078125], [38.2890625, 56.875], [38.2890625, 56.671875], [38.0859375, 56.46875], [38.0859375, 56.265625], [37.8828125, 55.859375], [37.8828125, 55.453125], [37.8828125, 55.25], [37.6796875, 54.640625], [37.6796875, 54.4375], [37.6796875, 53.828125], [37.6796875, 53.625], [37.6796875, 53.21875], [37.6796875, 53.015625], [37.6796875, 52.8125], [37.6796875, 52.609375], [37.6796875, 52.40625], [37.8828125, 52.203125], [37.8828125, 52.0], [38.0859375, 51.796875], [38.0859375, 51.59375], [38.0859375, 51.390625], [38.2890625, 51.390625], [38.2890625, 51.1875], [38.4921875, 51.1875], [38.4921875, 50.984375], [38.6953125, 50.78125], [38.6953125, 50.578125], [38.8984375, 50.578125], [38.8984375, 50.375], [39.1015625, 49.96875], [39.3046875, 49.5625], [39.5078125, 49.359375], [39.5078125, 49.15625], [39.7109375, 48.953125], [39.7109375, 48.75], [39.7109375, 48.546875], [39.9140625, 48.34375], [39.9140625, 48.140625], [39.9140625, 47.9375], [39.9140625, 47.734375], [40.1171875, 47.53125], [40.3203125, 47.328125], [40.3203125, 47.125], [40.5234375, 46.921875], [40.7265625, 46.71875], [40.7265625, 46.515625], [40.9296875, 46.3125], [40.9296875, 46.109375], [41.1328125, 46.109375], [41.1328125, 45.90625], [41.3359375, 45.703125], [41.3359375, 45.5]], {"i0": 0.04, "spread": 1.74, "falloff": 1.27}], [[[54.5390625, 45.90625], [54.5390625, 45.703125], [54.5390625, 45.5], [54.5390625, 45.296875], [54.5390625, 45.09375], [54.5390625, 44.890625], [54.7421875, 44.890625], [54.7421875, 44.6875], [54.7421875, 44.484375], [54.9453125, 44.484375], [54.9453125, 44.28125], [55.1484375, 44.078125], [55.1484375, 43.875], [55.3515625, 43.46875], [55.5546875, 43.265625], [55.9609375, 42.65625], [56.3671875, 42.25], [56.5703125, 41.84375], [56.7734375, 41.640625], [56.9765625, 41.4375], [57.1796875, 41.234375], [57.3828125, 41.234375], [57.5859375, 41.03125], [57.9921875, 40.828125], [58.1953125, 40.625], [58.3984375, 40.421875], [58.8046875, 40.21875], [59.2109375, 40.015625], [59.4140625, 39.8125], [59.8203125, 39.609375], [60.2265625, 39.609375], [60.4296875, 39.609375], [60.6328125, 39.609375], [60.8359375, 39.609375], [61.0390625, 39.609375], [61.2421875, 39.609375], [61.4453125, 39.609375], [61.6484375, 39.609375], [61.8515625, 39.609375], [62.2578125, 39.609375], [62.4609375, 39.609375], [62.6640625, 39.8125], [63.0703125, 39.8125], [63.2734375, 39.8125], [63.4765625, 39.8125], [63.6796875, 40.015625], [63.8828125, 40.015625], [64.0859375, 40.21875], [64.2890625, 40.21875], [64.4921875, 40.421875], [64.6953125, 40.421875], [65.1015625, 40.625], [65.3046875, 40.625], [65.7109375, 40.828125], [65.9140625, 41.03125], [66.1171875, 41.03125], [66.3203125, 41.234375], [66.3203125, 41.4375], [66.5234375, 41.4375], [66.5234375, 41.640625], [66.7265625, 41.640625], [66.7265625, 41.84375], [66.9296875, 42.046875], [66.9296875, 42.25], [67.1328125, 42.453125], [67.1328125, 42.65625], [67.1328125, 42.859375], [67.3359375, 42.859375], [67.3359375, 43.0625], [67.5390625, 43.265625], [67.5390625, 43.46875], [67.7421875, 43.671875], [67.7421875, 43.875], [67.9453125, 43.875], [67.9453125, 44.078125], [68.1484375, 44.28125], [68.3515625, 44.484375], [68.5546875, 44.6875], [68.7578125, 44.890625], [68.7578125, 45.09375], [68.9609375, 45.09375], [68.9609375, 45.296875], [69.1640625, 45.5], [69.3671875, 45.703125], [69.3671875, 45.90625], [69.5703125, 45.90625], [69.5703125, 46.109375], [69.7734375, 46.3125], [69.7734375, 46.515625], [69.9765625, 46.71875], [69.9765625, 46.921875], [69.9765625, 47.328125], [70.1796875, 47.53125], [70.1796875, 47.9375], [70.3828125, 48.140625], [70.3828125, 48.546875], [70.3828125, 48.953125], [70.3828125, 49.359375], [70.5859375, 49.5625], [70.5859375, 49.765625], [70.5859375, 49.96875], [70.5859375, 50.171875], [70.5859375, 50.375]], {"i0": 0.07, "spread": 2.0, "falloff": 1.27}]]}