{"disk": {"mu": [100.07086181640625, 99.19027709960938], "roll": -2.34081108841175, "rEff": 68.88299651453258, "axRatio": 0.9312768907314253, "i0": 0.09, "c": 2, "n": 1}, "bulge": {"mu": [99.68218994140625, 99.19027709960938], "roll": 2.0701430484750265, "rEff": 7.815982668691491, "axRatio": 0.9610238701410553, "i0": 0.53, "c": 2, "n": 1.92}, "bar": null, "spiral": [[[[106.6904296875, 106.96249999999999], [106.6904296875, 107.35117187499999], [107.4677734375, 107.35117187499999], [107.8564453125, 107.35117187499999], [108.2451171875, 107.73984374999999], [108.6337890625, 107.73984374999999], [109.0224609375, 107.73984374999999], [109.4111328125, 107.73984374999999], [109.7998046875, 107.73984374999999], [110.1884765625, 107.73984374999999], [110.5771484375, 107.73984374999999], [110.9658203125, 107.73984374999999], [111.7431640625, 107.73984374999999], [112.9091796875, 107.35117187499999], [114.8525390625, 105.79648437499999], [116.0185546875, 105.40781249999999], [117.1845703125, 104.24179687499999], [117.9619140625, 103.46445312499999], [118.7392578125, 102.68710937499999], [119.5166015625, 102.29843749999999], [119.5166015625, 101.90976562499999], [119.9052734375, 101.13242187499999], [119.9052734375, 100.74374999999999], [119.1279296875, 99.57773437499999], [118.3505859375, 98.41171874999999], [117.9619140625, 97.63437499999999], [117.9619140625, 97.24570312499999], [117.1845703125, 96.46835937499999], [116.7958984375, 96.07968749999999], [116.4072265625, 95.30234374999999], [115.6298828125, 94.13632812499999], [115.2412109375, 93.35898437499999], [114.4638671875, 92.58164062499999], [114.4638671875, 92.19296874999999], [114.4638671875, 91.80429687499999], [114.0751953125, 91.02695312499999], [113.2978515625, 89.86093749999999], [112.9091796875, 89.47226562499999], [112.9091796875, 89.08359374999999], [112.1318359375, 88.30624999999999], [111.7431640625, 87.52890624999999], [111.3544921875, 87.14023437499999], [110.5771484375, 86.36289062499999], [110.5771484375, 85.58554687499999], [110.1884765625, 85.19687499999999], [109.4111328125, 84.41953124999999], [109.0224609375, 84.03085937499999], [108.6337890625, 83.25351562499999], [108.2451171875, 82.47617187499999], [107.4677734375, 82.08749999999999], [106.3017578125, 81.69882812499999], [105.1357421875, 80.53281249999999], [104.3583984375, 79.75546874999999], [102.8037109375, 79.36679687499999], [101.6376953125, 78.58945312499999], [98.9169921875, 77.81210937499999], [97.7509765625, 77.03476562499999], [95.8076171875, 76.64609374999999], [94.6416015625, 76.64609374999999], [93.4755859375, 76.25742187499999], [92.3095703125, 76.25742187499999], [90.7548828125, 76.25742187499999], [89.9775390625, 76.25742187499999], [89.5888671875, 76.25742187499999], [88.0341796875, 76.25742187499999], [86.8681640625, 76.25742187499999], [85.3134765625, 76.64609374999999], [83.7587890625, 77.03476562499999], [82.9814453125, 77.42343749999999], [81.4267578125, 78.20078124999999], [80.6494140625, 78.58945312499999], [77.9287109375, 79.75546874999999], [77.1513671875, 80.14414062499999], [75.9853515625, 80.92148437499999], [74.0419921875, 82.08749999999999], [73.6533203125, 82.47617187499999], [72.8759765625, 82.86484374999999], [72.4873046875, 83.25351562499999], [72.0986328125, 83.64218749999999], [71.7099609375, 84.03085937499999], [71.3212890625, 84.41953124999999], [70.9326171875, 84.80820312499999], [70.1552734375, 85.97421874999999], [69.7666015625, 87.14023437499999], [69.7666015625, 87.52890624999999], [69.3779296875, 88.69492187499999], [69.3779296875, 89.47226562499999], [68.9892578125, 91.41562499999999], [68.6005859375, 92.58164062499999], [68.6005859375, 94.13632812499999], [68.2119140625, 95.30234374999999], [68.2119140625, 96.46835937499999], [68.2119140625, 97.24570312499999], [68.2119140625, 98.80039062499999], [68.2119140625, 99.96640624999999], [68.2119140625, 101.13242187499999], [68.2119140625, 102.29843749999999], [68.9892578125, 104.24179687499999], [69.3779296875, 105.01914062499999], [70.1552734375, 105.79648437499999], [70.1552734375, 107.35117187499999], [70.5439453125, 108.51718749999999], [71.3212890625, 110.07187499999999], [71.7099609375, 111.23789062499999], [72.4873046875, 112.01523437499999], [72.8759765625, 113.56992187499999], [73.2646484375, 114.34726562499999], [73.6533203125, 115.90195312499999], [74.4306640625, 116.67929687499999], [74.8193359375, 117.45664062499999], [75.5966796875, 118.23398437499999], [75.9853515625, 119.78867187499999], [76.7626953125, 120.56601562499999], [76.7626953125, 120.95468749999999], [77.5400390625, 122.12070312499999], [78.3173828125, 122.89804687499999], [79.0947265625, 123.67539062499999], [79.4833984375, 124.06406249999999], [79.8720703125, 124.84140624999999], [80.2607421875, 124.84140624999999], [81.4267578125, 125.23007812499999], [81.8154296875, 125.61874999999999], [82.2041015625, 125.61874999999999], [82.5927734375, 125.61874999999999], [83.3701171875, 126.00742187499999], [84.5361328125, 126.00742187499999], [85.7021484375, 126.39609374999999], [86.0908203125, 126.78476562499999], [86.8681640625, 127.17343749999999], [87.2568359375, 127.17343749999999], [87.6455078125, 127.17343749999999], [88.0341796875, 127.95078124999999], [88.4228515625, 127.95078124999999], [88.8115234375, 127.95078124999999], [89.9775390625, 128.339453125], [90.3662109375, 128.728125], [90.7548828125, 128.728125], [91.5322265625, 128.728125], [92.3095703125, 129.116796875], [92.6982421875, 129.116796875], [93.4755859375, 129.116796875], [94.6416015625, 129.50546875], [95.8076171875, 129.50546875], [97.7509765625, 130.2828125], [98.9169921875, 130.671484375], [100.4716796875, 131.06015625], [101.6376953125, 131.06015625], [102.4150390625, 131.06015625], [102.8037109375, 131.06015625], [103.9697265625, 131.06015625], [104.7470703125, 131.8375], [105.9130859375, 131.8375], [106.3017578125, 131.8375], [107.0791015625, 131.8375], [107.4677734375, 131.8375], [108.2451171875, 131.8375], [109.4111328125, 131.8375], [109.7998046875, 131.448828125], [110.9658203125, 131.448828125], [111.3544921875, 131.06015625], [111.7431640625, 130.671484375], [112.1318359375, 130.671484375], [113.2978515625, 129.894140625], [113.6865234375, 129.50546875], [114.0751953125, 129.50546875]], {"i0": 0.0, "spread": 2.0, "falloff": 2.0}]]}