{"disk": {"mu": [72.06634521484375, 72.7301025390625], "roll": 0.884548412617268, "rEff": 37.98246533695272, "axRatio": 0.968787074569309, "i0": 0.21, "c": 2, "n": 1}, "bulge": null, "bar": {"mu": [72.49114990234375, 72.1636962890625], "roll": 1.5707963267948966, "rEff": 5.380859375, "axRatio": 0.6333333333333333, "i0": 0.2, "c": 3.0, "n": 0.5}, "spiral": [[[[83.1201171875, 82.35546875], [85.3857421875, 68.1953125], [76.6064453125, 59.69921875], [66.6943359375, 57.150390625]], {"i0": 0.18, "spread": 0.8, "falloff": 1.0}], [[[53.9501953125, 68.1953125], [52.8173828125, 81.22265625], [57.6318359375, 95.099609375], [63.8623046875, 105.294921875], [78.5888671875, 103.3125], [90.4833984375, 100.197265625]], {"i0": 0.45, "spread": 0.62, "falloff": 1.0}], [[[56.2158203125, 48.087890625], [71.5087890625, 43.2734375], [89.3505859375, 51.76953125], [93.8818359375, 65.080078125], [92.4658203125, 76.69140625], [92.4658203125, 76.974609375]], {"i0": 0.47, "spread": 1.14, "falloff": 1.0}]]}