{"disk": {"mu": [67.2535400390625, 67.0], "roll": 1.9146760650383388, "rEff": 25.303039167351173, "axRatio": 0.5, "i0": 0.2, "c": 2, "n": 1}, "bulge": {"mu": [67.7769775390625, 65.69140625], "roll": 1.7359450042095235, "rEff": 4.748697583701776, "axRatio": 0.46900956277028083, "i0": 0.56, "c": 2, "n": 1.0}, "bar": null, "spiral": [[[[67.0, 55.74609375], [70.140625, 51.8203125], [85.3203125, 67.78515625], [85.3203125, 67.5234375]], {"i0": 0.31, "spread": 1.36, "falloff": 0.95}], [[[67.78515625, 75.375], [67.78515625, 75.11328125], [65.953125, 82.44140625], [49.98828125, 64.90625]], {"i0": 0.28, "spread": 1.18, "falloff": 0.95}]]}