{"disk": {"mu": [41.16015625, 40.19388151168823], "roll": 0.4150747336946737, "rEff": 17.451011643124566, "axRatio": 0.7316767959124811, "i0": 0.21, "c": 2, "n": 1}, "bulge": {"mu": [41.20683264732361, 40.790877521038055], "roll": 0.0, "rEff": 2.4798435294628143, "axRatio": 0.8803917435844688, "i0": 1.53, "c": 2, "n": 0.5}, "bar": null, "spiral": []}