{"disk": {"mu": [37.373046576976776, 37.96387016773224], "roll": -1.1816374140349286, "rEff": 24.427559369307872, "axRatio": 0.6939786649518065, "i0": 0.2, "c": 2, "n": 1}, "bulge": {"mu": [37.812499701976776, 37.67089694738388], "roll": -1.4181469983996313, "rEff": 3.1790568783169544, "axRatio": 0.8908299398040999, "i0": 0.57, "c": 2, "n": 0.58}, "bar": null, "spiral": [[[[39.1259765625, 34.453125], [39.1259765625, 34.306640625], [38.9794921875, 34.16015625], [38.9794921875, 34.013671875], [38.8330078125, 33.8671875], [38.6865234375, 33.57421875], [38.5400390625, 33.57421875], [38.3935546875, 33.427734375], [37.6611328125, 32.98828125], [37.2216796875, 32.841796875], [36.9287109375, 32.841796875], [36.9287109375, 32.6953125], [36.7822265625, 32.548828125], [35.7568359375, 32.109375], [35.1708984375, 32.109375], [35.0244140625, 31.962890625], [34.8779296875, 31.962890625], [34.5849609375, 31.962890625], [33.8525390625, 31.962890625], [32.6806640625, 31.962890625], [32.3876953125, 31.962890625], [32.2412109375, 31.962890625], [31.8017578125, 32.109375], [31.8017578125, 32.255859375], [31.6552734375, 32.40234375], [31.5087890625, 32.548828125], [31.0693359375, 32.6953125], [30.9228515625, 32.6953125], [30.9228515625, 32.841796875], [30.7763671875, 32.841796875], [30.7763671875, 32.98828125], [30.4833984375, 33.134765625], [30.3369140625, 33.427734375], [30.1904296875, 33.427734375], [29.4580078125, 33.8671875], [29.7509765625, 33.8671875], [30.0439453125, 33.8671875], [30.1904296875, 33.8671875]], {"i0": 0.02, "spread": 0.18, "falloff": 1.54}], [[[41.3232421875, 38.5546875], [41.4697265625, 38.5546875], [41.7626953125, 38.408203125], [42.6416015625, 38.115234375], [42.7880859375, 37.96875], [42.7880859375, 37.822265625], [42.9345703125, 37.529296875], [43.0810546875, 37.08984375], [43.2275390625, 36.943359375], [43.2275390625, 36.796875], [43.2275390625, 36.650390625], [43.2275390625, 36.50390625], [43.2275390625, 36.357421875], [43.5205078125, 35.91796875], [43.6669921875, 35.33203125], [43.6669921875, 34.892578125], [43.6669921875, 34.74609375], [43.9599609375, 34.306640625], [43.9599609375, 34.013671875], [43.9599609375, 33.8671875], [43.9599609375, 33.427734375], [43.9599609375, 33.28125], [43.8134765625, 32.98828125], [43.6669921875, 32.6953125], [43.5205078125, 32.255859375], [43.2275390625, 31.81640625], [42.9345703125, 31.5234375], [42.7880859375, 31.23046875], [42.4951171875, 31.083984375], [42.2021484375, 30.9375], [42.0556640625, 30.64453125], [41.9091796875, 30.498046875]], {"i0": 0.04, "spread": 0.17, "falloff": 1.54}], [[[34.7314453125, 39.287109375], [34.7314453125, 39.43359375], [34.7314453125, 39.580078125], [34.7314453125, 39.7265625], [34.7314453125, 39.873046875], [34.7314453125, 40.166015625], [34.7314453125, 40.458984375], [34.8779296875, 40.60546875], [34.8779296875, 40.751953125], [34.8779296875, 40.8984375], [35.0244140625, 41.044921875], [35.0244140625, 41.19140625], [35.1708984375, 41.484375], [35.3173828125, 41.484375], [35.4638671875, 41.630859375], [35.6103515625, 41.923828125], [35.7568359375, 42.216796875], [35.9033203125, 42.216796875], [35.9033203125, 42.36328125], [35.9033203125, 42.509765625], [36.0498046875, 42.509765625], [36.3427734375, 42.94921875], [36.4892578125, 42.94921875], [36.6357421875, 43.095703125], [36.6357421875, 43.2421875], [36.7822265625, 43.388671875], [36.9287109375, 43.53515625], [37.0751953125, 43.681640625], [37.8076171875, 44.12109375], [38.2470703125, 44.12109375], [38.3935546875, 44.267578125], [39.1259765625, 44.560546875], [39.7119140625, 44.70703125], [39.7119140625, 44.853515625], [40.0048828125, 45.0], [40.7373046875, 45.146484375], [41.1767578125, 45.146484375], [41.4697265625, 45.439453125], [42.0556640625, 45.439453125], [42.2021484375, 45.439453125], [42.6416015625, 45.439453125], [42.7880859375, 45.439453125], [43.0810546875, 45.5859375], [43.2275390625, 45.5859375], [43.5205078125, 45.5859375], [44.2529296875, 45.5859375], [44.3994140625, 45.5859375]], {"i0": 0.15, "spread": 0.17, "falloff": 1.54}]]}