{"disk": {"mu": [77.26865887641907, 78.08939409255981], "roll": 0.10642294023464806, "rEff": 60.43572062874255, "axRatio": 0.7870675956488784, "i0": 0.22, "c": 2, "n": 1}, "bulge": {"mu": [78.34995174407959, 78.58107089996338], "roll": -0.8391036976564225, "rEff": 4.838781686186037, "axRatio": 0.5, "i0": 0.51, "c": 2, "n": 1.61}, "bar": null, "spiral": []}