{"disk": {"mu": [69.44024205207825, 68.39804577827454], "roll": 1.4092534029842718, "rEff": 44.97738932746221, "axRatio": 0.9166719405900726, "i0": 0.28, "c": 2, "n": 1}, "bulge": {"mu": [68.90117955207825, 69.47617077827454], "roll": 1.0074800653029283, "rEff": 3.028480759263383, "axRatio": 0.9845251785786275, "i0": 0.57, "c": 2, "n": 0.97}, "bar": null, "spiral": [[[[77.0859375, 72.18046875], [77.625, 72.71953125], [78.43359375, 73.528125], [79.2421875, 73.79765625], [79.78125, 74.33671875], [80.05078125, 74.60625], [80.05078125, 75.1453125], [80.3203125, 75.95390625], [80.3203125, 76.2234375], [80.3203125, 76.7625], [80.859375, 76.7625], [80.859375, 77.57109375], [80.859375, 77.840625], [80.859375, 78.3796875], [80.859375, 79.18828125], [80.859375, 79.4578125], [80.859375, 79.996875], [80.859375, 80.26640625], [80.859375, 80.80546875], [80.859375, 81.34453125], [80.3203125, 81.6140625], [80.3203125, 82.42265625], [80.05078125, 82.6921875], [80.05078125, 82.96171875], [79.78125, 82.96171875], [79.78125, 83.50078125], [79.51171875, 84.03984375], [79.51171875, 84.309375], [79.51171875, 84.57890625], [79.51171875, 84.8484375], [79.51171875, 85.65703125], [79.2421875, 85.65703125], [78.703125, 86.19609375], [78.43359375, 86.19609375], [78.43359375, 86.465625], [78.1640625, 86.465625], [77.89453125, 86.73515625], [77.89453125, 87.27421875], [77.625, 87.54375], [77.625, 87.81328125], [77.0859375, 87.81328125], [76.27734375, 88.35234375], [76.0078125, 88.89140625], [75.46875, 88.89140625], [75.19921875, 88.89140625], [74.66015625, 89.1609375], [73.04296875, 89.43046875], [72.234375, 89.43046875], [71.15625, 89.43046875], [69.80859375, 89.7], [69.5390625, 89.7], [66.84375, 89.96953125], [65.765625, 89.7], [63.87890625, 89.1609375], [63.609375, 89.1609375], [63.33984375, 88.89140625], [60.375, 88.0828125], [59.8359375, 88.0828125], [59.02734375, 88.0828125], [58.7578125, 87.81328125], [58.21875, 87.81328125], [56.0625, 87.27421875], [55.79296875, 86.73515625], [54.984375, 86.465625], [54.17578125, 86.19609375], [53.90625, 86.19609375], [53.63671875, 86.19609375], [52.2890625, 85.11796875], [51.2109375, 84.8484375], [50.671875, 84.57890625], [50.1328125, 84.309375], [49.59375, 84.03984375], [49.32421875, 83.50078125], [49.0546875, 83.23125], [48.515625, 82.6921875], [47.9765625, 82.42265625], [47.9765625, 81.88359375], [47.70703125, 81.6140625], [47.4375, 81.6140625], [47.4375, 81.34453125], [47.16796875, 81.075], [46.8984375, 80.26640625], [46.08984375, 79.4578125], [45.8203125, 79.18828125], [45.8203125, 78.3796875], [45.55078125, 78.3796875], [45.55078125, 78.11015625], [44.7421875, 77.57109375], [44.7421875, 76.7625], [44.203125, 76.49296875], [44.203125, 75.95390625], [44.203125, 75.41484375], [43.93359375, 75.41484375]], {"i0": 0.22, "spread": 0.53, "falloff": 1.06}], [[[57.140625, 57.35625], [57.140625, 57.08671875], [57.41015625, 55.2], [58.21875, 52.5046875], [58.48828125, 51.15703125], [59.02734375, 50.07890625], [59.8359375, 49.00078125], [60.375, 48.73125], [60.64453125, 48.46171875], [60.64453125, 47.653125], [60.9140625, 47.38359375], [61.453125, 46.84453125], [61.72265625, 46.0359375], [61.9921875, 45.496875], [62.26171875, 44.68828125], [62.26171875, 44.41875], [62.53125, 43.8796875], [63.33984375, 42.8015625], [63.87890625, 42.2625], [64.1484375, 41.99296875], [64.6875, 41.45390625], [65.2265625, 41.184375], [65.765625, 40.37578125], [66.57421875, 40.37578125], [66.57421875, 39.83671875], [66.84375, 39.5671875], [68.19140625, 39.29765625], [69.80859375, 39.028125], [71.6953125, 37.95], [73.04296875, 37.95], [73.3125, 37.95], [73.58203125, 37.95], [74.66015625, 37.68046875], [76.27734375, 37.4109375], [77.89453125, 37.4109375], [78.43359375, 37.4109375], [79.2421875, 37.4109375], [79.51171875, 37.4109375], [80.3203125, 37.4109375], [81.9375, 37.68046875], [83.5546875, 38.75859375], [84.6328125, 39.028125], [84.90234375, 39.29765625], [85.98046875, 39.83671875], [87.59765625, 40.37578125], [87.8671875, 40.37578125], [88.13671875, 40.6453125], [88.40625, 40.91484375], [90.83203125, 42.2625], [92.1796875, 42.8015625], [92.71875, 43.61015625], [92.98828125, 43.8796875], [93.796875, 44.41875], [94.875, 45.22734375], [94.875, 45.496875], [95.4140625, 45.496875], [95.68359375, 45.76640625], [95.953125, 46.0359375], [96.22265625, 46.30546875], [96.4921875, 47.1140625], [96.4921875, 47.38359375], [97.03125, 47.653125], [97.30078125, 48.73125], [97.5703125, 49.00078125], [97.83984375, 49.2703125], [97.83984375, 49.53984375], [98.109375, 50.3484375], [98.109375, 50.8875], [98.6484375, 51.15703125], [98.91796875, 51.965625], [98.91796875, 52.5046875], [98.91796875, 52.77421875], [99.1875, 53.31328125], [99.45703125, 53.5828125], [99.7265625, 53.85234375], [100.265625, 54.93046875], [100.53515625, 55.2], [100.8046875, 56.00859375], [101.07421875, 56.8171875], [101.07421875, 57.08671875], [101.34375, 57.35625]], {"i0": 0.14, "spread": 1.12, "falloff": 1.06}]]}