{"disk": {"mu": [43.4114972949028, 43.4327375292778], "roll": 2.1127150308379683, "rEff": 23.392984237836526, "axRatio": 0.6916721739164077, "i0": 0.34, "c": 2, "n": 1}, "bulge": {"mu": [43.58142176270485, 42.75305262207985], "roll": -0.8760574252375166, "rEff": 2.8400609247027995, "axRatio": 0.7585987042986315, "i0": 0.63, "c": 2, "n": 0.6}, "bar": null, "spiral": []}