{"disk": {"mu": [99.136474609375, 98.0], "roll": -0.17240076623096057, "rEff": 65.38589547412442, "axRatio": 0.8049748025909997, "i0": 0.2, "c": 2, "n": 1}, "bulge": {"mu": [97.988037109375, 97.234375], "roll": -0.982793723247329, "rEff": 4.965507552988824, "axRatio": 0.719508379167545, "i0": 0.26, "c": 2, "n": 0.78}, "bar": {"mu": [98.75366210937507, 98.38281250000004], "roll": 2.494200513849868, "rEff": 3.3652368225427964, "axRatio": 0.07401359145700696, "i0": 0.0, "c": 1.5, "n": 0.3}, "spiral": [[[[91.9515625, 126.86406249999999], [91.4921875, 126.634375], [88.54453125, 124.60546875], [86.975, 123.49531250000001], [85.596875, 122.5765625], [83.79765625, 121.6578125], [82.228125, 121.19843750000001], [81.5390625, 120.77734375], [81.0796875, 120.31796875], [80.42890625, 119.85859375000001], [80.19921875, 119.39921874999999], [79.73984375, 118.93984375], [79.28046875, 118.51875000000001], [78.82109375, 117.8296875], [78.59140625, 117.6], [78.1703125, 116.91093749999999], [77.7109375, 116.4515625], [77.2515625, 115.80078125], [77.2515625, 115.57109374999999], [77.021875, 115.34140625], [76.7921875, 114.88203125000001], [76.5625, 114.42265624999999], [76.103125, 114.0015625], [75.68203125, 113.3125], [75.22265625, 112.853125], [74.76328125, 112.39375000000001], [74.30390625, 111.7046875], [73.84453125, 111.05390625000001], [73.4234375, 110.59453124999999], [72.734375, 109.44609374999999], [72.5046875, 108.56562500000001], [72.0453125, 107.1875], [71.815625, 105.84765625], [71.5859375, 104.92890625000001], [71.35625, 104.69921875], [71.35625, 104.0484375], [71.1265625, 103.81875], [71.1265625, 103.359375], [71.1265625, 102.9], [71.1265625, 102.44062500000001], [71.1265625, 101.56015625], [71.1265625, 101.10078125000001], [71.1265625, 100.64140624999999], [71.1265625, 99.53125], [71.5859375, 99.30156249999999], [71.815625, 99.30156249999999], [72.0453125, 99.30156249999999], [72.275, 98.8421875], [72.5046875, 98.8421875], [72.734375, 98.8421875], [72.9640625, 98.8421875], [73.19375, 98.8421875], [73.61484375, 98.8421875], [73.84453125, 98.8421875], [74.07421875, 98.8421875], [74.30390625, 98.8421875], [74.53359375, 98.8421875], [74.76328125, 98.8421875], [75.22265625, 98.8421875], [75.45234375, 98.8421875], [75.8734375, 98.8421875], [76.103125, 98.8421875], [76.3328125, 98.8421875], [76.5625, 98.8421875], [76.7921875, 98.8421875], [77.021875, 98.8421875], [77.021875, 99.071875]], {"i0": 0.13, "spread": 2.0, "falloff": 1.0}], [[[82.9171875, 78.28515625], [83.10859375, 78.05546875], [83.79765625, 77.36640625], [84.25703125, 76.90703125], [84.48671875, 76.67734375], [85.17578125, 76.44765625], [85.8265625, 76.44765625], [87.2046875, 76.44765625], [89.00390625, 76.67734375], [89.69296875, 76.67734375], [89.92265625, 76.90703125], [90.5734375, 77.13671875], [90.803125, 77.13671875], [91.2625, 77.13671875], [91.4921875, 77.13671875], [91.721875, 77.13671875], [92.18125, 77.13671875], [92.60234375, 77.13671875], [93.06171875, 77.13671875], [93.29140625, 77.13671875], [93.98046875, 77.13671875], [94.43984375, 77.13671875], [94.8609375, 77.36640625], [95.55, 77.59609375], [96.2390625, 77.82578125], [96.46875, 78.05546875], [96.6984375, 78.05546875], [97.34921875, 78.05546875], [97.80859375, 78.05546875], [98.26796875, 78.28515625], [98.95703125, 78.4765625], [99.41640625, 78.70625], [100.06718749999999, 78.70625], [100.52656250000001, 79.165625], [101.21562499999999, 79.3953125], [101.67500000000001, 79.625], [102.32578125, 79.8546875], [103.01484375000001, 80.084375], [103.24453125, 80.3140625], [103.70390624999999, 80.54375], [103.70390624999999, 80.7734375], [104.16328125000001, 81.19453125], [104.35468750000001, 81.42421875], [104.584375, 81.88359375], [105.04374999999999, 82.11328125], [105.2734375, 82.80234375], [105.2734375, 83.03203125], [105.7328125, 83.453125], [105.9625, 83.9125], [106.421875, 84.83125], [106.65156250000001, 85.290625], [106.84296875000001, 85.71171875], [107.53203124999999, 86.63046875], [107.76171875, 87.31953125], [108.45078125, 88.659375], [108.91015625, 89.578125], [109.33125000000001, 90.2671875], [109.5609375, 90.68828125], [109.790625, 91.14765625], [109.790625, 91.37734375]], {"i0": 0.19, "spread": 0.45, "falloff": 1.0}], [[[111.3984375, 127.7828125], [111.3984375, 128.0125], [111.3984375, 128.2421875], [111.3984375, 128.89296875], [111.58984375, 129.12265625], [112.04921875, 129.58203125], [112.27890625, 130.04140625], [112.73828125, 130.27109375], [113.19765625, 130.50078125], [113.65703124999999, 130.50078125], [113.84843749999999, 130.50078125], [114.30781250000001, 130.50078125], [114.7671875, 130.50078125], [115.2265625, 130.50078125], [115.45625000000001, 130.04140625], [115.915625, 129.58203125], [116.14531249999999, 129.12265625], [116.33671874999999, 128.89296875], [116.56640625, 128.89296875], [117.02578125, 128.66328125], [117.48515624999999, 128.66328125], [117.71484375, 128.43359375], [117.71484375, 128.2421875], [117.71484375, 127.7828125], [117.02578125, 127.553125], [116.33671874999999, 127.32343750000001], [116.14531249999999, 127.32343750000001], [115.915625, 127.32343750000001], [115.6859375, 127.32343750000001], [115.6859375, 127.553125], [115.6859375, 127.7828125], [115.6859375, 128.0125], [115.915625, 128.43359375], [116.33671874999999, 128.43359375], [116.79609375000001, 128.43359375], [117.25546875, 128.43359375], [117.71484375, 128.43359375], [117.94453125000001, 128.43359375], [118.40390625, 128.2421875], [119.0546875, 128.2421875], [119.5140625, 127.7828125], [119.97343749999999, 127.09375], [119.97343749999999, 126.86406249999999], [120.43281250000001, 126.634375], [120.6625, 126.4046875], [120.8921875, 125.9453125], [121.31328124999999, 125.29453125], [121.54296875, 125.06484375], [121.77265625000001, 124.37578124999999], [121.77265625000001, 124.14609375], [122.00234375, 123.49531250000001], [122.23203125, 123.03593749999999], [122.23203125, 122.34687500000001], [122.23203125, 121.88749999999999], [122.23203125, 121.00703125000001], [122.23203125, 120.31796875], [121.77265625000001, 119.39921874999999], [121.08359375, 117.8296875], [120.43281250000001, 116.91093749999999], [119.74375, 116.03046875000001], [119.0546875, 115.57109374999999], [118.82499999999999, 115.11171875], [118.40390625, 114.65234375], [118.40390625, 114.42265624999999]], {"i0": 0.15, "spread": 1.66, "falloff": 1.0}], [[[70.70546875, 92.06640625], [70.47578125, 92.06640625], [69.78671875, 92.06640625], [69.55703125, 92.06640625], [69.32734375, 92.06640625], [69.32734375, 92.52578125], [68.86796875, 92.946875], [68.6765625, 93.40625], [68.446875, 93.865625], [67.9875, 94.5546875], [67.7578125, 94.784375], [67.2984375, 95.43515625], [67.06875, 95.89453125], [66.8390625, 96.58359375], [66.609375, 97.04296875], [66.3796875, 97.4640625], [66.3796875, 97.9234375], [65.95859375, 98.61250000000001], [65.95859375, 99.071875], [65.95859375, 99.53125], [65.95859375, 100.18203125], [66.3796875, 101.56015625], [66.8390625, 102.44062500000001], [67.2984375, 103.12968749999999], [67.7578125, 104.0484375], [68.446875, 104.5078125], [68.86796875, 105.15859375], [69.78671875, 106.76640624999999], [70.70546875, 108.10624999999999], [71.5859375, 109.44609374999999], [72.5046875, 110.59453124999999], [73.19375, 111.7046875], [74.30390625, 113.08281249999999], [74.76328125, 113.54218750000001], [75.8734375, 114.0015625], [77.7109375, 114.19296875], [78.82109375, 114.19296875], [79.73984375, 114.19296875], [80.6203125, 114.42265624999999], [81.5390625, 114.42265624999999], [82.4578125, 114.42265624999999], [83.79765625, 114.42265624999999], [84.48671875, 114.42265624999999], [85.8265625, 114.65234375], [86.515625, 115.11171875], [86.975, 115.11171875], [88.08515625, 115.11171875], [88.77421875, 115.11171875], [89.46328125, 115.11171875], [90.1140625, 115.11171875], [90.5734375, 115.11171875], [91.2625, 115.11171875], [91.4921875, 115.11171875]], {"i0": 0.13, "spread": 2.0,