{"disk": {"mu": [66.43183672428131, 65.7421875], "roll": -0.9517301820732812, "rEff": 37.22737407278247, "axRatio": 0.8770125362951425, "i0": 0.2, "c": 2, "n": 1}, "bulge": {"mu": [66.39228916168213, 65.58278954029083], "roll": -1.553557007985451, "rEff": 3.0791721537328423, "axRatio": 0.8658007563139445, "i0": 0.5, "c": 2, "n": 1.0}, "bar": null, "spiral": [[[[66.95390625, 68.99062500000001], [66.95390625, 69.24843750000001], [66.95390625, 69.50625000000001], [66.69609375, 69.50625000000001], [66.18046875, 69.50625000000001], [65.92265625, 70.02187500000001], [65.66484375, 70.53750000000001], [65.40703125, 70.53750000000001], [64.89140625, 70.79531250000001], [64.89140625, 71.05312500000001], [64.37578125, 71.31093750000001], [64.11796875, 71.56875000000001], [63.860156249999996, 71.56875000000001], [63.602343749999996, 71.56875000000001], [63.344531249999996, 71.56875000000001], [63.086718749999996, 71.56875000000001], [62.828906249999996, 71.56875000000001], [62.571093749999996, 71.56875000000001], [61.797656249999996, 71.56875000000001], [61.539843749999996, 71.56875000000001], [61.282031249999996, 71.56875000000001], [60.766406249999996, 71.56875000000001], [60.766406249999996, 71.31093750000001], [59.992968749999996, 71.05312500000001], [59.735156249999996, 70.53750000000001], [58.961718749999996, 70.53750000000001], [58.703906249999996, 70.27968750000001], [58.446093749999996, 69.76406250000001], [57.930468749999996, 69.50625000000001], [57.672656249999996, 69.50625000000001], [57.414843749999996, 69.24843750000001], [56.899218749999996, 68.73281250000001], [56.641406249999996, 68.73281250000001], [56.641406249999996, 68.47500000000001], [56.641406249999996, 68.21718750000001], [56.383593749999996, 67.95937500000001], [56.383593749999996, 67.70156250000001], [56.125781249999996, 67.70156250000001], [56.125781249999996, 67.44375000000001], [56.125781249999996, 67.18593750000001], [55.867968749999996, 66.67031250000001], [55.610156249999996, 66.41250000000001], [55.610156249999996, 65.896875], [55.610156249999996, 65.38125], [55.610156249999996, 65.1234375], [55.094531249999996, 64.35], [55.094531249999996, 64.0921875], [54.836718749999996, 63.5765625], [54.836718749999996, 63.31875], [54.578906249999996, 62.2875], [54.321093749999996, 61.5140625], [54.063281249999996, 61.25625], [54.063281249999996, 60.4828125], [54.063281249999996, 59.9671875], [54.063281249999996, 59.4515625], [54.063281249999996, 59.19375], [54.063281249999996, 58.9359375], [54.063281249999996, 58.4203125], [54.063281249999996, 58.1625], [54.063281249999996, 57.9046875], [54.063281249999996, 57.646875], [54.063281249999996, 57.13125], [54.063281249999996, 56.8734375], [54.321093749999996, 56.615625], [54.578906249999996, 56.1], [54.578906249999996, 55.8421875], [54.578906249999996, 55.584375], [54.836718749999996, 55.06875], [54.836718749999996, 54.8109375], [55.094531249999996, 54.8109375], [55.094531249999996, 54.553125], [55.094531249999996, 54.0375], [55.352343749999996, 54.0375], [55.352343749999996, 53.7796875], [55.610156249999996, 53.7796875], [55.610156249999996, 53.2640625], [55.610156249999996, 53.00625]], {"i0": 0.02, "spread": 1.0, "falloff": 1.0}], [[[65.66484375, 60.9984375], [65.92265625, 60.9984375], [65.92265625, 60.740625], [65.92265625, 60.4828125], [65.92265625, 60.225], [65.92265625, 59.9671875], [66.18046875, 59.19375], [66.18046875, 58.678125], [66.18046875, 58.1625], [66.43828125, 58.1625], [66.43828125, 57.9046875], [66.43828125, 57.646875], [66.43828125, 57.3890625], [66.43828125, 57.13125], [66.69609375, 57.13125], [66.69609375, 56.8734375], [66.69609375, 56.615625], [67.21171875, 56.1], [67.46953125, 56.1], [67.98515625, 55.8421875], [67.98515625, 55.584375], [68.24296875, 55.584375], [68.50078125, 55.3265625], [69.01640625, 55.06875], [69.27421875, 55.06875], [70.04765625, 55.06875], [70.30546875, 55.06875], [71.07890625, 55.06875], [71.59453125, 55.06875], [72.11015625, 55.3265625], [72.36796875, 55.584375], [72.88359375, 55.8421875], [73.14140625, 55.8421875], [73.39921875, 56.1], [73.65703125, 56.1], [74.17265625, 56.3578125], [74.43046875, 56.8734375], [74.68828125, 56.8734375], [74.94609375, 57.3890625], [75.20390625, 57.646875], [75.20390625, 57.9046875], [75.46171875, 58.4203125], [75.71953125, 58.9359375], [75.71953125, 59.19375], [75.71953125, 59.4515625], [75.97734375, 59.9671875], [76.23515625, 60.225], [76.23515625, 60.4828125], [76.23515625, 60.9984375], [76.23515625, 61.25625], [76.23515625, 61.5140625], [76.23515625, 62.2875], [76.23515625, 62.803125], [76.23515625, 63.0609375], [76.23515625, 63.31875], [76.23515625, 63.834375], [76.23515625, 64.0921875], [76.23515625, 64.35], [76.23515625, 64.865625], [76.23515625, 65.38125], [76.23515625, 65.6390625], [76.23515625, 66.15468750000001], [76.23515625, 66.41250000000001], [76.23515625, 66.92812500000001], [76.23515625, 67.44375000000001], [76.23515625, 68.21718750000001], [75.71953125, 69.24843750000001], [75.20390625, 69.76406250000001], [74.94609375, 70.53750000000001], [74.94609375, 71.05312500000001], [74.94609375, 71.56875000000001], [74.43046875, 72.08437500000001], [74.17265625, 72.60000000000001], [74.17265625, 72.85781250000001], [73.91484375, 73.37343750000001], [73.65703125, 73.63125000000001], [73.39921875, 73.88906250000001], [73.39921875, 74.40468750000001], [73.14140625, 74.66250000000001], [73.14140625, 75.17812500000001], [72.88359375, 75.69375000000001], [72.62578125, 75.69375000000001], [72.36796875, 75.95156250000001], [72.11015625, 76.46718750000001], [71.85234375, 76.72500000000001], [71.59453125, 77.24062500000001], [71.33671875, 77.75625000000001], [71.07890625, 77.75625000000001], [70.82109375, 78.01406250000001], [70.82109375, 78.27187500000001], [70.56328125, 78.27187500000001], [70.56328125, 78.52968750000001], [70.30546875, 78.78750000000001]], {"i0": 0.01, "spread": 1.0, "falloff": 1.0}]]}