{"disk": {"mu": [86.86197847127914, 86.46321892738342], "roll": -2.0736395377227574, "rEff": 15.603317475311188, "axRatio": 0.40798734554077254, "i0": 0.25, "c": 2, "n": 1}, "bulge": {"mu": [87.20377534627914, 88.0678117275238], "roll": -1.5707963267948966, "rEff": 4.23828125, "axRatio": 0.7844645405527362, "i0": 0.58, "c": 2, "n": 0.5}, "bar": null, "spiral": []}