{"disk": {"mu": [97.3623046875, 99.09837555885315], "roll": 1.200472897092122, "rEff": 45.362616354218375, "axRatio": 0.7777367805486094, "i0": 0.19, "c": 2, "n": 1}, "bulge": null, "bar": {"mu": [97.9453125, 99.29271149635315], "roll": -0.3000148475548496, "rEff": 3.8478515625000003, "axRatio": 0.28205128205128205, "i0": 0.3, "c": 3.0, "n": 0.78}, "spiral": [[[[89.5888671875, 97.16796875], [83.3701171875, 93.669921875], [84.9248046875, 89.783203125], [87.2568359375, 81.62109375], [92.6982421875, 76.1796875], [98.1396484375, 74.236328125], [105.5244140625, 73.0703125]], {"i0": 0.26, "spread": 1.0, "falloff": 1.0}], [[[105.5244140625, 97.9453125], [111.7431640625, 101.0546875], [114.0751953125, 107.662109375], [114.0751953125, 116.990234375], [106.3017578125, 120.099609375], [94.6416015625, 127.484375], [83.7587890625, 124.763671875], [75.9853515625, 117.37890625]], {"i0": 0.31, "spread": 1.0, "falloff": 1.0}]]}