{"disk": {"mu": [64.26748657226562, 64.10499572753906], "roll": -4.09833686276058, "rEff": 27.90724941883876, "axRatio": 0.3434380660456459, "i0": 0.26, "c": 2, "n": 1}, "bulge": {"mu": [65.33499145507812, 63.0724983215332], "roll": 1.2036694136108328, "rEff": 1.8747520355771259, "axRatio": 0.5, "i0": 0.9, "c": 2, "n": 1.0}, "bar": null, "spiral": [[[[62.125, 45.975], [62.125, 46.25], [68.525, 55.3], [68.525, 55.575], [69.075, 56.1], [74.925, 64.1], [74.925, 64.375], [75.2, 65.45], [79.475, 77.175], [79.475, 77.7], [79.725, 77.975], [79.725, 78.5], [78.925, 81.7], [78.675, 81.7], [77.875, 81.7], [72.0, 80.625], [71.725, 80.625], [70.675, 80.375], [69.875, 80.1], [62.675, 76.9], [54.925, 70.775]], {"i0": 0.27, "spread": 0.23, "falloff": 0.81}]]}