{"disk": {"mu": [88.9891357421875, 88.3046875], "roll": 0.08490179344972208, "rEff": 40.99728128676942, "axRatio": 0.7920726646975036, "i0": 0.18, "c": 2, "n": 1}, "bulge": {"mu": [88.85581517219543, 88.49356538057327], "roll": -0.229232540671977, "rEff": 3.810351789795218, "axRatio": 0.6859290341548796, "i0": 0.7, "c": 2, "n": 0.5}, "bar": null, "spiral": []}