{"disk": {"mu": [77.84130549430847, 77.71752852201462], "roll": -2.0647376388439893, "rEff": 33.829899800801336, "axRatio": 0.5828771747700994, "i0": 0.12, "c": 2, "n": 1}, "bulge": {"mu": [78.49651658535004, 77.68475890159607], "roll": -1.835285473803362, "rEff": 3.3753390230946554, "axRatio": 0.5, "i0": 1.27, "c": 2, "n": 1.0}, "bar": {"mu": [78.5610632300377, 78.66957467794418], "roll": 1.2880399846183783, "rEff": 0.3226497790889528, "axRatio": 0.20747008916614032, "i0": 0.08, "c": 2.0, "n": 0.52}, "spiral": []}