{"disk": {"mu": [75.79277282953262, 76.4900414943695], "roll": 0.30773276396204585, "rEff": 49.75228642008553, "axRatio": 0.8560841540031878, "i0": 0.17, "c": 2, "n": 1}, "bulge": {"mu": [76.434011220932, 76.59717750549316], "roll": 1.2924984656311533, "rEff": 4.215388491651772, "axRatio": 0.47313847924309616, "i0": 0.5, "c": 2, "n": 1.0}, "bar": null, "spiral": [[[[82.5662109375, 68.6408203125], [82.715625, 68.6408203125], [82.8650390625, 68.6408203125], [83.2833984375, 68.6408203125], [83.4328125, 68.6408203125], [83.731640625, 68.6408203125], [84.03046875, 68.6408203125], [84.1798828125, 68.6408203125], [84.4787109375, 68.790234375], [84.5982421875, 68.790234375], [84.74765625, 68.9396484375], [85.046484375, 69.0890625], [85.3453125, 69.2384765625], [85.644140625, 69.387890625], [85.7935546875, 69.5373046875], [85.94296875, 69.5373046875], [86.361328125, 69.68671875], [86.5107421875, 69.8361328125], [86.958984375, 70.10507812499999], [87.2578125, 70.25449218749999], [87.556640625, 70.40390624999999], [87.8255859375, 70.70273437499999], [88.1244140625, 70.85214843749999], [88.4232421875, 71.00156249999999], [88.57265625, 71.15097656249999], [89.0208984375, 71.5693359375], [89.4392578125, 71.8681640625], [89.588671875, 72.1669921875], [90.186328125, 72.7646484375], [90.48515625, 73.18300781250001], [90.48515625, 73.33242187500001], [90.903515625, 73.93007812500001], [91.501171875, 74.647265625], [92.3677734375, 75.9919921875], [92.5171875, 76.2609375], [92.6666015625, 76.4103515625], [92.816015625, 76.559765625], [92.9654296875, 76.85859375], [93.11484375, 77.0080078125], [93.2642578125, 77.157421875], [93.413671875, 77.3068359375], [93.5630859375, 77.45625], [93.7125, 77.57578125], [93.83203125, 77.874609375], [93.9814453125, 78.0240234375], [94.130859375, 78.1734375], [94.130859375, 78.3228515625], [94.4296875, 78.472265625], [94.4296875, 78.6216796875], [94.5791015625, 78.77109375], [94.728515625, 78.9205078125], [94.8779296875, 79.069921875], [94.8779296875, 79.189453125], [95.02734375, 79.3388671875], [95.02734375, 79.48828125], [95.1767578125, 79.6376953125], [95.2962890625, 79.787109375], [95.445703125, 79.9365234375], [95.445703125, 80.0859375], [95.5951171875, 80.384765625], [95.5951171875, 80.6537109375], [95.74453125, 80.6537109375], [95.74453125, 80.803125], [95.74453125, 80.9525390625], [95.8939453125, 81.101953125], [95.8939453125, 81.40078125], [95.8939453125, 81.5501953125], [95.8939453125, 81.699609375], [96.043359375, 81.8490234375], [96.043359375, 82.11796875], [96.1927734375, 82.2673828125], [96.1927734375, 82.416796875], [96.1927734375, 82.5662109375], [96.1927734375, 82.715625], [96.1927734375, 83.014453125], [96.1927734375, 83.1638671875], [96.1927734375, 83.31328125], [96.1927734375, 83.4626953125], [96.043359375, 83.731640625], [95.8939453125, 84.03046875], [95.8939453125, 84.1798828125], [95.8939453125, 84.03046875], [85.046484375, 96.3421875], [78.0240234375, 98.971875], [71.12109375, 99.7189453125]], {"i0": 0.25, "spread": 0.87, "falloff": 1.0}], [[[91.0529296875, 80.0859375], [90.903515625, 80.2353515625], [90.48515625, 80.5341796875], [89.7380859375, 80.9525390625], [88.871484375, 81.2513671875], [88.4232421875, 81.5501953125], [88.1244140625, 81.699609375], [87.8255859375, 81.9984375], [87.556640625, 82.11796875], [87.4072265625, 82.11796875], [87.2578125, 82.2673828125], [87.1083984375, 82.416796875], [86.66015625, 82.5662109375], [86.361328125, 82.715625], [85.7935546875, 82.8650390625], [85.4947265625, 83.014453125], [84.8970703125, 83.1638671875], [84.74765625, 83.1638671875], [84.5982421875, 83.31328125], [84.03046875, 83.4626953125], [83.5822265625, 83.612109375], [83.2833984375, 83.731640625], [82.8650390625, 83.8810546875], [82.416796875, 84.03046875], [81.9685546875, 84.329296875], [81.5203125, 84.4787109375], [81.40078125, 84.628125], [81.101953125, 84.7775390625], [80.0560546875, 85.1958984375], [79.48828125, 85.4947265625], [79.0400390625, 85.4947265625], [78.472265625, 85.7935546875], [77.874609375, 85.94296875], [77.4263671875, 85.94296875], [77.1275390625, 85.94296875], [76.559765625, 85.94296875], [76.4103515625, 85.94296875], [75.962109375, 86.0923828125], [75.66328125, 86.0923828125], [75.3943359375, 86.0923828125], [74.94609375, 86.241796875], [74.647265625, 86.241796875], [74.3484375, 86.241796875], [74.049609375, 86.3912109375], [73.63125000000001, 86.3912109375], [73.18300781250001, 86.3912109375], [71.8681640625, 86.3912109375], [71.71875, 86.3912109375], [71.419921875, 86.3912109375], [71.12109375, 86.241796875], [70.55332031249999, 86.0923828125], [70.25449218749999, 86.0923828125], [69.95566406249999, 85.94296875], [69.65683593749999, 85.7935546875], [69.35800781249999, 85.644140625], [69.2384765625, 85.4947265625], [69.0890625, 85.4947265625], [68.9396484375, 85.3453125], [68.790234375, 85.3453125], [68.6408203125, 85.3453125], [68.49140625, 85.1958984375], [68.3419921875, 85.0763671875], [68.192578125, 84.926953125], [67.77421875, 84.7775390625], [67.6248046875, 84.4787109375], [67.475390625, 84.4787109375], [67.3259765625, 84.329296875], [67.1765625, 84.329296875], [67.0271484375, 84.1798828125], [66.7283203125, 84.03046875], [66.4294921875, 83.731640625], [66.16054687500001, 83.612109375], [66.01113281250001, 83.4626953125], [65.71230468750001, 83.31328125], [65.41347656250001, 83.1638671875], [65.26406250000001, 83.1638671875], [65.11464843750001, 83.014453125], [64.96523437500001, 82.8650390625], [64.81582031250001, 82.715625]], {"i0": 0.09, "spread": 1.34, "falloff": 1.0}], [[[61.020703125, 77.0080078125], [60.721875, 63.3814453125]], {"i0": 0.21, "spread": 1.0, "falloff": 1.0}], [[[68.192578125, 71.8681640625], [78.472265625, 64.248046875]], {"i0": 0.12, "spread": 1.0, "falloff": 1.0}]]}