{"disk": {"mu": [44.16650390625, 44.0], "roll": -0.12340079636307623, "rEff": 28.150626091019824, "axRatio": 0.8275324291982317, "i0": 0.19, "c": 2, "n": 1}, "bulge": {"mu": [44.68212890625, 43.484375], "roll": -2.4227626539681686, "rEff": 3.4531364288555215, "axRatio": 0.8081950202466266, "i0": 0.96, "c": 2, "n": 1.0}, "bar": null, "spiral": [[[[41.59375, 41.25], [37.296875, 40.046875], [32.140625, 40.734375], [31.796875, 40.90625], [27.84375, 42.28125], [27.15625, 42.796875], [26.640625, 43.3125], [24.921875, 44.171875], [24.40625, 45.375], [23.890625, 46.40625], [23.71875, 46.75], [23.203125, 48.296875], [23.203125, 48.46875], [23.546875, 50.53125], [23.71875, 51.046875], [23.71875, 51.21875], [24.0625, 52.25]], {"i0": 0.19, "spread": 1.0, "falloff": 1.07}], [[[45.890625, 47.09375], [46.0625, 47.09375], [49.84375, 46.578125], [50.1875, 46.234375], [51.046875, 45.890625], [54.140625, 43.3125], [54.3125, 42.96875], [54.65625, 42.109375], [53.96875, 38.328125], [50.1875, 35.0625], [50.015625, 35.0625], [49.328125, 34.203125], [45.546875, 31.625], [44.6875, 31.28125]], {"i0": 0.3, "spread": 0.19, "falloff": 1.07}], [[[39.53125, 46.234375], [39.1875, 46.234375], [38.15625, 50.359375], [38.15625, 50.53125], [38.5, 51.21875], [39.359375, 51.90625], [46.40625, 54.140625], [46.921875, 54.3125], [48.296875, 54.484375], [49.328125, 54.484375], [52.765625, 54.484375], [52.9375, 54.484375], [53.796875, 53.796875], [54.65625, 53.28125], [57.0625, 49.671875], [57.0625, 49.5], [57.0625, 49.328125], [58.09375, 45.203125], [58.09375, 45.03125], [58.09375, 44.34375], [57.40625, 41.59375]], {"i0": 0.2, "spread": 0.22, "falloff": 1.07}]]}