{"disk": {"mu": [76.42646026611328, 76.89104461669922], "roll": 0.8706821367374373, "rEff": 58.09432284623064, "axRatio": 0.9814677469975295, "i0": 0.19, "c": 2, "n": 1}, "bulge": {"mu": [77.13851165771484, 76.42879486083984], "roll": 0.6754434359611717, "rEff": 3.3943365358736926, "axRatio": 0.4326672889310902, "i0": 0.97, "c": 2, "n": 0.5}, "bar": {"mu": [76.51926040649414, 75.54690170288086], "roll": 0.0, "rEff": 1e-05, "axRatio": 0.37277661795407097, "i0": 0.56, "c": 2.33, "n": 1.04}, "spiral": [[[[83.7615234375, 68.31210937499999], [83.9109375, 68.31210937499999], [84.090234375, 68.10292968750001], [84.329296875, 68.01328124999999], [84.628125, 67.80410156250001], [84.7775390625, 67.80410156250001], [85.0166015625, 67.80410156250001], [85.285546875, 67.71445312499999], [85.644140625, 67.6248046875], [86.0326171875, 67.6248046875], [86.3912109375, 67.50527343750001], [86.7796875, 67.50527343750001], [87.078515625, 67.50527343750001], [87.5865234375, 67.50527343750001], [88.2140625, 67.50527343750001], [88.991015625, 67.50527343750001], [89.6185546875, 67.50527343750001], [90.24609375, 67.50527343750001], [90.8736328125, 67.50527343750001], [91.2322265625, 67.6248046875], [91.740234375, 67.6248046875], [92.2482421875, 67.71445312499999], [92.87578125, 67.71445312499999], [93.3837890625, 67.71445312499999], [94.2205078125, 67.833984375], [94.5193359375, 67.9236328125], [95.087109375, 68.192578125], [95.565234375, 68.55117187500001], [96.1330078125, 68.8201171875], [96.521484375, 69.1189453125], [96.9697265625, 69.44765625000001], [97.358203125, 69.74648437500001], [97.7765625, 70.3740234375], [98.194921875, 71.00156249999999], [98.7029296875, 71.5095703125], [98.971875, 71.89804687499999], [99.1810546875, 72.1669921875], [99.45, 72.55546875], [99.6890625, 72.79453124999999], [99.868359375, 73.0634765625], [99.868359375, 73.3025390625], [99.9580078125, 73.571484375], [100.0177734375, 73.810546875], [100.1970703125, 74.07949218750001], [100.3763671875, 74.43808593749999], [100.5556640625, 74.82656250000001], [100.7349609375, 75.065625], [101.00390625, 75.4541015625], [101.2728515625, 75.8126953125], [101.541796875, 76.32070312500001], [101.8705078125, 76.9482421875], [102.19921875, 77.755078125], [102.5279296875, 78.53203125], [102.6474609375, 79.3388671875], [102.796875, 80.1158203125], [102.8865234375, 80.743359375], [102.8865234375, 81.699609375], [103.0060546875, 83.0443359375], [103.0060546875, 83.671875], [103.0060546875, 84.2396484375], [103.0060546875, 84.4189453125], [103.0060546875, 84.74765625], [103.0060546875, 85.0166015625], [102.8267578125, 85.2556640625], [102.6474609375, 85.644140625], [102.5578125, 85.883203125], [102.4681640625, 85.9728515625], [102.4681640625, 86.0326171875], [102.4083984375, 86.2119140625], [101.900390625, 86.89921875], [101.4521484375, 87.7060546875], [101.1234375, 88.33359375], [100.944140625, 88.8416015625], [100.76484375, 89.0806640625], [100.6751953125, 89.3197265625], [100.6154296875, 89.4990234375], [100.52578125, 89.7380859375], [100.4361328125, 90.00703125], [100.1970703125, 90.3357421875], [100.0177734375, 90.664453125], [99.748828125, 90.9931640625], [99.4798828125, 91.381640625], [99.1212890625, 91.8298828125], [98.9419921875, 92.098828125], [98.8822265625, 92.15859375], [98.792578125, 92.15859375], [98.7328125, 92.15859375], [98.2248046875, 92.3677734375], [97.4478515625, 92.935546875], [96.2525390625, 93.8619140625], [95.1169921875, 94.608984375], [94.3400390625, 95.087109375], [93.9515625, 95.3560546875], [93.8021484375, 95.3560546875], [93.5033203125, 95.5353515625], [92.5470703125, 95.8939453125], [91.4115234375, 96.2525390625], [90.783984375, 96.6708984375], [90.3955078125, 96.93984375], [90.1564453125, 97.119140625], [89.76796875, 97.3880859375], [89.2599609375, 97.6869140625], [88.871484375, 97.955859375], [88.7220703125, 98.1052734375], [88.5427734375, 98.194921875], [88.4830078125, 98.194921875], [88.4830078125, 98.2546875], [88.2140625, 98.433984375], [87.8255859375, 98.7029296875], [87.317578125, 99.2109375], [86.8095703125, 99.509765625], [86.540625, 99.8384765625], [86.480859375, 99.8384765625], [86.42109375, 99.8384765625], [85.763671875, 100.1373046875], [84.98671875, 100.3763671875], [84.3591796875, 100.4958984375], [84.090234375, 100.5556640625], [83.851171875, 100.5556640625], [83.4626953125, 100.6453125], [83.07421875, 100.76484375], [82.416796875, 100.76484375], [81.699609375, 100.76484375], [81.3111328125, 100.76484375], [81.221484375, 100.76484375], [81.16171875, 100.76484375]], {"i0": 0.27, "spread": 0.83, "falloff": 1.0}], [[[68.3419921875, 92.4275390625], [63.47109375, 97.17890625], [51.577734375, 89.110546875]], {"i0": 0.13, "spread": 1.0, "falloff": 1.0}], [[[62.0068359375, 68.70058593750001], [61.857421875, 68.70058593750001], [61.5884765625, 68.70058593750001], [61.1701171875, 68.31210937499999], [60.721875, 67.86386718749999], [60.183984375, 67.236328125], [59.765625, 66.60878906250001], [59.64609375, 65.6525390625], [59.64609375, 64.66640625000001], [59.64609375, 63.3515625], [59.64609375, 62.216015625], [59.9748046875, 60.9609375], [60.0943359375, 60.5724609375], [60.1541015625, 60.5126953125], [60.1541015625, 60.423046875], [60.1541015625, 60.36328125], [60.1541015625, 60.2138671875], [60.542578125, 59.825390625], [61.2, 59.0484375], [61.976953125, 58.3611328125], [62.6044921875, 57.853125], [63.1125, 57.554296875], [63.8296875, 57.2255859375], [64.7859375, 56.7474609375], [67.6845703125, 55.283203125], [69.2384765625, 54.6556640625], [69.7166015625, 54.5958984375], [69.985546875, 54.50625], [70.49355468750001, 54.2970703125], [71.12109375, 53.9982421875], [71.89804687499999, 53.7591796875], [72.4060546875, 53.55], [72.9140625, 53.370703125], [73.63125000000001, 53.1615234375], [74.2587890625, 53.071875], [74.88632812499999, 52.8626953125], [75.364453125, 52.773046875], [75.87246093750001, 52.6833984375], [76.38046874999999, 52.5638671875], [76.8884765625, 52.5638671875], [77.6654296875, 52.4443359375], [78.472265625, 52.4443359375], [79.787109375, 52.4443359375], [80.384765625, 52.4443359375], [81.221484375, 52.4443359375], [81.7294921875, 52.4443359375], [82.35703125, 52.4443359375], [82.9845703125, 52.4443359375], [83.7615234375, 52.4443359375], [84.568359375, 52.4443359375], [85.1958984375, 52.4443359375], [85.5544921875, 52.4443359375], [85.94296875, 52.533984375], [86.4509765625, 52.533984375], [87.13828125, 52.6236328125], [87.8255859375, 52.8626953125], [88.3037109375, 52.95234375], [88.6921875, 53.071875], [88.93125, 53.2212890625], [89.2001953125, 53.4005859375], [89.588671875, 53.5798828125], [90.1564453125, 53.7890625], [90.664453125, 53.968359375], [91.2919921875, 54.087890625], [91.8, 54.2671875], [92.15859375, 54.4763671875], [92.6666015625, 54.6556640625], [93.174609375, 54.86484375], [93.7423828125, 55.044140625], [94.130859375, 55.2234375], [94.5193359375, 55.4326171875], [94.8779296875, 55.6119140625], [95.0572265625, 55.761328125], [95.1169921875, 55.9107421875], [95.206640625, 56.1796875], [95.3859375, 56.41875], [95.6548828125, 56.8072265625], [95.9537109375, 57.5244140625], [96.22265625, 57.8830078125], [96.521484375, 58.271484375], [96.760546875, 58.510546875], [96.93984375, 58.7794921875], [96.999609375, 58.8392578125], [97.0892578125, 58.8392578125]], {"i0": 0.23, "spread": 1.25, "falloff": 1.0}]]}