{"disk": {"mu": [63.28502553701401, 62.99564003944397], "roll": -1.7913895807490423, "rEff": 28.633032843385337, "axRatio": 0.6826469198863808, "i0": 0.05, "c": 2, "n": 1}, "bulge": {"mu": [63.53307241201401, 63.24367934465408], "roll": -1.7359447292768408, "rEff": 4.662492467561745, "axRatio": 0.9364160846683295, "i0": 0.88, "c": 2, "n": 0.63}, "bar": {"mu": [63.16100209951398, 63.4917318969965], "roll": 1.3446437628179067, "rEff": 5.827419067940305, "axRatio": 0.2345824541018787, "i0": 0.03, "c": 2.69, "n": 0.5}, "spiral": []}