{"disk": {"mu": [112.92572021484375, 112.939453125], "roll": -1.472666923985987, "rEff": 97.15587673072608, "axRatio": 0.9037752169321734, "i0": 0.1, "c": 2, "n": 1}, "bulge": {"mu": [112.04681396484375, 112.060546875], "roll": -2.7069224384405484, "rEff": 12.128103743831621, "axRatio": 0.8277708722822704, "i0": 0.44, "c": 2, "n": 1.02}, "bar": null, "spiral": []}