{"disk": {"mu": [55.98527640104294, 54.52582657337189], "roll": -0.0051813007842385775, "rEff": 25.249811417815962, "axRatio": 0.5855072945286922, "i0": 0.2, "c": 2, "n": 1}, "bulge": {"mu": [55.770429372787476, 54.09613251686096], "roll": -0.2186689458739419, "rEff": 3.9615834570369977, "axRatio": 0.7986857594454014, "i0": 0.5, "c": 2, "n": 1.0}, "bar": {"mu": [54.26650017499924, 52.21622183918953], "roll": 2.275290690007412, "rEff": 6.576337248015825, "axRatio": 0.21681011078625032, "i0": 0.2, "c": 2.0, "n": 0.5}, "spiral": [[[[64.3671875, 63.12109375], [61.14453125000001, 69.99609375], [50.1875, 72.359375]], {"i0": 1.0, "spread": 1.0, "falloff": 1.0}], [[[49.11328125, 72.359375], [35.79296875, 70.85546875], [25.05078125, 63.12109375]], {"i0": 0.55, "spread": 1.0, "falloff": 1.0}], [[[47.1796875, 42.28125], [51.26171875, 38.62890625], [55.34375000000001, 38.62890625]], {"i0": 1.0, "spread": 1.0, "falloff": 1.0}], [[[56.84765625000001, 38.84375], [71.671875, 42.28125], [81.125, 48.7265625], [85.8515625, 54.95703125]], {"i0": 0.42, "spread": 1.0, "falloff": 1.0}]]}