{"disk": {"mu": [52.122265219688416, 50.076953530311584], "roll": -1.911178265436804, "rEff": 32.91132749371683, "axRatio": 0.8276140672742177, "i0": 0.2, "c": 2, "n": 1}, "bulge": {"mu": [51.723827719688416, 50.59492349624634], "roll": 0.9848388346045378, "rEff": 2.8211924272765834, "axRatio": 0.5554007691930283, "i0": 0.53, "c": 2, "n": 0.88}, "bar": null, "spiral": []}