{"disk": {"mu": [51.39312744140625, 51.022216796875], "roll": -1.2946993073994602, "rEff": 16.309084677537978, "axRatio": 0.8427276663604791, "i0": 0.2, "c": 2, "n": 1}, "bulge": {"mu": [51.39312744140625, 51.223388671875], "roll": -1.664273107953486, "rEff": 4.844860318810963, "axRatio": 0.7493139811859743, "i0": 0.48, "c": 2, "n": 1.0}, "bar": null, "spiral": []}