{"disk": {"mu": [53.67682248353958, 54.15227907896042], "roll": -0.8478169733934057, "rEff": 22.119797161562275, "axRatio": 0.5898234361715565, "i0": 0.2, "c": 2, "n": 1}, "bulge": {"mu": [55.16705685853958, 54.57806032896042], "roll": -0.4636476090008061, "rEff": 4.2578125, "axRatio": 0.8944271909999159, "i0": 0.48, "c": 2, "n": 0.5}, "bar": null, "spiral": []}