{"disk": {"mu": [63.37548792362213, 61.90013140439987], "roll": -1.9731174246553373, "rEff": 30.428009605325776, "axRatio": 0.5836003824116016, "i0": 0.2, "c": 2, "n": 1}, "bulge": {"mu": [62.64305114746094, 62.14427575469017], "roll": -1.6588032943007727, "rEff": 5.0415584390189, "axRatio": 0.5, "i0": 0.58, "c": 2, "n": 1.22}, "bar": null, "spiral": []}