{"disk": {"mu": [89.8857432603836, 89.6484375], "roll": 0.5905342824848715, "rEff": 42.122997564609825, "axRatio": 0.546839582522829, "i0": 0.21, "c": 2, "n": 1}, "bulge": {"mu": [89.5341807603836, 89.6484375], "roll": 0.35299064834300553, "rEff": 3.7728543090476676, "axRatio": 0.5, "i0": 0.49, "c": 2, "n": 0.73}, "bar": null, "spiral": []}