{"disk": {"mu": [58.35932433605194, 56.990193486213684], "roll": 0.25548622215218253, "rEff": 43.61593224118706, "axRatio": 0.8842381048159202, "i0": 0.2, "c": 2, "n": 1}, "bulge": {"mu": [59.26558470726013, 57.44332194328308], "roll": 0.0, "rEff": 4.44069275856018, "axRatio": 0.8221090426700665, "i0": 0.5, "c": 2, "n": 0.5}, "bar": null, "spiral": []}