{"disk": {"mu": [50.46075439453125, 48.7265625], "roll": 0.2599890830232579, "rEff": 32.11861608580884, "axRatio": 0.7907682641533283, "i0": 0.2, "c": 2, "n": 1}, "bulge": {"mu": [49.49395751953125, 50.2734375], "roll": -2.181522291184105, "rEff": 4.7205039295220175, "axRatio": 0.8463723494102071, "i0": 0.5, "c": 2, "n": 1.0}, "bar": null, "spiral": []}