{"disk": {"mu": [63.98834228515625, 62.658966064453125], "roll": -2.103005830908775, "rEff": 35.23425874045399, "axRatio": 0.7529912628947577, "i0": 0.15, "c": 2, "n": 1}, "bulge": {"mu": [64.23638916015625, 63.651153564453125], "roll": -0.07677189126977796, "rEff": 5.983150801181104, "axRatio": 0.80860754006264, "i0": 0.42, "c": 2, "n": 0.96}, "bar": null, "spiral": [[[[56.05859375, 50.9984375], [54.5703125, 52.734765625], [53.330078125, 56.703515625], [51.841796875, 63.64882812500001], [51.59375, 65.13710937500001], [51.59375, 67.61757812500001], [51.59375, 69.10585937500001], [52.08984375, 70.59414062500001], [52.08984375, 71.58632812500001], [52.337890625, 72.57851562500001], [52.833984375, 73.81875000000001], [53.08203125, 75.05898437500001], [53.330078125, 76.29921875000001], [54.07421875, 77.78750000000001], [54.818359375, 79.27578125000001], [55.810546875, 80.26796875000001], [57.05078125, 81.26015625000001], [60.02734375, 81.26015625000001], [60.5234375, 81.26015625000001], [61.01953125, 81.26015625000001], [63.251953125, 81.26015625000001], [63.99609375, 81.26015625000001], [64.244140625, 81.26015625000001], [64.98828125, 81.26015625000001], [65.236328125, 81.26015625000001], [65.484375, 81.26015625000001]], {"i0": 0.08, "spread": 1.0, "falloff": 1.0}], [[[50.10546875, 51.990625], [49.11328125, 52.48671875], [47.12890625, 55.959375], [45.888671875, 58.191796875], [45.14453125, 59.680078125], [44.400390625, 61.9125], [43.65625, 63.152734375], [43.408203125, 64.64101562500001], [43.408203125, 66.12929687500001], [43.408203125, 67.12148437500001], [43.408203125, 68.11367187500001], [43.408203125, 70.09804687500001], [43.408203125, 71.83437500000001], [43.408203125, 73.32265625000001], [43.408203125, 75.05898437500001], [43.408203125, 76.54726562500001], [43.408203125, 78.28359375000001], [43.408203125, 80.26796875000001], [43.65625, 81.26015625000001], [44.15234375, 82.50039062500001], [44.400390625, 83.49257812500001], [45.640625, 84.98085937500001], [47.12890625, 85.97304687500001], [49.11328125, 86.96523437500001], [50.849609375, 87.46132812500001], [53.330078125, 87.95742187500001], [56.05859375, 88.20546875000001], [57.546875, 88.45351562500001], [58.5390625, 88.45351562500001], [61.267578125, 88.45351562500001], [62.259765625, 88.45351562500001], [63.00390625, 88.45351562500001]], {"i0": 0.17, "spread": 1.0, "falloff": 1.0}], [[[63.00390625, 46.781640625], [63.251953125, 46.781640625], [64.98828125, 46.781640625], [66.228515625, 46.781640625], [66.97265625, 46.781640625], [67.46875, 46.781640625], [67.716796875, 46.781640625], [68.212890625, 46.781640625], [69.205078125, 46.781640625], [69.453125, 46.781640625], [70.197265625, 46.781640625], [70.94140625, 46.781640625], [72.181640625, 47.277734375], [72.92578125, 47.773828125], [73.669921875, 48.021875], [74.166015625, 48.269921875], [74.4140625, 48.51796875], [75.40625, 49.262109375], [75.90234375, 49.758203125], [76.646484375, 50.50234375], [76.89453125, 51.246484375], [77.390625, 52.238671875], [77.638671875, 52.734765625], [77.88671875, 53.47890625], [77.88671875, 54.223046875], [78.134765625, 54.9671875], [78.134765625, 55.46328125], [78.3828125, 56.45546875], [78.3828125, 56.9515625], [78.3828125, 57.94375], [78.134765625, 59.928125], [77.390625, 61.168359375], [76.89453125, 61.9125], [76.3984375, 63.40078125], [75.654296875, 64.64101562500001], [75.40625, 65.13710937500001], [74.91015625, 65.63320312500001], [74.662109375, 66.12929687500001], [73.91796875, 66.62539062500001], [73.421875, 67.36953125000001], [72.92578125, 67.61757812500001], [72.4296875, 68.11367187500001], [71.93359375, 68.36171875000001], [71.4375, 68.85781250000001], [70.94140625, 69.10585937500001], [70.4453125, 69.35390625000001], [70.197265625, 69.35390625000001], [69.701171875, 69.85000000000001], [68.95703125, 70.09804687500001], [68.4609375, 70.34609375000001]], {"i0": 0.14, "spread": 1.0, "falloff": 1.0}], [[[71.93359375, 81.50820312500001], [73.421875, 81.50820312500001], [74.662109375, 81.26015625000001], [77.88671875, 78.03554687500001], [79.126953125, 76.29921875000001], [79.623046875, 75.80312500000001], [80.86328125, 74.06679687500001], [81.607421875, 72.82656250000001], [82.3515625, 71.58632812500001], [82.84765625, 71.09023437500001], [83.34375, 70.09804687500001], [83.83984375, 69.10585937500001], [84.087890625, 68.60976562500001], [84.583984375, 67.61757812500001], [85.080078125, 66.37734375000001], [85.576171875, 65.63320312500001], [86.072265625, 64.14492187500001], [86.568359375, 63.152734375], [86.568359375, 62.160546875], [87.064453125, 60.672265625], [87.3125, 59.680078125], [87.3125, 58.43984375], [87.3125, 57.44765625], [87.3125, 56.207421875], [87.3125, 54.47109375], [87.064453125, 52.9828125], [86.568359375, 50.9984375], [86.568359375, 49.51015625], [86.3203125, 48.51796875], [85.576171875, 46.53359375], [84.83203125, 44.54921875], [84.3359375, 43.308984375], [84.087890625, 41.820703125], [83.34375, 40.084375], [82.84765625, 38.844140625], [82.3515625, 37.60390625], [81.85546875, 36.363671875], [81.607421875, 35.61953125], [81.359375, 34.62734375], [80.615234375, 34.62734375], [80.119140625, 34.13125], [79.623046875, 33.883203125], [78.630859375, 33.387109375], [78.134765625, 33.1390625], [76.150390625, 33.1390625], [74.662109375, 33.1390625], [74.166015625, 33.1390625], [73.421875, 33.1390625], [72.92578125, 33.1390625], [72.181640625, 33.1390625], [71.4375, 33.1390625], [70.4453125, 33.1390625], [69.205078125, 33.1390625]], {"i0": 0.2, "spread": 1.0, "falloff": 1.0}]]}