{"disk": {"mu": [137.0928955078125, 137.43072509765625], "roll": -4.71238898038469, "rEff": 73.353515625, "axRatio": 0.9303996074850565, "i0": 0.13, "c": 2, "n": 1}, "bulge": {"mu": [136.0382080078125, 134.26666259765625], "roll": -2.9562447035940984, "rEff": 7.897771554826498, "axRatio": 0.5, "i0": 0.24, "c": 2, "n": 4.25}, "bar": {"mu": [135.7745361328125, 134.00299072265625], "roll": 0.23144565475642057, "rEff": 11.738671875000001, "axRatio": 0.31343283582089554, "i0": 0.19, "c": 1.72, "n": 0.6}, "spiral": [[[[121.81640625, 136.8984375], [121.2890625, 136.8984375], [120.234375, 136.37109375], [119.70703125, 135.84375], [119.1796875, 135.31640625], [118.125, 134.26171875], [118.125, 133.734375], [117.59765625, 133.734375], [117.59765625, 133.20703125], [117.0703125, 132.6796875], [117.0703125, 132.15234375], [116.54296875, 131.625], [116.015625, 131.625], [115.48828125, 130.5703125], [114.9609375, 130.04296875], [114.43359375, 130.04296875], [113.90625, 129.515625], [113.37890625, 128.98828125], [113.37890625, 128.4609375], [112.8515625, 127.93359375], [112.8515625, 127.40625], [112.32421875, 127.40625], [112.32421875, 126.3515625], [112.32421875, 125.82421875], [111.796875, 124.76953125], [111.26953125, 122.1328125], [109.6875, 120.0234375], [109.6875, 118.44140625], [109.16015625, 117.38671875], [109.16015625, 116.33203125], [109.16015625, 115.8046875], [109.16015625, 114.75], [109.16015625, 113.6953125], [109.16015625, 112.640625], [109.16015625, 111.5859375], [109.6875, 110.00390625], [109.6875, 108.94921875], [110.21484375, 107.89453125], [110.21484375, 107.3671875], [110.21484375, 106.3125], [111.26953125, 104.203125], [111.796875, 103.67578125], [112.32421875, 102.09375], [112.8515625, 101.56640625], [113.37890625, 101.0390625], [113.90625, 99.984375], [113.90625, 99.45703125], [114.9609375, 98.9296875], [115.48828125, 98.40234375], [116.015625, 97.34765625], [116.015625, 96.8203125], [117.59765625, 96.29296875], [118.65234375, 95.23828125], [120.234375, 93.65625], [120.76171875, 92.6015625], [121.81640625, 92.6015625], [122.34375, 92.6015625], [123.3984375, 92.07421875], [125.5078125, 91.546875], [127.08984375, 91.546875], [128.671875, 91.546875], [129.7265625, 91.01953125], [130.25390625, 91.01953125], [131.30859375, 90.4921875], [131.8359375, 90.4921875], [132.36328125, 90.4921875], [133.9453125, 89.4375], [136.0546875, 89.4375], [136.58203125, 89.4375], [137.109375, 89.4375], [137.63671875, 89.4375], [138.69140625, 89.4375], [139.74609375, 89.4375], [140.2734375, 89.4375], [140.80078125, 89.4375], [141.328125, 89.4375], [141.85546875, 89.4375], [142.3828125, 89.4375], [142.91015625, 89.4375], [143.4375, 89.4375], [143.96484375, 89.4375], [145.01953125, 89.4375], [145.546875, 89.4375], [146.07421875, 89.96484375], [146.07421875, 90.4921875], [146.07421875, 91.01953125]], {"i0": 0.22, "spread": 2.0, "falloff": 1.33}], [[[153.45703125, 130.5703125], [153.984375, 130.5703125], [154.51171875, 130.5703125], [155.0390625, 130.5703125], [155.56640625, 130.5703125], [156.09375, 130.5703125], [156.62109375, 130.5703125], [157.1484375, 130.5703125], [157.67578125, 131.09765625], [157.67578125, 131.625], [158.203125, 132.15234375], [158.73046875, 132.6796875], [158.73046875, 133.20703125], [159.2578125, 133.20703125], [159.2578125, 133.734375], [159.2578125, 134.26171875], [159.78515625, 134.26171875], [160.3125, 134.7890625], [160.83984375, 135.31640625], [161.3671875, 135.31640625], [161.89453125, 135.84375], [161.89453125, 136.37109375], [162.421875, 136.37109375], [162.421875, 136.8984375], [162.94921875, 137.42578125], [162.94921875, 137.953125], [163.4765625, 138.48046875], [163.4765625, 139.0078125], [164.00390625, 139.53515625], [164.00390625, 140.0625], [164.00390625, 140.58984375], [165.05859375, 141.1171875], [166.640625, 141.64453125], [166.640625, 142.171875], [166.640625, 142.69921875], [166.640625, 143.75390625], [166.640625, 144.80859375], [166.640625, 145.86328125], [166.640625, 146.390625], [167.16796875, 146.91796875], [167.16796875, 149.02734375], [167.16796875, 150.08203125], [167.6953125, 152.19140625], [167.6953125, 153.7734375], [167.6953125, 154.828125], [167.6953125, 156.41015625], [168.22265625, 158.51953125], [168.22265625, 159.57421875], [168.22265625, 160.1015625], [168.22265625, 161.68359375], [168.22265625, 163.265625], [168.22265625, 164.3203125], [168.22265625, 165.375], [168.22265625, 166.4296875], [167.6953125, 167.484375], [167.6953125, 168.01171875], [167.16796875, 168.5390625], [167.16796875, 169.06640625], [167.16796875, 169.59375], [166.640625, 170.12109375], [165.05859375, 171.703125], [164.00390625, 173.28515625], [162.421875, 174.33984375], [160.3125, 175.921875], [158.73046875, 177.50390625], [157.67578125, 177.50390625], [157.1484375, 178.03125], [155.56640625, 178.03125], [153.984375, 178.55859375], [152.9296875, 178.55859375], [151.875, 178.55859375], [150.8203125, 179.0859375], [150.29296875, 179.61328125]], {"i0": 0.17, "spread": 2.0, "falloff": 1.33}]]}