{"disk": {"mu": [74.578125, 73.41224193572998], "roll": -1.4925250375922596, "rEff": 53.23486064939667, "axRatio": 0.8264786144281476, "i0": 0.21, "c": 2, "n": 1}, "bulge": {"mu": [74.2890625, 72.54505002498627], "roll": -0.07393903765794034, "rEff": 4.509375, "axRatio": 0.5540376413648384, "i0": 0.54, "c": 2, "n": 0.67}, "bar": {"mu": [75.30078125, 72.40052098035812], "roll": 0.0, "rEff": 2.162189440727234, "axRatio": 0.4146345185070503, "i0": 0.0, "c": 2.0, "n": 0.47}, "spiral": [[[[58.6796875, 70.2421875], [58.6796875, 69.953125], [58.6796875, 69.6640625], [58.6796875, 69.375], [58.6796875, 69.0859375], [58.6796875, 68.796875], [58.6796875, 68.5078125], [58.6796875, 67.9296875], [58.96875, 67.640625], [58.96875, 67.3515625], [58.96875, 67.0625], [58.96875, 66.7734375], [58.96875, 66.484375], [59.2578125, 66.1953125], [59.2578125, 65.328125], [59.546875, 64.75], [59.8359375, 63.8828125], [59.8359375, 63.59375], [59.8359375, 63.3046875], [59.8359375, 62.7265625], [60.125, 62.4375], [60.125, 61.859375], [60.125, 61.5703125], [60.4140625, 60.9921875], [60.4140625, 60.703125], [60.4140625, 60.4140625], [60.703125, 60.4140625], [60.703125, 60.125], [60.703125, 59.546875], [60.703125, 59.2578125], [60.9921875, 58.96875], [60.9921875, 58.6796875], [61.28125, 58.6796875], [61.28125, 58.390625], [61.5703125, 58.1015625], [61.859375, 58.1015625], [62.4375, 57.5234375], [63.59375, 56.65625], [64.171875, 56.3671875], [64.4609375, 56.078125], [65.328125, 55.5], [66.1953125, 55.2109375], [67.0625, 54.6328125], [67.3515625, 54.0546875], [67.9296875, 53.765625], [69.0859375, 52.8984375], [69.375, 52.8984375], [69.953125, 52.609375], [70.2421875, 52.609375], [70.8203125, 52.3203125], [71.109375, 52.3203125], [71.3984375, 52.3203125], [71.6875, 52.3203125], [71.9765625, 52.3203125], [72.5546875, 52.3203125], [73.1328125, 52.3203125], [73.421875, 52.609375], [74.0, 52.609375], [74.2890625, 52.609375], [74.8671875, 52.609375], [75.15625, 52.8984375], [75.4453125, 52.8984375], [75.734375, 52.8984375], [76.3125, 53.1875], [76.6015625, 53.1875], [76.890625, 53.4765625], [77.1796875, 53.4765625], [77.7578125, 53.765625], [78.3359375, 53.765625], [78.625, 54.0546875], [78.9140625, 54.0546875], [79.203125, 54.34375], [79.78125, 54.34375], [79.78125, 54.6328125], [80.0703125, 54.6328125], [80.359375, 54.6328125], [80.359375, 54.921875], [80.6484375, 55.2109375], [80.9375, 55.5], [81.2265625, 55.5], [81.2265625, 55.7890625], [81.515625, 56.078125], [81.8046875, 56.078125], [82.09375, 56.3671875], [82.3828125, 56.65625], [82.3828125, 56.9453125], [82.9609375, 57.5234375], [82.9609375, 57.8125], [83.25, 57.8125], [83.828125, 58.390625], [84.1171875, 58.96875], [84.40625, 59.546875], [84.6953125, 60.125], [85.5625, 60.9921875], [86.140625, 61.859375], [86.71875, 63.015625], [87.0078125, 63.59375], [87.296875, 64.171875], [87.5859375, 64.75], [87.875, 65.0390625], [87.875, 65.328125], [87.875, 65.90625], [88.1640625, 65.90625], [88.1640625, 66.1953125], [88.1640625, 67.0625], [88.1640625, 67.640625], [87.875, 67.9296875], [87.875, 68.21875], [87.875, 68.5078125], [87.875, 68.796875], [87.875, 69.0859375], [87.875, 69.375], [87.875, 70.2421875], [87.875, 70.53125], [87.875, 71.3984375], [87.875, 71.6875], [87.5859375, 72.265625], [87.5859375, 72.5546875], [87.5859375, 72.84375], [87.5859375, 73.1328125], [87.296875, 73.1328125], [87.296875, 73.421875], [87.296875, 73.7109375], [87.0078125, 74.2890625], [87.0078125, 74.8671875], [86.71875, 75.4453125], [86.71875, 75.734375], [86.4296875, 76.0234375], [86.4296875, 76.3125], [86.140625, 76.890625], [85.8515625, 77.46875], [84.984375, 79.203125], [84.984375, 79.4921875], [84.6953125, 80.0703125], [84.40625, 80.0703125], [84.40625, 80.359375], [84.1171875, 80.359375], [84.1171875, 80.6484375], [83.5390625, 80.6484375], [83.25, 80.6484375], [82.9609375, 80.6484375], [82.3828125, 80.6484375], [82.09375, 80.6484375], [81.8046875, 80.6484375], [81.515625, 80.9375], [81.2265625, 80.9375], [80.9375, 80.9375], [80.6484375, 80.9375], [80.6484375, 81.2265625], [80.359375, 81.2265625], [79.78125, 81.2265625], [79.4921875, 81.2265625], [78.9140625, 81.2265625], [78.625, 81.2265625], [78.3359375, 81.2265625], [78.046875, 80.9375], [77.7578125, 80.9375], [77.46875, 80.9375], [77.1796875, 80.9375], [76.890625, 80.6484375], [76.6015625, 80.6484375], [76.3125, 80.6484375], [76.3125, 80.359375], [76.0234375, 80.359375], [75.734375, 80.0703125], [75.4453125, 80.0703125], [75.4453125, 79.78125], [75.15625, 79.78125], [75.15625, 79.4921875], [74.8671875, 79.203125], [74.578125, 78.9140625], [74.578125, 78.625], [74.2890625, 78.3359375], [74.2890625, 78.046875], [74.0, 78.046875], [74.0, 77.7578125], [73.7109375, 77.46875], [73.7109375, 77.1796875], [73.421875, 76.6015625], [73.421875, 76.3125], [73.1328125, 76.0234375], [73.1328125, 75.4453125], [73.1328125, 75.15625], [72.84375, 75.15625], [73.1328125, 74.8671875]], {"i0": 0.0, "spread": 0.79, "falloff": 1.0}], [[[96.2578125, 99.1484375]], {"i0": 0.75, "spread": 1.0, "falloff": 1.0}], [[[65.6171875, 76.0234375], [65.6171875, 76.3125], [65.328125, 76.6015625], [65.328125, 76.890625], [65.0390625, 77.1796875], [65.0390625, 77.46875], [65.0390625, 77.7578125], [65.0390625, 78.046875], [65.0390625, 78.3359375], [65.0390625, 78.625], [65.0390625, 78.9140625], [65.0390625, 79.203125], [65.328125, 79.4921875], [65.328125, 79.78125], [65.328125, 80.0703125], [65.328125, 80.6484375], [65.6171875, 80.9375], [65.6171875, 81.2265625], [65.90625, 81.8046875], [65.90625, 82.3828125], [65.90625, 82.9609375], [66.1953125, 83.828125], [66.484375, 84.40625], [66.484375, 84.984375], [67.0625, 86.140625], [67.0625, 86.71875], [67.640625, 87.5859375], [67.640625, 87.875], [67.9296875, 88.1640625], [67.9296875, 88.453125], [68.21875, 88.7421875], [68.5078125, 89.03125], [68.796875, 89.3203125], [69.375, 89.609375], [69.6640625, 89.609375], [69.953125, 89.8984375], [69.953125, 90.1875], [70.53125, 90.1875], [70.53125, 90.4765625], [70.8203125, 90.4765625], [71.109375, 90.765625], [71.3984375, 91.0546875], [71.3984375, 91.34375], [71.6875, 91.6328125], [71.6875, 91.921875], [71.9765625, 92.2109375], [72.265625, 92.5], [72.84375, 93.3671875], [73.421875, 93.9453125], [73.421875, 94.234375], [73.7109375, 94.234375], [73.7109375, 94.5234375], [74.0, 94.5234375], [74.578125, 94.8125], [74.8671875, 94.8125], [75.4453125, 95.1015625], [75.4453125, 95.390625], [75.734375, 95.390625], [76.0234375, 95.6796875], [76.3125, 95.96875], [76.6015625, 95.96875], [76.890625, 95.96875], [76.890625, 96.2578125], [77.1796875, 96.2578125], [77.46875, 96.2578125], [77.7578125, 96.2578125], [77.7578125, 96.546875], [78.046875, 96.546875], [78.625, 96.8359375], [78.9140625, 96.8359375], [79.203125, 96.8359375], [79.78125, 97.125], [80.0703125, 97.4140625], [80.359375, 97.703125], [80.6484375, 97.703125], [80.9375, 97.9921875], [81.2265625, 97.9921875], [81.515625, 97.9921875], [81.8046875, 98.28125], [82.3828125, 98.28125], [82.671875, 98.5703125], [82.9609375, 98.5703125], [84.1171875, 98.859375], [84.984375, 98.859375], [86.140625, 99.1484375], [86.71875, 99.4375], [87.296875, 99.7265625], [88.1640625, 100.015625], [89.03125, 100.3046875], [91.0546875, 100.8828125], [92.2109375, 101.171875], [92.7890625, 101.171875], [93.078125, 101.171875], [93.3671875, 100.8828125], [93.65625, 100.59375], [93.9453125, 100.59375], [94.234375, 100.59375], [94.5234375, 100.3046875], [94.8125, 100.3046875], [95.1015625, 100.015625], [95.390625, 99.7265625], [95.6796875, 99.7265625]], {"i0": 0.06, "spread": 0.12, "falloff": 1.0}]]}