{"disk": {"mu": [90.09730517864227, 90.27243733406067], "roll": 2.1257914493622896, "rEff": 9.159610352878602, "axRatio": 0.9167891494388081, "i0": 0.77, "c": 2, "n": 1}, "bulge": {"mu": [90.30490279197693, 91.31044149398804], "roll": 2.1650101342699237, "rEff": 67.48528146840086, "axRatio": 0.8953592636282974, "i0": 0.12, "c": 2, "n": 0.5}, "bar": null, "spiral": []}