{"disk": {"mu": [81.14682006835938, 79.2105484008789], "roll": 0.8188701169463815, "rEff": 76.06629863817832, "axRatio": 0.9444937467588579, "i0": 0.2, "c": 2, "n": 1}, "bulge": {"mu": [82.12925720214844, 83.34424591064453], "roll": 1.1050702145858171, "rEff": 19.19354761366022, "axRatio": 0.904564995588925, "i0": 0.5, "c": 2, "n": 0.5}, "bar": null, "spiral": []}