{"disk": {"mu": [58.899169921875, 57.7734375], "roll": -1.018492835926653, "rEff": 21.056314570712065, "axRatio": 0.658518313282735, "i0": 0.2, "c": 2, "n": 1}, "bulge": {"mu": [59.125732421875, 57.7734375], "roll": -1.237552025683224, "rEff": 4.301154656388657, "axRatio": 0.9715401557909041, "i0": 0.5, "c": 2, "n": 1.0}, "bar": null, "spiral": []}