{"disk": {"mu": [89.8582763671875, 88.86962890625], "roll": -1.5172760583355813, "rEff": 54.98059994683503, "axRatio": 0.8340416421265665, "i0": 0.22, "c": 2, "n": 1}, "bulge": {"mu": [90.2059326171875, 89.21728515625], "roll": -1.4876550949064553, "rEff": 4.709885156126307, "axRatio": 0.5461463742157092, "i0": 0.54, "c": 2, "n": 0.68}, "bar": null, "spiral": []}