{"disk": {"mu": [69.94061279296875, 70.5], "roll": 1.502526519738069, "rEff": 42.5095938341178, "axRatio": 0.8278315193071124, "i0": 0.12, "c": 2, "n": 1}, "bulge": {"mu": [70.49139404296875, 70.5], "roll": 0.851966327173272, "rEff": 5.386494198546636, "axRatio": 0.9827573280377846, "i0": 0.59, "c": 2, "n": 1.0}, "bar": {"mu": [69.50837355852128, 70.5], "roll": 0.2105520659231275, "rEff": 4.420599417219721, "axRatio": 0.23809008281018224, "i0": 0.27, "c": 2.0, "n": 0.61}, "spiral": [[[[60.420703125, 74.851171875], [56.097070312499994, 72.2349609375], [55.0505859375, 70.1419921875], [55.0505859375, 69.8115234375], [54.885351562500006, 69.28828125], [53.480859374999994, 65.98359375], [53.480859374999994, 65.818359375], [53.480859374999994, 64.2486328125], [53.646093750000006, 62.155664062499994], [54.52734375, 60.943945312500006], [54.692578125, 60.420703125], [56.950781250000006, 57.1435546875], [57.639257812500006, 56.785546874999994], [58.6857421875, 55.9318359375], [63.0369140625, 52.6271484375], [63.2021484375, 52.6271484375], [64.0833984375, 52.103906249999994], [64.2486328125, 52.103906249999994], [67.030078125, 50.203710937500006]], {"i0": 0.16, "spread": 1.34, "falloff": 1.0}], [[[87.4916015625, 86.30742187499999], [88.37285156249999, 82.8099609375], [88.5380859375, 82.4794921875], [88.730859375, 81.95625000000001], [89.74980468749999, 77.08183593749999], [89.94257812500001, 76.58613281250001], [89.94257812500001, 75.5396484375], [90.273046875, 71.546484375], [90.273046875, 71.1884765625], [90.273046875, 71.02324218749999], [89.74980468749999, 67.1953125], [89.5845703125, 67.030078125], [89.2265625, 65.98359375], [86.47265625, 62.67890625], [82.121484375, 59.566992187500006], [81.5982421875, 59.566992187500006]], {"i0": 0.33, "spread": 0.18, "falloff": 1.0}], [[[78.816796875, 63.725390625], [79.34003906250001, 63.9181640625], [79.34003906250001, 64.0833984375], [83.16796875, 67.5533203125], [83.8564453125, 68.241796875], [85.06816406249999, 69.28828125], [85.26093750000001, 69.61875], [85.06816406249999, 72.40019531249999], [85.06816406249999, 72.9234375], [84.7376953125, 73.8046875], [84.37968749999999, 75.34687500000001], [84.214453125, 75.70488281249999], [81.5982421875, 80.909765625], [80.909765625, 81.791015625], [80.02851562500001, 83.33320312500001], [79.86328125, 83.5259765625], [76.9166015625, 86.1146484375], [74.65839843750001, 87.68437499999999], [72.758203125, 88.5380859375], [72.40019531249999, 88.730859375], [67.8837890625, 90.273046875], [67.030078125, 90.4658203125], [65.98359375, 90.98906249999999], [59.566992187500006, 91.31953125000001], [58.5205078125, 91.31953125000001], [56.950781250000006, 91.31953125000001], [54.885351562500006, 90.1078125]], {"i0": 0.22, "spread": 0.89, "falloff": 1.0}]]}