{"disk": {"mu": [127.2509765625, 127.98144936561584], "roll": 0.6696389456766376, "rEff": 39.324600452447434, "axRatio": 0.48852903598127956, "i0": 0.21, "c": 2, "n": 1}, "bulge": {"mu": [128.7451171875, 127.48340249061584], "roll": 0.5585993153435624, "rEff": 5.8588605242885246, "axRatio": 0.6704015231539909, "i0": 0.32, "c": 2, "n": 0.5}, "bar": {"mu": [128.2352301478386, 127.34314441680908], "roll": 0.0, "rEff": 4.39667035639286, "axRatio": 0.3239437439901703, "i0": 0.09, "c": 3.0, "n": 0.3}, "spiral": [[[[142.341796875, 121.921875], [144.9814453125, 116.8916015625], [146.1767578125, 111.9111328125], [142.939453125, 108.97265625], [135.8671875, 108.97265625], [127.0517578125, 108.97265625], [117.33984375, 111.9111328125], [107.9267578125, 117.4892578125], [98.513671875, 125.1591796875], [94.728515625, 133.67578125], [88.552734375, 144.234375]], {"i0": 0.0, "spread": 0.69, "falloff": 1.0}], [[[117.33984375, 127.201171875], [113.8037109375, 131.3349609375], [112.95703125, 138.65625], [115.5966796875, 142.1923828125], [119.9794921875, 143.935546875], [120.2783203125, 144.234375], [126.7529296875, 144.83203125], [137.361328125, 141.8935546875], [142.341796875, 139.25390625], [151.4560546875, 134.2734375], [158.2294921875, 128.09765625], [161.765625, 121.32421875], [164.1064453125, 113.35546875], [165.6005859375, 102.19921875], [163.2099609375, 96.0234375], [161.466796875, 93.6826171875], [145.2802734375, 86.6103515625]], {"i0": 0.0, "spread": 0.58, "falloff": 1.0}]]}