{"disk": {"mu": [40.489583015441895, 39.52604293823242], "roll": -0.3782206668072018, "rEff": 23.682252057184087, "axRatio": 0.6477841126926044, "i0": 0.22, "c": 2, "n": 1}, "bulge": {"mu": [40.489583015441895, 38.90104293823242], "roll": 0.7621465405869854, "rEff": 2.376079113397742, "axRatio": 0.5, "i0": 0.5, "c": 2, "n": 1.0}, "bar": {"mu": [39.864583015441895, 39.99479293823242], "roll": 0.7069080607601164, "rEff": 3.4375, "axRatio": 0.2682926829268293, "i0": 0.2, "c": 2.0, "n": 0.5}, "spiral": [[[[24.859375, 41.25], [24.703125, 41.25], [24.703125, 41.40625], [24.703125, 41.5625], [24.703125, 41.71875], [24.859375, 41.875], [25.015625, 42.03125], [25.484375, 42.1875], [25.796875, 42.5], [25.953125, 42.5], [26.265625, 42.65625], [26.578125, 42.8125], [26.734375, 42.96875], [26.890625, 43.125], [27.046875, 43.28125], [27.203125, 43.28125], [27.359375, 43.4375], [27.515625, 43.59375], [27.671875, 43.75], [27.828125, 43.90625], [27.984375, 44.21875], [28.296875, 44.53125], [28.453125, 44.6875], [28.765625, 44.84375], [29.078125, 45.15625], [29.234375, 45.15625], [29.390625, 45.3125], [29.546875, 45.46875], [29.859375, 45.625], [30.015625, 45.78125], [30.328125, 46.09375], [30.640625, 46.09375], [30.953125, 46.40625], [31.421875, 46.5625], [31.421875, 46.71875], [32.046875, 47.03125], [32.359375, 47.1875], [32.984375, 47.34375], [33.296875, 47.5], [33.765625, 47.65625], [34.234375, 47.8125], [34.703125, 47.96875], [35.171875, 48.125], [35.640625, 48.28125], [35.796875, 48.28125], [35.953125, 48.4375], [36.421875, 48.59375], [37.984375, 48.75], [38.296875, 48.90625], [38.453125, 48.90625], [38.765625, 48.90625], [38.921875, 48.90625], [39.078125, 48.90625], [39.234375, 48.90625], [39.546875, 48.90625], [39.703125, 48.90625], [39.859375, 49.0625], [40.015625, 49.0625], [40.171875, 49.0625], [40.328125, 49.0625], [40.640625, 49.0625], [40.796875, 49.0625], [40.953125, 49.0625], [41.265625, 49.0625], [41.578125, 49.0625], [41.734375, 49.0625], [42.046875, 49.0625], [42.203125, 49.0625], [42.515625, 49.0625], [42.671875, 49.0625], [42.984375, 49.0625], [43.140625, 49.0625], [43.609375, 49.0625], [43.765625, 49.0625], [43.921875, 49.0625], [44.390625, 49.0625], [44.703125, 49.0625], [44.859375, 49.0625], [45.328125, 49.0625], [45.484375, 48.90625], [45.796875, 48.90625], [46.109375, 48.75], [46.265625, 48.59375], [46.421875, 48.59375], [46.734375, 48.4375], [46.890625, 48.28125], [47.203125, 48.28125], [47.359375, 48.125], [47.515625, 48.125], [47.515625, 47.96875], [47.671875, 47.96875], [47.671875, 47.8125], [47.671875, 47.65625], [47.671875, 47.5], [47.828125, 47.34375], [47.828125, 47.1875], [47.828125, 47.03125], [47.828125, 46.875], [47.828125, 46.71875]], {"i0": 0.35, "spread": 0.21, "falloff": 1.0}], [[[57.828125, 45.0], [57.984375, 45.0], [57.984375, 44.84375], [57.984375, 44.6875], [57.984375, 44.53125], [57.984375, 44.21875], [57.984375, 44.0625], [57.828125, 43.90625], [57.828125, 43.75], [57.671875, 43.59375], [57.515625, 43.4375], [57.359375, 43.125], [57.203125, 42.8125], [56.890625, 42.5], [56.578125, 42.03125], [56.265625, 41.875], [56.109375, 41.5625], [55.953125, 41.40625], [55.796875, 41.40625], [55.640625, 41.25], [55.484375, 41.09375], [55.484375, 40.9375], [55.328125, 40.9375], [55.171875, 40.78125], [55.171875, 40.625], [55.015625, 40.625], [54.078125, 40.0], [54.078125, 39.84375], [54.078125, 39.6875], [53.921875, 39.53125], [53.921875, 39.375], [53.765625, 39.21875], [53.609375, 39.0625], [53.453125, 38.90625], [53.296875, 38.59375], [52.984375, 38.28125], [52.828125, 38.28125], [52.671875, 38.125], [52.359375, 37.96875], [51.734375, 37.34375], [51.265625, 37.03125], [51.109375, 36.875], [50.171875, 36.25], [49.703125, 35.9375], [49.546875, 35.625], [49.390625, 35.3125], [48.921875, 34.84375], [48.765625, 34.6875], [48.453125, 34.53125], [48.140625, 34.21875], [47.828125, 34.0625], [47.515625, 33.75], [47.359375, 33.4375], [47.046875, 33.28125], [46.734375, 32.96875], [46.421875, 32.8125], [46.265625, 32.65625], [45.953125, 32.5], [45.796875, 32.34375], [45.484375, 32.34375], [45.328125, 32.34375], [45.171875, 32.34375], [44.859375, 32.1875], [44.703125, 32.1875], [44.546875, 32.1875], [44.390625, 32.03125], [44.078125, 32.03125], [43.921875, 32.03125], [43.609375, 32.03125], [43.296875, 32.03125], [43.140625, 32.03125], [42.984375, 32.03125], [42.671875, 31.875], [42.515625, 31.875], [42.203125, 31.875], [42.046875, 31.875], [41.890625, 31.875], [41.578125, 31.875], [41.421875, 31.875], [41.265625, 31.875], [40.953125, 31.875], [40.796875, 31.875], [40.640625, 31.875], [40.484375, 31.875], [40.328125, 31.875], [40.171875, 31.875], [40.015625, 31.875], [40.015625, 32.03125], [39.859375, 32.03125], [39.859375, 32.1875], [39.703125, 32.34375], [39.546875, 32.34375], [39.546875, 32.5], [39.390625, 32.5], [39.390625, 32.65625], [39.078125, 32.8125], [39.078125, 32.96875], [38.765625, 33.125], [38.609375, 33.28125], [38.609375, 33.4375], [38.453125, 33.4375], [38.453125, 33.75], [38.296875, 33.90625], [38.140625, 34.0625], [38.140625, 34.21875], [38.140625, 34.375], [37.984375, 34.375], [37.984375, 34.53125], [37.984375, 34.6875]], {"i0": 0.16, "spread": 0.53, "falloff": 1.0}]]}