{"disk": {"mu": [58.03020787239075, 58.400259494781494], "roll": -1.691179147595456, "rEff": 42.31105295254569, "axRatio": 0.889980118453704, "i0": 0.05, "c": 2, "n": 1}, "bulge": {"mu": [58.48333287239075, 57.720571994781494], "roll": -1.7033478590915707, "rEff": 3.9482911732909103, "axRatio": 0.8927167700010166, "i0": 1.11, "c": 2, "n": 1.4}, "bar": {"mu": [58.93645787239073, 58.513540744781466], "roll": -0.637762290876696, "rEff": 11.110375928501876, "axRatio": 0.3482808727827605, "i0": 0.09, "c": 1.97, "n": 0.8}, "spiral": [[[[53.03828125, 55.915625000000006], [53.03828125, 56.142187500000006], [48.05390625, 46.853125000000006], [52.58515625, 42.775000000000006], [64.59296875000001, 41.868750000000006], [75.69453125000001, 46.853125000000006]], {"i0": 0.08, "spread": 0.76, "falloff": 0.66}], [[[65.72578125000001, 67.4703125], [56.21015625, 74.7203125], [46.46796875, 72.9078125], [38.53828125, 61.579687500000006], [36.49921875, 55.689062500000006]], {"i0": 0.05, "spread": 0.53, "falloff": 0.66}]]}