{"disk": {"mu": [103.18597412109375, 100.0078125], "roll": -0.06386651075800932, "rEff": 68.67125506332803, "axRatio": 0.5, "i0": 0.06, "c": 2, "n": 1}, "bulge": {"mu": [101.59222412109375, 101.00390625], "roll": -1.7398975527962737, "rEff": 14.50077824312792, "axRatio": 0.9482449046361384, "i0": 0.57, "c": 2, "n": 0.5}, "bar": {"mu": [102.38909912109375, 103.095703125], "roll": -0.7018492674467963, "rEff": 16.348946538644906, "axRatio": 0.39829480333690703, "i0": 0.06, "c": 3.0, "n": 0.3}, "spiral": [[[[110.16796875, 101.80078125], [110.16796875, 102.0], [110.16796875, 102.796875], [110.765625, 103.59375], [111.76171875, 104.7890625], [112.7578125, 105.5859375], [114.75, 106.78125], [115.9453125, 107.578125], [123.1171875, 109.76953125], [126.50390625, 110.96484375], [128.09765625, 111.1640625], [129.29296875, 111.1640625], [130.2890625, 111.1640625], [132.6796875, 110.56640625], [134.671875, 109.5703125], [136.265625, 108.7734375], [138.05859375, 107.77734375], [140.6484375, 106.3828125], [142.44140625, 105.38671875], [144.83203125, 102.99609375], [146.2265625, 102.0], [147.421875, 100.8046875], [148.41796875, 99.609375], [149.21484375, 98.61328125], [149.61328125, 97.41796875]], {"i0": 0.05, "spread": 2.0, "falloff": 2.0}], [[[95.02734375, 97.21875], [95.02734375, 97.01953125], [95.02734375, 96.62109375], [94.4296875, 95.625], [93.234375, 95.02734375], [92.4375, 94.03125], [90.84375, 93.234375], [88.8515625, 92.4375], [86.0625, 92.4375], [82.875, 92.4375], [80.68359375, 93.03515625], [78.69140625, 93.6328125], [76.5, 95.02734375], [74.90625, 96.22265625], [72.9140625, 97.21875], [71.51953125, 98.4140625], [69.52734375, 100.40625], [66.73828125, 104.19140625], [65.7421875, 106.58203125], [64.9453125, 109.171875], [64.74609375, 110.765625], [64.546875, 112.55859375], [64.546875, 113.75390625], [64.546875, 114.3515625], [64.546875, 115.1484375], [64.546875, 115.34765625]], {"i0": 0.07, "spread": 2.0, "falloff": 2.0}], [[[110.56640625, 96.22265625], [111.36328125, 96.22265625], [113.15625, 96.22265625], [114.75, 96.22265625], [116.54296875, 96.22265625], [118.13671875, 95.82421875], [119.33203125, 95.625], [121.125, 94.828125], [122.71875, 94.62890625], [123.515625, 94.62890625], [123.9140625, 94.62890625], [124.3125, 94.4296875], [125.109375, 94.23046875]], {"i0": 0.1, "spread": 2.0, "falloff": 2.0}]]}