{"disk": {"mu": [115.81027221679688, 116.8697509765625], "roll": -1.2127328699849207, "rEff": 53.00200033309773, "axRatio": 0.6577099844161677, "i0": 0.19, "c": 2, "n": 1}, "bulge": {"mu": [115.35519409179688, 115.5045166015625], "roll": -0.896055384571344, "rEff": 2.3192314498256557, "axRatio": 0.4019768225329149, "i0": 0.66, "c": 2, "n": 0.91}, "bar": null, "spiral": []}