{"disk": {"mu": [63.9765625, 63.5205078125], "roll": -0.4622630376990063, "rEff": 38.34023914564298, "axRatio": 0.7892218123253174, "i0": 0.2, "c": 2, "n": 1}, "bulge": {"mu": [63.9375, 62.619140625], "roll": -2.1346019048356446, "rEff": 6.440951701629752, "axRatio": 0.7614135312704529, "i0": 0.49, "c": 2, "n": 1.04}, "bar": null, "spiral": [[[[62.8, 69.125], [62.8, 69.375], [63.65, 70.95], [64.125, 71.675], [64.575, 72.2], [65.325, 72.95], [65.775, 73.325], [66.275, 73.9], [66.675, 74.375], [67.175, 74.875], [67.525, 75.15], [67.875, 75.425], [68.575, 75.725], [70.325, 76.175], [71.65, 76.475], [73.75, 77.175], [75.025, 77.575], [75.85, 77.875], [77.225, 78.2], [77.825, 78.2], [78.65, 78.2], [79.825, 78.2], [80.975, 77.825], [82.025, 77.3], [82.9, 76.75], [83.45, 76.525], [84.8, 75.75], [85.95, 75.025], [86.925, 74.45], [87.525, 74.0], [87.975, 73.55], [88.375, 73.0], [88.9, 72.3], [89.2, 71.775], [89.4, 71.325], [89.55, 70.8], [89.55, 70.075], [89.55, 69.25], [89.55, 68.525], [89.55, 67.925], [89.55, 67.05], [89.55, 66.225], [89.55, 65.65], [89.55, 64.55], [89.55, 63.25], [89.3, 61.75], [89.025, 60.7], [88.8, 60.1], [88.6, 59.675], [88.3, 59.125], [87.925, 58.6], [87.55, 58.15], [87.1, 57.575], [86.875, 57.2], [86.35, 56.575], [85.95, 56.025], [85.425, 55.425], [84.95, 54.7], [84.475, 53.975], [84.0, 53.25], [83.525, 52.5], [83.225, 51.975], [82.775, 51.275], [82.5, 50.85], [82.125, 50.4], [81.75, 49.95], [81.3, 49.5], [80.775, 48.9], [80.15, 48.35], [79.7, 47.75], [79.025, 47.125], [78.575, 46.775], [78.15, 46.25], [77.775, 45.9], [77.65, 45.55], [77.575, 45.325]], {"i0": 0.19, "spread": 0.64, "falloff": 1.0}], [[[66.875, 55.5], [66.875, 55.125], [66.875, 53.7], [66.875, 52.125], [66.775, 51.525], [66.325, 50.85], [65.875, 50.125], [65.325, 49.575], [64.8, 48.975], [64.25, 48.525], [63.5, 48.125], [62.875, 47.9], [62.275, 47.675], [61.325, 47.325], [60.4, 46.925], [59.45, 46.425], [58.275, 45.75], [57.225, 45.225], [55.675, 44.575], [54.125, 44.275], [52.7, 44.175], [50.6, 44.175], [49.425, 44.175], [48.6, 44.175], [48.075, 44.175], [47.725, 44.05], [47.05, 43.75], [46.325, 43.5], [45.225, 43.35], [44.625, 43.35], [44.05, 43.35], [43.45, 43.35], [41.6, 43.35], [38.4, 43.65], [36.0, 43.75], [35.075, 43.85], [33.75, 43.925], [32.775, 44.1], [32.175, 44.25], [31.55, 44.4], [30.675, 44.65], [29.85, 44.875], [28.925, 45.05], [27.6, 45.4], [26.225, 45.8], [25.15, 46.275], [23.7, 46.95], [23.275, 47.225], [23.075, 47.425], [22.875, 47.55], [22.725, 47.675], [22.725, 47.75], [22.725, 47.825], [22.725, 47.95], [22.725, 48.025], [22.8, 48.025], [22.875, 48.025], [23.0, 48.025]], {"i0": 0.27, "spread": 1.27, "falloff": 1.0}]]}