{"disk": {"mu": [97.88548827171326, 103.22071045637131], "roll": 2.325695361459207, "rEff": 75.33147442379872, "axRatio": 0.9972753164412735, "i0": 0.16, "c": 2, "n": 1}, "bulge": {"mu": [103.65111693739891, 102.58008301258087], "roll": -1.7761915890397415, "rEff": 6.853757120166391, "axRatio": 0.9806799939818247, "i0": 0.68, "c": 2, "n": 1.0}, "bar": {"mu": [110.69800965487954, 102.41992920637128], "roll": 1.39991293905664, "rEff": 25.252655650714814, "axRatio": 0.8222165395879725, "i0": 0.14, "c": 2.5, "n": 0.3}, "spiral": []}