{"disk": {"mu": [102.1498761177063, 100.81731498241425], "roll": -0.9029635498196577, "rEff": 47.27779639518189, "axRatio": 0.5, "i0": 0.04, "c": 2, "n": 1}, "bulge": {"mu": [103.19554352760315, 100.81731498241425], "roll": -0.9928945903224475, "rEff": 5.598997673519508, "axRatio": 0.5, "i0": 0.32, "c": 2, "n": 5.0}, "bar": null, "spiral": []}