{"disk": {"mu": [69.40781569480896, 65.41660475730896], "roll": -2.6962916097021075, "rEff": 34.834700047775904, "axRatio": 0.5, "i0": 0.22, "c": 2, "n": 1}, "bulge": {"mu": [61.50390625, 65.94004225730896], "roll": 0.5633162614919681, "rEff": 5.175629726555624, "axRatio": 0.5, "i0": 0.6, "c": 2, "n": 0.5}, "bar": {"mu": [68.83203125, 66.85605788230896], "roll": 0.0, "rEff": 3.3107421875, "axRatio": 0.39285714285714285, "i0": 0.12, "c": 3.0, "n": 1.64}, "spiral": []}