{"disk": {"mu": [30.9962158203125, 30.22613525390625], "roll": -1.8613954885499318, "rEff": 22.85566670652314, "axRatio": 0.7573136749109313, "i0": 0.19, "c": 2, "n": 1}, "bulge": {"mu": [30.9962158203125, 30.34722900390625], "roll": -1.892546881191539, "rEff": 3.7597610592504744, "axRatio": 0.9818350166906862, "i0": 1.13, "c": 2, "n": 0.5}, "bar": null, "spiral": [[[[28.578125, 32.646875], [28.578125, 32.76796875], [28.45703125, 32.8890625], [28.3359375, 33.01015625], [28.21484375, 33.13125], [28.09375, 33.13125], [27.8515625, 33.25234375], [27.48828125, 33.49453125], [27.125, 33.615625], [26.8828125, 33.615625], [26.76171875, 33.73671875], [26.640625, 33.73671875], [26.51953125, 33.73671875], [26.27734375, 33.73671875], [26.15625, 33.8578125], [25.9140625, 33.8578125], [25.79296875, 33.8578125], [25.671875, 33.8578125], [25.4296875, 33.8578125], [24.9453125, 33.8578125], [24.58203125, 33.615625], [24.21875, 33.49453125], [23.9765625, 33.25234375], [23.734375, 33.01015625], [23.61328125, 32.8890625], [23.4921875, 32.76796875], [23.37109375, 32.52578125], [23.25, 32.1625], [23.25, 32.04140625], [23.12890625, 31.79921875], [23.0078125, 31.4359375], [23.0078125, 31.19375], [23.0078125, 30.830468749999998], [23.0078125, 30.467187499999998], [22.88671875, 30.103906249999998], [22.88671875, 29.861718749999998], [22.88671875, 29.740624999999998], [22.88671875, 29.619531249999998], [22.765625, 29.256249999999998], [22.64453125, 29.014062499999998], [22.64453125, 28.892968749999998], [22.5234375, 28.650781249999998], [22.5234375, 28.529687499999998], [22.5234375, 28.408593749999998], [22.5234375, 28.287499999999998], [22.5234375, 28.166406249999998], [22.5234375, 28.045312499999998], [22.5234375, 27.924218749999998]], {"i0": 0.18, "spread": 0.19, "falloff": 2.0}], [[[33.30078125, 27.803124999999998], [33.30078125, 27.682031249999998], [33.54296875, 27.439843749999998], [33.90625, 27.318749999999998], [34.26953125, 27.197656249999998], [34.75390625, 27.076562499999998], [35.23828125, 27.076562499999998], [35.359375, 27.076562499999998], [35.48046875, 27.076562499999998], [35.6015625, 27.076562499999998], [35.72265625, 27.076562499999998], [35.84375, 27.076562499999998], [36.20703125, 27.318749999999998], [36.44921875, 27.682031249999998], [36.69140625, 27.924218749999998], [36.69140625, 28.166406249999998], [36.69140625, 28.529687499999998], [36.69140625, 28.771874999999998], [36.69140625, 29.014062499999998], [36.69140625, 29.256249999999998], [36.69140625, 29.377343749999998], [36.69140625, 29.619531249999998], [36.69140625, 29.861718749999998], [36.69140625, 29.982812499999998], [36.69140625, 30.103906249999998], [36.8125, 30.467187499999998], [36.93359375, 30.709374999999998], [36.93359375, 31.07265625], [36.93359375, 31.55703125], [36.93359375, 32.1625], [36.93359375, 32.4046875], [36.93359375, 32.52578125], [36.93359375, 33.01015625], [36.93359375, 33.13125], [36.93359375, 33.615625], [36.93359375, 33.73671875]], {"i0": 0.12, "spread": 0.4, "falloff": 2.0}]]}