{"disk": {"mu": [49.3768310546875, 49.921142578125], "roll": -2.4045438768442478, "rEff": 21.84308467697652, "axRatio": 0.5785025160897831, "i0": 0.39, "c": 2, "n": 1}, "bulge": {"mu": [46.6971435546875, 46.858642578125], "roll": -2.7468015338900322, "rEff": 4.379375, "axRatio": 0.23605170797123212, "i0": 0.12, "c": 2, "n": 0.69}, "bar": null, "spiral": []}