{"disk": {"mu": [108.40869140625, 107.413330078125], "roll": 1.4490985447718008, "rEff": 85.07169366187557, "axRatio": 0.8975910424797321, "i0": 0.13, "c": 2, "n": 1}, "bulge": {"mu": [107.98681640625, 108.257080078125], "roll": 1.1071487177940902, "rEff": 6.452453657572831, "axRatio": 0.6057825328153827, "i0": 0.41, "c": 2, "n": 1.51}, "bar": null, "spiral": []}