{"psfHeight": 11, "width": 174, "psf": [[0.00020216980192344636, 0.00033395245554856956, 0.00027501091244630516, 0.0007368854712694883, 0.0009907138301059604, 0.0011381041258573532, 0.0011774904560297728, 0.0009344075806438923, 0.000601954641751945, 0.0004811200487893075, 0.0002977833501063287], [0.00016401904576923698, 0.0005560244317166507, 0.0006201007054187357, 0.0012579235481098294, 0.0019904293585568666, 0.0023106206208467484, 0.0023070923052728176, 0.0017624195897951722, 0.0012491608504205942, 0.0008134313393384218, 0.0004569145676214248], [0.00033001508563756943, 0.000692913425154984, 0.0018807821907103062, 0.00305760046467185, 0.004536116495728493, 0.0058124614879488945, 0.00560154439881444, 0.003803605679422617, 0.0021119005978107452, 0.0009981482289731503, 0.00043193891178816557], [0.0005634474800899625, 0.0015218481421470642, 0.0038236507680267096, 0.011108826845884323, 0.01896120049059391, 0.020816246047616005, 0.01641775295138359, 0.007535654120147228, 0.0030875017400830984, 0.00125328847207129, 0.0004952289746142924], [0.0007440975750796497, 0.002228297758847475, 0.005814489908516407, 0.025383275002241135, 0.05563991516828537, 0.06162100285291672, 0.04445189982652664, 0.02007528580725193, 0.005007323808968067, 0.002070161746814847, 0.0006844287854619324], [0.000654772506095469, 0.002328198868781328, 0.006337838713079691, 0.026707038283348083, 0.07190018147230148, 0.09332889318466187, 0.06849288940429688, 0.029973620548844337, 0.0072113024070858955, 0.0024010157212615013, 0.0007585111306980252], [0.0006691932212561369, 0.0016089000273495913, 0.004348979331552982, 0.01449238695204258, 0.04216236248612404, 0.065970279276371, 0.05365145206451416, 0.02301185019314289, 0.006708182394504547, 0.0018849079497158527, 0.0006988117238506675], [0.00047289818758144975, 0.0010954677127301693, 0.0024219921324402094, 0.005868668667972088, 0.012833443470299244, 0.020465264096856117, 0.019304703921079636, 0.010274125263094902, 0.003818327561020851, 0.0014408945571631193, 0.000676875002682209], [0.00032282763277180493, 0.00044872358557768166, 0.00121706270147115, 0.002406368963420391, 0.003750909585505724, 0.004710480570793152, 0.0044912840239703655, 0.0028904899954795837, 0.0016899838810786605, 0.0009387454483658075, 0.0004075663455296308], [0.00021160459436941892, 0.00019911862909793854, 0.0007431644480675459, 0.0009994846768677235, 0.0014496687799692154, 0.001554106012918055, 0.001502424362115562, 0.0012584514915943146, 0.0005893410416319966, 0.00044424657244235277, 0.00039597850991412997], [0.00018662410730030388, 0.0002697743766475469, 0.0003367281169630587, 0.0005177974235266447, 0.0006400229758583009, 0.0005299285985529423, 0.0006585491937585175, 0.0002942672581411898, 0.0002632710966281593, 0.0002984750608447939, 0.00018871888460125774]], "height": 174, "imageWidth": 512, "psfWidth": 11, "imageHeight": 512}