{"psfHeight": 11, "width": 75, "psf": [[0.00030810534371994436, 0.0004668254405260086, 0.0005947523168288171, 0.0008515220251865685, 0.0011238830629736185, 0.0011093432549387217, 0.000956619274802506, 0.0006729477900080383, 0.00042499619303271174, 0.0003123369824606925, 0.00024769778246991336], [0.00027685347595252097, 0.0006286845891736448, 0.0010440765181556344, 0.001668156124651432, 0.002440388547256589, 0.0025738331023603678, 0.0020585183519870043, 0.0012530253734439611, 0.0008615673868916929, 0.0004679038538597524, 0.00027426891028881073], [0.0005024572601541877, 0.0009049911168403924, 0.0018872057553380728, 0.0039038429968059063, 0.006674266420304775, 0.007519418373703957, 0.005583054851740599, 0.0030429631005972624, 0.001388806034810841, 0.0010120442602783442, 0.0005162335000932217], [0.0004683906154241413, 0.001151367905549705, 0.0028957182075828314, 0.008849545381963253, 0.02026217058300972, 0.02424771524965763, 0.015977002680301666, 0.007774766068905592, 0.003153914585709572, 0.001510461326688528, 0.0006729078595526516], [0.0006431845249608159, 0.0013577524805441499, 0.004514369182288647, 0.01525767520070076, 0.0507720448076725, 0.07031670212745667, 0.04223735257983208, 0.0170535109937191, 0.005429891403764486, 0.001994726713746786, 0.0008290329133160412], [0.0006142116035334766, 0.0013899877667427063, 0.004959257785230875, 0.017855031415820122, 0.06982747465372086, 0.11369677633047104, 0.06753435730934143, 0.023389115929603577, 0.007112001534551382, 0.002481902949512005, 0.0011369307758286595], [0.000621645653154701, 0.0013670112239196897, 0.004045011475682259, 0.012816432863473892, 0.04226168990135193, 0.07313753664493561, 0.048686906695365906, 0.017479052767157555, 0.005648840684443712, 0.002170960186049342, 0.0010758552234619856], [0.0005886827129870653, 0.00122886523604393, 0.002950836904346943, 0.00656920438632369, 0.014918122440576553, 0.0228926669806242, 0.017764026299118996, 0.007903151214122772, 0.0029988435562700033, 0.001376097439788282, 0.0006836533430032432], [0.0006413822993636131, 0.0010059626074507833, 0.0016476751770824194, 0.0031238330993801355, 0.0054789273999631405, 0.006863925606012344, 0.005362173076719046, 0.0029798876494169235, 0.00151413946878165, 0.0007590504828840494, 0.0005348992417566478], [0.0003129859978798777, 0.0006826816825196147, 0.0009376088273711503, 0.001396044041030109, 0.002157148439437151, 0.002427446423098445, 0.0020025891717523336, 0.0013082692166790366, 0.0007120477384887636, 0.0005466040456667542, 0.00030888072797097266], [0.0002737932954914868, 0.00030124065233394504, 0.0006278816144913435, 0.0007713375962339342, 0.0009513969416730106, 0.001353443250991404, 0.0009981004986912012, 0.0007712831138633192, 0.0005123656592331827, 0.00040279756649397314, 0.000228361357585527]], "height": 75, "imageWidth": 512, "psfWidth": 11, "imageHeight": 512}