{"imageWidth": 512, "height": 255, "imageHeight": 512, "psf": [[5.6405202485620975e-05, 0.0003096490690950304, 0.0005329657578840852, 0.0005504582077264786, 0.0009871285874396563, 0.00124408642295748, 0.0012043088208884, 0.0009659224306233227, 0.0008005714043974876, 0.0004983252729289234, 0.0003498175065033138], [0.0003039282455574721, 0.000745155441109091, 0.0009168546530418098, 0.001317615737207234, 0.0020799566991627216, 0.0028147597331553698, 0.002494941931217909, 0.0020363435614854097, 0.001133795129135251, 0.0009119230089709163, 0.0005284487851895392], [0.0005035360809415579, 0.0010659736581146717, 0.0017398318741470575, 0.003123671282082796, 0.00558652775362134, 0.00721786729991436, 0.0063859811052680016, 0.004065057262778282, 0.002490381244570017, 0.0014353975420817733, 0.0005470217438414693], [0.0007508144481107593, 0.0015490967780351639, 0.0033357427455484867, 0.007994011044502258, 0.016417596489191055, 0.022125141695141792, 0.018069755285978317, 0.009905088692903519, 0.004625453148037195, 0.0022827230859547853, 0.0011426986893638968], [0.0008656511781737208, 0.002271587261930108, 0.005517336539924145, 0.01834500953555107, 0.04527626559138298, 0.058872852474451065, 0.04296981915831566, 0.020672455430030823, 0.007891402579843998, 0.003209534101188183, 0.0015243005473166704], [0.0009012874215841293, 0.002386088715866208, 0.006625758949667215, 0.02502950094640255, 0.06606820970773697, 0.08680509030818939, 0.061733003705739975, 0.027900544926524162, 0.01017225906252861, 0.00344582530669868, 0.0013440340990200639], [0.0007871838752180338, 0.0018630784470587969, 0.005029370076954365, 0.018087778240442276, 0.04396464675664902, 0.05859532579779625, 0.04480409622192383, 0.022079218178987503, 0.008480226621031761, 0.0031210079323500395, 0.0013870146358385682], [0.0005716797313652933, 0.001227854285389185, 0.0032678130082786083, 0.007857788354158401, 0.01644495129585266, 0.021509289741516113, 0.018077760934829712, 0.011131363920867443, 0.005363478325307369, 0.002109671477228403, 0.0011141387512907386], [0.0002774785680230707, 0.00089546904200688, 0.0017703158082440495, 0.003354832297191024, 0.005477249622344971, 0.007507476955652237, 0.006999300327152014, 0.004859213251620531, 0.0026454664766788483, 0.0014524359721690416, 0.0008616331615485251], [0.0003106349613517523, 0.00046060027671046555, 0.0007882218342274427, 0.0014473446644842625, 0.0020870661828666925, 0.0026622144505381584, 0.0025687955785542727, 0.0019162013195455074, 0.0012511577224358916, 0.0007994636544026434, 0.00044885469833388925], [0.00024159374879673123, 0.00021125614875927567, 0.0003188735863659531, 0.0006844585295766592, 0.0008712309645488858, 0.0012958646984770894, 0.0013075186870992184, 0.0009534923010505736, 0.0007860939367674291, 0.00046056477003730834, 0.0001823584025260061]], "psfHeight": 11, "psfWidth": 11, "width": 255}