{"imageWidth": 512, "height": 141, "imageHeight": 512, "psf": [[0.0001759185834089294, 0.0004355213895905763, 0.0006129471585154533, 0.0009181108907796443, 0.00123313395306468, 0.0013570436276495457, 0.0012706348206847906, 0.0010918264742940664, 0.0007443616632372141, 0.00035316243884153664, 0.00042488155304454267], [0.00045341800432652235, 0.000726027472410351, 0.0010610739700496197, 0.001994612393900752, 0.0027868293691426516, 0.003152861725538969, 0.0030473002698272467, 0.002139036078006029, 0.0013127613347023726, 0.0010001095943152905, 0.0005988084594719112], [0.0006618522456847131, 0.001278967596590519, 0.0022280635312199593, 0.0043000285513699055, 0.00690234312787652, 0.00792660191655159, 0.007117639761418104, 0.004864707123488188, 0.002740319352596998, 0.0014512294437736273, 0.0008074647048488259], [0.000912499672267586, 0.0015719347866252065, 0.0037459745071828365, 0.008914108388125896, 0.018166078254580498, 0.025123270228505135, 0.020760921761393547, 0.010690051130950451, 0.004314920864999294, 0.0018128962256014347, 0.0010596233187243342], [0.0011870042653754354, 0.0023059691302478313, 0.00602999422699213, 0.016809048131108284, 0.04047850891947746, 0.060384172946214676, 0.04490124434232712, 0.01836535334587097, 0.0062177907675504684, 0.0021629109978675842, 0.0011299392208456993], [0.001273350790143013, 0.002771649742498994, 0.007380031514912844, 0.02241881936788559, 0.05561542138457298, 0.07853618264198303, 0.05583523213863373, 0.020410533994436264, 0.006408601067960262, 0.0022063269279897213, 0.0012148889945819974], [0.0011451045284047723, 0.0024655538145452738, 0.00653593335300684, 0.019324325025081635, 0.043602582067251205, 0.05737527459859848, 0.04093609377741814, 0.016232838854193687, 0.005654170177876949, 0.002009476302191615, 0.0009628281695768237], [0.0009232959127984941, 0.001996326958760619, 0.004496805835515261, 0.010457120835781097, 0.021403660997748375, 0.027950895950198174, 0.021514039486646652, 0.010646874085068703, 0.004055684432387352, 0.0017213135724887252, 0.0008279415778815746], [0.0006943217013031244, 0.001438719336874783, 0.002361669670790434, 0.004817487206310034, 0.008291736245155334, 0.010324500501155853, 0.009147305972874165, 0.0059081194922327995, 0.002852150471881032, 0.0012902677990496159, 0.0006987618980929255], [0.0004948183777742088, 0.0007938926573842764, 0.001293239532969892, 0.0022141311783343554, 0.003432099474593997, 0.003819375531747937, 0.003598584095016122, 0.002777125919237733, 0.0016899553593248129, 0.00098096439614892, 0.00044645267189480364], [0.00018066995835397393, 0.00046244770055636764, 0.0007926633697934449, 0.0011259946040809155, 0.0014071448240429163, 0.0015283169923350215, 0.0014991586795076728, 0.0013365751365199685, 0.0008844343828968704, 0.0005891212495043874, 0.00030480680288746953]], "psfHeight": 11, "psfWidth": 11, "width": 141}