{"psfHeight": 11, "width": 93, "psf": [[0.00014814826135989279, 0.00024504572502337396, 0.00035498494980856776, 0.0005842190003022552, 0.0009988686069846153, 0.0013372147222980857, 0.0011179704451933503, 0.0007198121165856719, 0.0004349379742052406, 0.0003214236639905721, 0.0002563028538133949], [0.00024041948199737817, 0.000509450095705688, 0.0007968947174958885, 0.00128641608171165, 0.0018402723362669349, 0.00216534617356956, 0.0018500708974897861, 0.0013697664253413677, 0.0008144926396198571, 0.0005598671268671751, 0.00041877024341374636], [0.0004882868961431086, 0.0008382349042221904, 0.001648675766773522, 0.003341485047712922, 0.005163858644664288, 0.006031091790646315, 0.004933516960591078, 0.002807357581332326, 0.0016069792909547687, 0.0009582613711245358, 0.0005268552340567112], [0.0007468708208762109, 0.0014108523027971387, 0.003050810657441616, 0.00789835024625063, 0.017054390162229538, 0.021202700212597847, 0.014410484582185745, 0.006696304306387901, 0.0029514541383832693, 0.0013331027003005147, 0.0006534051499329507], [0.0010001376504078507, 0.0019113977905362844, 0.00525036733597517, 0.01560621801763773, 0.050007328391075134, 0.07644878327846527, 0.04723252356052399, 0.014648166485130787, 0.004305914975702763, 0.0014788530534133315, 0.0007649630424566567], [0.0009936828864738345, 0.0016272889915853739, 0.006139710079878569, 0.020921064540743828, 0.0787021815776825, 0.1348961740732193, 0.08078908920288086, 0.019187908619642258, 0.004915026947855949, 0.0012501822784543037, 0.0007680054404772818], [0.0007421920890919864, 0.0012886662734672427, 0.0042401268146932125, 0.014515204355120659, 0.04775373637676239, 0.07879575341939926, 0.047796424478292465, 0.01255283784121275, 0.0036363117396831512, 0.0010651192860677838, 0.0006928796647116542], [0.00042403090628795326, 0.0009211230790242553, 0.002214729553088546, 0.005844548810273409, 0.013243946246802807, 0.017946839332580566, 0.01247676182538271, 0.0051528275944292545, 0.0020468682050704956, 0.0008286788361147046, 0.00047441842616535723], [0.00029631025972776115, 0.0005428650765679777, 0.0010765555780380964, 0.002168486826121807, 0.0036364407278597355, 0.004574388265609741, 0.003712099278345704, 0.002166040940210223, 0.001168301678262651, 0.0005532163195312023, 0.00030281508225016296], [0.00023631066142115742, 0.0003268508880864829, 0.0005614110850729048, 0.0009381375275552273, 0.0011924337595701218, 0.0011825456749647856, 0.0011315422598272562, 0.0009592698188498616, 0.0006174172158353031, 0.0003874524845741689, 0.00017195403052028269], [0.00015712983440607786, 0.0002247761149192229, 0.0003903270699083805, 0.0005091134225949645, 0.000595885154325515, 0.0007316131959669292, 0.0006813859799876809, 0.0004667841421905905, 0.0003326524165458977, 0.0002479836402926594, 0.00013649484026245773]], "height": 93, "imageWidth": 512, "psfWidth": 11, "imageHeight": 512}