{"imageWidth": 512, "height": 151, "imageHeight": 512, "psf": [[0.00028993008891120553, 0.000371336645912379, 0.0006773934001103044, 0.0009772485354915261, 0.0012839725241065025, 0.0013193049235269427, 0.0009572558337822556, 0.0007341147866100073, 0.00018530232773628086, 0.0003690399171318859, 6.043771645636298e-05], [0.0004873205325566232, 0.0004766850033774972, 0.001324095530435443, 0.0018388371681794524, 0.002951529109850526, 0.00269208662211895, 0.00230543059296906, 0.001760690240189433, 0.0010071243159472942, 0.0005944304866716266, 0.00040470081148669124], [0.000571821816265583, 0.0010420531034469604, 0.0020914915949106216, 0.004597002640366554, 0.007611812092363834, 0.0082445302978158, 0.006619104649871588, 0.0037406187038868666, 0.001972915604710579, 0.0009514970588497818, 0.0007948245038278401], [0.0010029206750914454, 0.0017630790825933218, 0.003992454614490271, 0.011237693019211292, 0.02198556438088417, 0.02432548813521862, 0.017175773158669472, 0.00911774579435587, 0.003758665407076478, 0.001688938238658011, 0.0010074794990941882], [0.0007371692918241024, 0.0021472256630659103, 0.006322043016552925, 0.021808680146932602, 0.049323003739118576, 0.057814229279756546, 0.03992127254605293, 0.018086709082126617, 0.006302804220467806, 0.002823345363140106, 0.0011295543517917395], [0.0009405521559529006, 0.0020562969148159027, 0.006590828765183687, 0.024163149297237396, 0.061367250978946686, 0.0810818299651146, 0.06053514778614044, 0.02584681287407875, 0.008370521478354931, 0.0029850511346012354, 0.0013025897787883878], [0.0009706109412945807, 0.00179263052996248, 0.0049864077009260654, 0.016960330307483673, 0.04082804173231125, 0.05903058871626854, 0.04838507995009422, 0.022202380001544952, 0.007595127448439598, 0.0028603272512555122, 0.001480775186792016], [0.0006869841017760336, 0.0012758030788972974, 0.0030553354881703854, 0.008438715711236, 0.01657858118414879, 0.0238684993237257, 0.021015331149101257, 0.010787947103381157, 0.0049163345247507095, 0.002217790810391307, 0.0012071854434907436], [0.00048294352018274367, 0.0009329816093668342, 0.0018205171218141913, 0.003840469056740403, 0.006026053335517645, 0.007387358695268631, 0.006764477584511042, 0.003966521937400103, 0.0022755623795092106, 0.0015041109872981906, 0.0005844116676598787], [0.00042608712101355195, 0.0008393708267249167, 0.001105024479329586, 0.0017121561104431748, 0.002204659627750516, 0.002465774305164814, 0.002396539319306612, 0.0018009375780820847, 0.0013792653335258365, 0.0006938397418707609, 0.00033641819027252495], [0.0003017235721927136, 0.00039511278737336397, 0.0008182030287571251, 0.0007933793240226805, 0.0009248866699635983, 0.0011361263459548354, 0.0011511477641761303, 0.000857862236443907, 0.0007939036004245281, 0.00036387357977218926, 0.00035968920565210283]], "psfHeight": 11, "psfWidth": 11, "width": 151}