{"psfHeight": 11, "width": 131, "psf": [[0.0005864975391887128, 0.0010444691870361567, 0.0016483418876305223, 0.002324520144611597, 0.0029234762769192457, 0.002638306003063917, 0.002310188254341483, 0.001893008011393249, 0.0011808999115601182, 0.001048715435899794, 0.0005447954754345119], [0.0010892197024077177, 0.0015532942488789558, 0.00285138632170856, 0.004114973824471235, 0.005056151654571295, 0.005665038712322712, 0.0050664544105529785, 0.003413644852116704, 0.002610518131405115, 0.0016079852357506752, 0.0009887564228847623], [0.0014830195577815175, 0.002761715091764927, 0.004631055984646082, 0.00743143493309617, 0.01027496624737978, 0.011231531389057636, 0.010188376531004906, 0.006996444426476955, 0.004282419569790363, 0.0023106965236365795, 0.00144879799336195], [0.002176695503294468, 0.0036714738234877586, 0.007098746486008167, 0.01319030113518238, 0.02010626159608364, 0.022430185228586197, 0.018494974821805954, 0.012485445477068424, 0.0068007418885827065, 0.0036529339849948883, 0.0017833041492849588], [0.0024870301131159067, 0.004738295450806618, 0.009887473657727242, 0.01947592757642269, 0.03209709748625755, 0.03749173507094383, 0.030354531481862068, 0.018729042261838913, 0.009333370253443718, 0.004654549993574619, 0.0023112355265766382], [0.0024422358255833387, 0.004993676673620939, 0.011007033288478851, 0.022182896733283997, 0.037072326987981796, 0.04460659623146057, 0.03703995794057846, 0.022704340517520905, 0.011247921735048294, 0.005346501246094704, 0.0025868858210742474], [0.0022332973312586546, 0.004402484744787216, 0.009632902219891548, 0.018891463056206703, 0.030624181032180786, 0.03706089034676552, 0.0316060334444046, 0.019585980102419853, 0.010108216665685177, 0.00476679066196084, 0.0024917435366660357], [0.0018315312918275595, 0.0035685503389686346, 0.006962128449231386, 0.012159978970885277, 0.01932383142411709, 0.022719457745552063, 0.01984860748052597, 0.013464733026921749, 0.008188730105757713, 0.0036101455334573984, 0.002066482789814472], [0.001177024096250534, 0.0022695267107337713, 0.004049862269312143, 0.0069253286346793175, 0.009955636225640774, 0.011458005756139755, 0.010191593319177628, 0.00776294432580471, 0.005086968652904034, 0.002694257302209735, 0.0016435565194115043], [0.0008806786499917507, 0.0015461186412721872, 0.002447758801281452, 0.0037813589442521334, 0.0050767818465828896, 0.0051626949571073055, 0.004955091513693333, 0.00371922948397696, 0.0024956443812698126, 0.0018743047257885337, 0.0010700711281970143], [0.0006474151159636676, 0.0010986621491611004, 0.0013863728381693363, 0.0018792623886838555, 0.0024771662428975105, 0.0029152214992791414, 0.0025119115598499775, 0.0020848943386226892, 0.001643867464736104, 0.0012459612917155027, 0.000853930483572185]], "height": 131, "imageWidth": 512, "psfWidth": 11, "imageHeight": 512}