{"psfHeight": 11, "width": 206, "psf": [[0.00013211309851612896, 0.0002014822675846517, 0.0003068989026360214, 0.0003650343569461256, 0.0005306528764776886, 0.0006868768250569701, 0.0005463816341944039, 0.00042941683204844594, 0.0003505197528284043, 0.00025799329159781337, 0.00018161161278840154], [0.00011103757424280047, 0.0003092724073212594, 0.0005344313103705645, 0.0009071056265383959, 0.0011540051782503724, 0.0011042295955121517, 0.001261829282157123, 0.001121136243455112, 0.0006572921411134303, 0.0005939965485595167, 0.0003378881374374032], [0.00018646183889359236, 0.0004923699889332056, 0.0011451765894889832, 0.002105840016156435, 0.003567230189219117, 0.005117420107126236, 0.004491230472922325, 0.0026067071594297886, 0.0016572269378229976, 0.0008220259333029389, 0.0004922572406940162], [0.0004897057660855353, 0.0008309436379931867, 0.0018685945542529225, 0.005219463724642992, 0.012445583008229733, 0.01978963054716587, 0.017410792410373688, 0.008413702249526978, 0.0031774321105331182, 0.0010967053240165114, 0.0004514661559369415], [0.0007925081881694496, 0.0012400082778185606, 0.003803801257163286, 0.01245264895260334, 0.04217064380645752, 0.07921794801950455, 0.0589136928319931, 0.0167593602091074, 0.003968962002545595, 0.0009024416212923825, 0.000566875038202852], [0.0008007779251784086, 0.001504421466961503, 0.006503510754555464, 0.023106040433049202, 0.0837879478931427, 0.13557733595371246, 0.08072689175605774, 0.018960770219564438, 0.004411252681165934, 0.0007682130672037601, 0.0005998758715577424], [0.0005553573719225824, 0.0013556970516219735, 0.004137749783694744, 0.016586784273386, 0.055094972252845764, 0.07927430421113968, 0.04800581559538841, 0.013612104579806328, 0.003553222632035613, 0.001135542755946517, 0.0006248680874705315], [0.00036957894917577505, 0.0009394439402967691, 0.0018361591501161456, 0.004759014584124088, 0.012218808755278587, 0.018257828429341316, 0.01400049775838852, 0.005777648650109768, 0.002412308705970645, 0.0010158129734918475, 0.0005791671574115753], [0.00025615416234359145, 0.0004923235392197967, 0.0008281899499706924, 0.0017632927047088742, 0.0034291627816855907, 0.004294194746762514, 0.003376539098098874, 0.0021613468416035175, 0.0013679417315870523, 0.0006462581222876906, 0.00039919925620779395], [8.74080797075294e-05, 0.00020624924218282104, 0.00037534511648118496, 0.0007746816263534129, 0.0008992106304503977, 0.0010116281919181347, 0.0013448353856801987, 0.0010357163846492767, 0.0006725481362082064, 0.00045696095912717283, 0.00023264435003511608], [-5.5599321058252826e-05, 0.00013920138007961214, 0.0002631279348861426, 0.0004172459593974054, 0.0007490274147130549, 0.0007252193172462285, 0.0005087075405754149, 0.0004901661886833608, 0.0004416641895659268, 0.0003327060549054295, 0.0002789082645904273]], "height": 206, "imageWidth": 512, "psfWidth": 11, "imageHeight": 512}