{"imageWidth": 512, "height": 125, "imageHeight": 512, "psf": [[0.00016555871115997434, 0.0003485737252049148, 0.0004431899287737906, 0.0006238629575818777, 0.0009240674553439021, 0.0009191727149300277, 0.000934080220758915, 0.0009204776142723858, 0.0006717743235640228, 0.00028281178674660623, 0.00021126071806065738], [0.0003955787105951458, 0.0005653043044731021, 0.0008372968295589089, 0.0013425647048279643, 0.001794373500160873, 0.0022391113452613354, 0.0024985463824123144, 0.0019379231380298734, 0.000983710982836783, 0.0005490965559147298, 0.00023702926409896463], [0.0005440113600343466, 0.0010821194155141711, 0.0017496573273092508, 0.003302335971966386, 0.0058011244982481, 0.007869302295148373, 0.0071445973590016365, 0.003918050322681665, 0.0015718950890004635, 0.0006065831403248012, 0.00041494338074699044], [0.0008363655069842935, 0.0017661928432062268, 0.00380306295119226, 0.008506669662892818, 0.01689225062727928, 0.02564004436135292, 0.021555734798312187, 0.008747219108045101, 0.002898742677643895, 0.0012291945749893785, 0.00038834824226796627], [0.0009743202244862914, 0.0024001970887184143, 0.006534349638968706, 0.018534161150455475, 0.043844882398843765, 0.06982506066560745, 0.05035209283232689, 0.015010285191237926, 0.004632418043911457, 0.001663246308453381, 0.0004421246121637523], [0.0009171124547719955, 0.0023342526983469725, 0.007654352113604546, 0.024216417223215103, 0.06485719233751297, 0.0987468808889389, 0.0645972490310669, 0.018127739429473877, 0.0061834934167563915, 0.0020437492057681084, 0.0007586085121147335], [0.0008932733908295631, 0.0018299347721040249, 0.005639948416501284, 0.01697702147066593, 0.047155264765024185, 0.07065402716398239, 0.04723143205046654, 0.01626035012304783, 0.005848477128893137, 0.0020423729438334703, 0.0010814463021233678], [0.0006274555344134569, 0.001303907367400825, 0.003090963000431657, 0.007440976332873106, 0.017579106613993645, 0.02575850859284401, 0.0191339161247015, 0.008490963838994503, 0.003590113716199994, 0.0016578389331698418, 0.0012345988070592284], [0.0004468713595997542, 0.0008500545518472791, 0.0017201846931129694, 0.0029740857426077127, 0.004734965972602367, 0.005683237221091986, 0.0046019647270441055, 0.0029148180037736893, 0.001755226287059486, 0.0011751624988391995, 0.0008272015838883817], [0.0003556999145075679, 0.0005349733983166516, 0.0007449343102052808, 0.0012001615250483155, 0.0015298593789339066, 0.0017940602265298367, 0.0016626011347398162, 0.0013122876407578588, 0.000983959762379527, 0.0005266281077638268, 0.0003829157503787428], [0.0002689254470169544, 0.000278613151749596, 0.0003026104823220521, 0.0006051711970940232, 0.0005710449768230319, 0.0006281818496063352, 0.0006697275093756616, 0.0006697323988191783, 0.0005258506862446666, 0.00030099868308752775, 0.00020140252308920026]], "psfHeight": 11, "psfWidth": 11, "width": 125}