{"psfHeight": 11, "width": 134, "psf": [[0.00026526357396505773, 0.0002992534136865288, 0.000568426912650466, 0.0008982552099041641, 0.0010426422813907266, 0.001129834447056055, 0.0010148502187803388, 0.0007272779475897551, 0.0005963273579254746, 0.00030423924908973277, 0.00015090427768882364], [0.0003939268062822521, 0.000670319190248847, 0.0010335235856473446, 0.0016641508555039763, 0.0024048280902206898, 0.00264371489174664, 0.0025772068183869123, 0.001733235316351056, 0.0008930374751798809, 0.00048171120579354465, 0.00043873119284398854], [0.0006299390224739909, 0.0010295333340764046, 0.002178453141823411, 0.0036388474982231855, 0.006327639799565077, 0.008025284856557846, 0.006341924425214529, 0.003499777289107442, 0.0017468184232711792, 0.0007911477005109191, 0.0005474791396409273], [0.0008563536102883518, 0.0016320759896188974, 0.0037802148144692183, 0.008821971714496613, 0.019089065492153168, 0.025706442072987556, 0.018177613615989685, 0.007430072408169508, 0.0029216199181973934, 0.001177908619865775, 0.0006948155933059752], [0.0009608179680071771, 0.002087364671751857, 0.0059699672274291515, 0.016917305067181587, 0.04799831286072731, 0.0703732818365097, 0.0452893041074276, 0.014401456341147423, 0.004346327390521765, 0.0014315093867480755, 0.0007251956267282367], [0.0010654429206624627, 0.002118956996127963, 0.006970461457967758, 0.02035033516585827, 0.067123182117939, 0.10699281096458435, 0.06704776734113693, 0.018593253567814827, 0.005377317778766155, 0.0015976341674104333, 0.00098098861053586], [0.0010606497526168823, 0.0020081226248294115, 0.00553465960547328, 0.01444962527602911, 0.04385004937648773, 0.07227586954832077, 0.049215395003557205, 0.015339896082878113, 0.004776590038090944, 0.001376804430037737, 0.0009650080464780331], [0.0008260870818048716, 0.0017090238397940993, 0.003280850127339363, 0.007238785736262798, 0.015688274055719376, 0.023818787187337875, 0.01910720393061638, 0.008305080235004425, 0.003019728697836399, 0.001321098767220974, 0.0006164920050650835], [0.000685536302626133, 0.001132356934249401, 0.0018221165519207716, 0.002876176265999675, 0.004762039985507727, 0.0065393769182264805, 0.005933118052780628, 0.003530705813318491, 0.001714179990813136, 0.0008519574184902012, 0.00042157230200245976], [0.0004602232947945595, 0.0008149966015480459, 0.0009071456152014434, 0.0012820108095183969, 0.0016796222189441323, 0.0018021768191829324, 0.001971740275621414, 0.0016549229621887207, 0.0009184896480292082, 0.0005944568547420204, 0.00034947830135934055], [0.00013067420513834804, 0.0003740671672858298, 0.000418202398577705, 0.0005189661169424653, 0.0007317307172343135, 0.0007749545620754361, 0.0008819588692858815, 0.0008404853288084269, 0.0005836261552758515, 0.00038147554732859135, 0.00017978253890760243]], "height": 134, "imageWidth": 512, "psfWidth": 11, "imageHeight": 512}