{"psfHeight": 11, "width": 112, "psf": [[0.0002940428676083684, 0.0003290908643975854, 0.0005514947697520256, 0.0009303167462348938, 0.0010590320453047752, 0.0012239869683980942, 0.0013602807885035872, 0.0011218265863135457, 0.0008952238713391125, 0.0005033215275034308, 0.00021892477525398135], [0.0005889577441848814, 0.0005529679474420846, 0.000968051899690181, 0.0016978440107777715, 0.0025749211199581623, 0.0030520271975547075, 0.00255081569775939, 0.0022112519945949316, 0.0013207858428359032, 0.0006997034652158618, 0.000529822485987097], [0.0006535931606777012, 0.0007663893047720194, 0.002000377979129553, 0.0039832801558077335, 0.007242132443934679, 0.00830763578414917, 0.007022056262940168, 0.004357506521046162, 0.002029668539762497, 0.00103487737942487, 0.0006373177166096866], [0.0008720234036445618, 0.001751067116856575, 0.0038694788236171007, 0.008908255025744438, 0.021363696083426476, 0.027212511748075485, 0.018402189016342163, 0.009181263856589794, 0.003960833419114351, 0.001726499991491437, 0.0008889016462489963], [0.001000558608211577, 0.0019856237340718508, 0.006063542328774929, 0.01673324778676033, 0.04792792350053787, 0.06499680131673813, 0.0430317148566246, 0.019485436379909515, 0.006776198744773865, 0.0022445269860327244, 0.0011934417998418212], [0.0008299642358906567, 0.0020217844285070896, 0.007216054480522871, 0.020601119846105576, 0.06183058023452759, 0.08856664597988129, 0.0605715848505497, 0.0258171409368515, 0.007978178560733795, 0.002346741734072566, 0.0013230915647000074], [0.0007940973737277091, 0.002009105170145631, 0.005760416388511658, 0.016293104737997055, 0.04497559741139412, 0.06689076870679855, 0.04581441357731819, 0.018786944448947906, 0.0062579684890806675, 0.0022951855789870024, 0.0011466984869912267], [0.000752449210267514, 0.001315341331064701, 0.0031406492926180363, 0.007778913248330355, 0.017800521105527878, 0.02478492632508278, 0.017854878678917885, 0.008548367768526077, 0.003554140916094184, 0.0014202906750142574, 0.0007581035606563091], [0.0004702217993326485, 0.000938899873290211, 0.0018287732964381576, 0.0031376697588711977, 0.005745409056544304, 0.006899168249219656, 0.0060879820957779884, 0.0035207343753427267, 0.0015368643216788769, 0.0008540826966054738, 0.0004059022758156061], [0.0003449441574048251, 0.0003610122948884964, 0.0011287565575912595, 0.001309940591454506, 0.0016590835293754935, 0.0020308441016823053, 0.0019280482083559036, 0.0013201686087995768, 0.0007044502999633551, 0.00036121843731962144, 0.00030513451201841235], [0.00038132103509269655, 0.00025966501561924815, 0.0004814247658941895, 0.0007913332665339112, 0.0007574470364488661, 0.0009175156592391431, 0.0010081313084810972, 0.0008305833907797933, 0.00026536008226685226, 0.00050478579942137, 0.00024211310665123165]], "height": 112, "imageWidth": 512, "psfWidth": 11, "imageHeight": 512}