{"psfHeight": 11, "width": 60, "psf": [[0.00023511747713200748, 0.00040789003833197057, 0.0005939237307757139, 0.0006895537371747196, 0.0007535663899034262, 0.0007678034598939121, 0.0006846635369583964, 0.0005468273302540183, 0.0005758372135460377, 0.0006128683453425765, 0.0003955330466851592], [0.0003577043244149536, 0.0006665285327471793, 0.0012028439668938518, 0.0016357575077563524, 0.0019525496754795313, 0.0020102709531784058, 0.0016395293641835451, 0.001425780588760972, 0.001326997997239232, 0.0010020664194598794, 0.0005908772582188249], [0.00045569619396701455, 0.0011298195458948612, 0.002338797552511096, 0.004204900003969669, 0.006062550935894251, 0.006542466580867767, 0.005177914164960384, 0.003715997328981757, 0.002549602184444666, 0.0013606925494968891, 0.000691019173245877], [0.0006398427649401128, 0.0016509142005816102, 0.004198347218334675, 0.010477268137037754, 0.02074376679956913, 0.024450207129120827, 0.017784124240279198, 0.00945680309087038, 0.00397102627903223, 0.001574749476276338, 0.0007452712743543088], [0.0007537734927609563, 0.0019768334459513426, 0.0057233539409935474, 0.01845565065741539, 0.046939242631196976, 0.06511546671390533, 0.04799943044781685, 0.019840169697999954, 0.0053536370396614075, 0.0017903012922033668, 0.0008732047863304615], [0.0007692027720622718, 0.0019977884367108345, 0.006492916960269213, 0.02203669399023056, 0.06324311345815659, 0.09256812930107117, 0.06707411259412766, 0.024844538420438766, 0.005693820770829916, 0.0018693816382437944, 0.0007536679040640593], [0.0007311785593628883, 0.0017750582192093134, 0.005760788917541504, 0.01916404813528061, 0.050798337906599045, 0.06656087934970856, 0.043282147496938705, 0.01632879674434662, 0.00446311617270112, 0.0016611386090517044, 0.0006985192885622382], [0.0006141152698546648, 0.00148415332660079, 0.003903397358953953, 0.010826562531292439, 0.022143110632896423, 0.024100450798869133, 0.015116941183805466, 0.00706533994525671, 0.0026715246494859457, 0.0011597978882491589, 0.0005324393860064447], [0.0004752494569402188, 0.001020687515847385, 0.0021253551822155714, 0.004225879441946745, 0.00631173700094223, 0.006284715142101049, 0.004755199886858463, 0.0027286962140351534, 0.0012978860177099705, 0.0006901246961206198, 0.0003454600227996707], [0.0003510762471705675, 0.0005761132342740893, 0.0009550827671773732, 0.0015456653200089931, 0.001993087586015463, 0.0019809331279248, 0.0016278974944725633, 0.0011033498449251056, 0.0007308157510124147, 0.00043265504064038396, 0.00020750473777297884], [0.000165688936249353, 0.00031752223731018603, 0.00040710659231990576, 0.0005778510821983218, 0.0007514305762015283, 0.0007798993028700352, 0.0007243381114676595, 0.0006207445403560996, 0.000435843103332445, 0.00030336162308230996, 0.00014842268137726933]], "height": 60, "imageWidth": 512, "psfWidth": 11, "imageHeight": 512}