{"psfHeight": 11, "width": 203, "psf": [[0.0003158082254230976, 0.0005790815339423716, 0.0007965177646838129, 0.001044642529450357, 0.001224873005412519, 0.0012833151267841458, 0.0011530648916959763, 0.0008844581316225231, 0.0007271190406754613, 0.00050647824537009, 0.0003183629014529288], [0.00046642866800539196, 0.0009433584054931998, 0.0014181057922542095, 0.0022237999364733696, 0.0031436665449291468, 0.003392899874597788, 0.0029099115636199713, 0.0020090071484446526, 0.0012028811033815145, 0.0006465358892455697, 0.00023524386051576585], [0.0006484024343080819, 0.0012969131348654628, 0.0025955133605748415, 0.004951059818267822, 0.007965007796883583, 0.009372537955641747, 0.007773575838655233, 0.004581221379339695, 0.0023793326690793037, 0.0012889911886304617, 0.0007057380862534046], [0.0009262674138881266, 0.0018405764130875468, 0.0043698931112885475, 0.010319607332348824, 0.020850373432040215, 0.02657545730471611, 0.019922420382499695, 0.010092572309076786, 0.004418108146637678, 0.0018802948761731386, 0.0009294004994444549], [0.0011978575494140387, 0.0023988045286387205, 0.006167840678244829, 0.017935164272785187, 0.04486291855573654, 0.06285920739173889, 0.04336237907409668, 0.017553439363837242, 0.006395778153091669, 0.002371153561398387, 0.0010743018938228488], [0.0013193906052038074, 0.002592031843960285, 0.007172056473791599, 0.021332578733563423, 0.06040950492024422, 0.09114305675029755, 0.06046776473522186, 0.020988639444112778, 0.007039662450551987, 0.0024497928097844124, 0.0011268791276961565], [0.0011755003361031413, 0.00230522733181715, 0.005927206017076969, 0.015724122524261475, 0.04300279542803764, 0.0661192536354065, 0.04481566697359085, 0.01613154448568821, 0.005656049586832523, 0.0019450392574071884, 0.000988380634225905], [0.0008408385328948498, 0.0016166993882507086, 0.0034477398730814457, 0.0077547249384224415, 0.01710393652319908, 0.02446892112493515, 0.018357958644628525, 0.008319316431879997, 0.0034415496047586203, 0.00154538219794631, 0.0007553513860329986], [0.00044551154132932425, 0.0008832228486426175, 0.0016849975800141692, 0.0031588622368872166, 0.0057349917478859425, 0.0076746768318116665, 0.00626821955665946, 0.0035385675728321075, 0.001912606181576848, 0.0009466466726735234, 0.0004730144573841244], [0.000320074032060802, 0.0005269164103083313, 0.0008648683433420956, 0.0014546446036547422, 0.0020495769567787647, 0.002418507356196642, 0.0022884460631757975, 0.0016093988670036197, 0.0009873817907646298, 0.0006410771748051047, 0.000326724344631657], [0.00022039577015675604, 0.0002939353871624917, 0.0004777293943334371, 0.0007976298220455647, 0.0010502577060833573, 0.0011001820676028728, 0.0010142732644453645, 0.0008601844310760498, 0.0005171259981580079, 0.0003924767079297453, 0.0002946819004137069]], "height": 203, "imageWidth": 512, "psfWidth": 11, "imageHeight": 512}