{"psfHeight": 11, "width": 253, "psf": [[0.00031735209631733596, 0.00039166660280898213, 0.0005067818565294147, 0.0004860734043177217, 0.0006298832013271749, 0.0009000915451906621, 0.0007580820238217711, 0.0006128030363470316, 0.0007412038976326585, 0.0003144380752928555, 0.00011829856521217152], [0.0005024741985835135, 0.0007039083866402507, 0.00091744982637465, 0.0010964323300868273, 0.001373549923300743, 0.0016465963562950492, 0.0018603622447699308, 0.001537984237074852, 0.0011228291550651193, 0.0005573476664721966, 0.000316936697345227], [0.0006059249863028526, 0.0011876674834638834, 0.0017948480090126395, 0.0026999341789633036, 0.004765435121953487, 0.006087874062359333, 0.005772220902144909, 0.003939084708690643, 0.001719540567137301, 0.0007812725962139666, 0.0002502468414604664], [0.0008638845174573362, 0.0013863907661288977, 0.0030914193484932184, 0.008501952514052391, 0.016581464558839798, 0.02083364501595497, 0.016202637925744057, 0.008267711848020554, 0.0032612273935228586, 0.001244041253812611, 0.0005577679839916527], [0.0009731336613185704, 0.0019489058759063482, 0.005244264844805002, 0.019675927236676216, 0.05291469767689705, 0.06889298558235168, 0.04469217732548714, 0.01641162857413292, 0.0051360358484089375, 0.0017485024873167276, 0.0007099925423972309], [0.0012491819215938449, 0.0021579584572464228, 0.006327176000922918, 0.0226517952978611, 0.07495557516813278, 0.11618141829967499, 0.07524772733449936, 0.022946618497371674, 0.0062543111853301525, 0.0018573496490716934, 0.0008246539509855211], [0.0011298380559310317, 0.0022059560287743807, 0.004968191497027874, 0.014520670287311077, 0.043590739369392395, 0.07209602743387222, 0.050863515585660934, 0.016925044357776642, 0.005099645350128412, 0.0016767287161201239, 0.000736481451895088], [0.0010747569613158703, 0.0014956885715946555, 0.002813359722495079, 0.006585465278476477, 0.013496660627424717, 0.018832679837942123, 0.01530219241976738, 0.006908981595188379, 0.002536990912631154, 0.0009302736725658178, 0.0005072153289802372], [0.0006965408683754504, 0.0009009586065076292, 0.001337536028586328, 0.0024718213826417923, 0.003802005434408784, 0.005061771254986525, 0.004771844483911991, 0.002679858822375536, 0.001385433948598802, 0.0007449612021446228, 0.0003945364442188293], [0.00035163614666089416, 0.0005104420706629753, 0.0006511165993288159, 0.0010086832335218787, 0.0012419200502336025, 0.0013150481972843409, 0.0015100152231752872, 0.001255953568033874, 0.0009030688088387251, 0.00047610033652745187, 0.00030414224602282047], [0.00016162768588401377, 0.0001736678386805579, 0.00025389078655280173, 0.0004232286592014134, 0.0005098502733744681, 0.0009235232719220221, 0.0010313200764358044, 0.0007813320844434202, 0.000337208213750273, 0.0002859326486941427, 0.00023519342357758433]], "height": 253, "imageWidth": 512, "psfWidth": 11, "imageHeight": 512}