{"psfHeight": 11, "width": 284, "psf": [[0.0005132212536409497, 0.0007564444676972926, 0.0014560449635609984, 0.0010907634859904647, 0.0020900387316942215, 0.0020348939578980207, 0.0017936588265001774, 0.001393654732964933, 0.00017254413978662342, -0.00016289419727399945, -0.00011613617243710905], [0.0009886506013572216, 0.0008622764144092798, 0.002244275761768222, 0.0026242858730256557, 0.004249555058777332, 0.00424550985917449, 0.004102636594325304, 0.002411422086879611, 0.00016311217041220516, 0.0002522354479879141, -0.0001675305247772485], [0.0010333977406844497, 0.001733949757181108, 0.003312076209113002, 0.007413080893456936, 0.009748322889208794, 0.011478343047201633, 0.010032524354755878, 0.004758172202855349, 0.0006079389713704586, -0.001865984289906919, -0.0010381147731095552], [0.0010534778703004122, 0.0029796715825796127, 0.005485553294420242, 0.011921974830329418, 0.020823223516345024, 0.02713358774781227, 0.022819500416517258, 0.011173841543495655, 0.0014206053456291556, -0.0030930640641599894, -0.003174589481204748], [0.0015907587949186563, 0.003861450357362628, 0.007995162159204483, 0.0203621294349432, 0.041659578680992126, 0.05427160486578941, 0.04333788901567459, 0.019954167306423187, 0.0045510390773415565, -0.003059834474697709, -0.002821548143401742], [0.002104627899825573, 0.0033620931208133698, 0.009140503592789173, 0.024615395814180374, 0.054913368076086044, 0.07546618580818176, 0.0547245554625988, 0.024715084582567215, 0.006818699650466442, -6.758302333764732e-05, -0.000955117167904973], [0.0014057749649509788, 0.002749205566942692, 0.007501727901399136, 0.018829314038157463, 0.04215851053595543, 0.05902436003088951, 0.04193773493170738, 0.018900776281952858, 0.006167283281683922, 0.0011667978251352906, 0.00021216500317677855], [0.001370193436741829, 0.0019753980450332165, 0.0043015931732952595, 0.010187903419137001, 0.01902938075363636, 0.025529375299811363, 0.02055414393544197, 0.011312936432659626, 0.005019951146095991, 0.0018996360013261437, 0.00022716156672686338], [0.0006816289387643337, 0.0010218782117590308, 0.002433318644762039, 0.004497326910495758, 0.00714894337579608, 0.00869001168757677, 0.008125880733132362, 0.005303538870066404, 0.002987337065860629, 0.001572716049849987, 0.0008769162814132869], [0.0008458339725621045, 0.0010661800624802709, 0.0015814709477126598, 0.0021520142909139395, 0.002291338751092553, 0.003539426950737834, 0.003507167100906372, 0.0023560323752462864, 0.001283714547753334, 0.0004716340627055615, 0.0006100080790929496], [0.000486946344608441, 0.0005496020312421024, 0.0013246017042547464, 0.0008777616312727332, 0.001719338702969253, 0.0014268936356529593, 0.0013856166042387486, 0.0012999380705878139, 0.0004967001732438803, 0.0008893889025785029, -0.0002587944909464568]], "height": 284, "imageWidth": 512, "psfWidth": 11, "imageHeight": 512}