{"psfHeight": 11, "width": 83, "psf": [[0.00019181531388312578, 0.00029445826658047736, 0.000568665040191263, 0.000734451343305409, 0.001013789908029139, 0.0011281190672889352, 0.0010764258913695812, 0.0007506960537284613, 0.000563570880331099, 0.0002780186478048563, 0.00021644988737534732], [0.0002856072096619755, 0.0006183699588291347, 0.0010205728467553854, 0.00161117990501225, 0.0020457489881664515, 0.0021341354586184025, 0.002197825349867344, 0.0015674781752750278, 0.0009434238891117275, 0.0004923888482153416, 0.0003462718741502613], [0.000498955138027668, 0.0010223014978691936, 0.0018325563287362456, 0.003494102042168379, 0.005982034839689732, 0.007822728715837002, 0.006479782052338123, 0.0035694059915840626, 0.0016549809370189905, 0.000775105960201472, 0.0004871225100941956], [0.0007734951213933527, 0.001437566359527409, 0.0034859576262533665, 0.00805368646979332, 0.017714088782668114, 0.025029780343174934, 0.01812872104346752, 0.007900240831077099, 0.0027851341292262077, 0.0011925103608518839, 0.0006799675757065415], [0.0009790558833628893, 0.0017470016609877348, 0.0053503140807151794, 0.015758749097585678, 0.04867717623710632, 0.07454125583171844, 0.04566624388098717, 0.014473159797489643, 0.004473266191780567, 0.0011988874757662416, 0.0008826253470033407], [0.001153868273831904, 0.0015575226861983538, 0.006388666108250618, 0.018479792401194572, 0.07162034511566162, 0.12011349201202393, 0.07081779092550278, 0.020005198195576668, 0.005704258568584919, 0.0010758605785667896, 0.00101646245457232], [0.0009919904405251145, 0.0015333896735683084, 0.00488224858418107, 0.012644382193684578, 0.04515571519732475, 0.07709973305463791, 0.04863664135336876, 0.01551782339811325, 0.00469669746235013, 0.0011943122372031212, 0.000748045917134732], [0.0007876253221184015, 0.0014459795784205198, 0.0029036884661763906, 0.006359363906085491, 0.014017227105796337, 0.02083475887775421, 0.015657875686883926, 0.006796221248805523, 0.0025745814200490713, 0.000994091504253447, 0.00043609170825220644], [0.0007262177532538772, 0.0010799855226650834, 0.001792008406482637, 0.00281518860720098, 0.004287490155547857, 0.005693821702152491, 0.00482135359197855, 0.002529523801058531, 0.0012810173211619258, 0.0006405120366252959, 0.00044788129162043333], [0.00043508276576176286, 0.0005171553348191082, 0.0007774018449708819, 0.0010572030441835523, 0.0013040449703112245, 0.0014456454664468765, 0.0015305161941796541, 0.0011079047108069062, 0.0007683488074690104, 0.00044646990136243403, 0.00024677315377630293], [0.0002204397605964914, 0.0002948664769064635, 0.0005595816764980555, 0.0006462913006544113, 0.0007846981752663851, 0.000925522530451417, 0.0009275194606743753, 0.0006760443211533129, 0.00042334856698289514, 0.0002224068739451468, 9.849685011431575e-05]], "height": 83, "imageWidth": 512, "psfWidth": 11, "imageHeight": 512}