{"imageWidth": 512, "height": 148, "imageHeight": 512, "psf": [[0.00023176796094048768, 0.00027178737218491733, 0.0004537664935924113, 0.0006584108923561871, 0.0007785524940118194, 0.0009095558198168874, 0.0008716922020539641, 0.0006300152163021266, 0.0004482527729123831, 0.0002801191876642406, 0.00011268168600508943], [0.00028696711524389684, 0.0004724169266410172, 0.0008278920431621373, 0.0016312676016241312, 0.00200026691891253, 0.00203465367667377, 0.001842109952121973, 0.001306671998463571, 0.0007294801762327552, 0.00035904263495467603, 0.0002601702872198075], [0.0004314614925533533, 0.0008226401405408978, 0.0017868510913103819, 0.0040331073105335236, 0.006369799375534058, 0.007001984398812056, 0.005268761422485113, 0.0026601653080433607, 0.0012254184111952782, 0.000679733813740313, 0.0003312967892270535], [0.0005876506911590695, 0.0012724535772576928, 0.0031385994516313076, 0.009302372112870216, 0.02085038274526596, 0.026010559871792793, 0.016624411568045616, 0.006131471134722233, 0.002244939561933279, 0.000956796866375953, 0.0005598038551397622], [0.0006649807910434902, 0.0014976938255131245, 0.004565000534057617, 0.016431447118520737, 0.05212128534913063, 0.07702215760946274, 0.04636223986744881, 0.012333507649600506, 0.003785826498642564, 0.001229489454999566, 0.000723662378732115], [0.0009175910381600261, 0.0014491145266219974, 0.005218401085585356, 0.018594978377223015, 0.07027693092823029, 0.12143372744321823, 0.07254772633314133, 0.016396749764680862, 0.004929252900183201, 0.0011173560051247478, 0.0008789325947873294], [0.000852928205858916, 0.0014250761596485972, 0.004110725596547127, 0.013099676929414272, 0.04617124795913696, 0.08019252121448517, 0.04960939288139343, 0.01263375487178564, 0.004066220950335264, 0.0010966352419927716, 0.0008647529757581651], [0.0007879426120780408, 0.001239386503584683, 0.00271820230409503, 0.006431978661566973, 0.01598483696579933, 0.023360291495919228, 0.015776963904500008, 0.006123160012066364, 0.002434964757412672, 0.0011097292881458998, 0.0005743820802308619], [0.0005416715866886079, 0.0008789715939201415, 0.0015321951359510422, 0.003167414106428623, 0.005087105557322502, 0.005611416418105364, 0.0041899061761796474, 0.0025056262966245413, 0.001444698660634458, 0.000759931979700923, 0.00043887595529668033], [0.0003830202913377434, 0.0005612355307675898, 0.0009782962733879685, 0.0017391435103490949, 0.0019168213475495577, 0.001553333131596446, 0.0013728428166359663, 0.001027870923280716, 0.0006940644234418869, 0.0004716175317298621, 0.0002708052343223244], [0.000268339179456234, 0.0003490954404696822, 0.0007939615752547979, 0.0009519757004454732, 0.0009088801452890038, 0.0008199390140362084, 0.0006707260617986321, 0.00046796773676760495, 0.00034896121360361576, 0.0002638284640852362, 0.000178475325810723]], "psfHeight": 11, "psfWidth": 11, "width": 148}