{"imageWidth": 512, "height": 163, "imageHeight": 512, "psf": [[0.00029881548834964633, 0.0005946467281319201, 0.0008958270191214979, 0.0012303544208407402, 0.0013315494870766997, 0.0014959335094317794, 0.0015117684379220009, 0.001176270772702992, 0.0008448580629192293, 0.0007296994444914162, 0.0004455982125364244], [0.00041203375440090895, 0.0008621859597042203, 0.0015184449730440974, 0.0024644320365041494, 0.0028347414918243885, 0.003294721944257617, 0.0031396180856972933, 0.002513097831979394, 0.0016834341222420335, 0.000813803169876337, 0.0005464827991090715], [0.000614161544945091, 0.0011798156192526221, 0.0024344862904399633, 0.004778868053108454, 0.0075330426916480064, 0.00900084339082241, 0.008173766545951366, 0.005421796813607216, 0.0027151776012033224, 0.0014056668151170015, 0.0007292295922525227], [0.0008017030195333064, 0.0020142344292253256, 0.0046164714731276035, 0.010371558368206024, 0.019510984420776367, 0.02551713027060032, 0.02061247080564499, 0.010968250222504139, 0.004703759681433439, 0.00209342734888196, 0.0009298980003222823], [0.0011347740655764937, 0.0026075774803757668, 0.0075559732504189014, 0.019924858585000038, 0.041604623198509216, 0.05585934594273567, 0.04287257790565491, 0.01972782611846924, 0.007072389125823975, 0.0027085719630122185, 0.0011229333467781544], [0.0012480603763833642, 0.0030121318995952606, 0.008511808700859547, 0.024854974821209908, 0.055861618369817734, 0.07565265893936157, 0.055613528937101364, 0.024217043071985245, 0.008064823225140572, 0.0028908629901707172, 0.0013102617813274264], [0.0012717850040644407, 0.0026128096505999565, 0.007044530473649502, 0.018728243187069893, 0.04234140366315842, 0.0575556606054306, 0.04187479615211487, 0.018865739926695824, 0.006897924933582544, 0.0024862829595804214, 0.001064914744347334], [0.0009700666996650398, 0.001956347841769457, 0.004324689973145723, 0.009578375145792961, 0.019248031079769135, 0.025091543793678284, 0.019234690815210342, 0.010118402540683746, 0.004257966298609972, 0.0019355170661583543, 0.0008623723988421261], [0.0007155797211453319, 0.0013271458446979523, 0.0023650850635021925, 0.00412023114040494, 0.006707741878926754, 0.008245575241744518, 0.006616729777306318, 0.004108863417059183, 0.002213925588876009, 0.0011634938418865204, 0.0006242322851903737], [0.0005090605118311942, 0.0008149908389896154, 0.0012326870346441865, 0.0017290351679548621, 0.002555175218731165, 0.002834683982655406, 0.002371342619881034, 0.0017232478130608797, 0.0011233639670535922, 0.0006697714561596513, 0.0004705676401499659], [0.0002959621779154986, 0.0004157060175202787, 0.000497833825647831, 0.0007994265761226416, 0.0010748164495453238, 0.001079253270290792, 0.0009326416184194386, 0.0008914152858778834, 0.0006215767934918404, 0.00042342470260336995, 0.00020900349773000926]], "psfHeight": 11, "psfWidth": 11, "width": 163}