{"psfHeight": 11, "width": 82, "psf": [[0.00019799354777205735, 0.00033669613185338676, 0.00044471706496551633, 0.0006385797751136124, 0.0007258865516632795, 0.0004658181278500706, 0.00031660308013670146, 0.0003748417366296053, 0.0004145054263062775, 0.000264697679085657, 0.0001786665088729933], [0.00021276577899698168, 0.00047397296293638647, 0.0008453865302726626, 0.0016128893475979567, 0.002035824814811349, 0.001528840628452599, 0.001060463604517281, 0.0009587851818650961, 0.0006115037831477821, 0.00045013419003225863, 0.00023956240329425782], [0.00044331492972560227, 0.0007317197741940618, 0.0016350903315469623, 0.0037760965060442686, 0.006343404296785593, 0.006800958886742592, 0.004662894643843174, 0.0023915974888950586, 0.0012305238051339984, 0.0006643510423600674, 0.0003863826277665794], [0.000515915104188025, 0.0011423749383538961, 0.0028773106168955564, 0.008046185597777367, 0.019959645345807076, 0.02546427957713604, 0.015123220160603523, 0.006160300225019455, 0.002340396400541067, 0.0010205743601545691, 0.0005441362736746669], [0.0007305807084776461, 0.0013192222686484456, 0.004537627100944519, 0.013882344588637352, 0.050507333129644394, 0.07886936515569687, 0.044290006160736084, 0.013417722657322884, 0.004261881113052368, 0.0014021062524989247, 0.0008175917901098728], [0.0009046854684129357, 0.0014120129635557532, 0.005454024765640497, 0.016717778518795967, 0.0724359080195427, 0.1285199075937271, 0.07415198534727097, 0.018391694873571396, 0.005774583667516708, 0.0014234342379495502, 0.0010121717350557446], [0.0009849821217358112, 0.0016022195341065526, 0.0045716846361756325, 0.013181056827306747, 0.04699517413973808, 0.08047168701887131, 0.049416836351156235, 0.013917479664087296, 0.004613873083144426, 0.0014507086016237736, 0.0009118732996284962], [0.0007446538656949997, 0.0013711572391912341, 0.0029421530198305845, 0.006780600640922785, 0.015342491678893566, 0.020796848461031914, 0.0142217967659235, 0.005931259598582983, 0.0023945877328515053, 0.001183006912469864, 0.0007542421808466315], [0.000524012022651732, 0.0008604951435700059, 0.0015676402254030108, 0.0028807304333895445, 0.004809482954442501, 0.005594281479716301, 0.0040913112461566925, 0.0022552532609552145, 0.0011999134439975023, 0.0007657934911549091, 0.0005073095089755952], [0.00033529612119309604, 0.0005675564170815051, 0.0008615673868916929, 0.0015582513296976686, 0.001835713628679514, 0.001721290173009038, 0.001477256417274475, 0.0010370288509875536, 0.0006460947333835065, 0.0004265553143341094, 0.0003127147792838514], [0.00020704114285763353, 0.00044881380745209754, 0.000621639599557966, 0.0008594510145485401, 0.0010068051051348448, 0.001055523520335555, 0.0008730920380912721, 0.0006333774072118104, 0.00040957494638860226, 0.00028098138864152133, 0.00030396520742215216]], "height": 82, "imageWidth": 512, "psfWidth": 11, "imageHeight": 512}