{"imageWidth": 512, "height": 196, "imageHeight": 512, "psf": [[0.0001214747826452367, 0.00015859099221415818, 0.0004941318184137344, 0.0007000025361776352, 0.0009804320288822055, 0.0010889663826674223, 0.0008689307142049074, 0.0008850926533341408, 0.0008558967965655029, 0.0004791002138517797, 0.00031450489768758416], [0.00019845861243084073, 0.00033587985672056675, 0.0007563509279862046, 0.001224062405526638, 0.002209965605288744, 0.002671131631359458, 0.0022454634308815002, 0.0019267953466624022, 0.0012404565932229161, 0.000676965806633234, 0.0003853806701954454], [0.0005151970544829965, 0.0007992729661054909, 0.0017871255986392498, 0.002888038055971265, 0.004676705226302147, 0.006462972145527601, 0.00598283763974905, 0.003642890602350235, 0.0017134674126282334, 0.000734458735678345, 0.0003910741361323744], [0.0005844783154316247, 0.001334645668976009, 0.0035521185491234064, 0.009618124924600124, 0.018258636817336082, 0.025142133235931396, 0.02067871391773224, 0.008165836334228516, 0.0024225309025496244, 0.000907675304915756, 0.0002935534866992384], [0.0006754140486009419, 0.0020958902314305305, 0.00530958641320467, 0.02013685368001461, 0.052796706557273865, 0.07053744792938232, 0.051661569625139236, 0.017173688858747482, 0.0035926655400544405, 0.001396477222442627, 0.0005432234611362219], [0.0011082174023613334, 0.001922235474921763, 0.005628542508929968, 0.02044619806110859, 0.07104551047086716, 0.10290463268756866, 0.07014309614896774, 0.02346767485141754, 0.004770310595631599, 0.0016093036392703652, 0.0006604045047424734], [0.0008439223747700453, 0.0011845616390928626, 0.004361094441264868, 0.012349158525466919, 0.04804878681898117, 0.07652530819177628, 0.04867967590689659, 0.017039800062775612, 0.004616128746420145, 0.0014095627702772617, 0.0006881453446112573], [0.0002467123558744788, 0.0007713624509051442, 0.0025210834573954344, 0.006161753553897142, 0.017144825309515, 0.023700013756752014, 0.015279063954949379, 0.006805659271776676, 0.002928035333752632, 0.0012028482742607594, 0.000663242070004344], [-0.00015108029765542597, 0.0004622848064173013, 0.0012692009331658483, 0.002645196160301566, 0.0046972124837338924, 0.005333191715180874, 0.003704711562022567, 0.002238697838038206, 0.0014049146557226777, 0.0007957647903822362, 0.0004576727806124836], [8.82755484781228e-05, 0.0003370057384017855, 0.0006921113817952573, 0.001162263797596097, 0.0015340641839429736, 0.0014342624926939607, 0.0012115001445636153, 0.0007755958940833807, 0.000609182461630553, 0.00046577563625760376, 0.0003327681915834546], [4.967523636878468e-05, 0.0003174555313307792, 0.0003735071513801813, 0.000431544438470155, 0.0006259411456994712, 0.000660627381876111, 0.0006542553892359138, 0.000488868507090956, 0.0003720699460245669, 0.0002529019257053733, 0.00010566796117927879]], "psfHeight": 11, "psfWidth": 11, "width": 196}