{"psfHeight": 11, "width": 195, "psf": [[0.0004721721343230456, 0.0004085098335053772, 0.0005397454951889813, 0.0007156642386689782, 0.0009641596116125584, 0.0009375418303534389, 0.0007028997060842812, 0.0006170319393277168, 0.00040549246477894485, 0.0001692711957730353, 0.00025092982104979455], [0.00031420838786289096, 0.0005486378213390708, 0.0010401300387457013, 0.001496843877248466, 0.0018178222235292196, 0.0018200379563495517, 0.0015665782848373055, 0.0011629245709627867, 0.0007214494398795068, 0.0004869391559623182, 0.00026128379977308214], [0.0006163805956020951, 0.0010436647571623325, 0.0019113285234197974, 0.00296868197619915, 0.004639143124222755, 0.00605321628972888, 0.004941016435623169, 0.00297115882858634, 0.001671558478847146, 0.0008931559859775007, 0.00027310001314617693], [0.0006639069179072976, 0.0012781331315636635, 0.0032064977567642927, 0.0059465644881129265, 0.015146982856094837, 0.022670067846775055, 0.016115419566631317, 0.007358324248343706, 0.0032011508010327816, 0.0015577730955556035, 0.0007554159383289516], [0.0006723764818161726, 0.0013453506398946047, 0.004122425802052021, 0.013115767389535904, 0.046856120228767395, 0.07801010459661484, 0.053437091410160065, 0.01713229902088642, 0.005120472516864538, 0.001934944186359644, 0.0007361426251009107], [0.000687848252709955, 0.0012792969355359674, 0.004973523784428835, 0.01896921545267105, 0.07929929345846176, 0.13167619705200195, 0.07814382016658783, 0.019739657640457153, 0.005383525975048542, 0.0015135688008740544, 0.0006322645349428058], [0.0006762965931557119, 0.001171553391031921, 0.004178339149802923, 0.013935141265392303, 0.05054982751607895, 0.08095961064100266, 0.04633687436580658, 0.011811504140496254, 0.003703910857439041, 0.0012856649700552225, 0.0007266913307830691], [0.0005762649816460907, 0.0010210175532847643, 0.0026281746104359627, 0.005952910985797644, 0.012834475375711918, 0.01751074194908142, 0.012202220037579536, 0.005263542756438255, 0.0023071966134011745, 0.0010231746127828956, 0.0005935757071711123], [0.00029265970806591213, 0.0007159748929552734, 0.0013665020233020186, 0.0025632597971707582, 0.004107399377971888, 0.004560856614261866, 0.0034401093143969774, 0.002037219237536192, 0.0011471603065729141, 0.0007429702091030777, 0.0004788351070601493], [0.00029194095986895263, 0.0005088503821752965, 0.0008942509302869439, 0.0010859903413802385, 0.0010400123428553343, 0.0007946246769279242, 0.0009708655416034162, 0.0008950683404691517, 0.00043805933091789484, 0.00040120090125128627, 0.00031022721668705344], [0.00012310857709962875, 0.0003042026364710182, 0.0005822674138471484, 0.0005917064845561981, 0.0009084552875719965, 0.0010459634941071272, 0.000688317755702883, 0.0005091680795885623, 0.000281775020994246, 0.0003524563508108258, 0.00019563399837352335]], "height": 195, "imageWidth": 512, "psfWidth": 11, "imageHeight": 512}