{"psfHeight": 11, "width": 145, "psf": [[0.0002140739088645205, 0.0003365473239682615, 0.00046586376265622675, 0.0007938441704027355, 0.001104026916436851, 0.0013909852132201195, 0.0014862328534945846, 0.0011942691635340452, 0.0008550768252462149, 0.0006203966913744807, 0.0003588660911191255], [0.00025427291984669864, 0.0005182058666832745, 0.0009097119909711182, 0.0015376692172139883, 0.002522217808291316, 0.003480901475995779, 0.003531552152708173, 0.0026174220256507397, 0.0016795402625575662, 0.0010082985972985625, 0.0005844914703629911], [0.0005366244004108012, 0.0009597474709153175, 0.0016218392411246896, 0.0031793774105608463, 0.006431966088712215, 0.009534086100757122, 0.008869011886417866, 0.005862973630428314, 0.0032852082513272762, 0.0017459512455388904, 0.0010431738337501884], [0.0007405782816931605, 0.0013956357724964619, 0.0029805628582835197, 0.006705575156956911, 0.01657080091536045, 0.027155108749866486, 0.022319341078400612, 0.011949917301535606, 0.005745777394622564, 0.0026571343187242746, 0.0012830692576244473], [0.001052741426974535, 0.0019062366336584091, 0.0047715515829622746, 0.013216919265687466, 0.03997980058193207, 0.06325363367795944, 0.043891213834285736, 0.0196116603910923, 0.00816788338124752, 0.0032707853242754936, 0.001488743000663817], [0.001119818422012031, 0.0021240576170384884, 0.006332763005048037, 0.0194521714001894, 0.059198927134275436, 0.0871761217713356, 0.055140577256679535, 0.02275734767317772, 0.008779225870966911, 0.003310031723231077, 0.0015638131881132722], [0.001005226164124906, 0.002197021385654807, 0.006167170125991106, 0.017477817833423615, 0.04599461704492569, 0.06309843063354492, 0.04016774147748947, 0.01709792949259281, 0.006861116737127304, 0.00286568864248693, 0.0014513107016682625], [0.0010368016082793474, 0.0020552673377096653, 0.004234439693391323, 0.009486615657806396, 0.02019967883825302, 0.02550930716097355, 0.01790250651538372, 0.009076216258108616, 0.004210266284644604, 0.001970109762623906, 0.0009745215647853911], [0.000780561298597604, 0.001528593827970326, 0.0025071161799132824, 0.0040170568972826, 0.00652487063780427, 0.007837571203708649, 0.006455053575336933, 0.00409312779083848, 0.0022001920733600855, 0.001329016056843102, 0.0005830546142533422], [0.0005263938801363111, 0.0008931016782298684, 0.0012145190266892314, 0.001681690919212997, 0.0023491610772907734, 0.0025486841332167387, 0.0023503201082348824, 0.001843901234678924, 0.001123259193263948, 0.0007104311953298748, 0.0004481505311559886], [0.0003076529537793249, 0.00044792116386815906, 0.0007026044186204672, 0.000805558345746249, 0.0010168979642912745, 0.001095918589271605, 0.0010160836391150951, 0.000892704410944134, 0.000677802599966526, 0.0005519469268620014, 0.00029533347696997225]], "height": 145, "imageWidth": 512, "psfWidth": 11, "imageHeight": 512}