{"psfHeight": 11, "width": 204, "psf": [[0.00021536317944992334, 0.000361506303306669, 0.0004989086301065981, 0.0008017724030651152, 0.0012801686534658074, 0.0017586412141099572, 0.0019158078357577324, 0.0011148478370159864, 0.0008303917711600661, 0.0006646390538662672, 0.00040161184733733535], [0.00031514413421973586, 0.0005980561254546046, 0.0010370844975113869, 0.0016812222311273217, 0.002303788438439369, 0.0029751097317785025, 0.003163836430758238, 0.0022792983800172806, 0.0013028092216700315, 0.0010388572700321674, 0.0006434061215259135], [0.0004631210758816451, 0.0009706770651973784, 0.002036741003394127, 0.003846290521323681, 0.006434626877307892, 0.007817089557647705, 0.006385282147675753, 0.004029929172247648, 0.002100638346746564, 0.0014140468556433916, 0.0008582626469433308], [0.0007907205144874752, 0.001548265339806676, 0.0039269025437533855, 0.009514552541077137, 0.019221734255552292, 0.023680612444877625, 0.016920840367674828, 0.007811752613633871, 0.0035611477214843035, 0.0018885884201154113, 0.001176125486381352], [0.001081385649740696, 0.0017257140716537833, 0.005422479473054409, 0.01756278984248638, 0.050055861473083496, 0.07055826485157013, 0.0442221499979496, 0.015232264064252377, 0.005276824347674847, 0.0020969186443835497, 0.0013057490577921271], [0.0005721806664951146, 0.0015844220761209726, 0.005498529877513647, 0.018991049379110336, 0.0688239336013794, 0.11190647631883621, 0.06901352852582932, 0.019899772480130196, 0.0063933697529137135, 0.001935801818035543, 0.0012571606785058975], [0.0008611147059127688, 0.0014219187432900071, 0.0042960853315889835, 0.012915358878672123, 0.043286751955747604, 0.07395712286233902, 0.04786481708288193, 0.014469346962869167, 0.005033805500715971, 0.0016259116819128394, 0.0011236834106966853], [0.0006587798125110567, 0.0013101603835821152, 0.002944217761978507, 0.006817391142249107, 0.014785975217819214, 0.02113785408437252, 0.01459509413689375, 0.006419423036277294, 0.0025972400326281786, 0.0011334887240082026, 0.0005499164690263569], [0.0007024563965387642, 0.0011970206396654248, 0.0019027083180844784, 0.0029564150609076023, 0.0051451558247208595, 0.006131637375801802, 0.004606564529240131, 0.0025257570669054985, 0.00138072797562927, 0.0006970302201807499, 0.0004448029794730246], [0.0005397432250902057, 0.0007614350179210305, 0.0008585958275943995, 0.0012082189787179232, 0.0018141909968107939, 0.002164766425266862, 0.0015525298658758402, 0.0010260773124173284, 0.0007575685740448534, 0.00046856890548951924, 0.0002947567554656416], [0.0002836046915035695, 0.0005183495813980699, 0.0006863988819532096, 0.0007988481665961444, 0.0011585771571844816, 0.0013184617273509502, 0.0009744739509187639, 0.0005930924671702087, 0.00043625125545077026, 0.00016019752365536988, 0.000132734450744465]], "height": 204, "imageWidth": 512, "psfWidth": 11, "imageHeight": 512}