{"imageWidth": 512, "height": 225, "imageHeight": 512, "psf": [[0.0003405032039154321, 0.0005527807516045868, 0.0007918949122540653, 0.0011127707548439503, 0.0014589286874979734, 0.0015539873857051134, 0.0013864383799955249, 0.001093488303013146, 0.0007878528558649123, 0.0004618875973392278, 0.000320839521009475], [0.0005401994567364454, 0.0008813553722575307, 0.0014846358681097627, 0.002274079481139779, 0.0032021598890423775, 0.003605731762945652, 0.0032337119337171316, 0.002474551321938634, 0.0014770965790376067, 0.0008363277302123606, 0.0005148869822733104], [0.0008362861117348075, 0.0014466490829363465, 0.0026413172017782927, 0.004802793264389038, 0.007810323964804411, 0.009813519194722176, 0.008638134226202965, 0.005428425967693329, 0.002864656038582325, 0.0013463024515658617, 0.0007294724928215146], [0.001181890838779509, 0.0022139165084809065, 0.004624806810170412, 0.010185716673731804, 0.019608525559306145, 0.02595110423862934, 0.021414507180452347, 0.011871423572301865, 0.005120350979268551, 0.002112453104928136, 0.000939585268497467], [0.0014231315581128001, 0.002934395568445325, 0.007107664830982685, 0.018476540222764015, 0.040654975920915604, 0.05586235597729683, 0.04282941669225693, 0.02015327289700508, 0.007537988945841789, 0.0028196522034704685, 0.0011895447969436646], [0.0014329884434118867, 0.0031588501296937466, 0.008342326618731022, 0.023421168327331543, 0.05580054968595505, 0.07718232274055481, 0.05536078289151192, 0.02374175563454628, 0.008273345418274403, 0.0029183393344283104, 0.001244233688339591], [0.0012560036266222596, 0.0026013427414000034, 0.006846755743026733, 0.01879623718559742, 0.04323951154947281, 0.05828426405787468, 0.040963128209114075, 0.0177414920181036, 0.006543735507875681, 0.0023705109488219023, 0.0010513283777981997], [0.0008978659170679748, 0.0018087027128785849, 0.004200944676995277, 0.009967607446014881, 0.019774196669459343, 0.02494342252612114, 0.018329210579395294, 0.00901948194950819, 0.0038942412938922644, 0.0016533582238480449, 0.0008483210694976151], [0.000587622809689492, 0.001069603837095201, 0.0022085090167820454, 0.0043151467107236385, 0.006997718475759029, 0.008139579556882381, 0.006370080169290304, 0.0038020587526261806, 0.0020525637082755566, 0.001067731878720224, 0.0006258689681999385], [0.0004305512993596494, 0.0006847521872259676, 0.0012722690589725971, 0.0019884882494807243, 0.00266145053319633, 0.00274680950678885, 0.0022834993433207273, 0.0016438034363090992, 0.00107749889139086, 0.0006387080647982657, 0.00036258590989746153], [0.00026945152785629034, 0.0005092254723422229, 0.0007787455688230693, 0.0010477469768375158, 0.0012471545487642288, 0.001165461027994752, 0.0010834732092916965, 0.0008112385985441506, 0.0005420168745331466, 0.0003636154578998685, 0.0002894264180213213]], "psfHeight": 11, "psfWidth": 11, "width": 225}