{"imageWidth": 512, "height": 99, "imageHeight": 512, "psf": [[0.0004206906887702644, 0.0003432558733038604, 0.0005759986233897507, 0.0008308843825943768, 0.0008522548014298081, 0.0009684527758508921, 0.0007712135557085276, 0.0006649986607953906, 0.0004185365978628397, 0.00020257725554984063, 0.00025715495576150715], [0.0004519913636613637, 0.0006700974772684276, 0.0010402837069705129, 0.0015739119844511151, 0.001991559751331806, 0.0021791697945445776, 0.0019509425619617105, 0.001408856245689094, 0.0008636731654405594, 0.0005155576509423554, 0.0003473973192740232], [0.0005525664892047644, 0.0009679475915618241, 0.0021300141233950853, 0.003831589361652732, 0.006280249450355768, 0.00714977877214551, 0.005980330519378185, 0.003483840264379978, 0.0014920562971383333, 0.0007234340882860124, 0.0005695865256711841], [0.0008398735080845654, 0.0016325878677889705, 0.0036655571311712265, 0.008737698197364807, 0.018160857260227203, 0.02313719317317009, 0.017371177673339844, 0.007070026360452175, 0.002499290043488145, 0.000938869605306536, 0.0005661154864355922], [0.000972528534475714, 0.002271495293825865, 0.005455794744193554, 0.016386572271585464, 0.048920728266239166, 0.07245205342769623, 0.04513872414827347, 0.013741748407483101, 0.003879841649904847, 0.001555291237309575, 0.0007644754950888455], [0.0009529133676551282, 0.0021774398628622293, 0.006145165301859379, 0.019823411479592323, 0.07005246728658676, 0.11720249801874161, 0.06956849247217178, 0.018999114632606506, 0.0049833450466394424, 0.0016636151121929288, 0.0008811759762465954], [0.0011062993435189128, 0.002041513565927744, 0.004959090147167444, 0.014024658128619194, 0.04366351291537285, 0.07374615222215652, 0.05012952908873558, 0.01579154096543789, 0.004408091772347689, 0.0013964170357212424, 0.000787162862252444], [0.0007247650646604598, 0.0015516733983531594, 0.0031104963272809982, 0.006886767223477364, 0.015098003670573235, 0.02159322053194046, 0.017743032425642014, 0.00794183649122715, 0.0029388510156422853, 0.0012316987849771976, 0.0006251343293115497], [0.0006109043606556952, 0.001039384980686009, 0.0017144185258075595, 0.003244139952585101, 0.0048914202488958836, 0.006062218453735113, 0.004916317295283079, 0.0030138175934553146, 0.0016315022949129343, 0.001019613933749497, 0.0004964231047779322], [0.0004253135994076729, 0.0007027442916296422, 0.001207420020364225, 0.0016580929514020681, 0.0016767882043495774, 0.0017058723606169224, 0.0017420498188585043, 0.0013285771710798144, 0.0008927852613851428, 0.0004056278557982296, 0.0004187463200651109], [0.0003266658168286085, 0.0005401918897405267, 0.0007912139408290386, 0.0007955611217767, 0.0007606348372064531, 0.0009636580944061279, 0.0007701411959715188, 0.0005564353195950389, 0.0005488194292411208, 0.0003244569816160947, 0.00024963647592812777]], "psfHeight": 11, "psfWidth": 11, "width": 99}