{"disk": {"mu": [264.3491831475206, 250.04945218464778], "rEff": 126.8427904205194, "axRatio": 0.562932511330245, "roll": 0.07660920194889832}, "bulge": null, "bar": {"mu": [268.3240222993027, 245.57347107416874], "rEff": 40.502770615771404, "axRatio": 0.2946758289619239, "roll": 0.03758369939609651}, "spirals": []}