{"disk": {"mu": [255.7658526442351, 260.0203656006684], "rEff": 85.88597912207536, "axRatio": 0.8926151225444768, "roll": 0.7209901841599509}, "bulge": {"mu": [256.87368800157384, 257.7085345925854], "rEff": 12.26864116646698, "axRatio": 0.9077522910692655, "roll": -2.32775170846395}, "bar": {"mu": [256.0, 256.0], "rEff": 5.0, "axRatio": 0.7, "roll": 0.0}, "spirals": []}