{"disk": {"mu": [256.22743565048967, 256.24134206747954], "rEff": 36.18600574438561, "axRatio": 1.9696137100749118, "roll": 1.5539466635780679}, "bulge": {"mu": [256.2344749515799, 255.99142208321106], "rEff": 12.555451854696095, "axRatio": 0.4938115190058707, "roll": 0.05309174601404349}, "bar": null, "spirals": []}