{"disk": {"x": 255.28911455939797, "y": 256.8863606172449, "rx": 125.39712134821336, "ry": 112.01956498349804, "angle": 62.09}, "bulge": {"x": 256.5947993351863, "y": 256.82977529672473, "rx": 15.970269969407955, "ry": 12.237872285962682, "angle": 99.383}, "bar": null}