{"disk": {"i0": 0.1992307692307692, "n": 1.0, "c": 2.0, "mu": [254.15431409505183, 255.36270728508964], "roll": 1.137303827460461, "rEff": 34.33099267398622, "axRatio": 0.5071013276940626}, "bulge": {"i0": 0.6971428571428572, "n": 1.3871428571428572, "c": 2.0, "mu": [254.4138120718675, 257.57686077041154], "roll": 1.3586342979505381, "rEff": 12.387957374278736, "axRatio": 0.9455454999249424}, "bar": null, "spirals": []}