{"disk": {"mu": [256.0170297461507, 255.99555639164728], "rEff": 108.34971572866978, "axRatio": -1.0000000067114567, "roll": 1.1636569737766262}, "bulge": null, "bar": null, "spirals": []}