{"disk": {"x": 258.1758790857652, "y": 253.89107558306526, "rx": 140.3362475281047, "ry": 79.52747238761182, "angle": 36.114}, "bulge": {"x": 257.0138740539551, "y": 255.7362871170044, "rx": 20.69914139303689, "ry": 10.855228883616, "angle": 21.599}, "bar": null}