{"disk": {"i0": 0.20333333333333334, "n": 1.0, "c": 2.0, "mu": [254.39045591918435, 254.07687950601485], "roll": 3.096055983601415, "rEff": 112.29537537074572, "axRatio": 0.8344054842009991}, "bulge": {"i0": 0.45, "n": 1.9489999999999998, "c": 2.0, "mu": [256.882083834037, 253.03826042245362], "roll": 0.8307266025648382, "rEff": 19.360050104375752, "axRatio": 0.7287166443981882}, "bar": null, "spirals": []}