{"disk": {"i0": 0.19285714285714287, "n": 1.0, "c": 2.0, "mu": [253.21139098314165, 256.51830977915574], "roll": 2.9134176290260116, "rEff": 114.55312088913844, "axRatio": 0.7805440909300533}, "bulge": {"i0": 0.6311111111111111, "n": 1.7911111111111109, "c": 2.0, "mu": [254.7550998660232, 257.50879771364663], "roll": 2.4018302705780226, "rEff": 16.968345394900187, "axRatio": 0.8896830628927305}, "bar": null, "spirals": []}