{"disk": {"i0": 0.21714285714285722, "n": 1.0, "c": 2.0, "mu": [256.49426182597534, 254.68333564104046], "roll": 0.9816954043134382, "rEff": 122.79119274381603, "axRatio": 0.8766892963705982}, "bulge": {"i0": 0.499375, "n": 1.53125, "c": 2.0, "mu": [257.5343458187271, 253.07119412749452], "roll": 2.2312684042260518, "rEff": 20.0318216664153, "axRatio": 0.9573636510058283}, "bar": null, "spirals": []}