{"disk": null, "bulge": null, "bar": {"i0": 0.26999999999999996, "n": 0.4383333333333333, "c": 2.1766666666666667, "mu": [261.29470971727886, 251.26760519704334], "roll": 0.24496684732291307, "rEff": 33.341776981725424, "axRatio": 0.3212877610082888}, "spirals": []}