{"disk": {"x": 257.5624256134033, "y": 257.5190785725911, "rx": 171.44396983149105, "ry": 98.09027404186416, "angle": 24.777}, "bulge": {"x": 257.3136095319475, "y": 256.98091779436385, "rx": 16.602345739951527, "ry": 12.523462822099045, "angle": 38.799}, "bar": null}