{"disk": {"x": 260.91914035962975, "y": 258.2973977793818, "rx": 156.77200170510554, "ry": 129.25270126107213, "angle": 175.126}, "bulge": {"x": 256.40458001030817, "y": 257.55138058132593, "rx": 23.950421513076165, "ry": 18.257405513022807, "angle": 32.906}, "bar": null}