{"disk": {"x": 252.20992444909137, "y": 256.5442637567935, "rx": 183.58428921985632, "ry": 91.83897910783703, "angle": 130.331}, "bulge": {"x": 254.45294189453125, "y": 257.0160268147786, "rx": 16.390617037398453, "ry": 12.635986631584137, "angle": 48.348}, "bar": null}