{"disk": {"mu": [254.92692086879634, 256.19260710044824], "rEff": 132.18310265890193, "axRatio": -1.0852923513162016, "roll": -20.50621317021434}, "bulge": {"mu": [257.30434740947305, 255.73322228582742], "rEff": 14.51602312346614, "axRatio": 1.0854434168752545, "roll": -4.21510279202572}, "bar": null, "spirals": []}