{"disk": {"i0": 0.26857142857142857, "n": 1.0, "c": 2.0, "mu": [249.03814218656987, 254.47732028515387], "roll": 0.45174622492234173, "rEff": 77.19406471956951, "axRatio": 0.5761805967195657}, "bulge": null, "bar": {"i0": 0.24857142857142858, "n": 0.44857142857142857, "c": 2.4014285714285712, "mu": [259.5176461147695, 251.09756681200537], "roll": 0.30845338945809675, "rEff": 37.7027522537068, "axRatio": 0.3070879651506959}, "spirals": []}