{"disk": {"i0": 0.20368421052631583, "n": 1.0, "c": 2.0, "mu": [253.873720435344, 257.1887832505041], "roll": 2.284135773277075, "rEff": 86.30319688668678, "axRatio": 0.511600058518776}, "bulge": {"i0": 0.64875, "n": 1.08875, "c": 2.0, "mu": [254.32715499393137, 257.0722870818153], "roll": 0.9060068742338622, "rEff": 12.322157036276067, "axRatio": 0.7666086165499763}, "bar": null, "spirals": []}