{"disk": null, "bulge": {"mu": [257.493194519142, 254.54719539028352], "rEff": 7.317962681788883, "axRatio": 0.5638564860678426, "roll": -1.236494674269537e-08}, "bar": null, "spirals": []}