{"disk": {"x": 254.5987960152004, "y": 257.62586378014606, "rx": 140.57526232680536, "ry": 114.85325787517534, "angle": 9.918}, "bulge": {"x": 256.1945407265111, "y": 256.4238393683183, "rx": 18.21169423790752, "ry": 12.833864396057203, "angle": 69.354}, "bar": {"width": 47.62564603202682, "height": 27.046277526099118, "x": 231.79085587802956, "y": 242.0227779849973, "angle": 115.289}}