{"disk": {"i0": 0.21866666666666668, "n": 1.0, "c": 2.0, "mu": [252.13405374435618, 256.18837460892786], "roll": 2.257333258467149, "rEff": 97.79808515480656, "axRatio": 0.5039771658720926}, "bulge": {"i0": 0.35600000000000004, "n": 0.82, "c": 2.0, "mu": [254.4372481311796, 257.96671881699405], "roll": 0.5442692095042347, "rEff": 19.18291991413014, "axRatio": -1.2958069959641467}, "bar": null, "spirals": []}