{"disk": {"i0": 0.2714285714285714, "n": 1.0, "c": 2.0, "mu": [264.3491831475206, 250.04945218464778], "roll": 0.07660920194889832, "rEff": 126.8427904205194, "axRatio": 0.562932511330245}, "bulge": null, "bar": {"i0": 0.20166666666666666, "n": 0.48666666666666664, "c": 2.1366666666666667, "mu": [268.3240222993027, 245.57347107416874], "roll": 0.03758369939609651, "rEff": 40.502770615771404, "axRatio": 0.2946758289619239}, "spirals": []}