{"disk": {"x": 254.06668599446616, "y": 254.04161580403647, "rx": 104.32569361840763, "ry": 52.882694159578655, "angle": 22.901}, "bulge": {"x": 255.41383040578742, "y": 254.3260538201583, "rx": 14.544532017769493, "ry": 11.400206550647527, "angle": 0.0}, "bar": null}