{"disk": {"x": 258.7669486999512, "y": 254.68029403686523, "rx": 122.4379797604136, "ry": 116.21894088579421, "angle": 65.555}, "bulge": {"x": 258.08202171325684, "y": 255.29401206970215, "rx": 25.21952550796704, "ry": 13.176188984060705, "angle": 34.922}, "bar": {"width": 48.89170402843269, "height": 19.7468923963424, "x": 233.33525938511625, "y": 245.5217322787982, "angle": 145.466}}