{"disk": {"x": 255.68963012695312, "y": 258.33813629150393, "rx": 123.74949485145137, "ry": 96.07528780216063, "angle": 149.577}, "bulge": {"x": 255.96774037679037, "y": 256.0653546651204, "rx": 12.630754138206143, "ry": 8.268915772702139, "angle": 149.665}, "bar": null}