{"disk": {"x": 260.43321736653644, "y": 255.46678331163196, "rx": 117.3903922860159, "ry": 83.5431387289909, "angle": 16.839}, "bulge": {"x": 257.70955984933033, "y": 254.64963858468192, "rx": 14.172324099095109, "ry": 10.085999025460337, "angle": 0.0}, "bar": null}