{"disk": {"x": 255.09998718261718, "y": 258.5247991943359, "rx": 106.68329084509146, "ry": 92.37789931285768, "angle": 103.521}, "bulge": {"x": 256.15606061150044, "y": 256.3657056023093, "rx": 17.111783029169036, "ry": 13.614441091215031, "angle": 133.723}, "bar": null}