{"disk": {"mu": [258.28175691844, 254.9220069743326], "rEff": 38.08890915390605, "axRatio": -1.8506277918051866, "roll": -0.35297061918558986}, "bulge": {"mu": [258.05636968293464, 254.91682418020306], "rEff": 9.676897759251155, "axRatio": 2.015892739261992, "roll": -0.106024698958174}, "bar": {"mu": [256.9687500580025, 254.80535885221377], "rEff": 53.61071778984027, "axRatio": 2.8216167172115707, "roll": -5.043717421192233e-09}, "spirals": []}