{"disk": {"mu": [254.4344044995577, 254.02592194355458], "rEff": 23.016907251751164, "axRatio": 2.0996079888400576, "roll": -1.1983609350369664}, "bulge": {"mu": [255.8219943503114, 254.45780701456667], "rEff": 9.95626548445096, "axRatio": 1.080740157655333, "roll": -4.617753072366249}, "bar": null, "spirals": []}