{"disk": {"x": 256.1127570657169, "y": 256.58529573328354, "rx": 129.20235435884123, "ry": 111.23893409620064, "angle": 73.757}, "bulge": {"x": 256.84872913360596, "y": 256.30359745025635, "rx": 15.687835426992356, "ry": 11.8607168726515, "angle": 87.557}, "bar": null}