{"disk": {"x": 254.65338389078775, "y": 254.68255106608072, "rx": 146.1992581398813, "ry": 94.11638231555067, "angle": 82.153}, "bulge": {"x": 255.35941641671317, "y": 255.85372052873885, "rx": 13.810988933802966, "ry": 9.1386334739276, "angle": 149.906}, "bar": null}