{"disk": {"mu": [255.98892798215934, 255.9631375506105], "rEff": 138.68691761585856, "axRatio": 0.9999999973693643, "roll": 1.7000747481522538}, "bulge": {"mu": [257.07039386264967, 255.78714625913403], "rEff": 15.119406851668408, "axRatio": 0.9999999970877463, "roll": 2.1389011607452835}, "bar": null, "spirals": []}