{"disk": {"i0": 0.175, "n": 1.0, "c": 2.0, "mu": [256.07663458532096, 256.1205007784223], "roll": 1.5705275235833298, "rEff": 111.05966223743776, "axRatio": 0.9635397913962639}, "bulge": {"i0": 0.69, "n": 0.645, "c": 2.0, "mu": [256.0377070763309, 255.60369643582303], "roll": 1.8602010093957415, "rEff": 9.16242358102095, "axRatio": 0.7781955513839305}, "bar": null, "spirals": []}