{"disk": {"mu": [252.13405374435618, 256.18837460892786], "rEff": 97.79808515480656, "axRatio": 0.5039771658720926, "roll": 2.257333258467149}, "bulge": {"mu": [254.4372481311796, 257.96671881699405], "rEff": 19.18291991413014, "axRatio": -1.2958069959641467, "roll": 0.5442692095042347}, "bar": null, "spirals": []}