{"disk": {"x": 254.04571533203125, "y": 256.15732132761104, "rx": 130.75503968935573, "ry": 93.79805429304425, "angle": 103.447}, "bulge": {"x": 255.869140625, "y": 255.8003755457261, "rx": 14.251942109071093, "ry": 10.022098526038036, "angle": 137.959}, "bar": null}