{"disk": {"x": 259.2520951251594, "y": 252.1573492556202, "rx": 179.58741235253592, "ry": 109.22809904828748, "angle": 158.195}, "bulge": {"x": 259.27951161454365, "y": 249.48477693883385, "rx": 33.475633359666155, "ry": 22.08355828164707, "angle": 25.389}, "bar": {"width": 173.96995192307693, "height": 142.703125, "x": 181.07091346153845, "y": 177.48287259615384, "angle": 43.437}}