{"disk": {"i0": 0.25666666666666665, "n": 1.0, "c": 2.0, "mu": [255.98892798215934, 255.9631375506105], "roll": 1.7000747481522538, "rEff": 138.68691761585856, "axRatio": 0.9999999973693643}, "bulge": {"i0": 0.52, "n": 1.1714285714285713, "c": 2.0, "mu": [257.07039386264967, 255.78714625913403], "roll": 2.1389011607452835, "rEff": 15.119406851668408, "axRatio": 0.9999999970877463}, "bar": null, "spirals": []}