{"disk": {"i0": 0.16933333333333334, "n": 1.0, "c": 2.0, "mu": [257.31737399322134, 256.8461613815692], "roll": 0.34281108326215676, "rEff": 89.24172426855965, "axRatio": 0.6226218282081369}, "bulge": {"i0": 0.5257142857142857, "n": 1.6757142857142857, "c": 2.0, "mu": [257.2282753619675, 257.32058774222986], "roll": 2.0403453045782745, "rEff": 14.429221172084288, "axRatio": 0.702452730787014}, "bar": null, "spirals": []}