{"disk": {"x": 254.82429665013365, "y": 254.55256893760279, "rx": 171.35501273777837, "ry": 97.12030163493421, "angle": 162.051}, "bulge": {"x": 257.0240844726562, "y": 255.56927490234375, "rx": 14.589081930487657, "ry": 8.898549837253432, "angle": 85.32}, "bar": {"width": 60.790799307025544, "height": 18.83073752614068, "x": 225.82249712586545, "y": 249.29537927363205, "angle": 99.974}}