{"disk": {"i0": 0.20714285714285713, "n": 1.0, "c": 2.0, "mu": [256.57066005606043, 253.95464474557193], "roll": 1.3358022258651394, "rEff": 105.39104384403704, "axRatio": 0.6692609655581653}, "bulge": null, "bar": null, "spirals": []}