{"disk": {"i0": 0.2463636363636364, "n": 1.0, "c": 2.0, "mu": [258.9902392932062, 255.58312706698385], "roll": 2.241935311956087, "rEff": 106.74334745928833, "axRatio": 0.6318819096166974}, "bulge": {"i0": 0.6439999999999999, "n": 1.076, "c": 2.0, "mu": [259.9843674103234, 255.61568548042513], "roll": 1.3383048440368497, "rEff": 11.244061105433975, "axRatio": 0.9271781664327304}, "bar": null, "spirals": []}