{"disk": {"i0": 0.15833333333333333, "n": 1.0, "c": 2.0, "mu": [257.1178236088179, 254.58561162886338], "roll": 2.923535385350708, "rEff": 102.41072085373204, "axRatio": 0.5112506515288995}, "bulge": {"i0": 0.4592307692307692, "n": 2.4499999999999997, "c": 2.0, "mu": [258.5121439004236, 253.9440773050432], "roll": 2.4197274558248316, "rEff": 21.262215346640673, "axRatio": 0.9692155339243427}, "bar": null, "spirals": []}