{"disk": {"x": 254.77377801192435, "y": 256.1254111842105, "rx": 184.78070946708328, "ry": 101.67395432062244, "angle": 40.919}, "bulge": {"x": 255.27709063361672, "y": 255.30819163602942, "rx": 32.68946224459182, "ry": 16.168538602433674, "angle": 30.232}, "bar": null}