{"disk": {"i0": 0.17, "n": 1.0, "c": 2.0, "mu": [256.0170297461507, 255.99555639164728], "roll": 1.1636569737766262, "rEff": 108.34971572866978, "axRatio": -1.0000000067114567}, "bulge": null, "bar": null, "spirals": []}