{"disk": {"x": 255.47572072347006, "y": 254.71332295735678, "rx": 151.51811238800667, "ry": 96.64014634257404, "angle": 103.45}, "bulge": {"x": 257.1178573608398, "y": 254.68736419677734, "rx": 13.425161807490019, "ry": 9.363601387303136, "angle": 94.227}, "bar": null}