{"disk": {"x": 255.58976162181182, "y": 256.4991293514476, "rx": 155.53057659510344, "ry": 105.02724971266834, "angle": 13.736}, "bulge": {"x": 256.41134207589283, "y": 255.13751656668526, "rx": 20.182000506572937, "ry": 14.069024508979885, "angle": 110.913}, "bar": {"width": 70.4357265976257, "height": 28.95296322127321, "x": 220.20233387017313, "y": 240.94255398303207, "angle": 45.07}}