{"disk": {"i0": 0.2373333333333334, "n": 1.0, "c": 2.0, "mu": [255.2074897008058, 253.25673764897527], "roll": 1.347775708889556, "rEff": 105.82059222414267, "axRatio": 0.6861185723765804}, "bulge": {"i0": 0.5, "n": 1.0, "c": 2.0, "mu": [255.09104605251989, 253.1999327792335], "roll": 1.6383385330326963, "rEff": 18.960190790645477, "axRatio": 0.955249692873086}, "bar": null, "spirals": []}