{"disk": {"i0": 0.294, "n": 1.0, "c": 2.0, "mu": [255.08844700968157, 250.55276689822801], "roll": 2.1829752792353885, "rEff": 82.380528825723, "axRatio": 0.43877431955561375}, "bulge": {"i0": 0.8160000000000001, "n": 2.6100000000000003, "c": 2.0, "mu": [259.8222898874431, 256.0237016551454], "roll": 2.73909177902628, "rEff": 11.283398929184408, "axRatio": 0.9941649258483096}, "bar": null, "spirals": []}