{"disk": {"i0": 0.25222222222222224, "n": 1.0, "c": 2.0, "mu": [256.1424152145087, 254.60583851106682], "roll": 0.9291092409357672, "rEff": 119.44220975034116, "axRatio": 0.9437101351346868}, "bulge": {"i0": 0.43999999999999995, "n": 1.5125000000000002, "c": 2.0, "mu": [256.57812539058915, 255.90138448919106], "roll": 0.16122150672411567, "rEff": 16.486802958588978, "axRatio": 0.8311135151854678}, "bar": null, "spirals": []}