{"disk": {"x": 259.0213348388672, "y": 252.4662124633789, "rx": 108.92190481869474, "ry": 85.4443010777851, "angle": 82.971}, "bulge": null, "bar": {"width": 55.0519641644244, "height": 19.968379932742774, "x": 228.20020085540986, "y": 244.81154253179756, "angle": 109.674}}