{"disk": {"x": 254.764235756614, "y": 255.85321946577594, "rx": 135.42500157849662, "ry": 87.9380877465147, "angle": 166.331}, "bulge": {"x": 257.90004577636716, "y": 253.97162068684895, "rx": 23.112571104358633, "ry": 11.857328187297503, "angle": 163.673}, "bar": {"width": 53.89786754363083, "height": 22.186395937844946, "x": 226.7693294728135, "y": 240.8729839768783, "angle": 9.377}}