{"disk": {"x": 253.84842640644794, "y": 253.01275284225875, "rx": 194.31870256211275, "ry": 100.97999235667774, "angle": 141.531}, "bulge": {"x": 255.49443159432246, "y": 253.5131404482085, "rx": 32.570611233437354, "ry": 18.69942351748115, "angle": 142.045}, "bar": {"width": 74.43787112001559, "height": 32.00880074270334, "x": 219.6052918366394, "y": 237.04083532607672, "angle": 31.782}}