{"disk": {"i0": 0.3025, "n": 1.0, "c": 2.0, "mu": [255.8120949538059, 249.9819728593749], "roll": 2.1865082054210236, "rEff": 85.33192067445289, "axRatio": 0.4386672111167143}, "bulge": {"i0": 0.8160000000000001, "n": 2.6100000000000003, "c": 2.0, "mu": [259.810998682317, 256.0172276404854], "roll": 2.3103361237981215, "rEff": 11.281341719836762, "axRatio": 0.9946084735627386}, "bar": null, "spirals": []}