{"disk": {"mu": [253.21146242504034, 256.51817063692386], "rEff": 89.41386704934511, "axRatio": 1.281156154183902, "roll": 1.3426235329775682}, "bulge": {"mu": [254.75509796024247, 257.5087939288948], "rEff": 16.968343663572455, "axRatio": 0.8896833007256554, "roll": 2.40183092739081}, "bar": null, "spirals": []}