{"disk": {"x": 251.22058554256662, "y": 255.7137612735524, "rx": 151.86018521854805, "ry": 93.09719218670995, "angle": 14.88}, "bulge": {"x": 254.90150146484376, "y": 254.5860168457031, "rx": 18.386783969567585, "ry": 10.777280253374204, "angle": 7.301}, "bar": {"width": 53.077291870117186, "height": 14.893582153320313, "x": 231.1773162841797, "y": 246.6792205810547, "angle": 1.535}}