{"disk": {"x": 256.11566809451944, "y": 255.3622598359079, "rx": 153.89849525654978, "ry": 80.4919348670234, "angle": 137.796}, "bulge": {"x": 257.01558471679687, "y": 257.1393133544922, "rx": 19.10007735142485, "ry": 14.17678680601112, "angle": 126.383}, "bar": null}