{"disk": {"x": 255.61885884602864, "y": 256.1759908040365, "rx": 139.0300961523365, "ry": 102.4229178997502, "angle": 176.674}, "bulge": {"x": 256.5651408604213, "y": 253.1711207798549, "rx": 30.32414428284353, "ry": 19.449065233431632, "angle": 47.246}, "bar": null}