{"disk": null, "bulge": {"i0": 0.4525, "n": 1.1675, "c": 2.0, "mu": [258.51177737998626, 249.18205668769724], "roll": 2.652541834367975, "rEff": 30.110733796630612, "axRatio": 0.965812579027384}, "bar": null, "spirals": []}