{"disk": {"mu": [256.0336977380248, 256.2733034982964], "rEff": 54.20843279009437, "axRatio": -1.7464925682786498, "roll": 0.6992835761220952}, "bulge": {"mu": [258.3949727302913, 257.327161713299], "rEff": 16.26441025601154, "axRatio": 0.9077174977324062, "roll": 2.81103175269116}, "bar": null, "spirals": []}