{"disk": {"i0": 0.2526086956521739, "n": 1.0, "c": 2.0, "mu": [257.3281518186939, 256.2973478368648], "roll": 3.131710261495975, "rEff": 74.39808312796521, "axRatio": 0.5123904198970628}, "bulge": {"i0": 0.4288888888888889, "n": 2.367777777777778, "c": 2.0, "mu": [256.2599254775227, 256.0086135872893], "roll": 0.05496697730869788, "rEff": 12.318088590218068, "axRatio": 0.5012650186351588}, "bar": null, "spirals": []}