{"disk": {"x": 258.22785739240976, "y": 254.3143915636786, "rx": 129.43021295340614, "ry": 70.79632248957675, "angle": 170.376}, "bulge": {"x": 256.64313704879197, "y": 250.9561241997613, "rx": 20.170797451874563, "ry": 14.583200309487712, "angle": 152.267}, "bar": null}