{"disk": {"x": 257.73507908412387, "y": 254.67876325334822, "rx": 155.43149209461544, "ry": 129.9614069136477, "angle": 11.756}, "bulge": null, "bar": null}