{"disk": {"mu": [253.21139098314165, 256.51830977915574], "rEff": 114.55312088913844, "axRatio": 0.7805440909300533, "roll": 2.9134176290260116}, "bulge": {"mu": [254.7550998660232, 257.50879771364663], "rEff": 16.968345394900187, "axRatio": 0.8896830628927305, "roll": 2.4018302705780226}, "bar": null, "spirals": []}