{"disk": {"mu": [256.57066005606043, 253.95464474557193], "rEff": 105.39104384403704, "axRatio": 0.6692609655581653, "roll": 1.3358022258651394}, "bulge": null, "bar": null, "spirals": []}