{"disk": {"i0": 0.18777777777777777, "n": 1.0, "c": 2.0, "mu": [259.9063259109693, 253.07652226774033], "roll": 2.3137550749052687, "rEff": 117.37517960955677, "axRatio": 0.6297126247604818}, "bulge": {"i0": 0.655, "n": 1.4866666666666666, "c": 2.0, "mu": [260.67863713390483, 255.28080109262297], "roll": 2.2614949140700213, "rEff": 22.84239490536986, "axRatio": 0.8238680346166593}, "bar": null, "spirals": []}