{"disk": {"mu": [253.68828183097563, 253.29162476591983], "rEff": 50.62510620302798, "axRatio": 0.577642319456143, "roll": 1.5781401564825401}, "bulge": {"mu": [253.5977295325886, 251.9561663761989], "rEff": 13.331029676714278, "axRatio": 0.9999999980191262, "roll": 2.8976139122944513}, "bar": null, "spirals": []}