{"disk": {"mu": [256.6665757618754, 255.63291669621955], "rEff": 109.68985845329819, "axRatio": 1.1312711583505533, "roll": -0.5703916628882304}, "bulge": {"mu": [257.5343463973262, 253.0711971317861], "rEff": 20.031821015704107, "axRatio": 0.9573637311408891, "roll": -4.051920168872328}, "bar": null, "spirals": []}