{"disk": {"mu": [257.28097697533684, 256.09754438177777], "rEff": 44.896624087443925, "axRatio": 1.743140831049228, "roll": 0.24828307653773676}, "bulge": null, "bar": null, "spirals": []}