{"disk": {"i0": 0.2435555555555555, "n": 1.0, "c": 2.0, "mu": [257.68276015186746, 256.45390820241346], "roll": 0.7158792153981666, "rEff": 85.85325070290767, "axRatio": 0.4960099804764002}, "bulge": {"i0": 0.528695652173913, "n": 1.9495652173913043, "c": 2.0, "mu": [256.1733522709828, 255.06546433306713], "roll": 0.7190945270341316, "rEff": 27.300613923823665, "axRatio": 0.541713479824299}, "bar": {"i0": 0.20000000000000004, "n": 0.5, "c": 2.0, "mu": [259.58373904803955, 253.4646072504408], "roll": 0.5934411901503736, "rEff": 17.698311406925082, "axRatio": 0.36457949062704526}, "spirals": []}