{"disk": {"x": 259.6461995442708, "y": 254.96068827311197, "rx": 85.73423746867076, "ry": 41.69842988802819, "angle": 136.238}, "bulge": {"x": 258.41339683532715, "y": 254.4824857711792, "rx": 10.704903982424579, "ry": 8.358129667399098, "angle": 86.241}, "bar": null}