{"disk": {"i0": 0.24833333333333332, "n": 1.0, "c": 2.0, "mu": [254.43441729700766, 254.02591411483363], "roll": 0.3724351278775694, "rEff": 48.32646966414277, "axRatio": 0.4762794926877111}, "bulge": {"i0": 0.9233333333333335, "n": 0.9206666666666667, "c": 2.0, "mu": [255.82198595659614, 254.4577938540922], "roll": 0.0946366498359058, "rEff": 10.760142297318133, "axRatio": 0.9252898334908686}, "bar": null, "spirals": []}