{"disk": {"x": 256.11566809451944, "y": 255.3622598359079, "rx": 153.89849525654978, "ry": 80.4919348670234, "angle": 137.796}, "bulge": {"x": 256.29286193847656, "y": 256.547612508138, "rx": 12.39238086154336, "ry": 10.712191405836736, "angle": 115.939}, "bar": null}