{"disk": {"i0": 0.242, "n": 1.0, "c": 2.0, "mu": [256.23051301397385, 257.43305159232176], "roll": 1.0769125709184704, "rEff": 83.27325035308823, "axRatio": 0.8465457488473159}, "bulge": {"i0": 0.5533333333333333, "n": 1.8500000000000003, "c": 2.0, "mu": [255.2577131863454, 256.1977353571297], "roll": 1.5838617220820057, "rEff": 27.460608712138175, "axRatio": 0.7270051894578992}, "bar": null, "spirals": []}