{"disk": {"x": 254.47723473442926, "y": 254.36461469862195, "rx": 153.32303886904916, "ry": 115.76895417091416, "angle": 167.744}, "bulge": {"x": 256.44278717041016, "y": 255.71522776285806, "rx": 13.595375843851185, "ry": 11.576161671423291, "angle": 125.713}, "bar": {"width": 75.75, "height": 46.25, "x": 218.46875, "y": 230.90234375, "angle": 148.365}}