{"disk": {"i0": 0.184, "n": 1.0, "c": 2.0, "mu": [254.36707645199246, 256.117256566918], "roll": 2.692423662471514, "rEff": 16.862767531565716, "axRatio": -2.08056009932045}, "bulge": {"i0": 0.6971428571428572, "n": 1.3871428571428572, "c": 2.0, "mu": [254.27999490965536, 257.4760261615218], "roll": 2.5623484813318105, "rEff": 12.12014642269928, "axRatio": 0.9999999927337065}, "bar": null, "spirals": []}