{"disk": {"i0": 0.24000000000000002, "n": 1.0, "c": 2.0, "mu": [262.1725885829904, 249.13826644875957], "roll": 0.06130704281814363, "rEff": 125.76202398753999, "axRatio": 0.5687077385714627}, "bulge": {"i0": 0.7437499999999999, "n": 1.0, "c": 2.0, "mu": [265.2270983871933, 248.74950923660614], "roll": 0.0999706986849746, "rEff": 29.526786192774257, "axRatio": 0.5726748670842745}, "bar": {"i0": 0.20166666666666666, "n": 0.48666666666666664, "c": 2.1366666666666667, "mu": [268.32401728132686, 245.5734726330257], "roll": 0.03758382082221124, "rEff": 40.50275949547174, "axRatio": 0.29467575199267626}, "spirals": []}