{"disk": {"x": 254.1290148566751, "y": 254.5341769947725, "rx": 147.30934195282228, "ry": 98.19893915310502, "angle": 178.391}, "bulge": {"x": 256.8627192179362, "y": 255.73566182454428, "rx": 18.835515418387697, "ry": 12.80266236245325, "angle": 30.636}, "bar": null}