{"disk": {"mu": [260.2232128854335, 255.6040521540159], "rEff": 60.4954227108131, "axRatio": 1.844629947882537, "roll": 0.6554501969399544}, "bulge": {"mu": [259.98436722288454, 255.61568603802337], "rEff": 10.425247109983673, "axRatio": 1.0785413532819312, "roll": -0.23249027039160364}, "bar": {"mu": [257.80534729622485, 257.4065578787684], "rEff": 16.7563593292997, "axRatio": 0.3416940487190051, "roll": 0.8905092982352487}, "spirals": []}