{"disk": {"x": 257.8441914876302, "y": 254.58641153971354, "rx": 139.76401440590325, "ry": 132.5529639962265, "angle": 66.484}, "bulge": {"x": 259.0411137172154, "y": 254.37486485072546, "rx": 18.277416946758102, "ry": 14.486108793264346, "angle": 28.253}, "bar": null}