{"disk": {"mu": [255.32559864442996, 254.62460955510704], "rEff": 13.732600576585464, "axRatio": 2.0885340020593697, "roll": -0.1778846009002014}, "bulge": {"mu": [255.75266444150174, 254.6969310313134], "rEff": 9.3520228873486, "axRatio": 1.068151874872289, "roll": 0.44505477382844316}, "bar": null, "spirals": []}