{"disk": {"mu": [264.34920482198993, 250.04944492322488], "rEff": 71.40396325905284, "axRatio": 1.7764108364297932, "roll": -1.4941871968386158}, "bulge": null, "bar": {"mu": [268.32401481501256, 245.57347011423934], "rEff": 40.502780704859795, "axRatio": -0.2946759339081959, "roll": 0.03758365140021555}, "spirals": []}