{"disk": {"mu": [256.24282780456485, 254.56325008664865], "rEff": 113.3102902279468, "axRatio": 1.0586429086703062, "roll": -10.09010953653619}, "bulge": null, "bar": null, "spirals": []}