{"disk": {"x": 257.12535095214844, "y": 254.00689223716998, "rx": 91.21129025595562, "ry": 48.35757368163227, "angle": 130.404}, "bulge": {"x": 257.74291076660154, "y": 254.1852294921875, "rx": 10.965413047093778, "ry": 8.694382624859697, "angle": 71.516}, "bar": null}