{"disk": {"x": 257.665865749783, "y": 257.31490715874565, "rx": 171.691275231687, "ry": 84.71849128901496, "angle": 40.355}, "bulge": {"x": 256.4453883017263, "y": 254.78929630402595, "rx": 46.378631055522916, "ry": 25.486217055696848, "angle": 37.455}, "bar": {"width": 42.19187974422543, "height": 24.705023003413565, "x": 235.87281012788728, "y": 232.64748849829317, "angle": 130.362}}