{"disk": {"i0": 0.23608695652173917, "n": 1.0, "c": 2.0, "mu": [257.842843737049, 252.27433221874344], "roll": 2.709321818136818, "rEff": 107.59687393102422, "axRatio": 0.6357805162234713}, "bulge": {"i0": 0.8730434782608695, "n": 1.693913043478261, "c": 2.0, "mu": [259.2354197897097, 250.2867178456449], "roll": 0.7847385209406992, "rEff": 18.789796068340102, "axRatio": 0.9186926900069546}, "bar": null, "spirals": []}