{"disk": null, "bulge": {"x": 254.55820673162287, "y": 255.58025845614347, "rx": 33.357203722012144, "ry": 21.993254746588676, "angle": 91.513}, "bar": null}