{"disk": {"mu": [255.08844700968157, 250.55276689822801], "rEff": 82.380528825723, "axRatio": 0.43877431955561375, "roll": 2.1829752792353885}, "bulge": {"mu": [259.8222898874431, 256.0237016551454], "rEff": 11.283398929184408, "axRatio": 0.9941649258483096, "roll": 2.73909177902628}, "bar": null, "spirals": []}