{"disk": {"x": 254.2072048187256, "y": 251.6211109161377, "rx": 83.74290333772223, "ry": 53.09192344690706, "angle": 87.842}, "bulge": {"x": 253.31735437566584, "y": 252.389423717152, "rx": 17.39505461655593, "ry": 15.168236470242125, "angle": 112.721}, "bar": null}