{"disk": {"x": 255.0187225341797, "y": 254.4994831085205, "rx": 144.99353625282987, "ry": 105.83286119938262, "angle": 77.61}, "bulge": {"x": 255.773291015625, "y": 250.5406005859375, "rx": 25.70264173088764, "ry": 20.162003985113543, "angle": 33.001}, "bar": {"width": 102.37713493110303, "height": 33.19845875274229, "x": 204.89060085415053, "y": 233.36106534713966, "angle": 136.868}}