{"disk": {"mu": [255.3255797397879, 254.62462776433154], "rEff": 28.681017381715733, "axRatio": 0.47880485680961204, "roll": 1.3929106392665425}, "bulge": {"mu": [255.75267762948872, 254.6969289631626], "rEff": 9.989375485273877, "axRatio": 0.936195946759967, "roll": 2.0158470667927615}, "bar": null, "spirals": []}