{"disk": {"i0": 0.15285714285714286, "n": 1.0, "c": 2.0, "mu": [256.0336977380248, 256.2733034982964], "roll": 0.6992835761220952, "rEff": 54.20843279009437, "axRatio": -1.7464925682786498}, "bulge": {"i0": 0.9981818181818182, "n": 2.4127272727272726, "c": 2.0, "mu": [258.3949727302913, 257.327161713299], "roll": 2.81103175269116, "rEff": 16.26441025601154, "axRatio": 0.9077174977324062}, "bar": null, "spirals": []}