{"disk": {"mu": [254.36707645199246, 256.117256566918], "rEff": 16.862767531565716, "axRatio": -2.08056009932045, "roll": 2.692423662471514}, "bulge": {"mu": [254.27999490965536, 257.4760261615218], "rEff": 12.12014642269928, "axRatio": 0.9999999927337065, "roll": 2.5623484813318105}, "bar": null, "spirals": []}