{"disk": {"i0": 0.24083333333333334, "n": 1.0, "c": 2.0, "mu": [256.2771477166875, 255.03133301220538], "roll": 1.7905148031186138, "rEff": 76.5426846294172, "axRatio": 0.5336733463092836}, "bulge": {"i0": 0.8275, "n": 1.21, "c": 2.0, "mu": [257.23778831864473, 254.91078738999164], "roll": 1.6769759400334823, "rEff": 8.866649393525037, "axRatio": 0.761025997189891}, "bar": null, "spirals": []}