{"disk": {"x": 257.0155283610026, "y": 256.6958525686553, "rx": 153.8803746123425, "ry": 75.2134574931559, "angle": 60.656}, "bulge": {"x": 259.95604750689336, "y": 252.51445815142463, "rx": 23.977664364831803, "ry": 15.009851325091049, "angle": 57.114}, "bar": null}