{"disk": {"i0": 0.23500000000000004, "n": 1.0, "c": 2.0, "mu": [254.44290028991193, 252.93124923992917], "roll": 0.3941919699540638, "rEff": 52.475352298646236, "axRatio": 0.5808053928911061}, "bulge": {"i0": 0.8968750000000001, "n": 0.9256250000000001, "c": 2.0, "mu": [255.78455708218274, 254.43318267598306], "roll": 0.040324298880923905, "rEff": 10.847384831837324, "axRatio": 0.928066224123946}, "bar": null, "spirals": []}