{"disk": {"i0": 0.20199999999999999, "n": 1.0, "c": 2.0, "mu": [257.5620487835827, 259.72147584285585], "roll": 0.5730203108585636, "rEff": 96.77975086318087, "axRatio": 0.8536339130348284}, "bulge": {"i0": 0.5944444444444444, "n": 1.301111111111111, "c": 2.0, "mu": [256.8736922774452, 257.70853253086597], "roll": 0.8138389510734299, "rEff": 12.268644400369274, "axRatio": 0.9077521079516166}, "bar": null, "spirals": []}