{"disk": {"x": 259.9674398488012, "y": 252.14383723818023, "rx": 128.13252217259273, "ry": 68.63326523469891, "angle": 53.888}, "bulge": {"x": 256.896352327787, "y": 254.6687457744892, "rx": 15.411736399173448, "ry": 10.205341695930914, "angle": 72.407}, "bar": {"width": 64.9412534725687, "height": 20.35919594302705, "x": 225.12904621700338, "y": 247.4171923422072, "angle": 101.42}}