{"disk": {"x": 257.58549366826594, "y": 257.30398526399034, "rx": 170.37278083838794, "ry": 83.9734804571346, "angle": 40.313}, "bulge": {"x": 256.154924063847, "y": 254.80858901451373, "rx": 47.92632681282057, "ry": 26.058638614319626, "angle": 40.703}, "bar": null}