{"disk": {"i0": 0.19857142857142857, "n": 1.0, "c": 2.0, "mu": [259.9298032243829, 255.0556795295004], "roll": 2.3935815862563983, "rEff": 42.857747697294734, "axRatio": 0.49324914411698056}, "bulge": {"i0": 0.8214285714285715, "n": 0.9557142857142857, "c": 2.0, "mu": [258.92705439811976, 254.43344989445174], "roll": 1.4673318629122347, "rEff": 6.86406880914371, "axRatio": 0.9792315096948127}, "bar": null, "spirals": []}