{"disk": {"x": 244.97744196111506, "y": 259.6001933704723, "rx": 145.3217132920675, "ry": 85.0454234482188, "angle": 45.739}, "bulge": {"x": 255.38236083984376, "y": 252.46171875, "rx": 16.521529714501767, "ry": 12.26530743105616, "angle": 65.43}, "bar": null}