{"disk": {"x": 254.65338389078775, "y": 254.68255106608072, "rx": 146.1992581398813, "ry": 94.11638231555067, "angle": 82.153}, "bulge": {"x": 255.56421661376953, "y": 254.72503471374512, "rx": 23.247995532148778, "ry": 16.17609351901354, "angle": 122.256}, "bar": null}