{"disk": {"i0": 0.2530769230769231, "n": 1.0, "c": 2.0, "mu": [259.112929085024, 255.18506025953246], "roll": 0.4098115680125986, "rEff": 118.3371535653854, "axRatio": 0.6435150341014173}, "bulge": {"i0": 0.496, "n": 0.93, "c": 2.0, "mu": [256.95670109270026, 254.2330553178485], "roll": 2.8389055201640354, "rEff": 13.175615710340736, "axRatio": 0.9039831043708011}, "bar": null, "spirals": []}