{"disk": {"i0": 0.3766666666666667, "n": 1.0, "c": 2.0, "mu": [264.70750167320995, 257.85110283446966], "roll": 1.6792612664233562, "rEff": 128.46493728800297, "axRatio": 0.8640516475417275}, "bulge": {"i0": 0.6666666666666666, "n": 1.6233333333333333, "c": 2.0, "mu": [256.88681176300855, 257.2615297061781], "roll": 2.955336407396343, "rEff": 29.06060166019187, "axRatio": 0.8538793856148033}, "bar": null, "spirals": []}