{"disk": null, "bulge": null, "bar": {"mu": [258.7590329240243, 252.34619432207109], "rEff": 24.55699642944445, "axRatio": -0.24000272658139246, "roll": -0.5354454031461868}, "spirals": []}