{"disk": {"i0": 0.24973684210526317, "n": 1.0, "c": 2.0, "mu": [257.476771775288, 256.04054811111655], "roll": 0.7191220101617889, "rEff": 86.82294026706683, "axRatio": 0.49910104388247256}, "bulge": {"i0": 0.5257142857142858, "n": 1.762857142857143, "c": 2.0, "mu": [255.8473942350729, 255.03262560464978], "roll": 0.7139162152975912, "rEff": 27.768925993220567, "axRatio": 0.5260666990268614}, "bar": null, "spirals": []}