{"disk": {"i0": 0.17263157894736844, "n": 1.0, "c": 2.0, "mu": [256.373707349149, 255.57703876192562], "roll": 2.3209205936088133, "rEff": 85.17709386255189, "axRatio": 0.5924699340953263}, "bulge": {"i0": 0.9981818181818182, "n": 2.4127272727272726, "c": 2.0, "mu": [258.39497287647464, 257.3271619363004], "roll": 2.811032077064395, "rEff": 16.26441099060985, "axRatio": 0.9077174535097607}, "bar": null, "spirals": []}