{"disk": {"mu": [256.2428939362973, 254.56322682524086], "rEff": 119.95524051707375, "axRatio": 0.9446043265458213, "roll": 0.9054648936954168}, "bulge": null, "bar": null, "spirals": []}