{"disk": {"mu": [259.9063059370073, 253.07650047627945], "rEff": 73.91262338506418, "axRatio": 1.588026358411403, "roll": 0.742958547465025}, "bulge": {"mu": [260.6786524589767, 255.28083177218815], "rEff": 22.84239765069194, "axRatio": 0.8238697899666937, "roll": 2.261494199109012}, "bar": null, "spirals": []}