{"disk": {"i0": 0.17833333333333334, "n": 1.0, "c": 2.0, "mu": [255.7658039416915, 260.0202941471992], "roll": 2.2917819546406313, "rEff": 76.66318182686801, "axRatio": -1.120302550386216}, "bulge": {"i0": 0.5944444444444444, "n": 1.301111111111111, "c": 2.0, "mu": [256.72055114239663, 257.71583367191545], "roll": 2.679142729836904, "rEff": 11.67621218398616, "axRatio": 0.9999999991873154}, "bar": null, "spirals": []}