{"disk": {"mu": [254.3670789495004, 256.1172553104961], "rEff": 16.862769895671132, "axRatio": 2.0805595294910777, "roll": -0.4491689541188554}, "bulge": {"mu": [254.4138142022587, 257.57686279540724], "rEff": 11.713376173467838, "axRatio": 1.0575906576184932, "roll": -0.2121664109754832}, "bar": null, "spirals": []}