{"disk": {"mu": [255.08843383967474, 250.55283064798564], "rEff": 36.14637906492017, "axRatio": 2.279082894018385, "roll": 0.6121787419602517}, "bulge": {"mu": [259.8128601802897, 256.0190413032576], "rEff": 11.28187803485337, "axRatio": 0.9944006418287665, "roll": 2.405986399677471}, "bar": {"mu": [261.3634380632135, 256.8306408153043], "rEff": 18.99999182615432, "axRatio": -0.2783581602288685, "roll": -0.9442687701487967}, "spirals": []}