{"disk": {"i0": 0.1477777777777778, "n": 1.0, "c": 2.0, "mu": [256.6251889935155, 256.1297387348192], "roll": 1.1975288182421542, "rEff": 107.67398444202976, "axRatio": 0.9120135921202464}, "bulge": {"i0": 0.619, "n": 2.346, "c": 2.0, "mu": [257.3402021562926, 256.12242409912704], "roll": 1.3775772156050836, "rEff": 12.91455293063488, "axRatio": 0.8797735354707001}, "bar": null, "spirals": []}