{"disk": {"x": 258.00186719392474, "y": 256.16729977256375, "rx": 176.05998001224168, "ry": 147.15486360049348, "angle": 75.605}, "bulge": {"x": 260.1459490458171, "y": 257.5450439453125, "rx": 25.14031437582948, "ry": 17.879205023894173, "angle": 92.006}, "bar": null}