{"disk": {"mu": [259.9298032243829, 255.0556795295004], "rEff": 42.857747697294734, "axRatio": 0.49324914411698056, "roll": 2.3935815862563983}, "bulge": {"mu": [258.92705439811976, 254.43344989445174], "rEff": 6.86406880914371, "axRatio": 0.9792315096948127, "roll": 1.4673318629122347}, "bar": null, "spirals": []}