{"disk": {"i0": 0.22423076923076926, "n": 1.0, "c": 2.0, "mu": [256.7401265577976, 254.0006043462963], "roll": 2.2828988261275778, "rEff": 49.62226120556922, "axRatio": 0.5100217815407371}, "bulge": {"i0": 1.021875, "n": 1.2037499999999999, "c": 2.0, "mu": [257.76217123380525, 254.1796274884665], "roll": 1.4320813508527965, "rEff": 7.180767987581776, "axRatio": 0.9999999956380772}, "bar": null, "spirals": []}