{"disk": null, "bulge": {"mu": [257.49319457386906, 254.54719541633423], "rEff": 7.317962629464844, "axRatio": 0.5638564853240401, "roll": 4.834578712525099e-09}, "bar": null, "spirals": []}