{"disk": {"mu": [259.9063259109693, 253.07652226774033], "rEff": 117.37517960955677, "axRatio": 0.6297126247604818, "roll": 2.3137550749052687}, "bulge": {"mu": [260.67863713390483, 255.28080109262297], "rEff": 22.84239490536986, "axRatio": 0.8238680346166593, "roll": 2.2614949140700213}, "bar": null, "spirals": []}