{"disk": {"x": 259.91797214084204, "y": 253.82656521267361, "rx": 192.761094103449, "ry": 121.86204075029991, "angle": 173.776}, "bulge": {"x": 259.9297146267361, "y": 251.22347513834634, "rx": 18.924949297360786, "ry": 14.444908992182807, "angle": 118.364}, "bar": {"width": 110.35806107273744, "height": 32.13446406399294, "x": 203.94536812862594, "y": 235.47028655598294, "angle": 55.111}}