{"disk": {"x": 256.90457891648816, "y": 256.8258312594506, "rx": 167.2682315154922, "ry": 83.45565867965087, "angle": 60.723}, "bulge": {"x": 260.1018862516984, "y": 251.90087558912194, "rx": 24.162025381197115, "ry": 14.577070876311945, "angle": 56.389}, "bar": null}