{"disk": {"x": 250.67583109537762, "y": 256.03892923990884, "rx": 153.81113864379628, "ry": 96.74978509213129, "angle": 15.789}, "bulge": {"x": 254.98887986403244, "y": 254.26431274414062, "rx": 18.477645760677536, "ry": 10.570170198344092, "angle": 14.059}, "bar": {"width": 44.684488724676655, "height": 13.092009424337856, "x": 234.76898267318413, "y": 247.98906093877102, "angle": 3.001}}