{"disk": {"i0": 0.21769230769230774, "n": 1.0, "c": 2.0, "mu": [256.66654690509733, 255.63287639088477], "roll": 1.0004037204958482, "rEff": 124.08895080170142, "axRatio": 0.8839612476684748}, "bulge": {"i0": 0.499375, "n": 1.53125, "c": 2.0, "mu": [257.5343384626297, 253.07118567462845], "roll": 2.23126499805705, "rEff": 20.031804060692465, "axRatio": 0.9573645389919162}, "bar": null, "spirals": []}