{"disk": {"i0": 0.1542857142857143, "n": 1.0, "c": 2.0, "mu": [253.68828183097563, 253.29162476591983], "roll": 1.5781401564825401, "rEff": 50.62510620302798, "axRatio": 0.577642319456143}, "bulge": {"i0": 0.7345, "n": 1.1945000000000001, "c": 2.0, "mu": [253.5977295325886, 251.9561663761989], "roll": 2.8976139122944513, "rEff": 13.331029676714278, "axRatio": 0.9999999980191262}, "bar": null, "spirals": []}