{"disk": {"x": 251.77889404296874, "y": 257.40564880371096, "rx": 112.17569445032254, "ry": 103.38785600815378, "angle": 24.032}, "bulge": {"x": 256.22516377766925, "y": 257.8144124348958, "rx": 15.16145258392288, "ry": 12.563397421816452, "angle": 49.701}, "bar": null}