{"disk": {"x": 257.4073295593262, "y": 256.42379978724887, "rx": 164.79896180910353, "ry": 82.20190342523206, "angle": 59.653}, "bulge": {"x": 260.1018862516984, "y": 251.90087558912194, "rx": 24.162025381197115, "ry": 14.577070876311945, "angle": 56.389}, "bar": null}