{"disk": {"x": 259.3288688659668, "y": 252.85407066345215, "rx": 103.75018728200973, "ry": 84.95485595145402, "angle": 77.987}, "bulge": {"x": 255.13548617892795, "y": 255.99448818630643, "rx": 16.469950600534148, "ry": 8.18974484193766, "angle": 66.2}, "bar": {"width": 53.47933795110608, "height": 18.63878319771475, "x": 229.0415165984487, "y": 245.41677715656797, "angle": 110.238}}