{"disk": {"i0": 0.2, "n": 1.0, "c": 2.0, "mu": [254.83996125822716, 258.4800958250852], "roll": 2.9242820293992575, "rEff": 118.8388906478658, "axRatio": 0.785804698372849}, "bulge": {"i0": 0.629090909090909, "n": 1.6309090909090906, "c": 2.0, "mu": [254.76352167113504, 257.53883596187563], "roll": 2.386560469858435, "rEff": 16.98865518931724, "axRatio": 0.8895561177984923}, "bar": null, "spirals": []}