{"disk": {"mu": [256.5706388770104, 253.95464312505987], "rEff": 70.53408143308768, "axRatio": 1.4941861068040239, "roll": -0.2349939655367911}, "bulge": null, "bar": null, "spirals": []}