{"disk": {"x": 256.19409866333007, "y": 259.7253704071045, "rx": 115.29399242473008, "ry": 92.05800739330962, "angle": 41.916}, "bulge": {"x": 256.3898223876953, "y": 257.26403656005857, "rx": 14.156081149832687, "ry": 12.338126582517255, "angle": 93.47}, "bar": null}