{"disk": {"i0": 0.165, "n": 1.0, "c": 2.0, "mu": [260.223321824605, 255.6038829280217], "roll": 2.2262454432753334, "rEff": 111.59131209657963, "axRatio": 0.5421199606763705}, "bulge": {"i0": 0.6439999999999999, "n": 1.076, "c": 2.0, "mu": [260.36632646283306, 255.7756165979445], "roll": 2.6473842346072565, "rEff": 11.075841147891383, "axRatio": 0.9999999973841347}, "bar": null, "spirals": []}