{"disk": {"x": 260.834886932373, "y": 266.88880615234376, "rx": 185.49965939084328, "ry": 83.84212194815805, "angle": 112.698}, "bulge": {"x": 259.36485399518693, "y": 251.36070251464844, "rx": 41.32531536184821, "ry": 20.544198571956407, "angle": 96.501}, "bar": null}