{"disk": {"i0": 0.20533333333333337, "n": 1.0, "c": 2.0, "mu": [256.2428939362973, 254.56322682524086], "roll": 0.9054648936954168, "rEff": 119.95524051707375, "axRatio": 0.9446043265458213}, "bulge": null, "bar": null, "spirals": []}