{"disk": null, "bulge": null, "bar": {"mu": [258.0937110985947, 251.76270641730721], "rEff": 34.464449690853584, "axRatio": 0.29102726397829015, "roll": 0.2546350056641325}, "spirals": []}