{"disk": {"x": 258.7671356201172, "y": 255.7323740641276, "rx": 173.54193042099232, "ry": 120.3723689093509, "angle": 93.792}, "bulge": {"x": 259.2614110310872, "y": 256.15606689453125, "rx": 24.446692721122698, "ry": 17.106617676151988, "angle": 96.033}, "bar": null}