{"disk": {"i0": 0.1366666666666667, "n": 1.0, "c": 2.0, "mu": [255.9982541570416, 255.99254625512958], "roll": 2.5832060629464353, "rEff": 105.38184317205481, "axRatio": 0.999999998134348}, "bulge": {"i0": 0.619, "n": 2.346, "c": 2.0, "mu": [257.34019757986533, 256.12242700729325], "roll": 1.3775779789993898, "rEff": 12.914556407474842, "axRatio": 0.879772924164271}, "bar": null, "spirals": []}