{"disk": {"mu": [257.476771775288, 256.04054811111655], "rEff": 86.82294026706683, "axRatio": 0.49910104388247256, "roll": 0.7191220101617889}, "bulge": {"mu": [255.8473942350729, 255.03262560464978], "rEff": 27.768925993220567, "axRatio": 0.5260666990268614, "roll": 0.7139162152975912}, "bar": {"mu": [259.5837388461116, 253.46460632226982], "rEff": 17.698313821774487, "axRatio": 0.364579532702884, "roll": 0.593441043784682}, "spirals": []}