{"disk": {"x": 259.45647284325133, "y": 252.12049443671043, "rx": 176.33247732925426, "ry": 108.4276269780092, "angle": 158.348}, "bulge": {"x": 259.27951161454365, "y": 249.48477693883385, "rx": 33.475633359666155, "ry": 22.08355828164707, "angle": 25.389}, "bar": null}