{"disk": {"mu": [260.22339573609764, 253.34008795308966], "rEff": 70.55275165264997, "axRatio": 1.5746360277642142, "roll": 1.1371283360345599}, "bulge": {"mu": [259.23541233540755, 250.28671622618157], "rEff": 18.78979576166935, "axRatio": 0.9186926157196221, "roll": 0.784738133205318}, "bar": {"mu": [256.0, 256.0], "rEff": 5.202129103223983, "axRatio": -0.02188354622438604, "roll": 0.0}, "spirals": []}