{"disk": {"i0": 0.24550000000000005, "n": 1.0, "c": 2.0, "mu": [255.0024463010935, 256.29334976697186], "roll": 3.053490564836336, "rEff": 142.79908693790205, "axRatio": 0.9244907275500238}, "bulge": {"i0": 0.53875, "n": 1.6212499999999999, "c": 2.0, "mu": [257.87304298418366, 256.342320418549], "roll": 2.936602458112837, "rEff": 11.087663439187384, "axRatio": 0.898555781310319}, "bar": null, "spirals": []}