{"disk": {"mu": [256.22749004545983, 256.24135816797644], "rEff": 71.2724808487759, "axRatio": 0.5077137471772879, "roll": 3.1247423747070284}, "bulge": {"mu": [256.234474118018, 255.99142244778935], "rEff": 12.555452980581206, "axRatio": 0.4938115186840851, "roll": 0.05309181682604128}, "bar": null, "spirals": []}