{"disk": {"x": 255.9110860188802, "y": 254.84658813476562, "rx": 117.56300850981901, "ry": 78.35792516594479, "angle": 103.536}, "bulge": {"x": 258.2161388397217, "y": 254.00232601165771, "rx": 17.045749507444388, "ry": 13.486955128732038, "angle": 80.909}, "bar": {"width": 81.78113678404038, "height": 21.780731373183098, "x": 216.88679265127408, "y": 243.42732535344754, "angle": 148.784}}