{"disk": {"i0": 0.19052631578947368, "n": 1.0, "c": 2.0, "mu": [255.01802559989505, 254.9697104515047], "roll": 1.3566573121302912, "rEff": 29.059759522173366, "axRatio": 0.5017711866452453}, "bulge": {"i0": 1.0424999999999998, "n": 0.9108333333333333, "c": 2.0, "mu": [255.7526687078392, 254.69694224097495], "roll": 2.015848544516276, "rEff": 9.989374865044486, "axRatio": 0.936196565955175}, "bar": null, "spirals": []}