{"disk": null, "bulge": {"x": 255.54679679870605, "y": 257.76394271850586, "rx": 17.954980453000804, "ry": 12.24445995010263, "angle": 80.743}, "bar": null}