{"disk": {"mu": [260.223321824605, 255.6038829280217], "rEff": 111.59131209657963, "axRatio": 0.5421199606763705, "roll": 2.2262454432753334}, "bulge": {"mu": [260.36632646283306, 255.7756165979445], "rEff": 11.075841147891383, "axRatio": 0.9999999973841347, "roll": 2.6473842346072565}, "bar": {"mu": [257.7302634017487, 257.3457892702586], "rEff": 16.202448932908503, "axRatio": 0.33039883733537895, "roll": 0.8905120365106495}, "spirals": []}