{"disk": {"x": 255.8715168346058, "y": 258.60000702829075, "rx": 141.21702507659947, "ry": 104.61155576136481, "angle": 49.389}, "bulge": {"x": 257.2111930847168, "y": 256.3027286529541, "rx": 17.74754908963839, "ry": 13.043689206184226, "angle": 131.814}, "bar": {"width": 36.83880913569477, "height": 19.00162563072936, "x": 239.93481423301523, "y": 246.94249124652498, "angle": 25.955}}