{"disk": {"x": 255.55994280646829, "y": 257.01005733714385, "rx": 171.91887697280654, "ry": 83.5682918588983, "angle": 77.105}, "bulge": {"x": 257.8909517176011, "y": 257.0996695125804, "rx": 15.280848749197041, "ry": 10.356929234179768, "angle": 52.06}, "bar": null}