{"disk": {"x": 257.13043043348523, "y": 259.5499742296007, "rx": 111.72635505832791, "ry": 77.29865474350515, "angle": 114.723}, "bulge": {"x": 259.0360929701063, "y": 257.4461602105035, "rx": 21.778901656462235, "ry": 17.0761315917592, "angle": 156.248}, "bar": null}