{"disk": {"x": 258.9451853434245, "y": 248.62176005045572, "rx": 135.28174694958994, "ry": 104.40534461291844, "angle": 5.831}, "bulge": {"x": 257.7086470754523, "y": 250.8434769479852, "rx": 27.7026358847062, "ry": 20.19189021442568, "angle": 154.457}, "bar": {"width": 61.499996185302734, "height": 36.999996185302734, "x": 227.38750076293945, "y": 227.7677116394043, "angle": 0.0}}