{"disk": {"mu": [255.9982541570416, 255.99254625512958], "rEff": 105.38184317205481, "axRatio": 0.999999998134348, "roll": 2.5832060629464353}, "bulge": {"mu": [257.34019757986533, 256.12242700729325], "rEff": 12.914556407474842, "axRatio": 0.879772924164271, "roll": 1.3775779789993898}, "bar": null, "spirals": []}