{"disk": {"i0": 0.19166666666666665, "n": 1.0, "c": 2.0, "mu": [258.42803698397535, 255.48459151581832], "roll": 1.5786180513440735, "rEff": 107.7633457920409, "axRatio": 0.6326876718237703}, "bulge": {"i0": 0.522, "n": 2.1060000000000003, "c": 2.0, "mu": [260.6235950487289, 256.7318023674492], "roll": 1.6598570253095286, "rEff": 17.337571754826502, "axRatio": 0.8259062544138317}, "bar": null, "spirals": []}