{"disk": {"x": 256.2523405013546, "y": 258.598394578503, "rx": 143.99690005560078, "ry": 107.53352547019033, "angle": 49.464}, "bulge": {"x": 257.2243995666504, "y": 255.77728843688965, "rx": 19.38030042172122, "ry": 13.31129827438997, "angle": 124.771}, "bar": {"width": 36.83880913569477, "height": 19.00162563072936, "x": 239.93481423301523, "y": 246.94249124652498, "angle": 25.955}}