{"disk": {"x": 261.3705509730748, "y": 253.15776171003068, "rx": 142.6946588403391, "ry": 113.89230001939158, "angle": 117.702}, "bulge": {"x": 260.3143744217722, "y": 252.32310084292763, "rx": 19.29981933600348, "ry": 14.630402417888059, "angle": 142.978}, "bar": null}