{"disk": {"x": 255.3035479093853, "y": 255.20797408254523, "rx": 117.84083262878357, "ry": 100.69267934091222, "angle": 111.126}, "bulge": {"x": 255.79986233181424, "y": 256.0228441026476, "rx": 23.48948815173323, "ry": 16.23262805980103, "angle": 17.464}, "bar": null}