{"disk": {"mu": [254.43441729700766, 254.02591411483363], "rEff": 48.32646966414277, "axRatio": 0.4762794926877111, "roll": 0.3724351278775694}, "bulge": {"mu": [255.82198595659614, 254.4577938540922], "rEff": 10.760142297318133, "axRatio": 0.9252898334908686, "roll": 0.0946366498359058}, "bar": null, "spirals": []}