{"disk": null, "bulge": {"mu": [254.0295876752988, 257.5523527408953], "rEff": 22.864372167271934, "axRatio": 0.9999999927683351, "roll": 0.45522454056484385}, "bar": null, "spirals": []}