{"disk": {"x": 254.53399724545687, "y": 256.25090557595956, "rx": 132.77455615180224, "ry": 86.6625335530112, "angle": 165.827}, "bulge": {"x": 258.0714776175363, "y": 254.08008466448103, "rx": 22.334897611812824, "ry": 11.489994486390183, "angle": 164.512}, "bar": {"width": 53.89786754363083, "height": 22.186395937844946, "x": 226.7693294728135, "y": 240.8729839768783, "angle": 9.377}}