{"disk": {"x": 256.8047678094161, "y": 255.10335018760279, "rx": 162.30134322024205, "ry": 114.29387512048537, "angle": 118.029}, "bulge": {"x": 256.52130635579425, "y": 253.5403289794922, "rx": 27.800576481371532, "ry": 18.852434239557436, "angle": 125.661}, "bar": {"width": 88.50330003879972, "height": 30.17792542055065, "x": 213.55969832349564, "y": 239.65748656950987, "angle": 44.599}}