{"disk": {"x": 258.78473017765924, "y": 253.68410081129807, "rx": 160.2720055411187, "ry": 88.32410539126225, "angle": 67.593}, "bulge": {"x": 258.2457041422526, "y": 255.84119059244793, "rx": 38.91797692300411, "ry": 19.675479076827266, "angle": 83.296}, "bar": null}