{"disk": {"x": 259.98861224834735, "y": 248.00339097243088, "rx": 238.28330596791017, "ry": 126.86329300691297, "angle": 6.006}, "bulge": {"x": 266.58583068847656, "y": 248.39208068847657, "rx": 68.72432368792911, "ry": 34.64109719960655, "angle": 4.825}, "bar": {"width": 135.79941131629838, "height": 42.591372581429965, "x": 201.6673096718476, "y": 225.34216033810986, "angle": 178.473}}