{"disk": {"mu": [256.03379144540685, 256.27331527609476], "rEff": 54.208624063675295, "axRatio": 1.746484474447675, "roll": 0.6992818894458769}, "bulge": {"mu": [258.3949736175342, 257.3271626163881], "rEff": 16.264412637763364, "axRatio": 0.90771733781192, "roll": 2.811031388709019}, "bar": {"mu": [256.2265627484904, 257.00000021812065], "rEff": 32.46558491175258, "axRatio": 0.40604886205745105, "roll": 1.3028858659810143}, "spirals": []}