{"disk": {"x": 259.81840260823566, "y": 255.20034790039062, "rx": 122.50581295541396, "ry": 85.32834328828517, "angle": 23.723}, "bulge": {"x": 258.0019073486328, "y": 254.83323669433594, "rx": 12.216274160011958, "ry": 7.638151793420327, "angle": 0.0}, "bar": null}