{"disk": {"mu": [257.4767902974031, 256.0405186520117], "rEff": 43.333433439131134, "axRatio": 2.003601986793242, "roll": -0.8516739943175629}, "bulge": {"mu": [255.84739390141974, 255.0326108240746], "rEff": 14.608291459060124, "axRatio": 1.9009014346059274, "roll": -0.8568799032190025}, "bar": {"mu": [256.0, 256.0], "rEff": 5.0, "axRatio": 0.7, "roll": 0.0}, "spirals": []}