{"disk": {"mu": [256.3040179860961, 256.12001442027423], "rEff": 106.93056373372923, "axRatio": 1.043723843174567, "roll": 9.357633221062734}, "bulge": null, "bar": {"mu": [256.7024916752661, 256.23914305487216], "rEff": 15.783802304057504, "axRatio": -0.28205136153834137, "roll": -1.3675356822457352}, "spirals": []}