{"disk": {"x": 256.19409866333007, "y": 259.7253704071045, "rx": 115.29399242473008, "ry": 92.05800739330962, "angle": 41.916}, "bulge": {"x": 256.2369088565602, "y": 257.43502717859604, "rx": 14.164387651580649, "ry": 10.734576768630646, "angle": 75.354}, "bar": null}