{"disk": {"i0": 0.28066666666666673, "n": 1.0, "c": 2.0, "mu": [256.22749004545983, 256.24135816797644], "roll": 3.1247423747070284, "rEff": 71.2724808487759, "axRatio": 0.5077137471772879}, "bulge": {"i0": 0.42625, "n": 2.6012500000000003, "c": 2.0, "mu": [256.234474118018, 255.99142244778935], "roll": 0.05309181682604128, "rEff": 12.555452980581206, "axRatio": 0.4938115186840851}, "bar": null, "spirals": []}