{"disk": {"x": 255.91055387609146, "y": 255.0889039881089, "rx": 136.72031070607576, "ry": 119.82504691684383, "angle": 47.791}, "bulge": {"x": 256.70727691650393, "y": 256.40294952392577, "rx": 20.45822438950247, "ry": 14.019310676083586, "angle": 25.181}, "bar": null}