{"disk": {"x": 259.7174078623454, "y": 266.80849329630536, "rx": 151.16457736562106, "ry": 104.16658949895363, "angle": 6.044}, "bulge": {"x": 258.04332478841144, "y": 256.15927759806317, "rx": 22.43544483592099, "ry": 17.90255586114478, "angle": 135.004}, "bar": null}