{"disk": {"i0": 0.192, "n": 1.0, "c": 2.0, "mu": [259.64282412541763, 255.36880265393236], "roll": 2.3858973881608874, "rEff": 43.35632374575813, "axRatio": 0.4808375097954926}, "bulge": {"i0": 0.7788888888888889, "n": 0.8544444444444443, "c": 2.0, "mu": [258.9177788228962, 254.41215884607843], "roll": 1.762075784513378, "rEff": 6.873827577169282, "axRatio": 0.9837779643842323}, "bar": null, "spirals": []}