{"disk": {"x": 247.84305267333986, "y": 240.25649337768556, "rx": 192.8390714813571, "ry": 89.69369758771401, "angle": 125.887}, "bulge": {"x": 260.9418834339489, "y": 256.7044760964134, "rx": 19.880503003079266, "ry": 13.399740451587137, "angle": 104.366}, "bar": {"width": 66.5897121066771, "height": 20.766800064606674, "x": 226.19282120292775, "y": 244.59072487614392, "angle": 50.907}}