{"disk": {"i0": 0.22142857142857145, "n": 1.0, "c": 2.0, "mu": [258.2817644317804, 254.92202163087828], "roll": 1.217825631123535, "rEff": 70.4884121878451, "axRatio": 0.5403567613666321}, "bulge": {"i0": 0.5063636363636363, "n": 1.7345454545454544, "c": 2.0, "mu": [258.0563696483136, 254.91682453145603], "roll": 1.4647716324543028, "rEff": 19.507588198239, "axRatio": 0.49605811580926584}, "bar": null, "spirals": []}