{"disk": {"x": 254.67768669128418, "y": 257.96472867329913, "rx": 187.5722176090933, "ry": 100.24199559992947, "angle": 18.644}, "bulge": {"x": 256.89651579015396, "y": 257.13368135340073, "rx": 21.11263188915363, "ry": 14.399967051440152, "angle": 27.302}, "bar": null}