{"disk": {"x": 257.5365636488971, "y": 256.88261862362134, "rx": 135.07529678153156, "ry": 124.51318183760225, "angle": 141.424}, "bulge": {"x": 258.1538314819336, "y": 255.2878875732422, "rx": 22.692694959051238, "ry": 12.885207600194187, "angle": 45.913}, "bar": {"width": 58.112497422138446, "height": 18.88716728915547, "x": 227.68064971117198, "y": 242.36786731367425, "angle": 130.743}}