{"disk": null, "bulge": {"i0": 0.914, "n": 2.378, "c": 2.0, "mu": [257.49319457386906, 254.54719541633423], "roll": 4.834578712525099e-09, "rEff": 7.317962629464844, "axRatio": 0.5638564853240401}, "bar": null, "spirals": []}