{"disk": null, "bulge": null, "bar": {"mu": [261.09276141313103, 250.96557723206016], "rEff": 33.62577083060056, "axRatio": 0.3249535192783311, "roll": 0.26406146353623144}, "spirals": []}