{"disk": {"mu": [256.66654690509733, 255.63287639088477], "rEff": 124.08895080170142, "axRatio": 0.8839612476684748, "roll": 1.0004037204958482}, "bulge": {"mu": [257.5343384626297, 253.07118567462845], "rEff": 20.031804060692465, "axRatio": 0.9573645389919162, "roll": 2.23126499805705}, "bar": null, "spirals": []}