{"disk": null, "bulge": {"mu": [255.25771765157904, 256.1977507768143], "rEff": 19.964001131437705, "axRatio": 1.3755053164105164, "roll": 0.013064310203595962}, "bar": null, "spirals": []}