{"disk": {"x": 253.0153062608507, "y": 257.1809488932292, "rx": 113.19328334463245, "ry": 58.25439176996814, "angle": 153.762}, "bulge": {"x": 255.21422322591147, "y": 257.6483790079753, "rx": 15.125753112671699, "ry": 10.47475932543743, "angle": 15.483}, "bar": {"width": 39.40488891601562, "height": 21.08541259765625, "x": 232.26288452148438, "y": 248.4950714111328, "angle": 160.571}}