{"disk": {"x": 254.26794017444956, "y": 257.0153988924894, "rx": 127.85397155327854, "ry": 97.71923646862678, "angle": 147.667}, "bulge": {"x": 255.19275665283203, "y": 255.70402145385742, "rx": 11.779040538979759, "ry": 8.790658127920079, "angle": 118.959}, "bar": null}