{"disk": {"x": 256.3588329496838, "y": 258.0788385300409, "rx": 179.8116741831125, "ry": 93.46455893800982, "angle": 70.003}, "bulge": {"x": 255.88949475969588, "y": 255.8553237915039, "rx": 13.068157772880102, "ry": 10.412324177585576, "angle": 88.634}, "bar": null}