{"disk": {"mu": [260.22339738544633, 253.34004262548655], "rEff": 111.09490631598932, "axRatio": 0.6350672623503784, "roll": 2.7079250731461513}, "bulge": {"mu": [259.2354131196508, 250.28671120951793], "rEff": 18.789804975794407, "axRatio": 0.918692213107333, "roll": 0.7847419756269927}, "bar": {"mu": [256.0, 256.0], "rEff": 5.0, "axRatio": 0.7, "roll": 0.0}, "spirals": []}