{"disk": {"x": 257.3767078944615, "y": 257.3112269810268, "rx": 122.15609107216677, "ry": 101.78534415998881, "angle": 0.0}, "bulge": {"x": 257.5564716045673, "y": 254.4627650334285, "rx": 24.048219654007518, "ry": 14.199634468196141, "angle": 128.828}, "bar": {"width": 36.60120540914251, "height": 14.134748175658007, "x": 240.57541391225004, "y": 248.4799128994757, "angle": 52.006}}