{"disk": {"mu": [259.92978458223905, 255.05566768372668], "rEff": 21.13953114634406, "axRatio": 2.0273748544500543, "roll": 0.8227849053851318}, "bulge": {"mu": [258.9072137585027, 254.48068143262762], "rEff": 6.8026371658745495, "axRatio": 0.9937874637537523, "roll": -0.8952273521348192}, "bar": null, "spirals": []}