{"disk": {"mu": [252.1340947851053, 256.1885535743593], "rEff": 49.28794087918593, "axRatio": 1.9842179379449678, "roll": 0.6865376917990195}, "bulge": {"mu": [254.43724724002388, 257.9667203180023], "rEff": 19.182920364060227, "axRatio": 1.2958069502175433, "roll": 0.544269666898634}, "bar": null, "spirals": []}