{"disk": {"x": 256.60513516689866, "y": 253.75758248187125, "rx": 128.4897011092885, "ry": 99.76511916409892, "angle": 104.087}, "bulge": {"x": 257.6952096121652, "y": 254.20763549804687, "rx": 13.787853406476444, "ry": 9.174232111608982, "angle": 103.829}, "bar": null}