{"disk": {"x": 258.92493438720703, "y": 255.81139373779297, "rx": 73.05314841611647, "ry": 46.7514793081999, "angle": 121.317}, "bulge": {"x": 259.88230357450595, "y": 254.90481926413145, "rx": 16.237340643529652, "ry": 11.841671382101502, "angle": 87.984}, "bar": {"width": 49.72070378095207, "height": 21.084739755069563, "x": 235.11308560952395, "y": 245.9611457474652, "angle": 134.859}}