{"disk": {"mu": [253.68828099494652, 253.2916379473695], "rEff": 29.243186647004087, "axRatio": 1.7311773561666097, "roll": 0.007343554906847897}, "bulge": {"mu": [253.6610495825979, 251.94286862299788], "rEff": 13.944662417064658, "axRatio": -0.9145009955595522, "roll": 1.528235789606771}, "bar": null, "spirals": []}