{"disk": {"x": 254.82429665013365, "y": 254.55256893760279, "rx": 171.35501273777837, "ry": 97.12030163493421, "angle": 162.051}, "bulge": {"x": 256.06875, "y": 253.8875, "rx": 19.969133622530755, "ry": 15.554406071133439, "angle": 112.248}, "bar": {"width": 60.790799307025544, "height": 18.83073752614068, "x": 225.82249712586545, "y": 249.29537927363205, "angle": 99.974}}