{"disk": {"i0": 0.21999999999999997, "n": 1.0, "c": 2.0, "mu": [260.22339738544633, 253.34004262548655], "roll": 2.7079250731461513, "rEff": 111.09490631598932, "axRatio": 0.6350672623503784}, "bulge": {"i0": 0.8730434782608695, "n": 1.693913043478261, "c": 2.0, "mu": [259.2354131196508, 250.28671120951793], "roll": 0.7847419756269927, "rEff": 18.789804975794407, "axRatio": 0.918692213107333}, "bar": {"i0": 0.18, "n": 0.67875, "c": 1.975, "mu": [256.0, 256.0], "roll": 0.0, "rEff": 5.0, "axRatio": 0.7}, "spirals": []}