{"disk": {"x": 256.48324495203354, "y": 255.2694589951459, "rx": 155.91274003271366, "ry": 81.39486057161274, "angle": 137.896}, "bulge": {"x": 257.01558471679687, "y": 257.1393133544922, "rx": 19.10007735142485, "ry": 14.17678680601112, "angle": 126.383}, "bar": null}