{"disk": {"mu": [257.2809768674326, 256.0975527522397], "rEff": 78.26114868091615, "axRatio": 0.5736770151885067, "roll": 1.8190793491521722}, "bulge": null, "bar": null, "spirals": []}