{"disk": {"mu": [258.2817644317804, 254.92202163087828], "rEff": 70.4884121878451, "axRatio": 0.5403567613666321, "roll": 1.217825631123535}, "bulge": {"mu": [258.0563696483136, 254.91682453145603], "rEff": 19.507588198239, "axRatio": 0.49605811580926584, "roll": 1.4647716324543028}, "bar": null, "spirals": []}