{"disk": {"x": 257.0104071044922, "y": 253.84799499511718, "rx": 95.91840521956983, "ry": 51.36692956159721, "angle": 129.975}, "bulge": {"x": 257.7225235648777, "y": 254.0917451278023, "rx": 11.29947928231628, "ry": 8.122476697006087, "angle": 168.003}, "bar": null}