{"disk": {"x": 254.8728396767064, "y": 256.8092097232216, "rx": 139.24329143804, "ry": 71.88904487950872, "angle": 23.52}, "bulge": {"x": 256.82090551202947, "y": 253.99463029341265, "rx": 18.06367463905809, "ry": 14.00767038628182, "angle": 79.11}, "bar": {"width": 57.58722140557396, "height": 15.11333366065674, "x": 227.0423763882774, "y": 246.7953591553894, "angle": 121.186}}