{"disk": {"i0": 0.2376470588235294, "n": 1.0, "c": 2.0, "mu": [257.87497076238077, 254.87826349190857], "roll": 1.2258754555159976, "rEff": 74.8935969694763, "axRatio": 0.5249793934732125}, "bulge": {"i0": 0.5225000000000001, "n": 1.6633333333333333, "c": 2.0, "mu": [257.72685492612266, 254.81111174197463], "roll": 1.4311919875283783, "rEff": 19.203322618215125, "axRatio": 0.4947606667539106}, "bar": null, "spirals": []}