{"disk": {"x": 256.3100051879883, "y": 254.77847747802736, "rx": 57.37781763943822, "ry": 41.00376769242936, "angle": 80.426}, "bulge": {"x": 255.9521931966146, "y": 255.618999226888, "rx": 9.300002668425584, "ry": 6.235730107611113, "angle": 33.435}, "bar": {"width": 69.60762872581563, "height": 18.90725425402408, "x": 222.2572618013378, "y": 246.95001171270962, "angle": 56.319}}