{"disk": {"x": 255.58976162181182, "y": 256.4991293514476, "rx": 155.53057659510344, "ry": 105.02724971266834, "angle": 13.736}, "bulge": {"x": 255.17112731933594, "y": 254.1888427734375, "rx": 44.96917387662965, "ry": 23.361748862577308, "angle": 138.374}, "bar": {"width": 70.4357265976257, "height": 28.95296322127321, "x": 220.20233387017313, "y": 240.94255398303207, "angle": 45.07}}