{"disk": {"x": 254.5987960152004, "y": 257.62586378014606, "rx": 140.57526232680536, "ry": 114.85325787517534, "angle": 9.918}, "bulge": {"x": 255.78367614746094, "y": 256.11729431152344, "rx": 18.18789669714803, "ry": 10.400522815520052, "angle": 81.314}, "bar": null}