{"disk": {"mu": [255.7658039416915, 260.0202941471992], "rEff": 76.66318182686801, "axRatio": -1.120302550386216, "roll": 2.2917819546406313}, "bulge": {"mu": [256.72055114239663, 257.71583367191545], "rEff": 11.67621218398616, "axRatio": 0.9999999991873154, "roll": 2.679142729836904}, "bar": null, "spirals": []}