{"disk": {"x": 257.5365636488971, "y": 256.88261862362134, "rx": 135.07529678153156, "ry": 124.51318183760225, "angle": 141.424}, "bulge": {"x": 256.5083312988281, "y": 256.15665520562067, "rx": 13.213493920889213, "ry": 7.33105480081401, "angle": 55.646}, "bar": {"width": 58.112497422138446, "height": 18.88716728915547, "x": 227.68064971117198, "y": 242.36786731367425, "angle": 130.743}}