{"disk": {"i0": 0.22428571428571428, "n": 1.0, "c": 2.0, "mu": [257.2809768674326, 256.0975527522397], "roll": 1.8190793491521722, "rEff": 78.26114868091615, "axRatio": 0.5736770151885067}, "bulge": null, "bar": null, "spirals": []}