{"disk": {"x": 254.1129180908203, "y": 254.76432342529296, "rx": 192.38912177244168, "ry": 92.6083411519357, "angle": 165.287}, "bulge": {"x": 258.8034973144531, "y": 255.1031754437615, "rx": 29.63346247016503, "ry": 21.81990059094075, "angle": 155.687}, "bar": null}