{"disk": {"mu": [261.4168138046972, 255.82504785295598], "rEff": 106.4654674839535, "axRatio": 0.5076643642589148, "roll": 2.927956388674189}, "bulge": {"mu": [259.1373859213115, 255.1949652989503], "rEff": 23.895774382926117, "axRatio": 0.9999999999509583, "roll": 2.105298015431882}, "bar": null, "spirals": []}