{"disk": {"x": 259.45647284325133, "y": 252.12049443671043, "rx": 176.33247732925426, "ry": 108.4276269780092, "angle": 158.348}, "bulge": {"x": 258.9895285147208, "y": 250.02958735713253, "rx": 24.836098305308408, "ry": 18.836525284394384, "angle": 53.604}, "bar": null}