{"disk": {"i0": 0.19499999999999998, "n": 1.0, "c": 2.0, "mu": [259.46874986497687, 253.62499978070326], "roll": 2.3630437041316825, "rEff": 109.62207832792592, "axRatio": 0.53090887073707}, "bulge": {"i0": 0.581111111111111, "n": 1.4677777777777778, "c": 2.0, "mu": [260.4916343451015, 255.4953572164365], "roll": 2.2985887297840346, "rEff": 22.762542102739417, "axRatio": 0.8028629187662826}, "bar": null, "spirals": []}