{"disk": {"i0": 0.256, "n": 1.0, "c": 2.0, "mu": [254.02258070291305, 255.7838377240093], "roll": 0.6013247258020935, "rEff": 99.12172556699184, "axRatio": 0.9575107619052844}, "bulge": {"i0": 0.5962500000000001, "n": 1.5775000000000001, "c": 2.0, "mu": [255.73880566715923, 256.155489868747], "roll": 1.480266623358047, "rEff": 10.267335007161567, "axRatio": 0.5444087476724586}, "bar": null, "spirals": []}