{"disk": {"x": 259.91797214084204, "y": 253.82656521267361, "rx": 192.761094103449, "ry": 121.86204075029991, "angle": 173.776}, "bulge": null, "bar": {"width": 110.35806107273744, "height": 32.13446406399294, "x": 203.94536812862594, "y": 235.47028655598294, "angle": 55.111}}