{"disk": {"x": 258.15556627638796, "y": 256.93182600305437, "rx": 174.3646087136412, "ry": 86.10312170347413, "angle": 40.676}, "bulge": {"x": 256.4453883017263, "y": 254.78929630402595, "rx": 46.378631055522916, "ry": 25.486217055696848, "angle": 37.455}, "bar": {"width": 42.19187974422543, "height": 24.705023003413565, "x": 235.87281012788728, "y": 232.64748849829317, "angle": 130.362}}