{"disk": {"i0": 0.18857142857142858, "n": 1.0, "c": 2.0, "mu": [261.4168138046972, 255.82504785295598], "roll": 2.927956388674189, "rEff": 106.4654674839535, "axRatio": 0.5076643642589148}, "bulge": {"i0": 0.5239999999999999, "n": 2.95, "c": 2.0, "mu": [259.1373859213115, 255.1949652989503], "roll": 2.105298015431882, "rEff": 23.895774382926117, "axRatio": 0.9999999999509583}, "bar": null, "spirals": []}