{"disk": {"mu": [257.0203401104574, 256.4484877264257], "rEff": 109.51056247495887, "axRatio": 0.9237685348237563, "roll": 1.1649479867361143}, "bulge": {"mu": [257.3402128428045, 256.1224301961559], "rEff": 11.361889400694835, "axRatio": 1.136654978114176, "roll": -0.19322165991665474}, "bar": null, "spirals": []}