{"disk": {"x": 253.84842640644794, "y": 253.01275284225875, "rx": 194.31870256211275, "ry": 100.97999235667774, "angle": 141.531}, "bulge": {"x": 255.26024510310248, "y": 253.77045381986179, "rx": 31.75555286642007, "ry": 17.96688708179403, "angle": 142.422}, "bar": {"width": 74.68343334287384, "height": 29.509429367182154, "x": 219.36504482497077, "y": 238.11518070651076, "angle": 34.052}}