{"disk": {"i0": 0.2204347826086957, "n": 1.0, "c": 2.0, "mu": [253.7230398687892, 253.1156322267825], "roll": 1.5485960025065226, "rEff": 52.0225490712729, "axRatio": 0.5866805998796341}, "bulge": {"i0": 0.7345, "n": 1.1945000000000001, "c": 2.0, "mu": [253.66104853801454, 251.94286959483023], "roll": 1.528238167195919, "rEff": 13.94466193732051, "axRatio": 0.9145009585924792}, "bar": null, "spirals": []}