{"disk": {"x": 254.62638244628906, "y": 251.49480773925782, "rx": 144.36914458463795, "ry": 108.63126828893803, "angle": 115.141}, "bulge": {"x": 256.6201452636719, "y": 257.76550048828125, "rx": 22.254592762523643, "ry": 12.934508057686593, "angle": 154.848}, "bar": null}