{"disk": {"mu": [261.4168207347563, 255.82510374658062], "rEff": 54.04877303850281, "axRatio": -1.969803828859773, "roll": 1.3571594910201041}, "bulge": {"mu": [259.0393873648358, 255.69624750351048], "rEff": 24.377220725948483, "axRatio": -0.9448595121063545, "roll": -9.475469320109209}, "bar": null, "spirals": []}