{"disk": {"i0": 0.17500000000000002, "n": 1.0, "c": 2.0, "mu": [255.3255797397879, 254.62462776433154], "roll": 1.3929106392665425, "rEff": 28.681017381715733, "axRatio": 0.47880485680961204}, "bulge": {"i0": 1.0424999999999998, "n": 0.9108333333333333, "c": 2.0, "mu": [255.75267762948872, 254.6969289631626], "roll": 2.0158470667927615, "rEff": 9.989375485273877, "axRatio": 0.936195946759967}, "bar": null, "spirals": []}