{"disk": null, "bulge": {"i0": 0.5533333333333333, "n": 1.8500000000000003, "c": 2.0, "mu": [254.0295876752988, 257.5523527408953], "roll": 0.45522454056484385, "rEff": 22.864372167271934, "axRatio": 0.9999999927683351}, "bar": null, "spirals": []}