{"disk": {"x": 253.5449683147928, "y": 258.5629265826681, "rx": 135.7527465947478, "ry": 88.15200094253566, "angle": 8.242, "i0": 0.8552173913043477, "n": 1, "c": 2}, "bulge": {"x": 256.0614827473958, "y": 255.90440453423395, "rx": 18.076881050424255, "ry": 13.673037237572176, "angle": 0.0, "i0": 0.9461111111111111, "n": 0.8566666666666667, "c": 2}, "bar": null}