{"disk": {"x": 258.97753058539496, "y": 253.66261630588107, "rx": 107.37144547406075, "ry": 66.49911707104754, "angle": 143.487, "i0": 0.8066666666666666, "n": 1, "c": 2}, "bulge": {"x": 259.3093052914268, "y": 253.64513276752672, "rx": 15.348490494159142, "ry": 11.24659593092263, "angle": 118.353, "i0": 1.0121052631578948, "n": 0.8347368421052631, "c": 2}, "bar": {"width": 106.53823104173746, "height": 22.038222566002247, "x": 206.84716026648474, "y": 244.05283390742846, "angle": 40.127, "i0": 1.08, "n": 0.035, "c": 0.385}}