{"disk": {"x": 256.3403015136719, "y": 257.7353963216146, "rx": 125.04868294463944, "ry": 114.19709898486158, "angle": 53.132, "i0": 0.8426666666666667, "n": 1, "c": 2}, "bulge": {"x": 256.3139208625345, "y": 254.82407962574678, "rx": 11.9603753754199, "ry": 10.954032638762044, "angle": 63.886, "i0": 1.0223529411764707, "n": 0.973529411764706, "c": 2}, "bar": null}