{"disk": {"x": 251.20237884521484, "y": 259.02007751464845, "rx": 172.66197213410356, "ry": 117.95872677135753, "angle": 34.095}, "bulge": {"x": 257.906817787572, "y": 258.4239710757607, "rx": 21.117327815577248, "ry": 15.79942548996782, "angle": 18.855}, "bar": null}