{"disk": {"x": 256.39658203125, "y": 257.17478739420574, "rx": 144.52369794617746, "ry": 123.92536287066261, "angle": 67.163}, "bulge": {"x": 256.6302846272786, "y": 257.3374972873264, "rx": 12.66920726025118, "ry": 10.248217040067967, "angle": 127.762}, "bar": null}