{"disk": {"x": 259.9618558883667, "y": 260.9866828918457, "rx": 139.13946988686183, "ry": 124.83603968004887, "angle": 48.815}, "bulge": {"x": 257.0671157836914, "y": 255.45743560791016, "rx": 20.736086886096555, "ry": 10.662227713709433, "angle": 120.493}, "bar": null}