{"disk": {"x": 253.9648895263672, "y": 256.75667572021484, "rx": 167.54950259002794, "ry": 99.47392631265046, "angle": 108.781}, "bulge": {"x": 256.1587687174479, "y": 255.44056091308593, "rx": 20.659848901273072, "ry": 15.114887549700365, "angle": 139.994}, "bar": null}