{"disk": {"x": 256.87730290339545, "y": 252.7741945706881, "rx": 108.5695421472504, "ry": 82.78882159674937, "angle": 10.795, "i0": 1.1523076923076923, "n": 1, "c": 2}, "bulge": {"x": 258.9613941737584, "y": 253.34481266566686, "rx": 22.406548878679015, "ry": 17.746634372262285, "angle": 58.756, "i0": 1.01, "n": 0.7885714285714285, "c": 2}, "bar": null}