{"disk": {"x": 255.4527913873846, "y": 257.06914312189275, "rx": 147.25732900489245, "ry": 110.0969594174309, "angle": 77.245, "i0": 0.8177272727272726, "n": 1, "c": 2}, "bulge": {"x": 256.11322106255426, "y": 256.20390065511066, "rx": 21.18714796701811, "ry": 14.179115288977046, "angle": 80.094, "i0": 0.8772222222222222, "n": 0.5244444444444444, "c": 2}, "bar": null}