{"disk": {"x": 257.76883293600645, "y": 255.02786972943474, "rx": 125.9777630438049, "ry": 95.02655482837952, "angle": 77.11}, "bulge": {"x": 257.4666685216567, "y": 254.70556191837088, "rx": 10.141082680885374, "ry": 6.997541628113453, "angle": 76.871}, "bar": {"width": 76.31048189543182, "height": 19.433704431575833, "x": 219.06775862503798, "y": 247.4367084226398, "angle": 122.819}}