{"disk": {"x": 255.24492390950522, "y": 255.04733339945474, "rx": 118.0485694735706, "ry": 68.23336731394116, "angle": 38.923}, "bulge": {"x": 255.26971871512276, "y": 255.4823259626116, "rx": 12.64742996422215, "ry": 11.398650123149196, "angle": 91.96}, "bar": {"width": 91.94480861420283, "height": 23.23564866426104, "x": 209.9250100063209, "y": 241.77938398763945, "angle": 133.643}}