{"disk": {"mu": [260.2820013114257, 252.9203264782729], "rEff": 54.68591617253837, "axRatio": 0.4361318603030515, "roll": 0.04772094967942372}, "bulge": {"mu": [259.6767127541057, 253.906200634734], "rEff": 10.559484583872294, "axRatio": 0.8371347630477812, "roll": 0.1357815872482811}, "bar": null, "spirals": []}