{"disk": {"x": 257.52190738254126, "y": 252.8618630303277, "rx": 167.24019815485326, "ry": 108.74803781607017, "angle": 94.946}, "bulge": {"x": 258.2462473551432, "y": 256.0427256266276, "rx": 18.913937492880418, "ry": 16.54625400619705, "angle": 28.99}, "bar": null}