{"disk": {"x": 258.7908137928356, "y": 254.779521595348, "rx": 142.5093182100709, "ry": 96.02980100377908, "angle": 56.247}, "bulge": {"x": 258.67043685913086, "y": 252.74140644073486, "rx": 14.434333768194612, "ry": 11.933424752442342, "angle": 107.879}, "bar": null}