{"disk": {"mu": [256.1902015803576, 257.8387204489332], "rEff": 107.27420961555192, "axRatio": 0.9642575821722922, "roll": 1.1771675634175693}, "bulge": {"mu": [256.47382249914807, 255.04340884540676], "rEff": 12.179352292309304, "axRatio": 0.9542706351916898, "roll": 1.9636005238877419}, "bar": null, "spirals": []}