{"disk": {"x": 253.38922576904298, "y": 253.2951217651367, "rx": 153.53308065335187, "ry": 96.59115461461978, "angle": 164.841, "i0": 1.174, "n": 1, "c": 2}, "bulge": {"x": 257.69470134534333, "y": 253.60097222579154, "rx": 30.08385309946458, "ry": 22.026677482107527, "angle": 167.554, "i0": 1.0178947368421052, "n": 0.6763157894736843, "c": 2}, "bar": null}