{"disk": {"x": 254.0293172200521, "y": 256.93189366658527, "rx": 123.55429813460921, "ry": 93.16198434474472, "angle": 153.72, "i0": 0.87, "n": 1, "c": 2}, "bulge": {"x": 255.89682006835938, "y": 255.7574666341146, "rx": 17.827143074849825, "ry": 10.920757607807843, "angle": 0.0, "i0": 1.0283333333333333, "n": 0.7033333333333333, "c": 2}, "bar": null}