{"disk": {"x": 259.27423898797286, "y": 255.51933770430716, "rx": 126.68721840818425, "ry": 98.25371659786947, "angle": 74.471}, "bulge": {"x": 255.7528533935547, "y": 254.4578094482422, "rx": 25.559999640360783, "ry": 13.69927067384332, "angle": 40.389}, "bar": {"width": 61.66274255325897, "height": 16.299861821596462, "x": 227.41933952862766, "y": 244.81433936304617, "angle": 133.64}}