{"disk": null, "bulge": {"x": 257.147215101454, "y": 254.6044430202908, "rx": 14.593945505169428, "ry": 9.760776703616244, "angle": 38.964}, "bar": null}