{"disk": {"x": 261.1097230457124, "y": 257.81788853236606, "rx": 134.11417717428134, "ry": 77.14152698015803, "angle": 8.101}, "bulge": {"x": 256.40863844927617, "y": 256.0508413875804, "rx": 19.81746843238349, "ry": 10.833841669177248, "angle": 4.271}, "bar": null}