{"disk": {"x": 257.23391789975375, "y": 254.2102448836617, "rx": 165.95484042682014, "ry": 99.08732622311155, "angle": 178.39}, "bulge": {"x": 257.632322523329, "y": 254.72967698838977, "rx": 13.986353273232718, "ry": 8.519361932217782, "angle": 133.88}, "bar": null}