{"disk": {"i0": 0.11666666666666667, "n": 1.0, "c": 2.0, "mu": [253.96669083945585, 255.16718303379542], "roll": 1.5101871046197157, "rEff": 37.662840553883505, "axRatio": 0.5835744047884841}, "bulge": {"i0": 1.027, "n": 1.778, "c": 2.0, "mu": [253.9687498377865, 253.99999942543104], "roll": 1.518213267284321, "rEff": 19.026298694925526, "axRatio": 0.8241203596677619}, "bar": {"i0": 0.19333333333333336, "n": 0.5599999999999999, "c": 1.9800000000000002, "mu": [252.97656227304358, 251.99998699747883], "roll": 1.5707963158057459, "rEff": 51.00000004564494, "axRatio": 0.396887072657975}, "spirals": []}