{"disk": {"i0": 0.20066666666666672, "n": 1.0, "c": 2.0, "mu": [250.09338185445569, 262.1028612051048], "roll": 2.2953025020215256, "rEff": 72.57025023789954, "axRatio": -1.6562477258042596}, "bulge": {"i0": 0.5128571428571429, "n": 1.1871428571428573, "c": 2.0, "mu": [255.4546089785034, 258.1887643582976], "roll": 0.6697329475183735, "rEff": 24.379425330899814, "axRatio": 0.7537321857462805}, "bar": null, "spirals": []}