{"disk": {"mu": [254.3956772034051, 257.14359475591465], "rEff": -105.54503049844052, "axRatio": -1.0447973648634143, "roll": 25.2381711518262}, "bulge": null, "bar": null, "spirals": []}