{"disk": {"x": 254.45727860300164, "y": 258.2703214946546, "rx": 152.26155499091948, "ry": 120.41522116270222, "angle": 24.603, "i0": 1.0184210526315791, "n": 1, "c": 2}, "bulge": {"x": 256.40747451782227, "y": 259.9305171966553, "rx": 18.35485948056275, "ry": 15.96690235570562, "angle": 138.175, "i0": 1.190625, "n": 0.69125, "c": 2}, "bar": null}