{"disk": {"i0": 0.24850000000000003, "n": 1.0, "c": 2.0, "mu": [255.87017748455673, 247.75489824747933], "roll": 2.220453106152934, "rEff": 115.06280923670442, "axRatio": 0.8680506823105072}, "bulge": {"i0": 0.8614285714285714, "n": 1.5785714285714285, "c": 2.0, "mu": [257.3264196801493, 250.90468135707968], "roll": 1.9858348866977396, "rEff": 19.610016322150987, "axRatio": 0.9757542044278532}, "bar": {"i0": 0.18375000000000002, "n": 0.6925, "c": 1.88875, "mu": [256.46968676507214, 250.99189128190127], "roll": 3.1325125250962587, "rEff": 16.95374158536217, "axRatio": 0.30279049243099504}, "spirals": []}