{"disk": null, "bulge": {"mu": [260.2835310777977, 252.25418062065424], "rEff": 22.765815468201257, "axRatio": 0.542934910593557, "roll": 2.376846698887784}, "bar": null, "spirals": []}