{"disk": {"x": 254.0293172200521, "y": 256.93189366658527, "rx": 123.55429813460921, "ry": 93.16198434474472, "angle": 153.72}, "bulge": {"x": 255.54308319091797, "y": 254.38016510009766, "rx": 24.484339521304353, "ry": 16.96400376395518, "angle": 35.093}, "bar": null}