{"disk": {"x": 257.2591719854446, "y": 254.08741106305803, "rx": 170.3709044523018, "ry": 101.98254100864976, "angle": 178.378}, "bulge": {"x": 257.8959257337782, "y": 254.89319356282553, "rx": 16.044053213141556, "ry": 10.618846837156475, "angle": 131.775}, "bar": {"width": 27.934190277526305, "height": 10.933625474862545, "x": 244.25165486123686, "y": 249.3925622625687, "angle": 52.77}}