{"disk": null, "bulge": {"mu": [252.82360119330596, 258.3345546527859], "rEff": 13.114292676583164, "axRatio": 0.9999999925501688, "roll": 3.0583429329810228}, "bar": null, "spirals": []}