{"disk": {"mu": [256.45797540727824, 257.86329142883227], "rEff": 109.17744144283019, "axRatio": 0.9830762085335553, "roll": 1.6934745759112104}, "bulge": null, "bar": null, "spirals": []}