{"disk": {"x": 258.62621515447444, "y": 260.08750221946025, "rx": 177.22075195141088, "ry": 86.92717801136396, "angle": 40.903, "i0": 1.1095454545454546, "n": 1, "c": 2}, "bulge": {"x": 257.10068303888494, "y": 256.97422929243606, "rx": 24.63443912007352, "ry": 13.321796429913048, "angle": 40.9, "i0": 1.0136363636363637, "n": 0.7454545454545456, "c": 2}, "bar": null}