{"disk": {"mu": [259.52649289137014, 254.1981753057249], "rEff": 72.94230758098703, "axRatio": 0.8083704966182186, "roll": 0.8800321399716593}, "bulge": {"mu": [260.5373161417663, 253.26705866300165], "rEff": 10.195665411975254, "axRatio": 0.87794984413996, "roll": 0.7376567244580237}, "bar": {"mu": [258.48106410213444, 256.06497614087283], "rEff": 20.198030498919547, "axRatio": 0.2524753879760189, "roll": 0.8045040964329302}, "spirals": []}