{"disk": {"x": 256.0518976847331, "y": 257.9814198811849, "rx": 146.26660646409167, "ry": 119.48436103220213, "angle": 121.372}, "bulge": {"x": 255.36788635253907, "y": 256.321875, "rx": 28.317827622914358, "ry": 13.500934653773314, "angle": 140.918}, "bar": {"width": 43.4736431971916, "height": 15.746486976035992, "x": 234.19000106375768, "y": 249.70462211256793, "angle": 42.713}}