{"disk": {"mu": [263.70591984367417, 253.59484661747902], "rEff": 84.38515808963655, "axRatio": 0.4747681891237613, "roll": 0.44300738342434387}, "bulge": null, "bar": null, "spirals": []}