{"disk": {"i0": 0.20230769230769233, "n": 1.0, "c": 2.0, "mu": [259.80645535467033, 255.2733106297755], "roll": 1.8850029910360917, "rEff": 120.79347849502342, "axRatio": 0.9725267495167513}, "bulge": {"i0": 0.5233333333333333, "n": 0.9800000000000001, "c": 2.0, "mu": [256.90361361778974, 256.2158883495612], "roll": 2.3713919335986153, "rEff": 10.419870707165442, "axRatio": 0.8878435344510515}, "bar": null, "spirals": []}