{"disk": {"i0": 0.22312500000000002, "n": 1.0, "c": 2.0, "mu": [263.70591984367417, 253.59484661747902], "roll": 0.44300738342434387, "rEff": 84.38515808963655, "axRatio": 0.4747681891237613}, "bulge": null, "bar": null, "spirals": []}