{"disk": {"x": 258.7908137928356, "y": 254.779521595348, "rx": 142.5093182100709, "ry": 96.02980100377908, "angle": 56.247}, "bulge": {"x": 258.6101188659668, "y": 252.41996383666992, "rx": 13.341190245926, "ry": 11.951961095900066, "angle": 72.63}, "bar": null}