{"disk": {"x": 257.014961666531, "y": 254.4143498738607, "rx": 166.44018374197088, "ry": 75.49867670304025, "angle": 137.991, "i0": 1.1166666666666667, "n": 1, "c": 2}, "bulge": {"x": 253.04193496704102, "y": 252.55929565429688, "rx": 27.48169489335755, "ry": 19.670919701888703, "angle": 153.782, "i0": 1.2400000000000002, "n": 0.82125, "c": 2}, "bar": {"width": 55.01000213623047, "height": 36.52000427246094, "x": 224.78155899047852, "y": 235.79734420776367, "angle": 95.974, "i0": 0.75, "n": 0.2375, "c": 0.53}}