{"disk": {"i0": 0.14666666666666667, "n": 1.0, "c": 2.0, "mu": [259.52649289137014, 254.1981753057249], "roll": 0.8800321399716593, "rEff": 72.94230758098703, "axRatio": 0.8083704966182186}, "bulge": {"i0": 0.7727272727272727, "n": 0.9372727272727274, "c": 2.0, "mu": [260.5373161417663, 253.26705866300165], "roll": 0.7376567244580237, "rEff": 10.195665411975254, "axRatio": 0.87794984413996}, "bar": null, "spirals": []}