{"disk": {"i0": 0.18428571428571427, "n": 1.0, "c": 2.0, "mu": [254.39565566754257, 257.1436241869284], "roll": 1.6762354391256125, "rEff": -110.27307876642955, "axRatio": 0.9571244762405446}, "bulge": null, "bar": null, "spirals": []}