{"disk": {"mu": [254.39565566754257, 257.1436241869284], "rEff": -110.27307876642955, "axRatio": 0.9571244762405446, "roll": 1.6762354391256125}, "bulge": null, "bar": null, "spirals": []}