{"disk": {"x": 255.0092025030227, "y": 250.00356220063708, "rx": 151.23292014056136, "ry": 114.07261714424597, "angle": 123.787, "i0": 1.150952380952381, "n": 1, "c": 2}, "bulge": {"x": 256.73008845402643, "y": 250.60205899752103, "rx": 29.012546316778636, "ry": 18.155954401724305, "angle": 162.207, "i0": 1.0553846153846154, "n": 0.6669230769230767, "c": 2}, "bar": {"width": 53.15791557130503, "height": 17.03967322583823, "x": 230.7883238102134, "y": 242.69553610843505, "angle": 0.788, "i0": 1.0477777777777777, "n": 0.20111111111111113, "c": 0.7122222222222222}}