{"disk": {"x": 255.4527913873846, "y": 257.06914312189275, "rx": 147.25732900489245, "ry": 110.0969594174309, "angle": 77.245}, "bulge": {"x": 256.11322106255426, "y": 256.20390065511066, "rx": 21.18714796701811, "ry": 14.179115288977046, "angle": 80.094}, "bar": null}