{"disk": {"x": 256.29586310135693, "y": 257.09119937294406, "rx": 161.6055548533839, "ry": 82.12569446427749, "angle": 114.067, "i0": 0.966842105263158, "n": 1, "c": 2}, "bulge": {"x": 256.126961844308, "y": 254.96482958112443, "rx": 15.068081728616026, "ry": 11.805553146366544, "angle": 79.251, "i0": 1.2278571428571428, "n": 0.7099999999999999, "c": 2}, "bar": null}