{"disk": {"mu": [250.09338392945725, 262.10286879936194], "rEff": 120.19433540626305, "axRatio": 0.6037741861674815, "roll": 0.7245062116851565}, "bulge": {"mu": [255.4546066216409, 258.1887656697263], "rEff": 18.375560843529126, "axRatio": 1.3267310203406724, "roll": -0.9010631542777552}, "bar": null, "spirals": []}