{"disk": {"x": 256.0518976847331, "y": 257.9814198811849, "rx": 146.26660646409167, "ry": 119.48436103220213, "angle": 121.372, "i0": 0.9027777777777778, "n": 1, "c": 2}, "bulge": {"x": 254.71803029378256, "y": 256.1692708333333, "rx": 29.74455265729056, "ry": 14.323960363908725, "angle": 140.664, "i0": 1.1516666666666666, "n": 0.47333333333333333, "c": 2}, "bar": {"width": 43.4736431971916, "height": 15.746486976035992, "x": 234.19000106375768, "y": 249.70462211256793, "angle": 42.713, "i0": 0.8300000000000001, "n": 0.27999999999999997, "c": 0.9149999999999999}}