{"disk": {"mu": [256.8398351505665, 254.01920354462928], "rEff": 98.94797439386332, "axRatio": -1.0689842151018265, "roll": 2.0804625358240614}, "bulge": null, "bar": {"mu": [255.98264961512535, 253.9791823075972], "rEff": 17.019536467071728, "axRatio": 0.2743039582432133, "roll": 0.6701302831943491}, "spirals": []}