{"disk": {"i0": 0.2036842105263158, "n": 1.0, "c": 2.0, "mu": [262.0643582949081, 252.5508492157593], "roll": 0.8063501857714592, "rEff": 88.34917699530517, "axRatio": 0.8321582013168849}, "bulge": {"i0": 0.782, "n": 0.9446666666666665, "c": 2.0, "mu": [260.3902091576249, 253.47761662247558], "roll": 0.7193452253380581, "rEff": 10.557232667749908, "axRatio": 0.9373633701940471}, "bar": {"i0": 0.15000000000000002, "n": 0.515, "c": 2.0175, "mu": [258.4825150343714, 256.06643283730506], "roll": 0.8045041124869037, "rEff": 20.20213496211594, "axRatio": 0.25252741295306963}, "spirals": []}