{"disk": {"x": 255.50928901223574, "y": 255.52831672219668, "rx": 151.5572522191466, "ry": 82.3604575799886, "angle": 138.495}, "bulge": {"x": 255.33504842122395, "y": 255.49205932617187, "rx": 21.283815513191406, "ry": 13.621011607115358, "angle": 134.265}, "bar": null}