{"disk": null, "bulge": {"mu": [252.8461573937924, 258.2029250979982], "rEff": 12.605456035515417, "axRatio": 1.0771324999549092, "roll": -3.498208108662578}, "bar": null, "spirals": []}