{"disk": {"x": 255.9284951346261, "y": 256.3439200265067, "rx": 141.93218269039028, "ry": 105.73212069372, "angle": 133.565, "i0": 1.1335714285714285, "n": 1, "c": 2}, "bulge": {"x": 256.01925201416014, "y": 255.91442108154297, "rx": 15.503623032840164, "ry": 13.418581531671132, "angle": 127.294, "i0": 1.012, "n": 0.99, "c": 2}, "bar": null}