{"disk": null, "bulge": null, "bar": {"mu": [256.79489899371936, 253.96154787957963], "rEff": 16.62519048011386, "axRatio": 1.3795693483287392, "roll": 2.409716216823205}, "spirals": []}