{"disk": {"i0": 0.15210526315789477, "n": 1.0, "c": 2.0, "mu": [259.12276086355064, 252.4107933944117], "roll": 2.512381097372965, "rEff": 67.97766787332819, "axRatio": 0.6012464385800061}, "bulge": {"i0": 0.6975, "n": 1.98, "c": 2.0, "mu": [259.2215427397615, 253.38976741094027], "roll": 2.730591266749613, "rEff": 13.811968763961765, "axRatio": 0.9753135577238167}, "bar": null, "spirals": []}