{"disk": {"mu": [259.40440667269854, 257.1407479299488], "rEff": 92.11260513344453, "axRatio": 1.0226541915813812, "roll": -4.421050466450146}, "bulge": null, "bar": null, "spirals": []}