{"disk": {"x": 256.5450385598575, "y": 251.17068930233225, "rx": 174.2817099365522, "ry": 119.48282530343175, "angle": 74.274, "i0": 1.0405882352941178, "n": 1, "c": 2}, "bulge": {"x": 256.2811807485727, "y": 252.28477712777945, "rx": 16.096566648996824, "ry": 14.099093657202605, "angle": 45.033, "i0": 1.1092307692307692, "n": 0.9746153846153844, "c": 2}, "bar": {"width": 90.87404166211013, "height": 29.902056121659694, "x": 209.00214891643375, "y": 237.93818005161435, "angle": 116.85, "i0": 0.8742857142857143, "n": 0.2542857142857143, "c": 0.5728571428571428}}