{"disk": {"x": 254.0293172200521, "y": 256.93189366658527, "rx": 123.55429813460921, "ry": 93.16198434474472, "angle": 153.72}, "bulge": {"x": 255.89682006835938, "y": 255.7574666341146, "rx": 17.827143074849825, "ry": 10.920757607807843, "angle": 0.0}, "bar": null}