{"disk": {"x": 255.24492390950522, "y": 255.04733339945474, "rx": 118.0485694735706, "ry": 68.23336731394116, "angle": 38.923, "i0": 1.0441666666666667, "n": 1, "c": 2}, "bulge": {"x": 255.31330013275146, "y": 255.32433414459229, "rx": 13.954155446509404, "ry": 9.808781536187869, "angle": 54.782, "i0": 0.9993749999999999, "n": 0.7406250000000001, "c": 2}, "bar": {"width": 87.94301711557978, "height": 20.826430549965828, "x": 212.09329199809957, "y": 242.99426833942513, "angle": 136.39, "i0": 0.7799999999999999, "n": 0.21384615384615385, "c": 0.643846153846154}}