{"disk": {"i0": 0.17642857142857143, "n": 1.0, "c": 2.0, "mu": [257.60675154304397, 252.47669281781452], "roll": 1.1324658109676162, "rEff": 81.87016572555748, "axRatio": 0.5327743128589035}, "bulge": {"i0": 0.615, "n": 1.47, "c": 2.0, "mu": [257.3609950306058, 252.6775119987356], "roll": 1.1551856948491368, "rEff": 20.634285465645917, "axRatio": 0.891001577246943}, "bar": null, "spirals": []}