{"disk": {"x": 263.9969131833031, "y": 251.84788331531342, "rx": 113.53791649669657, "ry": 95.81182196136672, "angle": 157.644}, "bulge": {"x": 260.1958264802632, "y": 255.01538246556333, "rx": 14.962192186278008, "ry": 11.658797018339705, "angle": 175.554}, "bar": null}