{"disk": null, "bulge": {"mu": [254.03701716637235, 253.49350621988035], "rEff": 18.593509615624352, "axRatio": 0.7577162086808978, "roll": 1.4938508679283058}, "bar": {"mu": [256.0, 256.0], "rEff": 5.176836419960903, "axRatio": 0.0684432826260758, "roll": 0.0}, "spirals": []}