{"disk": {"x": 259.52396965026855, "y": 253.97442118326822, "rx": 153.14412383062998, "ry": 87.10609671784759, "angle": 127.531, "i0": 0.9054166666666666, "n": 1, "c": 2}, "bulge": {"x": 257.7606938680013, "y": 255.4424794514974, "rx": 22.366686366591768, "ry": 13.489898119504149, "angle": 76.724, "i0": 1.1083333333333334, "n": 0.7383333333333333, "c": 2}, "bar": {"width": 32.65479958467406, "height": 14.897850545024372, "x": 241.67638743910828, "y": 248.59628499360107, "angle": 139.928, "i0": 1.052, "n": 0.202, "c": 0.4800000000000001}}