{"disk": {"x": 255.57593994140626, "y": 253.9780014038086, "rx": 177.41390170190854, "ry": 114.28603244470936, "angle": 136.81}, "bulge": {"x": 257.90082931518555, "y": 254.3810127258301, "rx": 21.947908790862186, "ry": 13.224568228410195, "angle": 152.152}, "bar": null}