{"disk": {"x": 258.2185602602751, "y": 253.79166976265284, "rx": 182.9292555058431, "ry": 93.77514705265345, "angle": 51.447}, "bulge": {"x": 256.40584564208984, "y": 255.14968566894532, "rx": 35.75497399946449, "ry": 16.501818065278155, "angle": 52.774}, "bar": {"width": 73.85740077248265, "height": 21.296903521463786, "x": 219.9400496137587, "y": 245.67654823926816, "angle": 125.63}}