{"disk": {"mu": [263.70586531343884, 253.59491626537488], "rEff": 40.06340144357787, "axRatio": 2.1062923176544652, "roll": -1.127788646775282}, "bulge": null, "bar": null, "spirals": []}