{"disk": {"x": 255.63224129054856, "y": 251.83657903256625, "rx": 149.98610667803902, "ry": 91.07830076743943, "angle": 31.446}, "bulge": {"x": 255.91740544637045, "y": 253.45484161376953, "rx": 19.62899008409207, "ry": 13.937947323813864, "angle": 44.388}, "bar": {"width": 122.4565868048147, "height": 27.798579590907188, "x": 197.58234587303753, "y": 236.94168056180553, "angle": 144.45}}