{"disk": {"x": 259.25303867885043, "y": 253.03267451695032, "rx": 135.34764268713485, "ry": 58.482761254261426, "angle": 2.043, "i0": 0.9935714285714285, "n": 1, "c": 2}, "bulge": {"x": 258.9639948794716, "y": 253.69738046746505, "rx": 15.154903986982504, "ry": 10.989568166862531, "angle": 157.902, "i0": 1.0273684210526315, "n": 0.875263157894737, "c": 2}, "bar": null}