{"disk": {"i0": 0.22454545454545458, "n": 1.0, "c": 2.0, "mu": [253.4790098437975, 260.1387024365208], "roll": 0.6437372775247655, "rEff": 91.17391113142912, "axRatio": 0.5304877678975308}, "bulge": {"i0": 0.9475, "n": 1.25625, "c": 2.0, "mu": [255.52366915311345, 256.36508967058586], "roll": 0.7539311185888445, "rEff": 10.100838443166639, "axRatio": 0.6474515562060339}, "bar": null, "spirals": []}