{"disk": {"i0": 0.27666666666666667, "n": 1.0, "c": 2.0, "mu": [258.3795154801562, 257.6046769337868], "roll": 0.4502795314530008, "rEff": 92.77480591516907, "axRatio": -1.0000000042688906}, "bulge": null, "bar": null, "spirals": []}