{"disk": {"x": 260.1592221941267, "y": 256.9423637390137, "rx": 179.69808400872702, "ry": 81.61368579603386, "angle": 59.863}, "bulge": {"x": 262.70240783691406, "y": 247.10052795410155, "rx": 42.92061154607938, "ry": 18.998601516762616, "angle": 73.274}, "bar": null}