{"disk": {"i0": 0.24050000000000002, "n": 1.0, "c": 2.0, "mu": [265.7238623332726, 252.81871705756086], "roll": 0.4380710948565724, "rEff": 83.66533882857551, "axRatio": 0.47766555269495087}, "bulge": {"i0": 0.7, "n": 1.144, "c": 2.0, "mu": [256.9687500015026, 254.60937495558295], "roll": 0.5191461062787006, "rEff": 13.928388375098914, "axRatio": 0.8638019610505187}, "bar": null, "spirals": []}