{"disk": {"i0": 0.23166666666666666, "n": 1.0, "c": 2.0, "mu": [256.45797540727824, 257.86329142883227], "roll": 1.6934745759112104, "rEff": 109.17744144283019, "axRatio": 0.9830762085335553}, "bulge": null, "bar": null, "spirals": []}