{"disk": {"x": 258.49932861328125, "y": 256.99032440185545, "rx": 163.40198513648767, "ry": 96.67424722516081, "angle": 14.765}, "bulge": {"x": 257.25990077427457, "y": 254.54871695382255, "rx": 12.320854805960067, "ry": 7.471244308718119, "angle": 146.982}, "bar": {"width": 44.253256225585936, "height": 21.108636474609376, "x": 235.14945373535159, "y": 243.32048950195312, "angle": 175.265}}