{"disk": {"mu": [253.7322114200161, 259.2603247243582], "rEff": 84.93724391572262, "axRatio": 0.503676104874317, "roll": 0.6314817969055896}, "bulge": null, "bar": null, "spirals": []}