{"disk": {"mu": [259.2848264562734, 257.5606982644069], "rEff": 66.22268791925111, "axRatio": 0.5897444521487851, "roll": 0.09467559809792334}, "bulge": {"mu": [258.2526646837059, 256.490007000387], "rEff": 11.31768319127924, "axRatio": 0.5236977265822635, "roll": 0.06890543533940242}, "bar": null, "spirals": []}