{"disk": {"i0": 0.20333333333333334, "n": 1.0, "c": 2.0, "mu": [260.2820013114257, 252.9203264782729], "roll": 0.04772094967942372, "rEff": 54.68591617253837, "axRatio": 0.4361318603030515}, "bulge": {"i0": 0.9720000000000001, "n": 0.74, "c": 2.0, "mu": [259.6767127541057, 253.906200634734], "roll": 0.1357815872482811, "rEff": 10.559484583872294, "axRatio": 0.8371347630477812}, "bar": null, "spirals": []}