{"disk": {"x": 259.27423898797286, "y": 255.51933770430716, "rx": 126.68721840818425, "ry": 98.25371659786947, "angle": 74.471}, "bulge": {"x": 254.09624590192522, "y": 254.55536760602678, "rx": 29.80673051336671, "ry": 14.903365256683355, "angle": 44.858}, "bar": {"width": 61.66274255325897, "height": 16.299861821596462, "x": 227.41933952862766, "y": 244.81433936304617, "angle": 133.64}}