{"disk": {"x": 259.25303867885043, "y": 253.03267451695032, "rx": 135.34764268713485, "ry": 58.482761254261426, "angle": 2.043}, "bulge": {"x": 258.9639948794716, "y": 253.69738046746505, "rx": 15.154903986982504, "ry": 10.989568166862531, "angle": 157.902}, "bar": null}