{"disk": {"x": 255.2730047052557, "y": 258.0023748224432, "rx": 121.30999687248669, "ry": 112.70388080254514, "angle": 138.776}, "bulge": {"x": 256.13562927246096, "y": 255.8929911295573, "rx": 18.6706100735793, "ry": 15.226261359336501, "angle": 124.859}, "bar": null}