{"disk": {"x": 258.49932861328125, "y": 256.99032440185545, "rx": 163.40198513648767, "ry": 96.67424722516081, "angle": 14.765}, "bulge": {"x": 256.35694376627606, "y": 253.49617513020834, "rx": 18.25328700519262, "ry": 13.954387639995106, "angle": 93.995}, "bar": {"width": 44.253256225585936, "height": 21.108636474609376, "x": 235.14945373535159, "y": 243.32048950195312, "angle": 175.265}}