{"disk": {"x": 259.13413732192095, "y": 248.9484594008502, "rx": 169.45707731892068, "ry": 88.74367079175845, "angle": 169.188}, "bulge": {"x": 258.1237092859605, "y": 250.3479766845703, "rx": 21.343644279661486, "ry": 15.555377403514463, "angle": 123.146}, "bar": {"width": 100.51351093257203, "height": 38.148913961026096, "x": 207.30268133180968, "y": 230.60121555061488, "angle": 78.354}}