{"disk": {"mu": [254.4595832145125, 253.1163731635823], "rEff": 78.8471252561136, "axRatio": 1.3415788923702838, "roll": 1.3709461688524969}, "bulge": {"mu": [256.4322920376018, 252.62537965140555], "rEff": 8.323728546375158, "axRatio": 1.9552935801874438, "roll": 1.4888188637515414}, "bar": {"mu": [259.2798958394969, 254.00001011131195], "rEff": 14.666670308859965, "axRatio": 0.19223153743173924, "roll": -2.012274070029489e-07}, "spirals": []}