{"disk": {"x": 253.63260650634766, "y": 254.96781539916992, "rx": 69.61513767661359, "ry": 38.92336141593329, "angle": 84.935, "i0": 1.27125, "n": 1, "c": 2}, "bulge": {"x": 253.80442708333334, "y": 253.35741068522137, "rx": 26.25270430851134, "ry": 19.228183480529392, "angle": 88.321, "i0": 1.2773333333333334, "n": 0.9713333333333334, "c": 2}, "bar": null}