{"disk": {"i0": 0.17800000000000002, "n": 1.0, "c": 2.0, "mu": [253.78460317015015, 256.7320463326979], "roll": 1.0818918884360362, "rEff": 81.97067367243179, "axRatio": 0.49988610916801735}, "bulge": null, "bar": null, "spirals": []}