{"disk": {"i0": 0.3516666666666666, "n": 1.0, "c": 2.0, "mu": [257.09875944298653, 253.18674089055], "roll": 2.87511878121804, "rEff": 61.92569331878144, "axRatio": 0.5664814520368783}, "bulge": {"i0": 0.8354545454545454, "n": 1.279090909090909, "c": 2.0, "mu": [258.00013575887584, 253.700922080255], "roll": 3.025006968041973, "rEff": 24.164274004262168, "axRatio": 0.9149191240322981}, "bar": null, "spirals": []}