{"disk": {"i0": 0.3557142857142857, "n": 1.0, "c": 2.0, "mu": [257.97165125975107, 253.61735507002132], "roll": 2.8860851989807683, "rEff": 63.050266115332896, "axRatio": 0.5510855917980408}, "bulge": {"i0": 0.8354545454545454, "n": 1.279090909090909, "c": 2.0, "mu": [258.0001360396109, 253.7009195967465], "roll": 3.025006748008507, "rEff": 24.164275157013936, "axRatio": 0.9149190586772936}, "bar": null, "spirals": []}