{"disk": {"x": 259.9618558883667, "y": 260.9866828918457, "rx": 139.13946988686183, "ry": 124.83603968004887, "angle": 48.815}, "bulge": {"x": 256.5837127685547, "y": 253.8932149251302, "rx": 21.377055395015894, "ry": 11.153660126392905, "angle": 121.913}, "bar": {"width": 59.73781392768048, "height": 34.76143788981138, "x": 228.49410267971444, "y": 237.5212524906412, "angle": 62.574}}