{"disk": {"i0": 0.19555555555555557, "n": 1.0, "c": 2.0, "mu": [254.45959058787895, 253.1163590953041], "roll": 2.941739775515387, "rEff": 105.77965425315125, "axRatio": 0.7453889094851861}, "bulge": {"i0": 0.6, "n": 2.282, "c": 2.0, "mu": [256.43227157721134, 252.6253873256322], "roll": 3.0596136869782815, "rEff": 16.275333282968703, "axRatio": 0.5114318364478969}, "bar": null, "spirals": []}