{"disk": {"x": 253.44453975132532, "y": 255.77534702845983, "rx": 155.60753597468357, "ry": 100.71831388898283, "angle": 64.709}, "bulge": {"x": 254.99644688197546, "y": 255.68272617885046, "rx": 17.66099352902068, "ry": 10.497381382197887, "angle": 29.446}, "bar": null}