{"disk": {"mu": [258.3795154801562, 257.6046769337868], "rEff": 92.77480591516907, "axRatio": -1.0000000042688906, "roll": 0.4502795314530008}, "bulge": null, "bar": null, "spirals": []}