{"disk": {"x": 262.6723937988281, "y": 256.2284369835487, "rx": 173.9160251856069, "ry": 108.7142124179464, "angle": 137.949, "i0": 1.126923076923077, "n": 1, "c": 2}, "bulge": {"x": 261.40174696180554, "y": 252.2295159233941, "rx": 41.28419286677555, "ry": 24.723472374973614, "angle": 132.492, "i0": 1.0683333333333334, "n": 0.7427777777777779, "c": 2}, "bar": null}