{"disk": {"mu": [257.97165125975107, 253.61735507002132], "rEff": 63.050266115332896, "axRatio": 0.5510855917980408, "roll": 2.8860851989807683}, "bulge": {"mu": [258.0001360396109, 253.7009195967465], "rEff": 24.164275157013936, "axRatio": 0.9149190586772936, "roll": 3.025006748008507}, "bar": null, "spirals": []}