{"disk": {"mu": [250.09338185445569, 262.1028612051048], "rEff": 72.57025023789954, "axRatio": -1.6562477258042596, "roll": 2.2953025020215256}, "bulge": {"mu": [255.4546089785034, 258.1887643582976], "rEff": 24.379425330899814, "axRatio": 0.7537321857462805, "roll": 0.6697329475183735}, "bar": null, "spirals": []}