{"disk": {"x": 260.06489791870115, "y": 254.92707366943358, "rx": 102.0147776075292, "ry": 80.60212583163708, "angle": 30.774, "i0": 0.907, "n": 1, "c": 2}, "bulge": {"x": 260.4217241075304, "y": 253.70440589057074, "rx": 16.556521965624082, "ry": 13.57106256240908, "angle": 30.192, "i0": 1.0072222222222225, "n": 0.7644444444444445, "c": 2}, "bar": {"width": 76.57596079686964, "height": 20.73753481108317, "x": 220.7912680299099, "y": 245.83420691391643, "angle": 135.303, "i0": 0.9550000000000001, "n": 0.15000000000000002, "c": 0.515}}