{"disk": {"i0": 0.189, "n": 1.0, "c": 2.0, "mu": [253.0259026616454, 258.3529960176965], "roll": 1.5855237964873898, "rEff": 124.75642567232266, "axRatio": 0.8450900190890718}, "bulge": {"i0": 0.355, "n": 0.9575, "c": 2.0, "mu": [253.2063987999277, 255.2977935384359], "roll": 0.13346088970151637, "rEff": 14.118728667223829, "axRatio": 0.500702810227492}, "bar": null, "spirals": []}