{"disk": {"i0": 0.16411764705882353, "n": 1.0, "c": 2.0, "mu": [261.0595468658751, 257.5775342380447], "roll": 0.11038174816004274, "rEff": 67.07201715115183, "axRatio": 0.5712534317475828}, "bulge": {"i0": 0.44399999999999995, "n": 1.356, "c": 2.0, "mu": [258.2526648481768, 256.4900071434062], "roll": 0.06890543275379694, "rEff": 11.317683243093354, "axRatio": 0.5236977141823826}, "bar": null, "spirals": []}