{"disk": null, "bulge": null, "bar": {"mu": [256.7187153225983, 254.63347027872183], "rEff": 15.50014067353118, "axRatio": 0.9263155362839091, "roll": 1.5708021468011606}, "spirals": []}