{"disk": {"x": 258.91919131900954, "y": 255.0346958326257, "rx": 95.85218658232472, "ry": 64.35517628816032, "angle": 0.0}, "bulge": {"x": 257.3544172807173, "y": 254.20988880504262, "rx": 13.079527224981012, "ry": 9.243937573122068, "angle": 112.612}, "bar": {"width": 33.1655991118669, "height": 12.243369863887166, "x": 241.124698782554, "y": 249.5965700051224, "angle": 75.853}}