{"disk": {"mu": [253.14742094165126, 248.69953547296745], "rEff": 114.72997548982336, "axRatio": 0.5721279414074506, "roll": 0.6354679863464248}, "bulge": {"mu": [255.05696427274117, 248.61735794164989], "rEff": 21.705318920666294, "axRatio": 0.930498423054264, "roll": 1.9642591015823028}, "bar": null, "spirals": []}