{"disk": {"i0": 0.21333333333333335, "n": 1.0, "c": 2.0, "mu": [253.7322114200161, 259.2603247243582], "roll": 0.6314817969055896, "rEff": 84.93724391572262, "axRatio": 0.503676104874317}, "bulge": null, "bar": null, "spirals": []}