{"disk": {"x": 259.3082837556538, "y": 254.97947050395766, "rx": 134.50433482509342, "ry": 103.01947055610749, "angle": 19.651}, "bulge": {"x": 256.78908284505206, "y": 253.52650756835936, "rx": 14.988088663168453, "ry": 11.87536349238261, "angle": 150.268}, "bar": null}