{"disk": {"mu": [253.78460317015015, 256.7320463326979], "rEff": 81.97067367243179, "axRatio": 0.49988610916801735, "roll": 1.0818918884360362}, "bulge": null, "bar": null, "spirals": []}