{"disk": {"i0": 0.179375, "n": 1.0, "c": 2.0, "mu": [257.58385723811483, 251.35072820115627], "roll": 1.1490231952886205, "rEff": 81.39119233485344, "axRatio": 0.5215424846148838}, "bulge": {"i0": 1.12875, "n": 1.84375, "c": 2.0, "mu": [257.2092990656379, 251.62545259693323], "roll": 1.6940520147722467, "rEff": 13.002404814586097, "axRatio": 0.8853679051187507}, "bar": null, "spirals": []}