{"disk": {"x": 255.94971024362664, "y": 253.78363117418792, "rx": 146.69668392482288, "ry": 111.67940319847744, "angle": 114.152}, "bulge": {"x": 256.36490924541766, "y": 256.9598118708684, "rx": 17.571070551658217, "ry": 14.098747304304506, "angle": 141.868}, "bar": null}