{"disk": {"x": 254.7523747494346, "y": 258.5425013491982, "rx": 164.39111694092307, "ry": 82.98727524711637, "angle": 4.774, "i0": 1.1394736842105264, "n": 1, "c": 2}, "bulge": {"x": 255.36632403205422, "y": 255.37312765682444, "rx": 29.886993130715656, "ry": 16.753024522024067, "angle": 106.789, "i0": 1.095294117647059, "n": 0.5982352941176471, "c": 2}, "bar": {"width": 51.78654324008678, "height": 22.39973700780104, "x": 229.77054396500637, "y": 245.39943569531823, "angle": 73.905, "i0": 0.9263636363636363, "n": 0.27272727272727276, "c": 0.5990909090909091}}