{"disk": {"i0": 0.17416666666666666, "n": 1.0, "c": 2.0, "mu": [259.2848264562734, 257.5606982644069], "roll": 0.09467559809792334, "rEff": 66.22268791925111, "axRatio": 0.5897444521487851}, "bulge": {"i0": 0.44399999999999995, "n": 1.356, "c": 2.0, "mu": [258.2526646837059, 256.490007000387], "roll": 0.06890543533940242, "rEff": 11.31768319127924, "axRatio": 0.5236977265822635}, "bar": null, "spirals": []}