{"disk": {"x": 258.9674955669202, "y": 249.45788734837583, "rx": 171.38516482314205, "ry": 96.36822434275247, "angle": 169.841}, "bulge": {"x": 258.1052360534668, "y": 250.96156692504883, "rx": 17.900909987817144, "ry": 12.755404529843952, "angle": 107.258}, "bar": null}