{"disk": {"i0": 0.2952941176470588, "n": 1.0, "c": 2.0, "mu": [253.2563799473885, 247.9888147587014], "roll": 0.5166209102529239, "rEff": 91.49934907420904, "axRatio": 0.5989180877419765}, "bulge": {"i0": 1.0723076923076924, "n": 1.4923076923076921, "c": 2.0, "mu": [255.205620745411, 247.96547760857902], "roll": 1.7793643525653107, "rEff": 20.27869774727437, "axRatio": 0.9759534773262883}, "bar": null, "spirals": []}