{"disk": null, "bulge": {"x": 258.38058332963425, "y": 256.6563637473366, "rx": 11.234263357569619, "ry": 7.774472756683379, "angle": 99.923}, "bar": {"width": 29.00462475901776, "height": 20.7013145217933, "x": 244.36539239344032, "y": 243.3706882591229, "angle": 141.402}}