{"disk": {"x": 259.6310827081854, "y": 257.94741266424006, "rx": 117.47387333796338, "ry": 106.94989401073799, "angle": 131.34}, "bulge": {"x": 256.9320148668791, "y": 252.80430924265008, "rx": 20.895225913067158, "ry": 12.219945080468515, "angle": 96.112}, "bar": null}