{"disk": {"x": 259.3082837556538, "y": 254.97947050395766, "rx": 134.50433482509342, "ry": 103.01947055610749, "angle": 19.651}, "bulge": {"x": 256.3418404715402, "y": 253.25660051618303, "rx": 15.035075960160077, "ry": 13.518653380724698, "angle": 21.667}, "bar": null}