{"disk": {"x": 256.0518976847331, "y": 257.9814198811849, "rx": 146.26660646409167, "ry": 119.48436103220213, "angle": 121.372}, "bulge": {"x": 254.71803029378256, "y": 256.1692708333333, "rx": 29.74455265729056, "ry": 14.323960363908725, "angle": 140.664}, "bar": {"width": 43.4736431971916, "height": 15.746486976035992, "x": 234.19000106375768, "y": 249.70462211256793, "angle": 42.713}}