{"disk": null, "bulge": {"i0": 1.0325, "n": 1.5162499999999999, "c": 2.0, "mu": [254.03701716637235, 253.49350621988035], "roll": 1.4938508679283058, "rEff": 18.593509615624352, "axRatio": 0.7577162086808978}, "bar": null, "spirals": []}