{"disk": {"x": 258.88047313690186, "y": 255.2825689315796, "rx": 145.73924264748277, "ry": 89.60776947807783, "angle": 108.843}, "bulge": {"x": 258.4355499267578, "y": 253.231591796875, "rx": 39.575064677428394, "ry": 16.559041274978846, "angle": 101.368}, "bar": {"width": 98.57105154738471, "height": 29.464262210666597, "x": 209.1025681746719, "y": 242.8188828411999, "angle": 82.101}}