{"disk": {"mu": [257.60675154304397, 252.47669281781452], "rEff": 81.87016572555748, "axRatio": 0.5327743128589035, "roll": 1.1324658109676162}, "bulge": {"mu": [257.3609950306058, 252.6775119987356], "rEff": 20.634285465645917, "axRatio": 0.891001577246943, "roll": 1.1551856948491368}, "bar": null, "spirals": []}