{"disk": {"x": 258.1594596862793, "y": 254.88422698974608, "rx": 155.11180628195288, "ry": 136.27827001144902, "angle": 0.0}, "bulge": {"x": 257.1495684455423, "y": 255.3894994399127, "rx": 22.753358521902392, "ry": 18.651681411296295, "angle": 108.337}, "bar": null}