{"disk": {"x": 254.4914025200738, "y": 253.94314236111111, "rx": 159.37403969916542, "ry": 106.04231367351267, "angle": 160.709}, "bulge": {"x": 255.79068501790366, "y": 253.42137824164496, "rx": 25.09201924535146, "ry": 14.394123881899409, "angle": 155.287}, "bar": {"width": 73.94020080566406, "height": 14.890573120117187, "x": 219.25054321289065, "y": 246.34911193847654, "angle": 0.298}}