{"disk": {"i0": 0.27666666666666667, "n": 1.0, "c": 2.0, "mu": [259.65846168920126, 256.83708918464487], "roll": 0.3714699858269274, "rEff": 94.56456582452009, "axRatio": 0.9752949898822512}, "bulge": {"i0": 0.29, "n": 2.0100000000000002, "c": 2.0, "mu": [259.1621373380113, 255.61650517419073], "roll": 1.4121906591323583, "rEff": 37.07681337007482, "axRatio": 0.9837397508339034}, "bar": null, "spirals": []}