{"disk": null, "bulge": {"i0": 0.895, "n": 1.9837500000000001, "c": 2.0, "mu": [260.2835310777977, 252.25418062065424], "roll": 2.376846698887784, "rEff": 22.765815468201257, "axRatio": 0.542934910593557}, "bar": null, "spirals": []}