{"disk": {"x": 253.29226056267234, "y": 249.71669365377988, "rx": 195.26639736735268, "ry": 111.43822004606663, "angle": 34.988, "i0": 1.0411764705882351, "n": 1, "c": 2}, "bulge": {"x": 255.77297496795654, "y": 249.7687282562256, "rx": 24.956950530179398, "ry": 20.050967770454537, "angle": 91.78, "i0": 1.0950000000000002, "n": 0.975625, "c": 2}, "bar": {"width": 96.75866146595641, "height": 30.047240188002053, "x": 205.39031800969758, "y": 231.05175832396773, "angle": 50.602, "i0": 0.768, "n": 0.20999999999999996, "c": 0.526}}