{"disk": {"i0": 0.18869565217391307, "n": 1.0, "c": 2.0, "mu": [253.90835109528024, 255.0518619012631], "roll": 0.08314151220152323, "rEff": 108.12076302823293, "axRatio": 0.5655926099132627}, "bulge": {"i0": 0.7450000000000001, "n": 1.6350000000000002, "c": 2.0, "mu": [256.407175322555, 255.2776590158475], "roll": 2.7310247529471634, "rEff": 12.424178638101811, "axRatio": 0.9278044511382939}, "bar": null, "spirals": []}