{"disk": null, "bulge": {"i0": 0.6975000000000001, "n": 2.1733333333333333, "c": 2.0, "mu": [252.82360119330596, 258.3345546527859], "roll": 3.0583429329810228, "rEff": 13.114292676583164, "axRatio": 0.9999999925501688}, "bar": null, "spirals": []}