{"disk": {"x": 253.24793752034506, "y": 255.4809226989746, "rx": 196.55329008465094, "ry": 114.66036490712641, "angle": 7.316}, "bulge": {"x": 256.498173183865, "y": 255.7321802775065, "rx": 16.004415066883794, "ry": 11.34357098375924, "angle": 49.305}, "bar": null}