{"disk": {"x": 254.50285755504262, "y": 259.26499245383525, "rx": 151.53743881635074, "ry": 96.59698476734046, "angle": 162.502, "i0": 0.7981818181818181, "n": 1, "c": 2}, "bulge": {"x": 254.56143535267222, "y": 257.91787026145244, "rx": 27.93371544746893, "ry": 22.896448374961064, "angle": 51.639, "i0": 1.0277272727272726, "n": 0.8295454545454546, "c": 2}, "bar": null}