{"disk": {"x": 259.5427001953125, "y": 252.4128631591797, "rx": 123.09030701878153, "ry": 110.68119413117188, "angle": 38.509}, "bulge": {"x": 258.31067911783856, "y": 255.1370422363281, "rx": 32.06155445368738, "ry": 15.577722766599013, "angle": 96.535}, "bar": null}