{"disk": {"x": 256.2299050723805, "y": 258.4171223359949, "rx": 137.6864990356088, "ry": 68.43962030344584, "angle": 82.624}, "bulge": {"x": 256.5587615966797, "y": 253.65186055501303, "rx": 18.02936249827318, "ry": 11.90892795404109, "angle": 78.909}, "bar": null}