{"disk": {"i0": 0.21666666666666667, "n": 1.0, "c": 2.0, "mu": [257.65206012398323, 254.02566266749656], "roll": 0.5070618021751733, "rEff": 86.1328397885434, "axRatio": 0.7988471939471659}, "bulge": {"i0": 0.6900000000000001, "n": 1.8940000000000001, "c": 2.0, "mu": [258.51728419781625, 253.80919574106076], "roll": 0.9805423114310674, "rEff": 15.438891502666586, "axRatio": 0.867481902005265}, "bar": null, "spirals": []}