{"disk": {"mu": [259.28484583394345, 257.56070200342646], "rEff": 39.05448011465506, "axRatio": 1.6956485009973663, "roll": -1.4761203712034752}, "bulge": {"mu": [258.2526649908538, 256.49000697116395], "rEff": 5.927044995163767, "axRatio": 1.9094983061773236, "roll": -1.5018908303308618}, "bar": null, "spirals": []}