{"disk": {"x": 254.69682401769302, "y": 251.42520680147058, "rx": 146.2059839657447, "ry": 103.91116182410397, "angle": 18.366}, "bulge": {"x": 256.7288787841797, "y": 251.91115112304686, "rx": 18.492864780856976, "ry": 14.058310992257814, "angle": 175.698}, "bar": null}