{"disk": {"x": 254.7523747494346, "y": 258.5425013491982, "rx": 164.39111694092307, "ry": 82.98727524711637, "angle": 4.774}, "bulge": {"x": 255.36632403205422, "y": 255.37312765682444, "rx": 29.886993130715656, "ry": 16.753024522024067, "angle": 106.789}, "bar": {"width": 51.78654324008678, "height": 22.39973700780104, "x": 229.77054396500637, "y": 245.39943569531823, "angle": 73.905}}