{"disk": {"x": 254.7445515950521, "y": 254.26813761393228, "rx": 139.89300635179808, "ry": 110.2097144523311, "angle": 73.148, "i0": 0.7826666666666667, "n": 1, "c": 2}, "bulge": {"x": 255.34795761108398, "y": 253.19643688201904, "rx": 15.086196934368965, "ry": 11.684466732373382, "angle": 73.711, "i0": 1.2218749999999998, "n": 0.721875, "c": 2}, "bar": {"width": 77.63903569280687, "height": 17.757016080322675, "x": 216.9208263918778, "y": 245.96111140563949, "angle": 91.175, "i0": 0.726, "n": 0.191, "c": 0.7}}