{"disk": {"x": 247.30724681507456, "y": 256.8644936301491, "rx": 125.18287946776859, "ry": 109.93156266519162, "angle": 107.559}, "bulge": {"x": 257.871875, "y": 257.2875, "rx": 20.070585762721365, "ry": 14.688167158831998, "angle": 128.745}, "bar": null}