{"disk": {"i0": 0.17533333333333337, "n": 1.0, "c": 2.0, "mu": [256.1902015803576, 257.8387204489332], "roll": 1.1771675634175693, "rEff": 107.27420961555192, "axRatio": 0.9642575821722922}, "bulge": {"i0": 0.585, "n": 1.3683333333333334, "c": 2.0, "mu": [256.47382249914807, 255.04340884540676], "roll": 1.9636005238877419, "rEff": 12.179352292309304, "axRatio": 0.9542706351916898}, "bar": null, "spirals": []}