{"disk": {"i0": 0.18733333333333338, "n": 1.0, "c": 2.0, "mu": [258.8539004456444, 252.62144583075596], "roll": 0.6264902028146676, "rEff": 98.46491620578077, "axRatio": 0.7003882787149065}, "bulge": {"i0": 0.829, "n": 1.416, "c": 2.0, "mu": [258.3173523819296, 252.4520614745878], "roll": 0.6966644672291782, "rEff": 16.446814791999646, "axRatio": 0.8844020380345994}, "bar": null, "spirals": []}