{"disk": {"x": 258.5733013153076, "y": 251.1785561243693, "rx": 157.99759385969335, "ry": 107.22680859147313, "angle": 91.43}, "bulge": {"x": 259.3262512207031, "y": 251.84098205566406, "rx": 31.230986430666594, "ry": 15.853397585553221, "angle": 110.188}, "bar": null}