{"disk": {"x": 257.52190738254126, "y": 252.8618630303277, "rx": 167.24019815485326, "ry": 108.74803781607017, "angle": 94.946}, "bulge": {"x": 258.25121307373047, "y": 256.2987984551324, "rx": 20.53643252462812, "ry": 16.17595397877809, "angle": 26.602}, "bar": null}