{"disk": {"x": 248.97474803095278, "y": 261.83805382770043, "rx": 189.56702247847497, "ry": 111.26520195773386, "angle": 44.298}, "bulge": {"x": 255.9644012451172, "y": 257.5101680755615, "rx": 28.83899291569532, "ry": 21.952358405692095, "angle": 39.285}, "bar": null}