{"disk": {"i0": 0.1416666666666667, "n": 1.0, "c": 2.0, "mu": [257.55559458701447, 253.37707088214182], "roll": 0.5484443593780304, "rEff": 63.38197347300474, "axRatio": 0.6199232883120485}, "bulge": {"i0": 0.675, "n": 1.83, "c": 2.0, "mu": [257.38034639364975, 254.18479365689467], "roll": 0.5133161904097847, "rEff": 10.193570905092711, "axRatio": 0.8695919704766272}, "bar": null, "spirals": []}