{"disk": {"x": 255.24492390950522, "y": 255.04733339945474, "rx": 118.0485694735706, "ry": 68.23336731394116, "angle": 38.923}, "bulge": {"x": 255.31330013275146, "y": 255.32433414459229, "rx": 13.954155446509404, "ry": 9.808781536187869, "angle": 54.782}, "bar": {"width": 87.94301711557978, "height": 20.826430549965828, "x": 212.09329199809957, "y": 242.99426833942513, "angle": 136.39}}