{"disk": {"x": 252.2892565046038, "y": 256.7957531156994, "rx": 169.63128896345458, "ry": 91.28715973855238, "angle": 120.253}, "bulge": {"x": 258.0822270711263, "y": 256.6254374186198, "rx": 23.47762393252403, "ry": 12.979020839656357, "angle": 0.0}, "bar": {"width": 76.41935184294263, "height": 26.771775135018288, "x": 217.37356458756187, "y": 242.90914569665102, "angle": 4.095}}