{"disk": {"i0": 0.22666666666666668, "n": 1.0, "c": 2.0, "mu": [252.37342812250625, 256.126061334541], "roll": 1.9260235091701297, "rEff": 67.08823856518421, "axRatio": 0.5607584780514707}, "bulge": {"i0": 0.7976923076923078, "n": 2.390769230769231, "c": 2.0, "mu": [252.83792877378266, 258.17817425655795], "roll": 1.1969576351281743, "rEff": 13.625236623733295, "axRatio": 0.934730847802648}, "bar": null, "spirals": []}