{"disk": {"x": 256.1420850753784, "y": 256.127872467041, "rx": 35.94427401962421, "ry": 22.570646044149203, "angle": 22.538, "i0": 0.8875, "n": 1, "c": 2}, "bulge": {"x": 255.82138061523438, "y": 256.48366088867186, "rx": 5.270478968938265, "ry": 3.71730941630598, "angle": 179.487, "i0": 1.096, "n": 0.734, "c": 2}, "bar": null}