{"disk": {"x": 255.16593170166016, "y": 249.16474494934081, "rx": 172.2224464397371, "ry": 128.4033535950959, "angle": 112.725}, "bulge": {"x": 258.7493123372396, "y": 257.06358540852864, "rx": 43.52496803529981, "ry": 23.17258123234492, "angle": 110.737}, "bar": null}