{"disk": {"x": 255.07554557106712, "y": 250.06874119151723, "rx": 154.87128242182928, "ry": 113.50203011592727, "angle": 124.352}, "bulge": {"x": 257.3101745605469, "y": 250.81704711914062, "rx": 22.719578416976823, "ry": 20.108979508105186, "angle": 99.708}, "bar": {"width": 53.15791557130503, "height": 17.03967322583823, "x": 230.7883238102134, "y": 242.69553610843505, "angle": 0.788}}