{"disk": {"x": 255.5518297467913, "y": 251.5539020356678, "rx": 144.4170088524979, "ry": 87.57564644287682, "angle": 31.454}, "bulge": {"x": 255.67198791503907, "y": 253.41241226196288, "rx": 19.185051235327197, "ry": 12.314812531456417, "angle": 18.007}, "bar": {"width": 122.4565868048147, "height": 27.798579590907188, "x": 197.58234587303753, "y": 236.94168056180553, "angle": 144.45}}