{"disk": {"x": 258.5733013153076, "y": 251.1785561243693, "rx": 157.99759385969335, "ry": 107.22680859147313, "angle": 91.43}, "bulge": {"x": 258.3684092203776, "y": 252.1138905843099, "rx": 24.792475218630887, "ry": 13.926913433751814, "angle": 106.0}, "bar": {"width": 160.2, "height": 94.99999389648437, "x": 183.37250366210938, "y": 230.90187377929686, "angle": 145.443}}