{"disk": {"x": 254.34363854449728, "y": 258.67342277195144, "rx": 158.27297876614574, "ry": 80.93551280540144, "angle": 7.142}, "bulge": {"x": 256.1214351654053, "y": 255.59025382995605, "rx": 26.45866290736057, "ry": 14.80607553839712, "angle": 107.515}, "bar": {"width": 51.78654324008678, "height": 22.39973700780104, "x": 229.77054396500637, "y": 245.39943569531823, "angle": 73.905}}