{"disk": {"i0": 0.41600000000000004, "n": 1.0, "c": 2.0, "mu": [253.14742094165126, 248.69953547296745], "roll": 0.6354679863464248, "rEff": 114.72997548982336, "axRatio": 0.5721279414074506}, "bulge": {"i0": 1.1199999999999999, "n": 1.5333333333333332, "c": 2.0, "mu": [255.05696427274117, 248.61735794164989], "roll": 1.9642591015823028, "rEff": 21.705318920666294, "axRatio": 0.930498423054264}, "bar": null, "spirals": []}