{"disk": {"x": 255.8933202570135, "y": 260.808780670166, "rx": 176.0279544301651, "ry": 131.84820902218297, "angle": 128.455}, "bulge": {"x": 254.30486755371095, "y": 257.0226531982422, "rx": 28.954283112623294, "ry": 19.714680305053466, "angle": 147.833}, "bar": null}