{"disk": {"x": 254.44122924804688, "y": 258.85194905598956, "rx": 168.69550335272146, "ry": 122.7780980714753, "angle": 34.728}, "bulge": {"x": 255.08988037109376, "y": 255.1581817626953, "rx": 14.8866679794992, "ry": 11.011032876747626, "angle": 107.667}, "bar": {"width": 43.864051818847656, "height": 17.079063415527344, "x": 233.9741439819336, "y": 249.91403198242188, "angle": 87.048}}