{"disk": {"i0": 0.17333333333333334, "n": 1.0, "c": 2.0, "mu": [259.6119102244554, 251.3597241190156], "roll": 2.355343960262095, "rEff": 125.36134420073404, "axRatio": 0.800291670054502}, "bulge": {"i0": 0.833, "n": 1.737, "c": 2.0, "mu": [260.73011035768724, 252.57720455629243], "roll": 2.3705567023503513, "rEff": 21.743568018389308, "axRatio": 0.5712779687235748}, "bar": null, "spirals": []}