{"disk": {"i0": 0.201304347826087, "n": 1.0, "c": 2.0, "mu": [249.11249712140363, 261.2042925477222], "roll": 0.7488089492484884, "rEff": 108.41374406982109, "axRatio": 0.6392359270567888}, "bulge": {"i0": 0.51125, "n": 1.16375, "c": 2.0, "mu": [255.68598008463138, 258.0213166717554], "roll": 0.6779157293077349, "rEff": 24.087461279894985, "axRatio": 0.7610505504388619}, "bar": null, "spirals": []}