{"disk": {"x": 255.96874128069197, "y": 252.12625994001115, "rx": 129.30304492674782, "ry": 99.35630292547482, "angle": 11.442, "i0": 0.9276190476190477, "n": 1, "c": 2}, "bulge": {"x": 255.95449720110213, "y": 253.25609152657645, "rx": 21.90525730661924, "ry": 14.900177816059042, "angle": 38.906, "i0": 1.030714285714286, "n": 0.7885714285714286, "c": 2}, "bar": {"width": 54.80905825797568, "height": 17.513814418696143, "x": 228.04324766544582, "y": 245.88392378430427, "angle": 145.064, "i0": 0.866, "n": 0.2, "c": 0.5}}