{"disk": {"i0": 0.20523809523809527, "n": 1.0, "c": 2.0, "mu": [263.4128775661022, 251.8105904791189], "roll": 2.7571330106928076, "rEff": 90.08143868867816, "axRatio": 0.9192841126700196}, "bulge": {"i0": 0.5399999999999999, "n": 1.4891666666666665, "c": 2.0, "mu": [260.7410035472094, 255.43088151966126], "roll": 3.004643079071503, "rEff": 14.05912852031848, "axRatio": 0.8968533069378085}, "bar": {"i0": 0.48333333333333334, "n": 1.1166666666666667, "c": 1.83, "mu": [257.8026227835405, 255.56916623021414], "roll": 0.15381405264241854, "rEff": 14.61458818339414, "axRatio": 0.3171038009311936}, "spirals": []}