{"disk": {"x": 256.53961486816405, "y": 254.9315948486328, "rx": 144.98380235934684, "ry": 83.49395950840106, "angle": 128.244, "i0": 0.8845000000000001, "n": 1, "c": 2}, "bulge": {"x": 257.36863708496094, "y": 255.75942891438802, "rx": 16.523507124690738, "ry": 11.51307650026425, "angle": 140.892, "i0": 0.9653333333333334, "n": 0.6373333333333332, "c": 2}, "bar": null}