{"disk": {"i0": 0.20888888888888893, "n": 1.0, "c": 2.0, "mu": [255.93958940399125, 255.9563148390728], "roll": 0.29518239268734114, "rEff": 22.352834681354917, "axRatio": 0.6226498323539386}, "bulge": {"i0": 0.84, "n": 0.8649999999999999, "c": 2.0, "mu": [255.8986732377472, 256.32454767054594], "roll": 2.9189933079750103, "rEff": 3.9374492576499427, "axRatio": 0.9038820086107924}, "bar": null, "spirals": []}