{"disk": {"x": 247.30724681507456, "y": 256.8644936301491, "rx": 125.18287946776859, "ry": 109.93156266519162, "angle": 107.559, "i0": 0.9563636363636363, "n": 1, "c": 2}, "bulge": {"x": 257.0933816092355, "y": 257.22957284109935, "rx": 19.938400167630295, "ry": 15.61944273888432, "angle": 116.662, "i0": 1.1214285714285714, "n": 1.0064285714285715, "c": 2}, "bar": null}