{"disk": {"i0": 0.17533333333333337, "n": 1.0, "c": 2.0, "mu": [256.1902383196712, 257.8387039830424], "roll": 1.1771655219393011, "rEff": 107.27427200698523, "axRatio": 0.9642569754055715}, "bulge": {"i0": 0.59, "n": 1.79, "c": 2.0, "mu": [256.58673492539555, 255.05118783898345], "roll": 2.167554837578313, "rEff": 14.253796978757139, "axRatio": 0.9013622773867658}, "bar": null, "spirals": []}