{"disk": {"x": 251.78155919125206, "y": 249.6010926899157, "rx": 129.4414805181084, "ry": 94.74511938358732, "angle": 118.071}, "bulge": {"x": 255.73765922995176, "y": 253.2208682789522, "rx": 27.19784926679127, "ry": 15.760363095632874, "angle": 106.641}, "bar": {"width": 49.5744249819806, "height": 18.403016908195205, "x": 230.35579135422455, "y": 244.87204196094146, "angle": 82.069}}