{"disk": {"x": 240.120608859592, "y": 235.94865247938367, "rx": 127.58169567666538, "ry": 115.36061935409755, "angle": 159.416}, "bulge": {"x": 253.9010009765625, "y": 255.8495693206787, "rx": 36.60960346615882, "ry": 21.284924259913183, "angle": 144.69}, "bar": null}