{"disk": {"x": 252.64787920783547, "y": 255.33480072021484, "rx": 163.25431232150862, "ry": 82.60048039389348, "angle": 81.412, "i0": 1.321764705882353, "n": 1, "c": 2}, "bulge": {"x": 257.12552007039386, "y": 252.74729792277017, "rx": 19.739170448337088, "ry": 14.873523669296077, "angle": 35.278, "i0": 1.2916666666666665, "n": 1.0741666666666667, "c": 2}, "bar": null}