{"disk": {"x": 258.08384094238284, "y": 254.76165695190429, "rx": 124.2087104063417, "ry": 72.04333322795995, "angle": 37.346}, "bulge": {"x": 259.4662170410156, "y": 254.76925862630208, "rx": 14.644141372226848, "ry": 12.392533713810598, "angle": 92.504}, "bar": null}