{"disk": {"i0": 0.20400000000000004, "n": 1.0, "c": 2.0, "mu": [256.8398351505665, 254.01920354462928], "roll": 2.0804625358240614, "rEff": 98.94797439386332, "axRatio": -1.0689842151018265}, "bulge": null, "bar": null, "spirals": []}