{"disk": {"x": 267.11311594645184, "y": 253.31054306030273, "rx": 174.47407455944844, "ry": 78.90185434836239, "angle": 24.477}, "bulge": {"x": 256.19149112701416, "y": 255.64041709899902, "rx": 20.039443342160485, "ry": 13.21323771040067, "angle": 39.66}, "bar": null}