{"disk": {"mu": [257.6520363915097, 254.02567266752004], "rEff": 68.80698003358741, "axRatio": -1.251803703447926, "roll": 2.07785779268652}, "bulge": {"mu": [258.4497081769858, 252.8220580463462], "rEff": 21.243114401776054, "axRatio": 0.9263568272776277, "roll": 1.5657637967905298}, "bar": null, "spirals": []}