{"disk": {"i0": 0.21666666666666667, "n": 1.0, "c": 2.0, "mu": [257.6520363915097, 254.02567266752004], "roll": 2.07785779268652, "rEff": 68.80698003358741, "axRatio": -1.251803703447926}, "bulge": {"i0": 1.028, "n": 1.464, "c": 2.0, "mu": [258.4497081769858, 252.8220580463462], "roll": 1.5657637967905298, "rEff": 21.243114401776054, "axRatio": 0.9263568272776277}, "bar": null, "spirals": []}