{"disk": {"i0": 0.18428571428571425, "n": 1.0, "c": 2.0, "mu": [260.27190012281557, 252.89914720549484], "roll": 0.05047520673452323, "rEff": 56.238838924851066, "axRatio": 0.42591911453710357}, "bulge": {"i0": 0.97375, "n": 2.026875, "c": 2.0, "mu": [260.1693820896347, 253.3521190067771], "roll": 3.055475307571266, "rEff": 9.846166855477, "axRatio": 0.825739524039699}, "bar": null, "spirals": []}