{"disk": {"mu": [253.73220913286275, 259.2603243997154], "rEff": 42.78086029859958, "axRatio": 1.985402718818401, "roll": -0.9393145430388699}, "bulge": null, "bar": null, "spirals": []}