{"disk": {"i0": 0.22055555555555556, "n": 1.0, "c": 2.0, "mu": [254.986445590071, 253.5693881063474], "roll": 0.5672914768396204, "rEff": 102.07726881262461, "axRatio": 0.9369480117677405}, "bulge": {"i0": 1.0, "n": 1.085, "c": 2.0, "mu": [255.95315788504254, 252.10437517117182], "roll": 1.042234895761491, "rEff": 19.34178012561479, "axRatio": 0.9883202058990066}, "bar": {"i0": 0.2, "n": 0.5, "c": 1.9875, "mu": [255.9826492536126, 253.97918252949148], "roll": 0.6701303582038746, "rEff": 17.0195353707609, "axRatio": 0.27430394110892325}, "spirals": []}