{"disk": {"i0": 0.2058333333333334, "n": 1.0, "c": 2.0, "mu": [257.0786861317785, 258.4597989985833], "roll": 1.9766059419233581, "rEff": 109.27399786192221, "axRatio": -1.0568640688710564}, "bulge": {"i0": 0.5542857142857143, "n": 0.7857142857142857, "c": 2.0, "mu": [256.0834788846744, 258.84873712666405], "roll": 1.9408705055587854, "rEff": 12.903894308252061, "axRatio": 0.9409252215895026}, "bar": null, "spirals": []}