{"disk": {"i0": 0.22086956521739126, "n": 1.0, "c": 2.0, "mu": [254.52392059117327, 256.9277195416396], "roll": 1.557007078984651, "rEff": 109.12313064277701, "axRatio": 0.9713977439108242}, "bulge": {"i0": 0.6266666666666666, "n": 3.1, "c": 2.0, "mu": [257.0936814462612, 257.046193909143], "roll": 1.6392027154886317, "rEff": 9.841367633018406, "axRatio": 0.8336277759014649}, "bar": null, "spirals": []}