{"disk": {"x": 257.6577630293997, "y": 250.80555363705284, "rx": 166.02909987718635, "ry": 83.7289059380801, "angle": 66.583, "i0": 1.1147368421052632, "n": 1, "c": 2}, "bulge": {"x": 257.5365953947368, "y": 252.63589075991982, "rx": 21.850113782713045, "ry": 15.678634332695651, "angle": 63.776, "i0": 1.063157894736842, "n": 0.8678947368421052, "c": 2}, "bar": null}