{"disk": {"mu": [256.4580891916849, 257.8630120896372], "rEff": 107.32992182820118, "axRatio": 1.0172126326356246, "roll": -9.302095979308008}, "bulge": null, "bar": null, "spirals": []}