{"disk": {"x": 256.29586310135693, "y": 257.09119937294406, "rx": 161.6055548533839, "ry": 82.12569446427749, "angle": 114.067}, "bulge": {"x": 256.126961844308, "y": 254.96482958112443, "rx": 15.068081728616026, "ry": 11.805553146366544, "angle": 79.251}, "bar": null}