{"disk": {"mu": [254.45959058787895, 253.1163590953041], "rEff": 105.77965425315125, "axRatio": 0.7453889094851861, "roll": 2.941739775515387}, "bulge": {"mu": [256.43227157721134, 252.6253873256322], "rEff": 16.275333282968703, "axRatio": 0.5114318364478969, "roll": 3.0596136869782815}, "bar": null, "spirals": []}