{"disk": {"i0": 0.21722222222222226, "n": 1.0, "c": 2.0, "mu": [256.89752602179135, 256.52040737550686], "roll": 0.535203699512456, "rEff": 117.0462388794897, "axRatio": 0.9564908047268582}, "bulge": {"i0": 0.5542857142857143, "n": 0.7857142857142857, "c": 2.0, "mu": [256.0834777039995, 258.8487307404979], "roll": 1.9408701647816422, "rEff": 12.903900858942976, "axRatio": 0.940924778869416}, "bar": null, "spirals": []}