{"disk": {"x": 251.83065541585287, "y": 258.72847112019855, "rx": 116.46140193795715, "ry": 84.53402587287006, "angle": 100.379}, "bulge": {"x": 252.79603237575955, "y": 258.1074490017361, "rx": 17.90498708650964, "ry": 14.131210681433597, "angle": 78.397}, "bar": null}