{"disk": {"mu": [257.0786861317785, 258.4597989985833], "rEff": 109.27399786192221, "axRatio": -1.0568640688710564, "roll": 1.9766059419233581}, "bulge": {"mu": [256.0834788846744, 258.84873712666405], "rEff": 12.903894308252061, "axRatio": 0.9409252215895026, "roll": 1.9408705055587854}, "bar": null, "spirals": []}