{"disk": {"x": 255.57593994140626, "y": 253.9780014038086, "rx": 177.41390170190854, "ry": 114.28603244470936, "angle": 136.81}, "bulge": {"x": 258.1829609590418, "y": 254.39953703038833, "rx": 20.730444865875103, "ry": 12.953514400471498, "angle": 152.56}, "bar": null}