{"disk": {"i0": 0.155, "n": 1.0, "c": 2.0, "mu": [257.45280402185625, 257.1800895164644], "roll": 0.3808931313348999, "rEff": 69.38914097714087, "axRatio": 0.5810584796982335}, "bulge": {"i0": 0.7883333333333334, "n": 2.5416666666666665, "c": 2.0, "mu": [256.70251484821375, 256.2989501880625], "roll": 1.554618765421472, "rEff": 18.4367697292576, "axRatio": 0.9768126262123101}, "bar": null, "spirals": []}