{"disk": {"x": 256.44250742594403, "y": 256.89971839057074, "rx": 136.3107129478666, "ry": 104.2806087894796, "angle": 149.761, "i0": 1.1500000000000001, "n": 1, "c": 2}, "bulge": {"x": 255.87642517089844, "y": 255.20906778971354, "rx": 15.167758478895271, "ry": 9.279533679182201, "angle": 136.209, "i0": 0.9740000000000001, "n": 0.5626666666666668, "c": 2}, "bar": {"width": 32.69804218351237, "height": 12.341703158741291, "x": 240.12535177201335, "y": 249.9146876662348, "angle": 55.261, "i0": 0.5940000000000001, "n": 0.11800000000000002, "c": 0.752}}