{"disk": {"x": 257.6578934613396, "y": 258.51813551958867, "rx": 161.90131054779653, "ry": 128.7872387614145, "angle": 30.622, "i0": 1.0970588235294116, "n": 1, "c": 2}, "bulge": {"x": 256.7606951395671, "y": 258.0771026611328, "rx": 15.315238796550167, "ry": 12.669694707164496, "angle": 72.151, "i0": 1.0208333333333333, "n": 0.8591666666666667, "c": 2}, "bar": null}