{"disk": null, "bulge": {"mu": [256.7324657830975, 256.0448393598495], "rEff": 14.080525362426075, "axRatio": 0.7899416341893433, "roll": 1.247707574797968}, "bar": null, "spirals": []}