{"disk": {"i0": 0.21666666666666667, "n": 1.0, "c": 2.0, "mu": [257.34717953550665, 255.30808437681037], "roll": 1.4666822814085332, "rEff": 126.86611289045827, "axRatio": 0.955751741692375}, "bulge": {"i0": 0.5850000000000001, "n": 0.935, "c": 2.0, "mu": [256.33091400564723, 256.66785507193276], "roll": 2.302330662707719, "rEff": 18.817136250100113, "axRatio": 0.9371314256482326}, "bar": null, "spirals": []}