{"disk": {"i0": 0.17833333333333334, "n": 1.0, "c": 2.0, "mu": [257.58282045601607, 255.68928282173513], "roll": 2.32634056468917, "rEff": 92.5592258112529, "axRatio": 0.5330222764418544}, "bulge": {"i0": 0.5900000000000001, "n": 0.87375, "c": 2.0, "mu": [259.0979641357208, 257.31302135910454], "roll": 2.1827135961073934, "rEff": 16.173668445891078, "axRatio": 0.9999999928352509}, "bar": null, "spirals": []}