{"disk": null, "bulge": {"x": 255.23133748372396, "y": 254.29876200358072, "rx": 15.03172800962287, "ry": 13.184288414632297, "angle": 73.253, "i0": 1.0839999999999999, "n": 0.8406666666666667, "c": 2}, "bar": null}