{"disk": {"x": 253.60454898410373, "y": 257.6516698201497, "rx": 185.14634392650376, "ry": 97.8156854106764, "angle": 18.265}, "bulge": {"x": 256.3494588216146, "y": 257.12034301757814, "rx": 24.663577282274314, "ry": 15.903919522418684, "angle": 22.631}, "bar": null}