{"disk": {"x": 256.2051513671875, "y": 260.9239776611328, "rx": 132.30511761338752, "ry": 111.25861374186027, "angle": 105.258, "i0": 1.4325, "n": 1, "c": 2}, "bulge": {"x": 253.7201647077288, "y": 253.68675667898995, "rx": 20.481825377917318, "ry": 13.807184724286126, "angle": 113.812, "i0": 1.2785714285714285, "n": 0.3585714285714286, "c": 2}, "bar": null}