{"disk": {"i0": 0.32, "n": 1.0, "c": 2.0, "mu": [254.19017429259853, 256.67648579212624], "roll": 1.151488114654318, "rEff": 30.18437230825002, "axRatio": 0.4877301367321951}, "bulge": null, "bar": null, "spirals": []}