{"disk": {"x": 256.527626731179, "y": 259.1762723055753, "rx": 165.11985110499137, "ry": 105.10024255308207, "angle": 30.123, "i0": 1.1645454545454548, "n": 1, "c": 2}, "bulge": {"x": 254.8421417236328, "y": 258.83550821940105, "rx": 19.20519174272909, "ry": 13.836868916159307, "angle": 16.676, "i0": 1.0546666666666666, "n": 0.7106666666666667, "c": 2}, "bar": null}