{"disk": {"i0": 0.31777777777777777, "n": 1.0, "c": 2.0, "mu": [257.79568067043925, 253.4078543860554], "roll": 2.8688296594540432, "rEff": 94.71347654864454, "axRatio": 0.5163910295498203}, "bulge": {"i0": 0.8, "n": 3.628, "c": 2.0, "mu": [259.1524148793936, 254.3198459801509], "roll": 0.6456344295833514, "rEff": 24.54890573431013, "axRatio": 0.9131405615128968}, "bar": null, "spirals": []}