{"disk": {"i0": 0.22000000000000003, "n": 1.0, "c": 2.0, "mu": [257.2924694519897, 258.43436099569436], "roll": 0.7694652706076878, "rEff": 124.54249794587476, "axRatio": 0.8550955283265078}, "bulge": {"i0": 0.9244444444444445, "n": 0.8533333333333334, "c": 2.0, "mu": [257.1560915648673, 257.54838898307617], "roll": 0.6578580535332039, "rEff": 11.510254236808231, "axRatio": 0.86687945598151}, "bar": null, "spirals": []}