{"disk": {"x": 253.59812757703992, "y": 254.32003529866537, "rx": 133.03899674420512, "ry": 86.91553244858436, "angle": 62.161}, "bulge": null, "bar": {"width": 60.88702701122389, "height": 23.17548056371739, "x": 223.03097559422716, "y": 242.85476370337798, "angle": 9.565}}