{"disk": null, "bulge": {"x": 259.66261532432156, "y": 255.45921727230674, "rx": 18.719117120220893, "ry": 14.065606311147961, "angle": 104.642, "i0": 1.2821052631578946, "n": 0.6868421052631578, "c": 2}, "bar": null}