{"disk": {"mu": [256.06374126502715, 255.18081907703225], "rEff": 103.92600987968203, "axRatio": 0.999999997311287, "roll": 1.558623338837057}, "bulge": null, "bar": {"mu": [256.0, 256.0], "rEff": 5.1711501660253685, "axRatio": 0.08874971369287221, "roll": 3.141592295842406}, "spirals": []}