{"disk": {"x": 256.14885671515214, "y": 252.70403048866675, "rx": 179.09812202200192, "ry": 111.35404682774245, "angle": 81.0}, "bulge": {"x": 255.69754918416342, "y": 254.3745028177897, "rx": 24.89208113400309, "ry": 15.421290912532564, "angle": 158.822}, "bar": null}