{"disk": {"x": 255.59137217203775, "y": 254.2369350857205, "rx": 154.0887007783033, "ry": 79.53958994539231, "angle": 162.052, "i0": 1.1855555555555557, "n": 1, "c": 2}, "bulge": {"x": 256.85894071138824, "y": 254.73254864032452, "rx": 18.920023972264026, "ry": 12.035192289857607, "angle": 101.123, "i0": 1.2261538461538461, "n": 0.6392307692307692, "c": 2}, "bar": null}