{"disk": {"i0": 0.18800000000000003, "n": 1.0, "c": 2.0, "mu": [257.6018395602603, 257.73297841487727], "roll": 1.189685421675102, "rEff": 90.77367529709282, "axRatio": 0.5994920809803813}, "bulge": {"i0": 0.615, "n": 1.874285714285714, "c": 2.0, "mu": [256.9375528188033, 254.29597114479859], "roll": 1.3570567197563705, "rEff": 19.77579032495058, "axRatio": 0.5692314270006158}, "bar": null, "spirals": []}