{"disk": {"x": 256.844897183505, "y": 257.43713309548116, "rx": 161.95359495479624, "ry": 97.3966763453479, "angle": 97.796}, "bulge": {"x": 255.26988220214844, "y": 256.9732971191406, "rx": 14.043374284915297, "ry": 6.848665191408495, "angle": 85.141}, "bar": null}