{"disk": {"x": 256.0845196063702, "y": 251.05223611684946, "rx": 220.57897647254686, "ry": 162.49396126095718, "angle": 123.294}, "bulge": {"x": 256.763533782959, "y": 253.92295761108397, "rx": 33.978442325598635, "ry": 22.164186827490905, "angle": 124.386}, "bar": {"width": 54.3742474588658, "height": 29.938700773668927, "x": 231.24759481130368, "y": 238.81568161302602, "angle": 53.22}}