{"disk": {"x": 254.57292938232422, "y": 247.37677383422852, "rx": 169.71433611623132, "ry": 95.81377422160656, "angle": 155.271, "i0": 1.417, "n": 1, "c": 2}, "bulge": {"x": 255.8807864718967, "y": 249.8910166422526, "rx": 28.89871385673642, "ry": 20.859332679150004, "angle": 95.322, "i0": 1.2794444444444444, "n": 0.48388888888888903, "c": 2}, "bar": null}