{"disk": {"mu": [254.20376088369017, 255.96726890144333], "rEff": 29.72751888081199, "axRatio": 0.47946973879548516, "roll": 1.1225220605906636}, "bulge": null, "bar": null, "spirals": []}