{"disk": {"mu": [258.43252974813544, 254.50930378283047], "rEff": 139.34465890059806, "axRatio": 0.8987413654794532, "roll": 1.1273844729282068}, "bulge": {"mu": [257.35730911685016, 253.55251016793218], "rEff": 19.144557316813728, "axRatio": 0.8956794402034665, "roll": 1.4099908696604349}, "bar": null, "spirals": []}