{"disk": {"i0": 0.19444444444444445, "n": 1.0, "c": 2.0, "mu": [253.31941877747755, 254.10579724842125], "roll": 1.3979317249645802, "rEff": 67.99015598134977, "axRatio": 0.5129825670112704}, "bulge": {"i0": 0.9884615384615384, "n": 1.353076923076923, "c": 2.0, "mu": [254.00284280855985, 252.55787638557447], "roll": 0.22893632872371716, "rEff": 13.11151580062854, "axRatio": 0.9469211832863776}, "bar": {"i0": 0.2425, "n": 0.84, "c": 2.0175, "mu": [255.56476935817614, 254.81149708569367], "roll": 1.5707963242444425, "rEff": 23.21836146890465, "axRatio": 0.2088935704578752}, "spirals": []}