{"disk": {"i0": 0.2266666666666667, "n": 1.0, "c": 2.0, "mu": [255.08412532826705, 259.03828256190326], "roll": 0.311294702360364, "rEff": 113.58222621909083, "axRatio": 0.6915359880065284}, "bulge": null, "bar": {"i0": 0.29833333333333334, "n": 0.595, "c": 1.9333333333333333, "mu": [256.31295579927064, 256.0071402851778], "roll": 2.3321895637785177, "rEff": 25.732089963983093, "axRatio": 0.39481825374509033}, "spirals": []}