{"disk": {"i0": 0.19416666666666668, "n": 1.0, "c": 2.0, "mu": [256.9800190599638, 254.47075332835266], "roll": 2.1897729020272307, "rEff": 48.30099958109246, "axRatio": 0.5376380679572685}, "bulge": {"i0": 0.8836363636363636, "n": 1.4172727272727272, "c": 2.0, "mu": [257.66552556121525, 254.7113273683463], "roll": 1.7169520662671076, "rEff": 9.689718353348926, "axRatio": 0.9601352082132566}, "bar": null, "spirals": []}