{"disk": {"i0": 0.24357142857142863, "n": 1.0, "c": 2.0, "mu": [255.64211089173347, 255.23241468357824], "roll": 1.3594789601683208, "rEff": 30.291427814856466, "axRatio": 0.5459501075845649}, "bulge": {"i0": 1.0050000000000001, "n": 1.404, "c": 2.0, "mu": [255.98241583597806, 254.90169324426165], "roll": 2.560938810468735, "rEff": 8.544249026446945, "axRatio": 0.9165907810602693}, "bar": null, "spirals": []}