{"disk": null, "bulge": null, "bar": {"mu": [254.75479112336254, 255.28436411509531], "rEff": 21.999999934034854, "axRatio": 0.2941201303987926, "roll": 2.1164515978608303}, "spirals": []}