{"disk": {"i0": 0.21999999999999997, "n": 1.0, "c": 2.0, "mu": [252.7996057346263, 253.88029711451685], "roll": 1.428321118678429, "rEff": 60.48870760878222, "axRatio": 0.5126746312228502}, "bulge": {"i0": 1.03, "n": 1.0845454545454545, "c": 2.0, "mu": [254.2244176670662, 252.35930756559517], "roll": 2.9050685211223715, "rEff": 12.706471909168648, "axRatio": 0.9253529500078638}, "bar": {"i0": 0.20600000000000002, "n": 0.868, "c": 1.954, "mu": [256.0, 256.0], "roll": 3.1415922880277063, "rEff": 5.159937068667769, "axRatio": 0.12879717556934855}, "spirals": []}