{"disk": {"x": 253.31329752604168, "y": 255.4349822998047, "rx": 68.07962533812302, "ry": 33.52407958805482, "angle": 66.415, "i0": 1.1873333333333336, "n": 1, "c": 2}, "bulge": null, "bar": null}