{"disk": {"x": 257.3806406656901, "y": 258.3960447765532, "rx": 165.47964467320267, "ry": 86.20219510500996, "angle": 69.264, "i0": 1.1004761904761904, "n": 1, "c": 2}, "bulge": {"x": 256.84185550087375, "y": 255.98237529553865, "rx": 21.170757530492295, "ry": 13.578532517468217, "angle": 80.628, "i0": 1.0421052631578946, "n": 0.7326315789473684, "c": 2}, "bar": {"width": 96.2073911492562, "height": 21.28718298679039, "x": 208.0579682437313, "y": 243.87078228590173, "angle": 116.39, "i0": 0.9219999999999999, "n": 0.356, "c": 1.06}}