{"disk": {"i0": 0.25166666666666665, "n": 1.0, "c": 2.0, "mu": [244.29352583918876, 235.43474907602774], "roll": 2.1823736715822877, "rEff": 89.18188152455069, "axRatio": 0.4868624179652542}, "bulge": null, "bar": null, "spirals": []}