{"disk": {"mu": [261.7983705763783, 259.9030223484164], "rEff": 96.56954113290429, "axRatio": -1.1176541325703468, "roll": 0.33093692331184743}, "bulge": null, "bar": null, "spirals": []}