{"disk": null, "bulge": {"x": 255.4781951904297, "y": 255.52274068196616, "rx": 13.61661459606948, "ry": 8.091432999770424, "angle": 28.688, "i0": 0.9533333333333333, "n": 0.39999999999999997, "c": 2}, "bar": {"width": 75.24888874112393, "height": 22.705521582786186, "x": 217.06082275997187, "y": 244.8301870032033, "angle": 54.217, "i0": 0.9766666666666666, "n": 0.20166666666666666, "c": 0.6933333333333334}}