{"disk": {"i0": 0.2558823529411765, "n": 1.0, "c": 2.0, "mu": [260.5189379193789, 252.74671989582555], "roll": 0.4585992803338697, "rEff": 125.21489238445169, "axRatio": 0.948385764575356}, "bulge": {"i0": 0.3, "n": 1.6666666666666667, "c": 2.0, "mu": [258.74012241182373, 253.93941916294224], "roll": 1.0725282804744982, "rEff": 18.472921916463225, "axRatio": 0.9712924004045783}, "bar": null, "spirals": []}