{"disk": {"x": 258.62860412597655, "y": 255.5865280151367, "rx": 156.03622742438375, "ry": 92.19513604310026, "angle": 37.882, "i0": 1.0059999999999998, "n": 1, "c": 2}, "bulge": {"x": 256.54119873046875, "y": 255.5223185221354, "rx": 17.8209902484007, "ry": 9.474655740785602, "angle": 7.311, "i0": 1.0183333333333333, "n": 0.5391666666666667, "c": 2}, "bar": {"width": 44.49089102313142, "height": 14.064923818492998, "x": 235.16778647434387, "y": 247.79739060365807, "angle": 168.913, "i0": 0.6514285714285715, "n": 0.37142857142857144, "c": 0.6428571428571427}}