{"disk": {"x": 256.9516792297363, "y": 254.16977818806967, "rx": 166.5180924684701, "ry": 137.2846750029551, "angle": 66.19}, "bulge": {"x": 257.65579851935894, "y": 252.9726329130285, "rx": 24.342278889560376, "ry": 18.577027942617647, "angle": 44.075}, "bar": null}