{"disk": {"i0": 0.3318181818181818, "n": 1.0, "c": 2.0, "mu": [258.0755809314142, 261.0443025408434], "roll": 0.21298292581181677, "rEff": 103.51943337605483, "axRatio": -1.0958715356828408}, "bulge": null, "bar": null, "spirals": []}