{"disk": {"x": 256.06505415174695, "y": 255.85645209418402, "rx": 156.00119859690994, "ry": 84.06738623559407, "angle": 21.573}, "bulge": {"x": 256.4085412276419, "y": 254.56465470163445, "rx": 18.729785796341563, "ry": 13.682131540114147, "angle": 70.228}, "bar": null}