{"disk": {"i0": 0.20400000000000001, "n": 1.0, "c": 2.0, "mu": [252.34923348184253, 254.2621324317099], "roll": 0.05978485128534828, "rEff": 82.90262247717368, "axRatio": 0.5282330925583987}, "bulge": {"i0": 0.5333333333333333, "n": 2.1333333333333333, "c": 2.0, "mu": [254.1569401544721, 256.3092385226608], "roll": 0.08696359016078144, "rEff": 20.712691370209757, "axRatio": 0.499008070908803}, "bar": null, "spirals": []}