{"disk": {"i0": 0.19529411764705884, "n": 1.0, "c": 2.0, "mu": [256.44123542399933, 257.1004256706032], "roll": 2.795220413497025, "rEff": 139.75126913918027, "axRatio": 0.9933469720771575}, "bulge": {"i0": 0.6225, "n": 1.75, "c": 2.0, "mu": [258.0873143874443, 256.2895854026821], "roll": 1.5729963562582652, "rEff": 18.98035590518769, "axRatio": 0.9463656239455388}, "bar": null, "spirals": []}