{"disk": {"i0": 0.20588235294117646, "n": 1.0, "c": 2.0, "mu": [257.94972304875284, 256.1025710536606], "roll": 0.07687630921420671, "rEff": 104.88343111963749, "axRatio": 0.9999999925584279}, "bulge": {"i0": 0.6057142857142858, "n": 1.512857142857143, "c": 2.0, "mu": [256.20543205100097, 255.1550613321908], "roll": 0.2579416016144581, "rEff": 13.275529001655796, "axRatio": 0.809233616965226}, "bar": null, "spirals": []}