{"disk": {"i0": 0.2, "n": 1.0, "c": 2.0, "mu": [256.06374126502715, 255.18081907703225], "roll": 1.558623338837057, "rEff": 103.92600987968203, "axRatio": 0.999999997311287}, "bulge": null, "bar": null, "spirals": []}