{"disk": {"i0": 0.2328571428571429, "n": 1.0, "c": 2.0, "mu": [254.3803633919305, 256.86043700297637], "roll": 0.6235560654682862, "rEff": 115.60835356574783, "axRatio": 0.9999999927296098}, "bulge": {"i0": 0.7899999999999999, "n": 2.9775, "c": 2.0, "mu": [254.99389628738513, 255.48513632563672], "roll": 0.828514693559317, "rEff": 19.000825602734324, "axRatio": 0.702558950308281}, "bar": null, "spirals": []}