{"disk": {"x": 245.0570257277716, "y": 261.98086983816967, "rx": 163.08428422111953, "ry": 95.34239992312979, "angle": 46.519, "i0": 1.2447619047619047, "n": 1, "c": 2}, "bulge": {"x": 255.5886001586914, "y": 252.276029586792, "rx": 25.875656778855145, "ry": 20.06058288446242, "angle": 18.519, "i0": 1.27875, "n": 0.79625, "c": 2}, "bar": null}