{"disk": {"x": 253.9582880193537, "y": 255.26166950572622, "rx": 143.5554997738821, "ry": 97.16846571703174, "angle": 90.792}, "bulge": {"x": 255.4897674560547, "y": 255.99959615071614, "rx": 14.259357305830129, "ry": 9.529384676644373, "angle": 159.183}, "bar": null}