{"disk": null, "bulge": {"x": 258.5822893778483, "y": 249.7700449625651, "rx": 25.468610561268317, "ry": 20.45981263644131, "angle": 122.812, "i0": 1.31, "n": 0.7016666666666667, "c": 2}, "bar": null}