{"disk": {"i0": 0.18857142857142858, "n": 1.0, "c": 2.0, "mu": [254.88147735978708, 255.09996435297245], "roll": 1.374089939203357, "rEff": 30.05685584091897, "axRatio": 0.501809536760856}, "bulge": {"i0": 0.8875, "n": 1.0675, "c": 2.0, "mu": [255.72494397029766, 255.10421500002917], "roll": 2.8172083145645237, "rEff": 9.200133431246803, "axRatio": 0.8954297459513437}, "bar": null, "spirals": []}