{"disk": {"i0": 0.24181818181818182, "n": 1.0, "c": 2.0, "mu": [259.09775141438985, 253.60391356615233], "roll": 3.010359290675872, "rEff": 128.0890284169679, "axRatio": -1.000000003222272}, "bulge": null, "bar": null, "spirals": []}