{"disk": {"x": 258.63130348607115, "y": 256.81332678543896, "rx": 159.83981873291904, "ry": 132.1344012270304, "angle": 121.559, "i0": 1.2936842105263158, "n": 1, "c": 2}, "bulge": {"x": 257.1583662033081, "y": 255.5573606491089, "rx": 18.60316667566412, "ry": 10.998555823529596, "angle": 53.958, "i0": 0.8243750000000001, "n": 0.5662499999999999, "c": 2}, "bar": {"width": 40.61258851175545, "height": 12.659720552299518, "x": 237.3413391059387, "y": 248.31805689914322, "angle": 125.878, "i0": 0.813, "n": 0.28400000000000003, "c": 0.466}}