{"disk": {"x": 252.80656080979568, "y": 255.81118774414062, "rx": 161.41071259717336, "ry": 83.18241739445874, "angle": 44.935}, "bulge": {"x": 255.6814867655436, "y": 254.81203842163086, "rx": 22.92382772978966, "ry": 11.795378688551141, "angle": 27.869}, "bar": null}