{"disk": {"mu": [258.0865721815002, 251.19159011946556], "rEff": 109.50546004157783, "axRatio": 0.6651468512674911, "roll": 2.826666968563734}, "bulge": null, "bar": null, "spirals": []}