{"disk": {"i0": 0.21799999999999997, "n": 1.0, "c": 2.0, "mu": [256.65691169465526, 250.73757537354737], "roll": 1.4548127192371225, "rEff": 100.41206291413614, "axRatio": 0.5481966328802567}, "bulge": null, "bar": null, "spirals": []}