{"disk": {"i0": 0.19090909090909092, "n": 1.0, "c": 2.0, "mu": [258.43252974813544, 254.50930378283047], "roll": 1.1273844729282068, "rEff": 139.34465890059806, "axRatio": 0.8987413654794532}, "bulge": {"i0": 0.5191666666666667, "n": 1.6658333333333335, "c": 2.0, "mu": [257.35730911685016, 253.55251016793218], "roll": 1.4099908696604349, "rEff": 19.144557316813728, "axRatio": 0.8956794402034665}, "bar": null, "spirals": []}