{"disk": {"x": 264.7899475097656, "y": 270.0060773577009, "rx": 173.61877901920167, "ry": 79.31235444679355, "angle": 114.229, "i0": 1.2395238095238095, "n": 1, "c": 2}, "bulge": {"x": 258.26501210530597, "y": 246.66867955525717, "rx": 40.882078612024024, "ry": 21.290285905308888, "angle": 93.073, "i0": 1.1458333333333333, "n": 0.48833333333333334, "c": 2}, "bar": {"width": 94.71898142496745, "height": 31.49310302734375, "x": 211.72145716349283, "y": 237.5675926208496, "angle": 90.0, "i0": 0.6416666666666666, "n": 0.22999999999999998, "c": 0.7233333333333333}}