{"disk": {"i0": 0.34, "n": 1.0, "c": 2.0, "mu": [254.20376088369017, 255.96726890144333], "roll": 1.1225220605906636, "rEff": 29.72751888081199, "axRatio": 0.47946973879548516}, "bulge": null, "bar": null, "spirals": []}