{"disk": {"i0": 0.1847619047619048, "n": 1.0, "c": 2.0, "mu": [264.501068014345, 257.511987676745], "roll": 2.690223110161082, "rEff": 125.5011935833818, "axRatio": 0.8363610039397713}, "bulge": {"i0": 0.6649999999999999, "n": 1.014, "c": 2.0, "mu": [258.0037740528452, 257.9178506570987], "roll": 0.7317984379814872, "rEff": 16.70976542390948, "axRatio": 0.6843044176442767}, "bar": null, "spirals": []}