{"disk": {"i0": 0.2823809523809524, "n": 1.0, "c": 2.0, "mu": [258.2248251776385, 261.8520336651601], "roll": 1.7255035476476979, "rEff": 111.09870363963324, "axRatio": 0.9204350789342872}, "bulge": {"i0": 0.22666666666666668, "n": 2.8366666666666664, "c": 2.0, "mu": [253.073529412387, 252.7934558687261], "roll": 1.8711602986147642, "rEff": 14.075316672365952, "axRatio": 0.7937445249747997}, "bar": null, "spirals": []}