{"disk": null, "bulge": {"mu": [258.28515335944525, 253.83524969735336], "rEff": 8.687238126627586, "axRatio": 0.9999999931491976, "roll": 0.5736931897814618}, "bar": null, "spirals": []}