{"disk": {"x": 259.1070098876953, "y": 253.28501764933267, "rx": 136.73206596430308, "ry": 114.16982727082073, "angle": 55.776, "i0": 1.1816666666666666, "n": 1, "c": 2}, "bulge": {"x": 260.26267034357244, "y": 255.06057739257812, "rx": 14.904230766397808, "ry": 11.538017847549364, "angle": 61.297, "i0": 0.9945454545454545, "n": 0.6809090909090908, "c": 2}, "bar": null}