{"disk": null, "bulge": {"i0": 1.0, "n": 1.6366666666666667, "c": 2.0, "mu": [255.4885329251901, 254.45496471450446], "roll": 0.09230374613287905, "rEff": 12.687304493451528, "axRatio": 0.9758730896675245}, "bar": null, "spirals": []}