{"disk": {"x": 258.6344980093149, "y": 253.78227938138522, "rx": 126.85150821652802, "ry": 85.99607503161464, "angle": 37.335, "i0": 0.8761538461538462, "n": 1, "c": 2}, "bulge": {"x": 258.19497807820636, "y": 254.71672439575195, "rx": 13.623957802052223, "ry": 8.598214090733856, "angle": 8.471, "i0": 1.0150000000000001, "n": 0.8141666666666668, "c": 2}, "bar": null}