{"disk": {"mu": [254.88147735978708, 255.09996435297245], "rEff": 30.05685584091897, "axRatio": 0.501809536760856, "roll": 1.374089939203357}, "bulge": {"mu": [255.72494397029766, 255.10421500002917], "rEff": 9.200133431246803, "axRatio": 0.8954297459513437, "roll": 2.8172083145645237}, "bar": null, "spirals": []}