{"disk": {"x": 257.17037803248354, "y": 256.64248817845396, "rx": 138.2489419519868, "ry": 117.14888574567867, "angle": 75.956}, "bulge": {"x": 255.53488436612216, "y": 255.2917383367365, "rx": 16.102054169241185, "ry": 12.54874727092373, "angle": 24.666}, "bar": null}