{"disk": {"i0": 0.24125, "n": 1.0, "c": 2.0, "mu": [255.3543089677188, 252.38517361569455], "roll": 0.07629484126161236, "rEff": 114.1668038835458, "axRatio": 0.8223851721108407}, "bulge": null, "bar": {"i0": 0.20000000000000004, "n": 0.5, "c": 2.0, "mu": [257.19277920458165, 253.95921317799113], "roll": 3.141252525193519, "rEff": 18.00176046381253, "axRatio": 0.32366936230488585}, "spirals": []}