{"disk": {"i0": 0.18, "n": 1.0, "c": 2.0, "mu": [255.29798949978067, 257.4866280579875], "roll": 1.3545446998953476, "rEff": 134.0273374498815, "axRatio": -1.0661041965925095}, "bulge": {"i0": 0.67, "n": 1.47375, "c": 2.0, "mu": [254.41549589433433, 257.1300950125552], "roll": 0.8763254782078111, "rEff": 13.388501052642926, "axRatio": 0.9946261211459201}, "bar": null, "spirals": []}