{"disk": {"x": 261.42610822405135, "y": 262.72329493931363, "rx": 159.44823791302525, "ry": 95.70850146443878, "angle": 16.225, "i0": 0.8757142857142857, "n": 1, "c": 2}, "bulge": {"x": 256.6431457519531, "y": 254.22292938232422, "rx": 17.804097605811428, "ry": 10.57607348868381, "angle": 109.003, "i0": 1.225, "n": 0.47400000000000003, "c": 2}, "bar": null}