{"disk": {"x": 256.82873280843097, "y": 255.11586252848306, "rx": 119.92574182401977, "ry": 104.41415866538273, "angle": 0.0, "i0": 1.0833333333333333, "n": 1, "c": 2}, "bulge": {"x": 257.7528730119978, "y": 255.34674944196428, "rx": 11.515827207166152, "ry": 8.105458605973485, "angle": 113.605, "i0": 1.2042857142857142, "n": 0.5671428571428571, "c": 2}, "bar": {"width": 52.96844089347333, "height": 29.65440376739469, "x": 232.39077955326334, "y": 240.95050655136126, "angle": 48.182, "i0": 1.0, "n": 0.16, "c": 0.45999999999999996}}