{"disk": {"x": 255.3731953014027, "y": 256.4880880876021, "rx": 154.5539208119396, "ry": 126.03254561522503, "angle": 84.696}, "bulge": {"x": 256.04334803989957, "y": 255.5118669782366, "rx": 17.740812976418777, "ry": 13.453602894339282, "angle": 94.022}, "bar": null}