{"disk": {"x": 255.39308166503906, "y": 256.6659035060717, "rx": 131.22248715271164, "ry": 125.48013399671264, "angle": 88.88}, "bulge": {"x": 258.03890555245533, "y": 255.9747358049665, "rx": 17.932537319514505, "ry": 16.243013281565087, "angle": 151.387}, "bar": {"width": 44.7517278988646, "height": 10.64455946562984, "x": 235.27539947830206, "y": 251.7338604039038, "angle": 156.594}}