{"disk": null, "bulge": null, "bar": {"mu": [257.51300335791416, 255.95634715869213], "rEff": 21.874741345650204, "axRatio": 0.3113257212516054, "roll": 0.4454677938574174}, "spirals": []}