{"disk": {"x": 254.85836601257324, "y": 247.47241401672363, "rx": 152.83955157094863, "ry": 123.10152836038111, "angle": 116.13, "i0": 1.04875, "n": 1, "c": 2}, "bulge": {"x": 255.68465199190027, "y": 256.09826211368335, "rx": 19.282907670737742, "ry": 9.850698663175518, "angle": 70.076, "i0": 1.006470588235294, "n": 0.8164705882352942, "c": 2}, "bar": {"width": 47.00524934836228, "height": 18.315151627420008, "x": 231.65788422338832, "y": 244.92157661142022, "angle": 107.555, "i0": 0.6411111111111111, "n": 0.15666666666666668, "c": 0.7644444444444445}}