{"disk": {"x": 257.36705017089844, "y": 254.32103729248047, "rx": 97.03889247252438, "ry": 55.68255312778281, "angle": 128.657, "i0": 0.937, "n": 1, "c": 2}, "bulge": {"x": 257.4383555094401, "y": 254.2552235921224, "rx": 11.151809731486273, "ry": 9.309511961062162, "angle": 145.225, "i0": 0.9933333333333334, "n": 0.8093333333333333, "c": 2}, "bar": null}