{"disk": {"i0": 0.18937500000000002, "n": 1.0, "c": 2.0, "mu": [256.3092629949503, 257.23884998729346], "roll": 1.816490686168878, "rEff": 141.21061773934366, "axRatio": 0.9867783457921746}, "bulge": null, "bar": null, "spirals": []}