{"disk": {"x": 256.185604095459, "y": 253.44124755859374, "rx": 146.08216760416926, "ry": 105.14453660792942, "angle": 175.062, "i0": 0.8949999999999999, "n": 1, "c": 2}, "bulge": {"x": 257.44535064697266, "y": 254.1613540649414, "rx": 17.447086326973768, "ry": 9.248651183307762, "angle": 168.099, "i0": 0.9775, "n": 0.5700000000000001, "c": 2}, "bar": {"width": 59.43299367972902, "height": 23.633611325181032, "x": 227.81870232547973, "y": 242.65358942560528, "angle": 6.209, "i0": 0.93625, "n": 0.15125, "c": 0.6625}}