{"disk": {"x": 253.59795934503728, "y": 256.8283531882546, "rx": 124.36349183313827, "ry": 60.830198449819015, "angle": 154.337, "i0": 1.008181818181818, "n": 1, "c": 2}, "bulge": {"x": 255.0592737197876, "y": 258.02022552490234, "rx": 16.817220811246436, "ry": 11.372678842087605, "angle": 3.359, "i0": 1.0975000000000001, "n": 0.5131249999999999, "c": 2}, "bar": null}