{"disk": {"i0": 0.25999999999999995, "n": 1.0, "c": 2.0, "mu": [261.7983705763783, 259.9030223484164], "roll": 0.33093692331184743, "rEff": 96.56954113290429, "axRatio": -1.1176541325703468}, "bulge": null, "bar": null, "spirals": []}