{"disk": {"x": 257.53829193115234, "y": 260.33528815375433, "rx": 175.2015114838349, "ry": 88.6087274564432, "angle": 41.306, "i0": 1.0916666666666666, "n": 1, "c": 2}, "bulge": {"x": 257.3666687011719, "y": 255.91910129123264, "rx": 63.74317943959618, "ry": 32.593813902132545, "angle": 39.566, "i0": 0.8977777777777778, "n": 0.4077777777777778, "c": 2}, "bar": null}