{"disk": {"x": 258.63130348607115, "y": 256.81332678543896, "rx": 159.83981873291904, "ry": 132.1344012270304, "angle": 121.559}, "bulge": {"x": 257.1583662033081, "y": 255.5573606491089, "rx": 18.60316667566412, "ry": 10.998555823529596, "angle": 53.958}, "bar": {"width": 40.61258851175545, "height": 12.659720552299518, "x": 237.3413391059387, "y": 248.31805689914322, "angle": 125.878}}