{"disk": null, "bulge": {"i0": 1.265, "n": 2.845, "c": 2.0, "mu": [254.94081148155684, 253.64696344788115], "roll": 3.1012006468423774, "rEff": 12.933618163372348, "axRatio": 0.9999999931779164}, "bar": null, "spirals": []}