{"disk": {"x": 255.04037560356988, "y": 255.42129262288412, "rx": 133.41792306163956, "ry": 118.8375677574467, "angle": 65.208, "i0": 0.8988888888888888, "n": 1, "c": 2}, "bulge": {"x": 256.6249433244978, "y": 255.54358782087053, "rx": 16.206437077550852, "ry": 10.464105192904233, "angle": 122.268, "i0": 0.9364285714285715, "n": 0.85, "c": 2}, "bar": {"width": 51.91200759029146, "height": 18.07975249843013, "x": 230.570621838094, "y": 246.71610996446904, "angle": 83.841, "i0": 0.55625, "n": 0.17625000000000002, "c": 0.4025}}