{"disk": {"x": 255.87757471988076, "y": 254.57263745759664, "rx": 187.4894635691034, "ry": 115.36430899461548, "angle": 174.566}, "bulge": {"x": 259.7147959391276, "y": 251.81927388509115, "rx": 24.985523761666148, "ry": 18.75543674540124, "angle": 139.44}, "bar": {"width": 128.81902396739662, "height": 29.201686896191045, "x": 193.9164914088391, "y": 234.98758695656755, "angle": 51.435}}