{"disk": {"x": 257.1324228922526, "y": 254.26360982259115, "rx": 130.4385797754943, "ry": 110.86445966245469, "angle": 106.092}, "bulge": {"x": 257.633289882115, "y": 254.7524675641741, "rx": 13.024233727879126, "ry": 8.938940158077397, "angle": 81.188}, "bar": null}