{"disk": {"x": 257.3317217145647, "y": 252.8593561081659, "rx": 155.32418911852807, "ry": 142.28914540353725, "angle": 108.509, "i0": 1.1614285714285715, "n": 1, "c": 2}, "bulge": {"x": 259.5094108581543, "y": 256.1878910064697, "rx": 29.60020953331902, "ry": 15.986168303516282, "angle": 96.417, "i0": 0.8674999999999999, "n": 0.53375, "c": 2}, "bar": null}