{"disk": {"x": 257.7113930838449, "y": 257.03817676362536, "rx": 162.60235514394623, "ry": 116.28676660553863, "angle": 50.307}, "bulge": {"x": 257.289493560791, "y": 256.3356075286865, "rx": 17.85923246512517, "ry": 12.472745117221779, "angle": 161.829}, "bar": {"width": 60.61679756709978, "height": 21.73424913489667, "x": 227.75861209596667, "y": 246.8522586722977, "angle": 28.32}}