{"disk": {"x": 258.3004037957442, "y": 255.93176912006578, "rx": 165.22460652144315, "ry": 94.23829432976649, "angle": 69.557, "i0": 1.3931578947368422, "n": 1, "c": 2}, "bulge": {"x": 257.9328165690104, "y": 255.24759724934896, "rx": 39.21189944642146, "ry": 22.236162156843736, "angle": 80.792, "i0": 1.05, "n": 0.5786666666666667, "c": 2}, "bar": null}