{"disk": {"mu": [259.15145141493923, 256.32733227786156], "rEff": 110.16653194394253, "axRatio": 0.8453982210444938, "roll": 0.06122634856222575}, "bulge": {"mu": [258.0037865548225, 257.91784884379047], "rEff": 16.709757862264503, "axRatio": 0.6843046819850248, "roll": 0.7317988206345759}, "bar": null, "spirals": []}