{"disk": {"i0": 0.30666666666666664, "n": 1.0, "c": 2.0, "mu": [256.91180860346316, 251.37714024883675], "roll": 1.4282424106115699, "rEff": 102.7151941718872, "axRatio": 0.586384237397741}, "bulge": null, "bar": null, "spirals": []}