{"disk": {"x": 255.39010075160436, "y": 254.61991991315568, "rx": 59.35126914627235, "ry": 31.18001952283666, "angle": 77.186, "i0": 1.2642857142857142, "n": 1, "c": 2}, "bulge": {"x": 255.8882319132487, "y": 255.0864011976454, "rx": 11.797791413738516, "ry": 10.034892540432525, "angle": 143.918, "i0": 1.1505555555555553, "n": 0.9555555555555555, "c": 2}, "bar": null}