{"disk": {"x": 254.07456488358346, "y": 256.48495322779604, "rx": 166.42019051088863, "ry": 125.54899361837373, "angle": 166.358}, "bulge": {"x": 255.09301681518554, "y": 257.58434982299804, "rx": 19.452758111332614, "ry": 12.723179996101154, "angle": 136.975}, "bar": null}