{"disk": {"x": 258.35711669921875, "y": 252.21955148797286, "rx": 154.74225684850188, "ry": 75.91629895979877, "angle": 0.643}, "bulge": {"x": 257.20693734975964, "y": 254.07010709322415, "rx": 21.545753627502798, "ry": 17.860184914369686, "angle": 118.879}, "bar": null}