{"disk": {"i0": 0.23199999999999998, "n": 1.0, "c": 2.0, "mu": [259.6813725965722, 255.16777065824363], "roll": 1.5655558344693434, "rEff": 96.68354156809433, "axRatio": 0.6671611383636674}, "bulge": null, "bar": null, "spirals": []}