{"disk": {"i0": 0.175, "n": 1.0, "c": 2.0, "mu": [259.3445328847631, 254.31885748209874], "roll": 2.3262212573328958, "rEff": 79.16099931243583, "axRatio": 0.5134550900453646}, "bulge": {"i0": 0.3416666666666666, "n": 1.5683333333333334, "c": 2.0, "mu": [258.2213414315902, 253.9260138281035], "roll": 2.3616359756275402, "rEff": 15.882474668497178, "axRatio": 0.7713397663908484}, "bar": null, "spirals": []}