{"disk": {"mu": [256.28855185881594, 249.90378283126677], "rEff": 95.49648965169933, "axRatio": 0.6058805018728265, "roll": 2.711859086400568}, "bulge": {"mu": [255.39972437049693, 250.9800655568517], "rEff": 20.363657596136072, "axRatio": 0.7506521474492683, "roll": 1.045668118602783}, "bar": null, "spirals": []}