{"disk": {"x": 254.07483978271483, "y": 254.08433837890624, "rx": 150.6611463803894, "ry": 82.7491353211689, "angle": 82.788}, "bulge": {"x": 254.29173714773995, "y": 253.08697182791573, "rx": 16.767311153535726, "ry": 14.10148782759373, "angle": 174.909}, "bar": {"width": 111.22974243164063, "height": 25.68489990234375, "x": 199.19163513183594, "y": 240.26313171386718, "angle": 90.0}}