{"disk": {"i0": 0.29000000000000004, "n": 1.0, "c": 2.0, "mu": [258.9631482932673, 259.81755751406524], "roll": 2.292089964716285, "rEff": 50.077554137920494, "axRatio": -1.8107974004671532}, "bulge": {"i0": 0.38571428571428573, "n": 2.0014285714285713, "c": 2.0, "mu": [256.3901675421343, 257.2655683377189], "roll": 0.6769920625392349, "rEff": 29.551326028739997, "axRatio": 0.4909396954535746}, "bar": null, "spirals": []}