{"disk": {"x": 259.6839065551758, "y": 254.41720151901245, "rx": 134.43087855928667, "ry": 123.44417837349917, "angle": 43.8, "i0": 1.36875, "n": 1, "c": 2}, "bulge": {"x": 258.72220938546315, "y": 253.84854343959265, "rx": 19.8162743856985, "ry": 13.651882427448871, "angle": 17.763, "i0": 1.0050000000000001, "n": 0.5342857142857143, "c": 2}, "bar": null}