{"disk": {"x": 251.685070535411, "y": 252.5069228462551, "rx": 162.17648765433245, "ry": 113.46476024977967, "angle": 91.173, "i0": 1.21, "n": 1, "c": 2}, "bulge": {"x": 257.2487353156595, "y": 257.5031002269072, "rx": 30.551993592394098, "ry": 23.182753499874213, "angle": 85.239, "i0": 1.1458823529411764, "n": 0.34352941176470586, "c": 2}, "bar": null}