{"disk": {"mu": [262.79972873754843, 245.73509056497477], "rEff": 137.05309585106696, "axRatio": 0.556575843419759, "roll": 0.11659128123623239}, "bulge": null, "bar": null, "spirals": []}