{"disk": {"x": 255.39308166503906, "y": 256.6659035060717, "rx": 131.22248715271164, "ry": 125.48013399671264, "angle": 88.88}, "bulge": {"x": 257.5215929816751, "y": 256.9487143123851, "rx": 14.23082193561749, "ry": 12.556131544965545, "angle": 144.522}, "bar": {"width": 44.7517278988646, "height": 10.64455946562984, "x": 235.27539947830206, "y": 251.7338604039038, "angle": 156.594}}