{"disk": null, "bulge": null, "bar": {"width": 75.16666666666667, "height": 23.888888041178387, "x": 223.152951558431, "y": 239.49491628011066, "angle": 172.807, "i0": 1.3466666666666667, "n": 0.14833333333333334, "c": 0.4883333333333333}}