{"disk": {"i0": 0.15733333333333335, "n": 1.0, "c": 2.0, "mu": [256.0474494079246, 257.65850729157603], "roll": 1.1538749506977084, "rEff": 111.52036481267253, "axRatio": 0.8544337668579782}, "bulge": {"i0": 0.6719999999999999, "n": 1.9140000000000001, "c": 2.0, "mu": [257.3292039469255, 257.1548335859], "roll": 1.3190681172080603, "rEff": 17.145243067867995, "axRatio": 0.7905776500733682}, "bar": null, "spirals": []}