{"disk": {"x": 254.7507468775699, "y": 256.87774015727797, "rx": 166.02332988349698, "ry": 142.62351666896686, "angle": 132.671, "i0": 1.0342105263157895, "n": 1, "c": 2}, "bulge": {"x": 256.62472195095484, "y": 256.18292914496527, "rx": 15.649929915348004, "ry": 10.712312508607596, "angle": 16.542, "i0": 0.8622222222222222, "n": 0.5399999999999999, "c": 2}, "bar": null}