{"disk": {"i0": 0.30000000000000004, "n": 1.0, "c": 2.0, "mu": [258.0865721815002, 251.19159011946556], "roll": 2.826666968563734, "rEff": 109.50546004157783, "axRatio": 0.6651468512674911}, "bulge": null, "bar": null, "spirals": []}