{"disk": {"mu": [256.65691169465526, 250.73757537354737], "rEff": 100.41206291413614, "axRatio": 0.5481966328802567, "roll": 1.4548127192371225}, "bulge": null, "bar": null, "spirals": []}