{"disk": {"mu": [259.3445328847631, 254.31885748209874], "rEff": 79.16099931243583, "axRatio": 0.5134550900453646, "roll": 2.3262212573328958}, "bulge": {"mu": [258.2213414315902, 253.9260138281035], "rEff": 15.882474668497178, "axRatio": 0.7713397663908484, "roll": 2.3616359756275402}, "bar": null, "spirals": []}