{"disk": {"i0": 0.15733333333333335, "n": 1.0, "c": 2.0, "mu": [256.04744023081133, 257.65852125511606], "roll": 1.1538752759222444, "rEff": 111.52034927950079, "axRatio": 0.8544336012142879}, "bulge": null, "bar": null, "spirals": []}