{"disk": {"x": 255.44309692382814, "y": 254.80713297526043, "rx": 197.2948176935567, "ry": 97.68613659621408, "angle": 164.069, "i0": 0.9366666666666668, "n": 1, "c": 2}, "bulge": {"x": 258.12604370117185, "y": 254.63402099609374, "rx": 29.785229220248425, "ry": 21.00650865598458, "angle": 128.212, "i0": 0.9339999999999999, "n": 0.5953333333333333, "c": 2}, "bar": null}