{"disk": {"x": 256.02591196695965, "y": 255.56375885009766, "rx": 152.62656755712683, "ry": 83.2019112838089, "angle": 138.317}, "bulge": {"x": 256.74142986795175, "y": 257.43623617421025, "rx": 19.029193031603107, "ry": 14.251172046134446, "angle": 154.71}, "bar": null}