{"disk": {"x": 253.54654648724724, "y": 254.63959637810203, "rx": 127.94049970582155, "ry": 85.56605063977385, "angle": 62.203}, "bulge": {"x": 252.15863473074776, "y": 253.36592320033483, "rx": 30.591734855855915, "ry": 16.54263968062223, "angle": 158.289}, "bar": {"width": 60.88702701122389, "height": 23.17548056371739, "x": 223.03097559422716, "y": 242.85476370337798, "angle": 9.565}}