{"disk": {"i0": 0.22111111111111112, "n": 1.0, "c": 2.0, "mu": [258.7310742065142, 254.9898578524526], "roll": 1.616740890748963, "rEff": 97.22286049640203, "axRatio": 0.6701390406799872}, "bulge": {"i0": 0.515, "n": 2.205, "c": 2.0, "mu": [258.9949884334846, 256.4367111225084], "roll": 1.6882459802342764, "rEff": 12.804668481425038, "axRatio": 0.5972217945580339}, "bar": null, "spirals": []}