{"disk": {"mu": [252.7996057346263, 253.88029711451685], "rEff": 60.48870760878222, "axRatio": 0.5126746312228502, "roll": 1.428321118678429}, "bulge": {"mu": [254.2244176670662, 252.35930756559517], "rEff": 12.706471909168648, "axRatio": 0.9253529500078638, "roll": 2.9050685211223715}, "bar": {"mu": [256.0, 256.0], "rEff": 5.159937068667769, "axRatio": 0.12879717556934855, "roll": 3.1415922880277063}, "spirals": []}