{"disk": {"x": 257.196839650472, "y": 256.88833236694336, "rx": 172.26898712280808, "ry": 93.2341583991735, "angle": 12.016, "i0": 1.0558333333333332, "n": 1, "c": 2}, "bulge": {"x": 257.3023519515991, "y": 256.8894386291504, "rx": 20.25336903475534, "ry": 14.759593018113197, "angle": 112.549, "i0": 0.964375, "n": 0.67, "c": 2}, "bar": null}