{"disk": {"x": 257.3317217145647, "y": 252.8593561081659, "rx": 155.32418911852807, "ry": 142.28914540353725, "angle": 108.509}, "bulge": {"x": 259.5094108581543, "y": 256.1878910064697, "rx": 29.60020953331902, "ry": 15.986168303516282, "angle": 96.417}, "bar": null}