{"disk": {"mu": [256.39751382376824, 257.6564337479379], "rEff": 115.49150406606363, "axRatio": -1.1222890825672063, "roll": 2.2409879930592638}, "bulge": {"mu": [256.85666641165153, 257.5909786905513], "rEff": 12.808550646918128, "axRatio": 0.957980616454201, "roll": 0.9117320771672022}, "bar": null, "spirals": []}