{"disk": {"x": 257.1260240342882, "y": 256.6990152994792, "rx": 136.18422781083328, "ry": 114.53791960769048, "angle": 77.567}, "bulge": {"x": 255.64326095581055, "y": 255.10523128509521, "rx": 16.267849380923213, "ry": 12.754624252981912, "angle": 31.483}, "bar": {"width": 64.17920684814453, "height": 31.09217071533203, "x": 223.93078231811523, "y": 239.1019630432129, "angle": 0.0}}