{"disk": {"mu": [259.09775141438985, 253.60391356615233], "rEff": 128.0890284169679, "axRatio": -1.000000003222272, "roll": 3.010359290675872}, "bulge": null, "bar": null, "spirals": []}