{"disk": {"x": 256.55064392089844, "y": 254.65465728759764, "rx": 147.42641901541995, "ry": 91.29526774649625, "angle": 104.113, "i0": 1.016, "n": 1, "c": 2}, "bulge": {"x": 257.1782531738281, "y": 254.22795715332032, "rx": 9.972288389286197, "ry": 6.0389429635831835, "angle": 111.43, "i0": 1.1219999999999999, "n": 0.716, "c": 2}, "bar": null}