{"disk": {"x": 254.82686021592883, "y": 257.31858401828345, "rx": 167.8686017995561, "ry": 118.01100993730532, "angle": 174.123, "i0": 1.0377777777777777, "n": 1, "c": 2}, "bulge": {"x": 256.6979125976562, "y": 254.568403116862, "rx": 18.221819076982413, "ry": 13.332720972754496, "angle": 163.892, "i0": 0.87, "n": 0.49399999999999994, "c": 2}, "bar": null}