{"disk": {"mu": [256.04607007694716, 256.2079326587894], "rEff": 106.60965779073518, "axRatio": -1.0000000015076278, "roll": 0.05152444764720698}, "bulge": {"mu": [255.79788894890874, 255.32082262423089], "rEff": 13.00881125619085, "axRatio": 0.8008834881344298, "roll": 0.2216060109540887}, "bar": {"mu": [256.0, 256.0], "rEff": 5.0, "axRatio": 0.7, "roll": 0.0}, "spirals": []}