{"disk": {"x": 258.66028849283856, "y": 254.86736857096355, "rx": 176.43862683088844, "ry": 121.54272703662203, "angle": 76.881, "i0": 1.0586666666666669, "n": 1, "c": 2}, "bulge": {"x": 259.7245091029576, "y": 257.1442140851702, "rx": 24.78199064987692, "ry": 16.98567117598981, "angle": 95.226, "i0": 1.0778571428571428, "n": 0.5557142857142857, "c": 2}, "bar": null}