{"disk": {"x": 255.3900892469618, "y": 256.06799655490454, "rx": 112.01208825265736, "ry": 97.90606096745303, "angle": 89.747, "i0": 1.0699999999999998, "n": 1, "c": 2}, "bulge": {"x": 255.5173348320855, "y": 255.91065979003906, "rx": 20.43666069741116, "ry": 13.745093978186192, "angle": 19.772, "i0": 1.0611111111111111, "n": 0.535, "c": 2}, "bar": null}