{"disk": {"x": 257.55278451102123, "y": 255.73341696602958, "rx": 142.27241225670326, "ry": 115.23820637049323, "angle": 38.385, "i0": 1.1492857142857142, "n": 1, "c": 2}, "bulge": null, "bar": {"width": 57.31893195530078, "height": 22.22988462575247, "x": 231.31865902234958, "y": 244.96276612218236, "angle": 157.665, "i0": 0.708, "n": 0.322, "c": 0.73}}