{"disk": {"x": 255.51919234426398, "y": 252.41434438605057, "rx": 136.6477153149343, "ry": 96.79435528123257, "angle": 11.439, "i0": 1.0621052631578947, "n": 1, "c": 2}, "bulge": {"x": 255.6358299255371, "y": 255.08102703094482, "rx": 12.75308712976851, "ry": 7.38797991382479, "angle": 177.987, "i0": 1.256875, "n": 0.75125, "c": 2}, "bar": {"width": 41.5480066099242, "height": 9.023483545862003, "x": 235.6243701081238, "y": 250.19405351515493, "angle": 3.643, "i0": 0.7779999999999999, "n": 0.286, "c": 0.8880000000000001}}