{"disk": {"x": 258.82823270909927, "y": 253.19935518152573, "rx": 154.39826847353538, "ry": 108.27051533769858, "angle": 79.549, "i0": 1.3076470588235294, "n": 1, "c": 2}, "bulge": {"x": 258.1241407394409, "y": 254.7749252319336, "rx": 27.754097414198636, "ry": 18.725261997535974, "angle": 34.24, "i0": 1.09875, "n": 0.504375, "c": 2}, "bar": null}