{"disk": {"x": 258.49817581176757, "y": 256.72266044616697, "rx": 162.6080554890313, "ry": 136.25346785011374, "angle": 99.306}, "bulge": {"x": 257.0343755086263, "y": 255.6564064025879, "rx": 20.854253768999353, "ry": 11.740514456952964, "angle": 54.862}, "bar": {"width": 35.12351989564787, "height": 10.020167457621511, "x": 239.85331181208124, "y": 250.24884702244486, "angle": 126.58}}