{"disk": null, "bulge": {"i0": 1.0, "n": 1.6366666666666667, "c": 2.0, "mu": [255.48853526430014, 254.45496455559166], "roll": 0.09230325277038412, "rEff": 12.687301612259184, "axRatio": 0.9758733250220838}, "bar": null, "spirals": []}