{"disk": {"x": 256.5959300994873, "y": 251.8492774963379, "rx": 138.0295290369562, "ry": 102.14562103579995, "angle": 90.467, "i0": 1.1524999999999999, "n": 1, "c": 2}, "bulge": {"x": 259.3023420061384, "y": 251.18805803571428, "rx": 38.030830310527776, "ry": 14.368742894693705, "angle": 90.551, "i0": 1.1257142857142857, "n": 0.44571428571428573, "c": 2}, "bar": {"width": 83.8260152910305, "height": 19.277991880845615, "x": 217.23757995657994, "y": 241.0442454702661, "angle": 86.835, "i0": 0.9900000000000001, "n": 0.2563636363636364, "c": 0.620909090909091}}