{"disk": {"x": 253.9570625706723, "y": 256.4460738332648, "rx": 148.4744588588964, "ry": 115.47175423394401, "angle": 110.906, "i0": 1.0, "n": 1, "c": 2}, "bulge": {"x": 259.3263568878174, "y": 253.82753944396973, "rx": 29.446772487378997, "ry": 16.658735937299618, "angle": 12.598, "i0": 1.1925, "n": 0.30625, "c": 2}, "bar": {"width": 52.455059817896945, "height": 14.21497491151867, "x": 232.44070997799562, "y": 248.6469598943759, "angle": 172.881, "i0": 0.966923076923077, "n": 0.1769230769230769, "c": 0.8730769230769231}}