{"disk": {"x": 254.3272465297154, "y": 256.37564631870816, "rx": 152.66740088749702, "ry": 119.16576027324163, "angle": 15.965, "i0": 1.3178571428571428, "n": 1, "c": 2}, "bulge": {"x": 255.84547000461154, "y": 256.1077304416233, "rx": 17.462284547464193, "ry": 11.190320420132492, "angle": 65.484, "i0": 1.0822222222222224, "n": 0.6088888888888889, "c": 2}, "bar": null}