{"disk": {"mu": [255.29798949978067, 257.4866280579875], "rEff": 134.0273374498815, "axRatio": -1.0661041965925095, "roll": 1.3545446998953476}, "bulge": {"mu": [254.41549589433433, 257.1300950125552], "rEff": 13.388501052642926, "axRatio": 0.9946261211459201, "roll": 0.8763254782078111}, "bar": null, "spirals": []}