{"disk": {"x": 256.4684546334403, "y": 257.36941964285717, "rx": 132.71799433245207, "ry": 114.71403020575984, "angle": 58.215}, "bulge": {"x": 257.3208236694336, "y": 256.86851501464844, "rx": 20.68160287743653, "ry": 17.154985229186753, "angle": 76.113}, "bar": null}