{"disk": {"i0": 0.22187500000000002, "n": 1.0, "c": 2.0, "mu": [254.69191697161455, 259.89851865083375], "roll": 0.27121961410747514, "rEff": 111.17791710503356, "axRatio": 0.6697736233734948}, "bulge": {"i0": 0.5166666666666667, "n": 1.17, "c": 2.0, "mu": [256.3367017489061, 254.9325348187994], "roll": 2.4426669018497336, "rEff": 15.032902971165033, "axRatio": 0.9211006332357347}, "bar": {"i0": 0.24875000000000003, "n": 0.5625, "c": 1.94875, "mu": [255.95218424266352, 255.47394130054542], "roll": 2.3367793156802223, "rEff": 23.809686439082036, "axRatio": 0.3704325561679117}, "spirals": []}