{"disk": {"i0": 0.2394736842105263, "n": 1.0, "c": 2.0, "mu": [261.10852882631997, 257.4259806056173], "roll": 1.8353119954616468, "rEff": 115.16531401487049, "axRatio": 0.8209193663630058}, "bulge": null, "bar": null, "spirals": []}