{"disk": {"i0": 0.23230769230769235, "n": 1.0, "c": 2.0, "mu": [256.28855185881594, 249.90378283126677], "roll": 2.711859086400568, "rEff": 95.49648965169933, "axRatio": 0.6058805018728265}, "bulge": {"i0": 0.45000000000000007, "n": 2.5742857142857143, "c": 2.0, "mu": [255.39972437049693, 250.9800655568517], "roll": 1.045668118602783, "rEff": 20.363657596136072, "axRatio": 0.7506521474492683}, "bar": null, "spirals": []}