{"disk": {"x": 256.1263008117676, "y": 261.1685905456543, "rx": 152.60624114744462, "ry": 128.7092582439888, "angle": 69.174, "i0": 1.27375, "n": 1, "c": 2}, "bulge": {"x": 255.9203904095818, "y": 257.4708332734949, "rx": 50.76814270514594, "ry": 40.2512251879386, "angle": 112.685, "i0": 0.9576470588235295, "n": 0.4635294117647058, "c": 2}, "bar": null}