{"disk": {"x": 259.70232645670575, "y": 262.11712646484375, "rx": 188.59510597683007, "ry": 126.68961210448869, "angle": 119.61, "i0": 1.2, "n": 1, "c": 2}, "bulge": {"x": 254.96161270141602, "y": 257.0379066467285, "rx": 30.03652607383027, "ry": 19.57908448819522, "angle": 102.796, "i0": 1.1925, "n": 0.41625, "c": 2}, "bar": null}