{"disk": {"i0": 0.2700000000000001, "n": 1.0, "c": 2.0, "mu": [254.037973575535, 256.5938845234003], "roll": 0.006924215190299751, "rEff": 121.00435145725606, "axRatio": 0.9626260252194939}, "bulge": {"i0": 0.737142857142857, "n": 1.8314285714285714, "c": 2.0, "mu": [255.89304958965988, 256.3157909976148], "roll": 1.2903869431056525, "rEff": 11.151178412703475, "axRatio": 0.5531225879636742}, "bar": {"i0": 0.20000000000000004, "n": 0.5766666666666667, "c": 2.01, "mu": [253.4687514091362, 257.0000001149289], "roll": 1.5707964628487416, "rEff": 10.999994743897236, "axRatio": 0.1774192681340624}, "spirals": []}