{"disk": {"i0": 0.23941176470588238, "n": 1.0, "c": 2.0, "mu": [258.8582008975434, 259.48903946517606], "roll": 0.7537219196743462, "rEff": 89.30511494375531, "axRatio": 0.5233104267101302}, "bulge": {"i0": 0.4277777777777778, "n": 2.0455555555555556, "c": 2.0, "mu": [256.24024786650614, 257.65899941721835], "roll": 0.6816801794656479, "rEff": 28.815771366936296, "axRatio": 0.516640271599799}, "bar": null, "spirals": []}