{"disk": {"x": 262.2613772749901, "y": 247.8562355041504, "rx": 237.96289986532273, "ry": 125.50420451213502, "angle": 8.398, "i0": 1.0924999999999998, "n": 1, "c": 2}, "bulge": {"x": 266.8685262044271, "y": 249.78941752115887, "rx": 73.26622292344808, "ry": 34.7358435793571, "angle": 7.282, "i0": 1.0906666666666667, "n": 0.5893333333333334, "c": 2}, "bar": null}