{"disk": {"x": 256.844897183505, "y": 257.43713309548116, "rx": 161.95359495479624, "ry": 97.3966763453479, "angle": 97.796}, "bulge": {"x": 255.307523727417, "y": 257.1437873840332, "rx": 14.646353013368099, "ry": 7.067370901135458, "angle": 86.099}, "bar": null}