{"disk": {"mu": [258.9631482932673, 259.81755751406524], "rEff": 50.077554137920494, "axRatio": -1.8107974004671532, "roll": 2.292089964716285}, "bulge": {"mu": [256.3901675421343, 257.2655683377189], "rEff": 29.551326028739997, "axRatio": 0.4909396954535746, "roll": 0.6769920625392349}, "bar": null, "spirals": []}