{"disk": {"i0": 0.27, "n": 1.0, "c": 2.0, "mu": [260.97913692002044, 246.62851286105587], "roll": 0.15031271248142536, "rEff": 125.73499497675769, "axRatio": 0.5480112294277242}, "bulge": {"i0": 0.56625, "n": 0.98875, "c": 2.0, "mu": [262.1333311184347, 252.16667117094286], "roll": 0.0570807885377538, "rEff": 35.05709677102606, "axRatio": 0.5000000073358786}, "bar": null, "spirals": []}