{"disk": {"x": 257.1260240342882, "y": 256.6990152994792, "rx": 136.18422781083328, "ry": 114.53791960769048, "angle": 77.567, "i0": 1.0872222222222223, "n": 1, "c": 2}, "bulge": {"x": 255.64326095581055, "y": 255.10523128509521, "rx": 16.267849380923213, "ry": 12.754624252981912, "angle": 31.483, "i0": 1.025, "n": 0.7, "c": 2}, "bar": {"width": 64.17920684814453, "height": 31.09217071533203, "x": 223.93078231811523, "y": 239.1019630432129, "angle": 0.0, "i0": 0.9450000000000001, "n": 0.7849999999999999, "c": 0.875}}