{"disk": null, "bulge": {"mu": [257.66552525985276, 254.7113268600109], "rEff": 9.689718301114983, "axRatio": 0.9601351867496923, "roll": 1.7169521966749743}, "bar": null, "spirals": []}