{"disk": {"x": 255.27717312899503, "y": 256.7539561878551, "rx": 148.42057684756176, "ry": 124.75898768433773, "angle": 13.491, "i0": 1.1645454545454546, "n": 1, "c": 2}, "bulge": {"x": 256.1230961726262, "y": 253.45565913273737, "rx": 30.19865502465435, "ry": 22.146786760929366, "angle": 21.428, "i0": 0.8846153846153846, "n": 0.6661538461538462, "c": 2}, "bar": {"width": 62.723140716552734, "height": 41.3254280090332, "x": 226.63138961791992, "y": 231.7375831604004, "angle": 151.518, "i0": 0.8575, "n": 0.3525, "c": 1.25}}