{"disk": {"x": 257.9598609076606, "y": 254.62270270453558, "rx": 132.8489918969265, "ry": 76.0764177260828, "angle": 54.796, "i0": 1.0955555555555554, "n": 1, "c": 2}, "bulge": {"x": 257.1382700602214, "y": 254.51951683892145, "rx": 16.37001836627412, "ry": 9.317315917003427, "angle": 72.492, "i0": 1.2094444444444443, "n": 1.0733333333333333, "c": 2}, "bar": {"width": 80.98605308312469, "height": 18.228343430991348, "x": 216.8336310715561, "y": 248.03272379909845, "angle": 107.388, "i0": 0.8777777777777778, "n": 0.2455555555555556, "c": 0.7200000000000001}}