{"disk": {"i0": 0.2793333333333334, "n": 1.0, "c": 2.0, "mu": [258.6766336070383, 251.43074266816154], "roll": 2.814205645300693, "rEff": 115.29475043881834, "axRatio": 0.6728946697256194}, "bulge": {"i0": 0.942, "n": 0.7, "c": 2.0, "mu": [260.46278883169606, 249.75022102226896], "roll": 1.017987349034279, "rEff": 20.80890079978355, "axRatio": 0.7526073081610386}, "bar": null, "spirals": []}