{"disk": {"x": 256.44250742594403, "y": 256.89971839057074, "rx": 136.3107129478666, "ry": 104.2806087894796, "angle": 149.761}, "bulge": {"x": 255.87642517089844, "y": 255.20906778971354, "rx": 15.167758478895271, "ry": 9.279533679182201, "angle": 136.209}, "bar": {"width": 32.69804218351237, "height": 12.341703158741291, "x": 240.12535177201335, "y": 249.9146876662348, "angle": 55.261}}