{"disk": {"i0": 0.15666666666666665, "n": 1.0, "c": 2.0, "mu": [257.0720435417588, 256.963485257849], "roll": 0.36032895328737946, "rEff": 70.2348413419297, "axRatio": 0.5622344355487203}, "bulge": {"i0": 0.7883333333333334, "n": 2.5416666666666665, "c": 2.0, "mu": [256.7025146198188, 256.2989501951927], "roll": 1.554618760828122, "rEff": 18.436769682443337, "axRatio": 0.9768126169775346}, "bar": null, "spirals": []}