{"disk": {"x": 257.74581839821553, "y": 257.0193960016424, "rx": 160.0056624350689, "ry": 114.4776087009183, "angle": 50.188}, "bulge": {"x": 257.8569030761719, "y": 256.76600477430554, "rx": 16.245771127742657, "ry": 12.710582157156713, "angle": 165.984}, "bar": null}