{"disk": {"x": 257.3317217145647, "y": 252.8593561081659, "rx": 155.32418911852807, "ry": 142.28914540353725, "angle": 108.509}, "bulge": {"x": 260.1052780151367, "y": 256.7687632242839, "rx": 46.63122448759314, "ry": 40.572188170875926, "angle": 113.736}, "bar": null}