{"disk": {"i0": 0.19375, "n": 1.0, "c": 2.0, "mu": [255.9671255285865, 258.4742726429442], "roll": 1.29124101853253, "rEff": 78.80252122431502, "axRatio": 0.4912751098527751}, "bulge": {"i0": 0.71, "n": 1.9259999999999997, "c": 2.0, "mu": [256.7324620076064, 256.0448585115831], "roll": 1.2477081003795283, "rEff": 14.080499481600304, "axRatio": 0.7899438737898327}, "bar": null, "spirals": []}