{"disk": {"i0": 0.16714285714285712, "n": 1.0, "c": 2.0, "mu": [258.2235479190165, 253.35747441829474], "roll": 2.354654373232148, "rEff": 32.8549034729321, "axRatio": 0.4062039395754994}, "bulge": {"i0": 1.5566666666666666, "n": 2.0533333333333332, "c": 2.0, "mu": [258.47736952691713, 254.06251521779106], "roll": 2.055592918706193, "rEff": 9.321389318970246, "axRatio": 0.9157735583767468}, "bar": null, "spirals": []}