{"disk": {"x": 253.9582880193537, "y": 255.26166950572622, "rx": 143.5554997738821, "ry": 97.16846571703174, "angle": 90.792, "i0": 0.8999999999999999, "n": 1, "c": 2}, "bulge": {"x": 255.4897674560547, "y": 255.99959615071614, "rx": 14.259357305830129, "ry": 9.529384676644373, "angle": 159.183, "i0": 0.88, "n": 0.5966666666666668, "c": 2}, "bar": null}