{"disk": {"i0": 0.28153846153846157, "n": 1.0, "c": 2.0, "mu": [257.33692730006015, 255.07262235630014], "roll": 2.8624303111116247, "rEff": 102.19150077048809, "axRatio": 0.5103843793323485}, "bulge": {"i0": 0.48999999999999994, "n": 1.1916666666666667, "c": 2.0, "mu": [256.9597372126763, 255.32337124881946], "roll": 2.7969093101699256, "rEff": 17.38460135709779, "axRatio": 0.9043388293226166}, "bar": null, "spirals": []}