{"disk": {"x": 258.1963741904811, "y": 252.8212336490029, "rx": 147.4601107158633, "ry": 79.98320415562068, "angle": 168.771, "i0": 1.3542105263157895, "n": 1, "c": 2}, "bulge": {"x": 257.2481447107652, "y": 251.7529826444738, "rx": 20.291451901465262, "ry": 13.79545948477137, "angle": 133.253, "i0": 1.0605882352941176, "n": 0.7176470588235294, "c": 2}, "bar": null}