{"disk": {"mu": [255.08412532826705, 259.03828256190326], "rEff": 113.58222621909083, "axRatio": 0.6915359880065284, "roll": 0.311294702360364}, "bulge": null, "bar": {"mu": [255.95207582566763, 255.47365965834325], "rEff": 23.80992216396216, "axRatio": 0.37043255802564884, "roll": 2.3367793721168244}, "spirals": []}