{"disk": {"x": 256.716645304362, "y": 257.1009531656901, "rx": 181.56453712460507, "ry": 102.34438101854607, "angle": 72.227}, "bulge": {"x": 257.13299778529574, "y": 255.42846025739397, "rx": 20.827023435823016, "ry": 14.787394198126833, "angle": 62.363}, "bar": null}