{"disk": {"i0": 0.2394736842105263, "n": 1.0, "c": 2.0, "mu": [257.2944090333907, 259.89581581950773], "roll": 2.331838222528924, "rEff": 78.95742010328502, "axRatio": 0.4939717483277905}, "bulge": {"i0": 0.5900000000000001, "n": 0.87375, "c": 2.0, "mu": [258.9375439152813, 257.2117034280184], "roll": 0.6290073110579967, "rEff": 16.673919211142255, "axRatio": 0.9531618026022106}, "bar": null, "spirals": []}