{"disk": {"x": 258.9396067301432, "y": 254.0930903116862, "rx": 171.9740432678627, "ry": 89.61948622112122, "angle": 57.9, "i0": 1.082, "n": 1, "c": 2}, "bulge": {"x": 259.805096274928, "y": 252.20684894762542, "rx": 21.06434798581107, "ry": 13.119081176677788, "angle": 67.328, "i0": 1.191578947368421, "n": 0.7694736842105263, "c": 2}, "bar": null}