{"disk": {"i0": 0.18153846153846157, "n": 1.0, "c": 2.0, "mu": [255.94184374412876, 256.1127596005954], "roll": 2.972101738973277, "rEff": 142.35759305046105, "axRatio": 0.9000911542649636}, "bulge": {"i0": 0.9061538461538462, "n": 2.0153846153846153, "c": 2.0, "mu": [254.36345809995228, 257.5690726810218], "roll": 2.0904619047357835, "rEff": 12.077270284866362, "axRatio": 0.9999999943035919}, "bar": null, "spirals": []}