{"disk": null, "bulge": {"mu": [255.48853526430014, 254.45496455559166], "rEff": 12.687301612259184, "axRatio": 0.9758733250220838, "roll": 0.09230325277038412}, "bar": null, "spirals": []}