{"disk": {"x": 259.59071826934814, "y": 251.67223644256592, "rx": 174.2991065337891, "ry": 116.46138997834606, "angle": 161.962}, "bulge": {"x": 260.96681213378906, "y": 249.45106858473557, "rx": 32.57842528441093, "ry": 24.480777512497646, "angle": 22.982}, "bar": null}