{"disk": {"x": 261.45312419690583, "y": 257.25275862844364, "rx": 146.0178706001034, "ry": 126.85673929547391, "angle": 172.107, "i0": 1.0905263157894738, "n": 1, "c": 2}, "bulge": {"x": 258.1366424560547, "y": 258.45851045496323, "rx": 25.83121499311409, "ry": 19.470521079016887, "angle": 48.172, "i0": 0.9911764705882352, "n": 0.603529411764706, "c": 2}, "bar": null}