{"disk": {"i0": 0.184, "n": 1.0, "c": 2.0, "mu": [262.79972873754843, 245.73509056497477], "roll": 0.11659128123623239, "rEff": 137.05309585106696, "axRatio": 0.556575843419759}, "bulge": null, "bar": null, "spirals": []}