{"disk": {"x": 256.25361301587975, "y": 255.7552486917247, "rx": 182.62745467088968, "ry": 93.57507781897797, "angle": 78.059, "i0": 1.115217391304348, "n": 1, "c": 2}, "bulge": {"x": 257.25209350585936, "y": 257.14479675292966, "rx": 14.803756569398242, "ry": 10.123794406072724, "angle": 61.576, "i0": 1.0006666666666666, "n": 0.578, "c": 2}, "bar": {"width": 47.52849359073194, "height": 16.401806467897302, "x": 232.15074935178978, "y": 250.07031506591707, "angle": 129.599, "i0": 0.6475, "n": 0.26, "c": 0.7737499999999999}}