{"disk": {"i0": 0.18692307692307694, "n": 1.0, "c": 2.0, "mu": [258.0749443531881, 253.82690787855657], "roll": 1.0958479241692363, "rEff": 137.90823914463004, "axRatio": 0.8938313543774999}, "bulge": {"i0": 0.5021428571428571, "n": 1.8364285714285715, "c": 2.0, "mu": [257.12545549707806, 253.59025896454108], "roll": 1.4289822442238174, "rEff": 18.86249584946841, "axRatio": 0.8949820488108244}, "bar": null, "spirals": []}