{"disk": {"x": 257.5716807047526, "y": 253.98949178059897, "rx": 137.6520219076697, "ry": 108.01176645017114, "angle": 125.209}, "bulge": {"x": 256.62597101384944, "y": 258.0102511319247, "rx": 21.910607521775002, "ry": 13.026489410742277, "angle": 143.701}, "bar": null}