{"disk": {"i0": 0.19769230769230775, "n": 1.0, "c": 2.0, "mu": [260.6139849580504, 262.80610355477353], "roll": 0.17751784859872083, "rEff": 97.61877422631014, "axRatio": 0.6840735198385564}, "bulge": {"i0": 0.455, "n": 0.7475, "c": 2.0, "mu": [257.2858881727697, 255.2589315610135], "roll": 1.8617915372461635, "rEff": 11.706931754921195, "axRatio": 0.6864161993971739}, "bar": null, "spirals": []}