{"disk": {"x": 247.88120149311266, "y": 242.19437850149055, "rx": 185.64218236540583, "ry": 83.8055723731813, "angle": 125.242, "i0": 1.2642105263157897, "n": 1, "c": 2}, "bulge": {"x": 259.4595201280382, "y": 255.45408630371094, "rx": 18.885450254397224, "ry": 12.125412455563419, "angle": 113.878, "i0": 1.1377777777777778, "n": 0.5333333333333333, "c": 2}, "bar": null}