{"disk": {"mu": [259.6813725965722, 255.16777065824363], "rEff": 96.68354156809433, "axRatio": 0.6671611383636674, "roll": 1.5655558344693434}, "bulge": null, "bar": null, "spirals": []}