{"disk": {"mu": [257.6018395602603, 257.73297841487727], "rEff": 90.77367529709282, "axRatio": 0.5994920809803813, "roll": 1.189685421675102}, "bulge": {"mu": [256.9375528188033, 254.29597114479859], "rEff": 19.77579032495058, "axRatio": 0.5692314270006158, "roll": 1.3570567197563705}, "bar": null, "spirals": []}