{"disk": {"i0": 0.19409090909090912, "n": 1.0, "c": 2.0, "mu": [258.8435921865033, 254.04739380603604], "roll": 2.328567667592471, "rEff": 80.32211435620567, "axRatio": 0.510475314443004}, "bulge": {"i0": 0.3416666666666666, "n": 1.5683333333333334, "c": 2.0, "mu": [258.2213434812448, 253.9260132952443], "roll": 2.361636796881687, "rEff": 15.882473149558981, "axRatio": 0.7713399643152282}, "bar": null, "spirals": []}