{"disk": null, "bulge": {"x": 255.217036655971, "y": 256.07418932233537, "rx": 26.107951888059254, "ry": 19.04464318741778, "angle": 86.517, "i0": 1.0107142857142857, "n": 0.5499999999999999, "c": 2}, "bar": null}