{"disk": {"mu": [257.58282045601607, 255.68928282173513], "rEff": 92.5592258112529, "axRatio": 0.5330222764418544, "roll": 2.32634056468917}, "bulge": {"mu": [259.0979641357208, 257.31302135910454], "rEff": 16.173668445891078, "axRatio": 0.9999999928352509, "roll": 2.1827135961073934}, "bar": null, "spirals": []}