{"disk": {"x": 256.14885671515214, "y": 252.70403048866675, "rx": 179.09812202200192, "ry": 111.35404682774245, "angle": 81.0, "i0": 1.2747368421052632, "n": 1, "c": 2}, "bulge": {"x": 255.69754918416342, "y": 254.3745028177897, "rx": 24.89208113400309, "ry": 15.421290912532564, "angle": 158.822, "i0": 1.2025, "n": 0.6183333333333333, "c": 2}, "bar": null}