{"disk": {"x": 258.51985216140747, "y": 257.5282726287842, "rx": 155.26085453467974, "ry": 82.88570134723616, "angle": 176.206, "i0": 1.145, "n": 1, "c": 2}, "bulge": {"x": 257.16194504957934, "y": 256.18099271334137, "rx": 19.019006848343654, "ry": 9.743244235459422, "angle": 0.002, "i0": 1.0015384615384615, "n": 0.5292307692307692, "c": 2}, "bar": null}