{"disk": {"x": 256.7052281697591, "y": 256.68122990926105, "rx": 154.61248789763934, "ry": 87.29518422278771, "angle": 133.7, "i0": 1.08, "n": 1, "c": 2}, "bulge": {"x": 258.67481740315753, "y": 256.5786412556966, "rx": 19.52521195923613, "ry": 13.938506782184424, "angle": 102.884, "i0": 1.1416666666666666, "n": 0.7105555555555555, "c": 2}, "bar": null}