{"disk": {"x": 254.15491739908853, "y": 251.25453355577258, "rx": 146.87145706121413, "ry": 101.78575236752397, "angle": 61.61}, "bulge": {"x": 256.32018953211167, "y": 250.5071563720703, "rx": 23.677685491258053, "ry": 20.186107186775114, "angle": 63.948}, "bar": null}