{"disk": {"x": 255.49717559814454, "y": 254.12657928466797, "rx": 121.81941965969118, "ry": 85.0211339697739, "angle": 99.288, "i0": 1.0585, "n": 1, "c": 2}, "bulge": {"x": 257.99661848280164, "y": 254.09971279568143, "rx": 16.578749899173776, "ry": 13.023709667377233, "angle": 27.567, "i0": 1.1772222222222222, "n": 0.7855555555555555, "c": 2}, "bar": {"width": 79.18012148142041, "height": 20.8625152868625, "x": 217.08711123892147, "y": 245.09571390110702, "angle": 149.642, "i0": 0.9192857142857144, "n": 0.18285714285714288, "c": 0.647142857142857}}