{"disk": {"i0": 0.16153846153846155, "n": 1.0, "c": 2.0, "mu": [255.99946987381668, 254.82166831014487], "roll": 0.5584575825542046, "rEff": 127.36834810275668, "axRatio": 0.9999999986152992}, "bulge": null, "bar": null, "spirals": []}