{"disk": {"x": 258.2398961385091, "y": 256.81359100341797, "rx": 137.5836141282254, "ry": 102.39724607843482, "angle": 167.991, "i0": 1.285, "n": 1, "c": 2}, "bulge": {"x": 258.58023834228516, "y": 254.17253621419272, "rx": 49.1046002172238, "ry": 25.06852274606986, "angle": 148.285, "i0": 0.9075000000000001, "n": 0.47083333333333327, "c": 2}, "bar": {"width": 79.4600397603403, "height": 49.34717487517056, "x": 222.69449870503493, "y": 226.76948011307397, "angle": 15.712, "i0": 0.87, "n": 0.22250000000000003, "c": 0.49}}