{"disk": {"i0": 0.2025, "n": 1.0, "c": 2.0, "mu": [256.04607007694716, 256.2079326587894], "roll": 0.05152444764720698, "rEff": 106.60965779073518, "axRatio": -1.0000000015076278}, "bulge": {"i0": 0.6233333333333333, "n": 1.5983333333333334, "c": 2.0, "mu": [255.79788894890874, 255.32082262423089], "roll": 0.2216060109540887, "rEff": 13.00881125619085, "axRatio": 0.8008834881344298}, "bar": null, "spirals": []}