{"disk": null, "bulge": {"mu": [254.94081148155684, 253.64696344788115], "rEff": 12.933618163372348, "axRatio": 0.9999999931779164, "roll": 3.1012006468423774}, "bar": {"mu": [253.7332446522433, 254.9965537584956], "rEff": 24.3983958026974, "axRatio": 0.2684457243142048, "roll": 1.1539698535368101}, "spirals": []}