{"disk": {"x": 259.1228623163132, "y": 253.5754162016369, "rx": 161.80539324243796, "ry": 84.26127801711392, "angle": 133.758, "i0": 1.0942857142857145, "n": 1, "c": 2}, "bulge": {"x": 258.8120518734581, "y": 253.75960902163857, "rx": 22.172132161719908, "ry": 14.106916544136913, "angle": 147.693, "i0": 0.8973684210526316, "n": 0.5205263157894737, "c": 2}, "bar": null}