{"disk": {"x": 257.1324228922526, "y": 254.26360982259115, "rx": 130.4385797754943, "ry": 110.86445966245469, "angle": 106.092}, "bulge": {"x": 258.01815379749644, "y": 254.2200358997692, "rx": 11.294238522549612, "ry": 8.384033372640964, "angle": 81.524}, "bar": null}