{"disk": {"mu": [257.79568067043925, 253.4078543860554], "rEff": 94.71347654864454, "axRatio": 0.5163910295498203, "roll": 2.8688296594540432}, "bulge": {"mu": [259.1524148793936, 254.3198459801509], "rEff": 24.54890573431013, "axRatio": 0.9131405615128968, "roll": 0.6456344295833514}, "bar": null, "spirals": []}