{"disk": {"x": 260.27859150279653, "y": 250.77185544100675, "rx": 144.1158861529749, "ry": 119.61332127635238, "angle": 81.708, "i0": 1.1218181818181818, "n": 1, "c": 2}, "bulge": {"x": 259.96124839782715, "y": 252.28868865966797, "rx": 20.521248745484325, "ry": 15.622501614974759, "angle": 37.66, "i0": 0.970625, "n": 0.805, "c": 2}, "bar": {"width": 55.712942795917606, "height": 23.234316054668, "x": 232.67132248631853, "y": 240.51456346924803, "angle": 162.153, "i0": 0.9333333333333332, "n": 0.15833333333333335, "c": 0.7883333333333334}}