{"disk": {"x": 255.87757471988076, "y": 254.57263745759664, "rx": 187.4894635691034, "ry": 115.36430899461548, "angle": 174.566, "i0": 1.0668421052631578, "n": 1, "c": 2}, "bulge": {"x": 259.3628983270554, "y": 251.9534868512835, "rx": 24.462656311571003, "ry": 17.694477053047365, "angle": 150.437, "i0": 1.2114285714285715, "n": 0.5623809523809523, "c": 2}, "bar": {"width": 128.81902396739662, "height": 29.201686896191045, "x": 193.9164914088391, "y": 234.98758695656755, "angle": 51.435, "i0": 1.1075000000000002, "n": 0.1775, "c": 0.5299999999999999}}