{"disk": null, "bulge": {"i0": 0.8836363636363636, "n": 1.4172727272727272, "c": 2.0, "mu": [257.66552525985276, 254.7113268600109], "roll": 1.7169521966749743, "rEff": 9.689718301114983, "axRatio": 0.9601351867496923}, "bar": null, "spirals": []}