{"disk": {"x": 260.27859150279653, "y": 250.77185544100675, "rx": 144.1158861529749, "ry": 119.61332127635238, "angle": 81.708}, "bulge": {"x": 259.96124839782715, "y": 252.28868865966797, "rx": 20.521248745484325, "ry": 15.622501614974759, "angle": 37.66}, "bar": {"width": 55.712942795917606, "height": 23.234316054668, "x": 232.67132248631853, "y": 240.51456346924803, "angle": 162.153}}