{"disk": {"mu": [257.0720435417588, 256.963485257849], "rEff": 70.2348413419297, "axRatio": 0.5622344355487203, "roll": 0.36032895328737946}, "bulge": {"mu": [256.7025146198188, 256.2989501951927], "rEff": 18.436769682443337, "axRatio": 0.9768126169775346, "roll": 1.554618760828122}, "bar": null, "spirals": []}