{"disk": {"x": 260.1436916150545, "y": 258.9611438951994, "rx": 163.08890392157292, "ry": 88.964802258504, "angle": 175.615}, "bulge": {"x": 257.66654120551215, "y": 255.90945095486111, "rx": 19.65450825196178, "ry": 9.867621225923054, "angle": 0.542}, "bar": null}