{"disk": {"x": 253.71561632658305, "y": 257.310621562757, "rx": 202.04364706990523, "ry": 93.54425365798991, "angle": 130.531, "i0": 1.0494736842105261, "n": 1, "c": 2}, "bulge": {"x": 254.6859835111178, "y": 256.85848646897534, "rx": 18.54516334202146, "ry": 13.495160652727236, "angle": 103.15, "i0": 1.0799999999999998, "n": 0.5415384615384615, "c": 2}, "bar": null}