{"disk": {"x": 257.1483383178711, "y": 255.5223331451416, "rx": 130.74809755044663, "ry": 77.60541356034713, "angle": 108.337, "i0": 0.89625, "n": 1, "c": 2}, "bulge": {"x": 255.74751499720983, "y": 254.12276422409784, "rx": 23.328228084388027, "ry": 18.509678396346686, "angle": 84.42, "i0": 1.0757142857142856, "n": 0.7714285714285714, "c": 2}, "bar": null}