{"disk": {"x": 263.1243913438585, "y": 251.83540852864584, "rx": 179.55818278077092, "ry": 103.87812409161675, "angle": 142.339}, "bulge": {"x": 262.0651062011719, "y": 253.00319213867186, "rx": 15.991382199240267, "ry": 11.389660248222096, "angle": 122.057}, "bar": null}