{"disk": {"x": 253.54654648724724, "y": 254.63959637810203, "rx": 127.94049970582155, "ry": 85.56605063977385, "angle": 62.203, "i0": 0.9723529411764706, "n": 1, "c": 2}, "bulge": {"x": 252.15863473074776, "y": 253.36592320033483, "rx": 30.591734855855915, "ry": 16.54263968062223, "angle": 158.289, "i0": 0.9785714285714285, "n": 0.7028571428571428, "c": 2}, "bar": {"width": 60.88702701122389, "height": 23.17548056371739, "x": 223.03097559422716, "y": 242.85476370337798, "angle": 9.565, "i0": 0.9188235294117647, "n": 0.2505882352941176, "c": 0.6605882352941177}}