{"disk": {"x": 257.3962240219116, "y": 254.9175853729248, "rx": 117.64898932350641, "ry": 100.44740569505399, "angle": 152.182, "i0": 1.05375, "n": 1, "c": 2}, "bulge": {"x": 257.9246648152669, "y": 255.23426394992404, "rx": 13.278609612623649, "ry": 11.389638994622521, "angle": 123.816, "i0": 1.1783333333333335, "n": 0.9149999999999999, "c": 2}, "bar": {"width": 103.61980739903612, "height": 33.421188957808916, "x": 206.52747914689039, "y": 239.64854909612808, "angle": 30.132, "i0": 1.1344444444444444, "n": 0.18333333333333332, "c": 0.9444444444444446}}