{"disk": null, "bulge": {"i0": 0.71, "n": 1.9259999999999997, "c": 2.0, "mu": [256.7324657830975, 256.0448393598495], "roll": 1.247707574797968, "rEff": 14.080525362426075, "axRatio": 0.7899416341893433}, "bar": null, "spirals": []}