{"disk": null, "bulge": {"i0": 1.5566666666666666, "n": 2.0533333333333332, "c": 2.0, "mu": [258.28515335944525, 253.83524969735336], "roll": 0.5736931897814618, "rEff": 8.687238126627586, "axRatio": 0.9999999931491976}, "bar": null, "spirals": []}