{"disk": {"x": 256.45358207009053, "y": 253.489013671875, "rx": 142.76471164801094, "ry": 102.49742521038974, "angle": 177.926}, "bulge": null, "bar": {"width": 59.43299367972902, "height": 23.633611325181032, "x": 227.81870232547973, "y": 242.65358942560528, "angle": 6.209}}