{"disk": {"i0": 0.22444444444444445, "n": 1.0, "c": 2.0, "mu": [256.39751382376824, 257.6564337479379], "roll": 2.2409879930592638, "rEff": 115.49150406606363, "axRatio": -1.1222890825672063}, "bulge": {"i0": 1.01, "n": 0.9380000000000001, "c": 2.0, "mu": [256.85666641165153, 257.5909786905513], "roll": 0.9117320771672022, "rEff": 12.808550646918128, "axRatio": 0.957980616454201}, "bar": null, "spirals": []}