{"disk": {"x": 253.896738554302, "y": 252.06518072831003, "rx": 221.31238894584786, "ry": 120.7952734179321, "angle": 140.436, "i0": 1.112105263157895, "n": 1, "c": 2}, "bulge": {"x": 256.29179128011066, "y": 253.07617950439453, "rx": 30.30977007319757, "ry": 18.182671839287774, "angle": 140.697, "i0": 1.1191666666666666, "n": 0.4683333333333333, "c": 2}, "bar": null}