{"disk": {"x": 254.15491739908853, "y": 251.25453355577258, "rx": 146.87145706121413, "ry": 101.78575236752397, "angle": 61.61, "i0": 1.1955555555555557, "n": 1, "c": 2}, "bulge": {"x": 256.32018953211167, "y": 250.5071563720703, "rx": 23.677685491258053, "ry": 20.186107186775114, "angle": 63.948, "i0": 1.3205882352941176, "n": 0.9617647058823529, "c": 2}, "bar": null}