{"disk": {"x": 255.94342734596947, "y": 258.4838950417259, "rx": 208.01459488585462, "ry": 164.46827995722703, "angle": 123.515, "i0": 0.8990909090909089, "n": 1, "c": 2}, "bulge": {"x": 259.45452238384047, "y": 257.3169338828639, "rx": 17.64384253085184, "ry": 13.721148741349333, "angle": 155.024, "i0": 0.9921052631578948, "n": 0.718421052631579, "c": 2}, "bar": null}