{"disk": {"i0": 0.18, "n": 1.0, "c": 2.0, "mu": [255.76759280790083, 257.6811071867908], "roll": 1.4226240385904838, "rEff": 107.00583395358123, "axRatio": 0.7959361650452064}, "bulge": {"i0": 0.536, "n": 1.192, "c": 2.0, "mu": [255.57916364345573, 256.612195168485], "roll": 1.3419177139431495, "rEff": 19.165278085070945, "axRatio": 0.8523140971664517}, "bar": null, "spirals": []}