{"disk": {"x": 257.9551355271112, "y": 259.54102870396207, "rx": 147.43484729433573, "ry": 104.68192563192183, "angle": 149.623}, "bulge": {"x": 255.853023822491, "y": 255.54874596228967, "rx": 14.548106535872275, "ry": 9.150253758700357, "angle": 136.189}, "bar": {"width": 32.69804218351237, "height": 12.341703158741291, "x": 240.12535177201335, "y": 249.9146876662348, "angle": 55.261}}