{"disk": {"i0": 0.24700000000000003, "n": 1.0, "c": 2.0, "mu": [257.7420537193441, 257.0693251534379], "roll": 1.1805948179969186, "rEff": 88.70012984244902, "axRatio": 0.6090749560048362}, "bulge": {"i0": 0.615, "n": 1.874285714285714, "c": 2.0, "mu": [256.9375540584294, 254.29596835910675], "roll": 1.3570564116268433, "rEff": 19.775789974864683, "axRatio": 0.569231366845029}, "bar": null, "spirals": []}