{"disk": null, "bulge": null, "bar": {"width": 75.16666666666667, "height": 23.888888041178387, "x": 223.152951558431, "y": 239.49491628011066, "angle": 172.807}}