{"disk": null, "bulge": {"i0": 0.36999999999999994, "n": 1.2466666666666668, "c": 2.0, "mu": [255.4509248772129, 257.06731650008635], "roll": 0.6096726374888439, "rEff": 10.020221922459024, "axRatio": 0.5997535694637918}, "bar": {"i0": 0.238, "n": 0.732, "c": 1.8, "mu": [254.7550717306365, 255.28482830826158], "roll": 2.1164514511549974, "rEff": 21.999999825121808, "axRatio": 0.29411366067537925}, "spirals": []}