{"disk": {"x": 256.14362548828126, "y": 255.81370849609374, "rx": 150.41960695714744, "ry": 81.82288588360937, "angle": 138.434}, "bulge": {"x": 256.9439804974724, "y": 257.40086364746094, "rx": 15.616017584345586, "ry": 14.176895773871044, "angle": 160.431}, "bar": null}