{"disk": {"mu": [256.04744023081133, 257.65852125511606], "rEff": 111.52034927950079, "axRatio": 0.8544336012142879, "roll": 1.1538752759222444}, "bulge": null, "bar": null, "spirals": []}