{"disk": {"x": 251.985472542899, "y": 254.153812953404, "rx": 166.9365899191296, "ry": 95.5633365580238, "angle": 179.812}, "bulge": {"x": 256.12575378417966, "y": 255.5171325683594, "rx": 35.8729901530648, "ry": 18.7986541610835, "angle": 9.096}, "bar": null}