{"disk": {"x": 257.1324228922526, "y": 254.26360982259115, "rx": 130.4385797754943, "ry": 110.86445966245469, "angle": 106.092, "i0": 1.0346666666666666, "n": 1, "c": 2}, "bulge": {"x": 258.01815379749644, "y": 254.2200358997692, "rx": 11.294238522549612, "ry": 8.384033372640964, "angle": 81.524, "i0": 1.0854545454545457, "n": 0.7345454545454545, "c": 2}, "bar": null}