{"disk": {"mu": [256.3092629949503, 257.23884998729346], "rEff": 141.21061773934366, "axRatio": 0.9867783457921746, "roll": 1.816490686168878}, "bulge": null, "bar": null, "spirals": []}