{"disk": {"x": 253.9809351382048, "y": 254.99259252133578, "rx": 146.5682918913366, "ry": 100.04988477275715, "angle": 90.94}, "bulge": {"x": 255.77411166104403, "y": 256.1957980069247, "rx": 12.86269223848198, "ry": 9.817791530411805, "angle": 168.734}, "bar": null}