{"disk": {"mu": [258.0755809314142, 261.0443025408434], "rEff": 103.51943337605483, "axRatio": -1.0958715356828408, "roll": 0.21298292581181677}, "bulge": null, "bar": null, "spirals": []}