{"disk": {"x": 255.19330731560203, "y": 259.00032941032856, "rx": 179.13112700149293, "ry": 113.3476380022674, "angle": 13.896, "i0": 1.1847058823529413, "n": 1, "c": 2}, "bulge": {"x": 254.6390584309896, "y": 253.95420159233942, "rx": 24.175069910726055, "ry": 15.322733223641327, "angle": 142.726, "i0": 1.1288888888888888, "n": 0.5722222222222223, "c": 2}, "bar": {"width": 65.15909273957915, "height": 22.81681205534009, "x": 222.90115126204634, "y": 243.4504065769616, "angle": 47.369, "i0": 0.9214285714285715, "n": 0.2842857142857143, "c": 0.5814285714285715}}