{"disk": {"i0": 0.21800000000000003, "n": 1.0, "c": 2.0, "mu": [256.65226463049345, 254.26052377041518], "roll": 2.5273621131379915, "rEff": 111.25770504337564, "axRatio": 0.8319743055349844}, "bulge": null, "bar": null, "spirals": []}