{"disk": {"x": 258.3834991455078, "y": 254.4072006225586, "rx": 100.42893244963518, "ry": 39.749690571400684, "angle": 135.434}, "bulge": {"x": 258.4391454060872, "y": 254.21951293945312, "rx": 11.209422117974794, "ry": 8.408733019928041, "angle": 121.846}, "bar": null}