{"disk": {"mu": [255.99946987381668, 254.82166831014487], "rEff": 127.36834810275668, "axRatio": 0.9999999986152992, "roll": 0.5584575825542046}, "bulge": null, "bar": null, "spirals": []}