{"disk": {"i0": 0.22800000000000004, "n": 1.0, "c": 2.0, "mu": [259.15145141493923, 256.32733227786156], "roll": 0.06122634856222575, "rEff": 110.16653194394253, "axRatio": 0.8453982210444938}, "bulge": {"i0": 0.6649999999999999, "n": 1.014, "c": 2.0, "mu": [258.0037865548225, 257.91784884379047], "roll": 0.7317988206345759, "rEff": 16.709757862264503, "axRatio": 0.6843046819850248}, "bar": null, "spirals": []}