{"imageWidth": 512, "height": 87, "imageHeight": 512, "psf": [[0.0003880195727106184, 0.0005515508819371462, 0.0007842900231480598, 0.0012078490108251572, 0.0016132191522046924, 0.0016941959038376808, 0.0015460198046639562, 0.001060360693372786, 0.0005344516248442233, 0.0002400685043539852, 2.890379801101517e-05], [0.0006693145260214806, 0.0010970334988087416, 0.0015995237044990063, 0.0027832556515932083, 0.0037404790055006742, 0.004231039434671402, 0.003848489373922348, 0.0026431516744196415, 0.001587413251399994, 0.0007407601224258542, 0.00041777343722060323], [0.0009246400441043079, 0.0016340370057150722, 0.0030365060083568096, 0.005839572753757238, 0.008838235400617123, 0.010599336586892605, 0.009255695156753063, 0.006165372673422098, 0.0034283462446182966, 0.001648979727178812, 0.0009402050636708736], [0.001152421347796917, 0.0025412074755877256, 0.00565947312861681, 0.011739998124539852, 0.02020707167685032, 0.025342438369989395, 0.02120191976428032, 0.01231382042169571, 0.005826807115226984, 0.0027103708125650883, 0.0013603055849671364], [0.0012645539827644825, 0.0035296338610351086, 0.008769986219704151, 0.01999170519411564, 0.037063296884298325, 0.046426594257354736, 0.03786768764257431, 0.020400140434503555, 0.008856860920786858, 0.0039049519691616297, 0.0018893819069489837], [0.0014771478017792106, 0.003998864442110062, 0.010220842435956001, 0.024794356897473335, 0.04621061310172081, 0.05767399072647095, 0.046386249363422394, 0.024249058216810226, 0.010240131989121437, 0.004215531051158905, 0.0018830675398930907], [0.0015747540164738894, 0.0035800598561763763, 0.008659321814775467, 0.02055029571056366, 0.037699706852436066, 0.04669899865984917, 0.03723541274666786, 0.019958501681685448, 0.008772761560976505, 0.0037052789703011513, 0.001721786567941308], [0.001111615914851427, 0.0023616780526936054, 0.005723902955651283, 0.012126375921070576, 0.02089647762477398, 0.025058552622795105, 0.02047957107424736, 0.01179481577128172, 0.005733143072575331, 0.0025482699275016785, 0.0014181665610522032], [0.0009564266074448824, 0.0015262261731550097, 0.002872935263440013, 0.005915825720876455, 0.009188310243189335, 0.010490256361663342, 0.008814412169158459, 0.00556109519675374, 0.0031639127992093563, 0.0016541167860850692, 0.0008907649316824973], [0.00045248548849485815, 0.0009730102610774338, 0.0015075814444571733, 0.0024885348975658417, 0.003481360850855708, 0.0038122062105685472, 0.0034230703022331, 0.002637175377458334, 0.0016431985422968864, 0.0009964040946215391, 0.0006595299928449094], [0.0003960533067584038, 0.0006339889368973672, 0.0008703729254193604, 0.001140033476985991, 0.0013115523615851998, 0.0016465840162709355, 0.0015332769835367799, 0.0012463568709790707, 0.0008967809844762087, 0.0006368268514052033, 0.0004813231935258955]], "psfHeight": 11, "psfWidth": 11, "width": 87}