{"psfHeight": 11, "width": 144, "psf": [[0.00016974302707239985, 0.0001236027164850384, 0.0002659382007550448, 0.0006496845744550228, 0.0009889233624562621, 0.0010983182583004236, 0.0007592450710944831, 0.0005649161175824702, 0.0004187485028523952, 0.00028140548965893686, 0.0002700294426176697], [0.00017895067867357284, 0.000249010743573308, 0.0005337134934961796, 0.0010413697455078363, 0.0015099789015948772, 0.0014057629741728306, 0.0012247045524418354, 0.0011646328493952751, 0.0009638483170419931, 0.000447441270807758, 0.00032756244763731956], [0.00031472614500671625, 0.00045239279279485345, 0.0008464945130981505, 0.001964466879144311, 0.003969158045947552, 0.005182183347642422, 0.0042068203911185265, 0.002711493754759431, 0.0015656660543754697, 0.0007590549648739398, 0.0005000836681574583], [0.0005010497989133, 0.0007655855733901262, 0.0014916432555764914, 0.003887785831466317, 0.010656825266778469, 0.01740368641912937, 0.013636907562613487, 0.006191110238432884, 0.0027313397731631994, 0.001208957750350237, 0.0005655577406287193], [0.0009328919695690274, 0.0009923289762809873, 0.0031182090751826763, 0.009378780610859394, 0.043515413999557495, 0.08493973314762115, 0.05309624224901199, 0.01272644754499197, 0.004782575182616711, 0.0010533315362408757, 0.0007871533161960542], [0.0012589448597282171, 0.0006111167022027075, 0.005727128591388464, 0.014878423884510994, 0.0892343819141388, 0.16156697273254395, 0.08711046725511551, 0.017973806709051132, 0.005185973830521107, 0.0009852180955931544, 0.0008430355228483677], [0.0008643145556561649, 0.000771694874856621, 0.004067027010023594, 0.011162898503243923, 0.05090276524424553, 0.08476351946592331, 0.04716678336262703, 0.012834643945097923, 0.0038844298105686903, 0.0009873275412246585, 0.0006780688418075442], [0.0004821019829250872, 0.0007927857805043459, 0.0016662143170833588, 0.004660977516323328, 0.010505469515919685, 0.01498942356556654, 0.01160222478210926, 0.0054204585030674934, 0.00213647005148232, 0.0009570552501827478, 0.00047742619062773883], [0.0003951060934923589, 0.0005871051689609885, 0.0010374629637226462, 0.0019954245071858168, 0.003634224645793438, 0.004629459232091904, 0.0036215689033269882, 0.002181716961786151, 0.0011424027616158128, 0.0006082319305278361, 0.00032312615076079965], [0.00020387354015838355, 0.00031811618828214705, 0.000500513066072017, 0.0008092826465144753, 0.0010782487224787474, 0.0011909684399142861, 0.0010533984750509262, 0.0008023034315556288, 0.00047112684114836156, 0.00025589042343199253, 0.00018767817527987063], [9.26606371649541e-05, 0.0002260656183352694, 0.000353498529875651, 0.00045004754792898893, 0.0007571892929263413, 0.0009589277324266732, 0.0006562151247635484, 0.0004191506595816463, 0.0002620485902298242, 0.00015234423335641623, 2.1480305804288946e-05]], "height": 144, "imageWidth": 512, "psfWidth": 11, "imageHeight": 512}