{"psfHeight": 11, "width": 96, "psf": [[0.00021630786068271846, 0.00028231897158548236, 0.00049519760068506, 0.00062268425244838, 0.0008199125295504928, 0.000934431329369545, 0.0007047128747217357, 0.0006028226343914866, 0.0004545377450995147, 0.00037166307447478175, 0.00027413794305175543], [0.00028076491435058415, 0.0005460348911583424, 0.0008619066793471575, 0.0012592957355082035, 0.0018021650612354279, 0.0017906930297613144, 0.0014299476752057672, 0.0012196404859423637, 0.0009866234613582492, 0.0005914409994147718, 0.00045398049405775964], [0.0005094219231978059, 0.0009180827182717621, 0.0016573137836530805, 0.0032718542497605085, 0.00533123966306448, 0.006411537528038025, 0.004796294961124659, 0.002689458429813385, 0.0016562964301556349, 0.0008584384340792894, 0.000577313534449786], [0.0006048838258720934, 0.0013232637429609895, 0.003290876280516386, 0.0078147416934371, 0.016888964921236038, 0.021855704486370087, 0.01496679987758398, 0.006658065598458052, 0.0029230876825749874, 0.0012244945392012596, 0.0005735477316193283], [0.0008981155697256327, 0.0015875387471169233, 0.0055839684791862965, 0.016229193657636642, 0.04987220838665962, 0.07507748901844025, 0.04537810757756233, 0.012858826667070389, 0.004288807511329651, 0.0010609113378450274, 0.0007520825602114201], [0.0011234673438593745, 0.0017240026500076056, 0.006797948852181435, 0.02157914638519287, 0.07471441477537155, 0.12601301074028015, 0.07572531700134277, 0.015965810045599937, 0.005881463177502155, 0.0009370844927616417, 0.0011524349683895707], [0.0008321114000864327, 0.001365926000289619, 0.005018285941332579, 0.014748571440577507, 0.04540270194411278, 0.07671339064836502, 0.04999927058815956, 0.013324090279638767, 0.005036586429923773, 0.0012382890563458204, 0.000903362815733999], [0.0005612187669612467, 0.0011302093043923378, 0.0027654494624584913, 0.006238522473722696, 0.013936289586126804, 0.020168215036392212, 0.015491755679249763, 0.0071027581579983234, 0.0031785713508725166, 0.0013562439708039165, 0.0006806486053392291], [0.0003085903590545058, 0.0007280742865987122, 0.0014343964867293835, 0.002465049270540476, 0.004467010498046875, 0.005661819130182266, 0.004727157764136791, 0.0030084869358688593, 0.0017702932236716151, 0.0010912897996604443, 0.0005406655836850405], [0.0003798118559643626, 0.0004555957275442779, 0.0007533656898885965, 0.0011248592054471374, 0.001736577250994742, 0.0017702641198411584, 0.0015670970315113664, 0.0014257971197366714, 0.0009369528270326555, 0.0007223499123938382, 0.00045157677959650755], [0.00028566873515956104, 0.0002821626840159297, 0.0004918845370411873, 0.0005864509730599821, 0.0008857366628944874, 0.0009747555013746023, 0.0008441138779744506, 0.0006750777829438448, 0.0005376746994443238, 0.00040047671063803136, 0.0003121706540696323]], "height": 96, "imageWidth": 512, "psfWidth": 11, "imageHeight": 512}