{"imageWidth": 512, "height": 96, "imageHeight": 512, "psf": [[0.00048588411300443113, 0.0006147387903183699, 0.0010702444706112146, 0.0016333970706909895, 0.002148362109437585, 0.002338126301765442, 0.002403958234935999, 0.0017961330013349652, 0.001285248319618404, 0.0008754657465033233, 0.00036622516927309334], [0.0006077602156437933, 0.0007946073310449719, 0.0019303656881675124, 0.0029513344634324312, 0.004651988390833139, 0.005590586457401514, 0.0049904827028512955, 0.0036716824397444725, 0.0018690380966290832, 0.0009690958540886641, 0.000543228758033365], [0.0006785669829696417, 0.0013334349496290088, 0.0030693700537085533, 0.0058741080574691296, 0.010077917017042637, 0.012739995494484901, 0.011395730078220367, 0.007232272997498512, 0.0035949661396443844, 0.0015576465521007776, 0.000807316682767123], [0.0009631532593630254, 0.0021712854504585266, 0.004853418562561274, 0.011216563172638416, 0.0205912496894598, 0.027703426778316498, 0.023029180243611336, 0.012480083853006363, 0.005606509745121002, 0.002254422986879945, 0.0010302385780960321], [0.0014233345864340663, 0.0028996672481298447, 0.0071277921088039875, 0.017833851277828217, 0.03651716187596321, 0.049648039042949677, 0.03864245116710663, 0.019355352967977524, 0.0076495008543133736, 0.0027095794212073088, 0.0013194713974371552], [0.0013999303337186575, 0.0032756400760263205, 0.00826688576489687, 0.02178041636943817, 0.046120356768369675, 0.06228526681661606, 0.046661823987960815, 0.021267633885145187, 0.007936346344649792, 0.003060542978346348, 0.0014152949443086982], [0.001352776074782014, 0.0027613549027591944, 0.007077033631503582, 0.018528224900364876, 0.03923295810818672, 0.05089479684829712, 0.036660823971033096, 0.01694352552294731, 0.006898117251694202, 0.002494577784091234, 0.001244302373379469], [0.0011203603353351355, 0.002116829389706254, 0.005082564428448677, 0.011381340213119984, 0.022293483838438988, 0.028088487684726715, 0.02072455920279026, 0.010595670901238918, 0.004746005870401859, 0.00216847681440413, 0.0009841198334470391], [0.0006241165683604777, 0.0015056933043524623, 0.0033136880956590176, 0.006031148135662079, 0.009187846444547176, 0.011175953783094883, 0.009053423069417477, 0.005190953146666288, 0.002740778960287571, 0.0012579660397022963, 0.0008472519693896174], [0.0006091780378483236, 0.0009398569818586111, 0.001838556258007884, 0.0028057030867785215, 0.003644498996436596, 0.004107061307877302, 0.0031993333250284195, 0.0024666606914252043, 0.0015611684648320079, 0.0008257190347649157, 0.0006106875371187925], [0.00033937880652956665, 0.0006805319571867585, 0.000948890286963433, 0.0013232139172032475, 0.0016202708939090371, 0.0015363709535449743, 0.0013911345740780234, 0.001171991927549243, 0.000554635829757899, 0.0005212448304519057, 0.0005395213374868035]], "psfHeight": 11, "psfWidth": 11, "width": 96}