{"imageWidth": 512, "height": 125, "imageHeight": 512, "psf": [[0.00022769591305404902, 0.0004083014209754765, 0.0006609384436160326, 0.0010742956073954701, 0.0015526417410001159, 0.0016843338962644339, 0.0013973889872431755, 0.0013275176752358675, 0.0010110933799296618, 0.0005772580043412745, 0.00028328580083325505], [0.00039797124918550253, 0.0006671701557934284, 0.0012123642954975367, 0.0021002881694585085, 0.003047688864171505, 0.0036709075793623924, 0.0034080001059919596, 0.002589824376627803, 0.0017678001895546913, 0.0009792434284463525, 0.0006549217505380511], [0.0009179184562526643, 0.0012661464279517531, 0.002267267554998398, 0.004463298246264458, 0.0069544389843940735, 0.008887487463653088, 0.008188486099243164, 0.005504976958036423, 0.003105626441538334, 0.0017234092811122537, 0.0008853539475239813], [0.0010394201381132007, 0.0017547477036714554, 0.004225309006869793, 0.009443521499633789, 0.01817603036761284, 0.02437155321240425, 0.020989304408431053, 0.01212744414806366, 0.005476019345223904, 0.002492157742381096, 0.0010738079436123371], [0.0014173686504364014, 0.002871426520869136, 0.007019256707280874, 0.01876658760011196, 0.038541682064533234, 0.05232781544327736, 0.04237803444266319, 0.021658169105648994, 0.00841341633349657, 0.003186465473845601, 0.00148417626041919], [0.0015428694896399975, 0.003366916673257947, 0.00894369650632143, 0.02542167901992798, 0.05287555605173111, 0.0685291513800621, 0.052449654787778854, 0.025264177471399307, 0.009387110359966755, 0.00348971807397902, 0.0013511719880625606], [0.001458320184610784, 0.0032308343797922134, 0.008358332328498363, 0.02155246026813984, 0.04237861931324005, 0.051457878202199936, 0.03860723227262497, 0.01915813982486725, 0.007506245747208595, 0.0030585494823753834, 0.0011776573956012726], [0.0012373996432870626, 0.0022950987331569195, 0.005541144870221615, 0.012386479414999485, 0.020735066384077072, 0.02457580901682377, 0.018863249570131302, 0.010031426325440407, 0.004625605884939432, 0.00226630293764174, 0.0009531537652947009], [0.0007059454801492393, 0.0014863379765301943, 0.002767185214906931, 0.005241645500063896, 0.00833143386989832, 0.009343641810119152, 0.00741354376077652, 0.004572603385895491, 0.002308465540409088, 0.0010670868214219809, 0.0006331722834147513], [0.0004168976447544992, 0.0007966474513523281, 0.0015122964978218079, 0.002330388408154249, 0.003005689475685358, 0.003409735858440399, 0.002706024795770645, 0.002093990333378315, 0.0010600876994431019, 0.0007020490011200309, 0.0006320693646557629], [0.0003160462947562337, 0.00045976549154147506, 0.0007872239802964032, 0.0011920875404030085, 0.0013250885531306267, 0.0014951566699892282, 0.0012691091978922486, 0.0009089938830584288, 0.0006803773576393723, 0.0005452152108773589, 0.0003082171897403896]], "psfHeight": 11, "psfWidth": 11, "width": 125}