{"imageWidth": 512, "height": 253, "imageHeight": 512, "psf": [[0.00019950763089582324, 0.000506423064507544, 0.00039493938675150275, 0.0006650040159001946, 0.0011327057145535946, 0.0014432747848331928, 0.0011045803548768163, 0.0006852347869426012, 0.0006842489237897098, 0.0006219057249836624, 0.00018181931227445602], [0.0005264368955977261, 0.0006497370195575058, 0.0008786859689280391, 0.0012299641966819763, 0.0019494991283863783, 0.002535718958824873, 0.0022140557412058115, 0.0017987319733947515, 0.001172234769910574, 0.0006603944930247962, 0.0003144846123177558], [0.0008527613244950771, 0.001077723689377308, 0.0014939195243641734, 0.0031950727570801973, 0.005522327031940222, 0.007322210818529129, 0.006094346754252911, 0.0033279424533247948, 0.0022012623958289623, 0.001132842036895454, 0.0005860098171979189], [0.0007956365589052439, 0.0013759847497567534, 0.0032094332855194807, 0.0076576410792768, 0.014999985694885254, 0.02183273620903492, 0.017468556761741638, 0.008393670432269573, 0.0037810446228832006, 0.0018940487643703818, 0.0010567439021542668], [0.0009221797809004784, 0.0016970260767266154, 0.0052421726286411285, 0.01731281727552414, 0.04599415883421898, 0.06417617946863174, 0.04574974626302719, 0.018995260819792747, 0.006809871643781662, 0.002890801290050149, 0.0013648462481796741], [0.0009796703234314919, 0.0019742862787097692, 0.005930510815232992, 0.023341936990618706, 0.07157234847545624, 0.09830273687839508, 0.06667371094226837, 0.02717750519514084, 0.008885479532182217, 0.0030815352220088243, 0.0012259205104783177], [0.0005935419467277825, 0.0016172153409570456, 0.004587228409945965, 0.01592341810464859, 0.04602176696062088, 0.06448345631361008, 0.04646538570523262, 0.020985573530197144, 0.007252215873450041, 0.0026895434129983187, 0.0010819756425917149], [0.00023178994888439775, 0.0011339805787429214, 0.002857926534488797, 0.007081760559231043, 0.014098560437560081, 0.020344655960798264, 0.017778508365154266, 0.009398230351507664, 0.004042802844196558, 0.00164402078371495, 0.0007920193602330983], [0.0003971362893935293, 0.0008135570678859949, 0.0016053389990702271, 0.002748311497271061, 0.005157169885933399, 0.006907688919454813, 0.006042286287993193, 0.0041692848317325115, 0.0021098374854773283, 0.0011805703397840261, 0.0005198625149205327], [0.0001584294659551233, 0.0005438613588921726, 0.0008333657751791179, 0.0012929692165926099, 0.0016573828179389238, 0.002044133609160781, 0.002008584327995777, 0.0017181056318804622, 0.0009376030648127198, 0.0005949402111582458, 0.00035072749597020447], [0.00028344723978079855, 0.00048318348126485944, 0.00038384724757634103, 0.000866940536070615, 0.0011554955272004008, 0.0012946773786097765, 0.001304454985074699, 0.0009919164003804326, 0.0005037678056396544, 0.00037730493932031095, 0.0003360419359523803]], "psfHeight": 11, "psfWidth": 11, "width": 253}