{"psfHeight": 11, "width": 181, "psf": [[0.0004683319421019405, 0.0007729046046733856, 0.0010676424717530608, 0.001461702398955822, 0.001977998996153474, 0.0019442824413999915, 0.0020920305978506804, 0.0014460082165896893, 0.001056081149727106, 0.000643260485958308, 0.00035578059032559395], [0.0007577862124890089, 0.0008926080190576613, 0.0018266243860125542, 0.002931983210146427, 0.004600529558956623, 0.005199473351240158, 0.004538563080132008, 0.0027022692374885082, 0.0016386620700359344, 0.0009377608657814562, 0.0005542862927541137], [0.0009625976090319455, 0.0017308566020801663, 0.003421008586883545, 0.00691543472930789, 0.011623737402260303, 0.013891655020415783, 0.010665243491530418, 0.005538377910852432, 0.0027451622299849987, 0.001271287677809596, 0.000589335395488888], [0.0011669931700453162, 0.002287798561155796, 0.005452172830700874, 0.01318865455687046, 0.025038467720150948, 0.031166747212409973, 0.022743158042430878, 0.010977141559123993, 0.004540527239441872, 0.001624830299988389, 0.0008081741980277002], [0.0013414961285889149, 0.0030617539305239916, 0.008159825578331947, 0.019923869520425797, 0.03955053165555, 0.05210041627287865, 0.03930807486176491, 0.017573194578289986, 0.006356970407068729, 0.0023756090085953474, 0.0009557429002597928], [0.0009451073128730059, 0.0032522492110729218, 0.008074457757174969, 0.02237858809530735, 0.04787140712141991, 0.06286697089672089, 0.04875436797738075, 0.021328480914235115, 0.0074628847651183605, 0.0024135441053658724, 0.0009827380999922752], [0.001157086342573166, 0.002669312059879303, 0.0065844436176121235, 0.018217872828245163, 0.04071366786956787, 0.05502341687679291, 0.04217595234513283, 0.019003352150321007, 0.00700388615950942, 0.002313201781362295, 0.0009040808072313666], [0.0009530344977974892, 0.0019175794441252947, 0.004116599913686514, 0.009624439291656017, 0.020855912938714027, 0.02912498638033867, 0.023093219846487045, 0.010571114718914032, 0.003973318729549646, 0.0015925137558951974, 0.0005741268396377563], [0.0008303882787004113, 0.0011620367877185345, 0.0023722879122942686, 0.004005777649581432, 0.007500464096665382, 0.009937954135239124, 0.007789211813360453, 0.004553962033241987, 0.00191352644469589, 0.0006800239207223058, 0.0001886699174065143], [0.0006676260964013636, 0.0006740447133779526, 0.0011196037521585822, 0.002072862582281232, 0.002875159727409482, 0.002966854954138398, 0.0023826113902032375, 0.001632085070014, 0.0005536489770747721, 8.534558583050966e-05, 0.00029123248532414436], [0.00042039339314214885, 0.0004914106684736907, 0.0005764930392615497, 0.0008199312724173069, 0.0009460209985263646, 0.00095269555458799, 0.0009739593951962888, 0.0004126298881601542, 0.0006615950260311365, -1.148978390119737e-05, 8.368276030523703e-05]], "height": 181, "imageWidth": 512, "psfWidth": 11, "imageHeight": 512}