{"disk": {"x": 256.09702954973494, "y": 255.24095480782645, "rx": 61.82991740207718, "ry": 44.50579091584684, "angle": 86.559, "i0": 0.9157142857142857, "n": 1, "c": 2}, "bulge": {"x": 255.77115284312856, "y": 255.62240878018466, "rx": 9.84912106953614, "ry": 6.797236590931624, "angle": 39.908, "i0": 1.0172727272727273, "n": 1.06, "c": 2}, "bar": {"width": 69.60762872581563, "height": 18.90725425402408, "x": 222.2572618013378, "y": 246.95001171270962, "angle": 56.319, "i0": 1.0025, "n": 0.175, "c": 0.54}}