{"disk": {"x": 259.2520951251594, "y": 252.1573492556202, "rx": 179.58741235253592, "ry": 109.22809904828748, "angle": 158.195, "i0": 1.2555102040816326, "n": 1, "c": 2}, "bulge": {"x": 258.9895285147208, "y": 250.02958735713253, "rx": 24.836098305308408, "ry": 18.836525284394384, "angle": 53.604, "i0": 1.2255555555555555, "n": 0.8651851851851852, "c": 2}, "bar": null}