{"disk": {"x": 258.0940905484286, "y": 254.78275853937322, "rx": 158.68550714143575, "ry": 133.76667600062544, "angle": 11.014, "i0": 1.1522727272727271, "n": 1, "c": 2}, "bulge": null, "bar": null}