{"disk": {"x": 253.7745829264323, "y": 252.63622436523437, "rx": 104.78973870273053, "ry": 62.61763632079328, "angle": 86.153, "i0": 1.0303333333333333, "n": 1, "c": 2}, "bulge": {"x": 253.29159400576637, "y": 252.6204645066034, "rx": 16.298323091758796, "ry": 14.092754931508816, "angle": 115.098, "i0": 1.0514285714285716, "n": 0.7233333333333334, "c": 2}, "bar": null}