{"disk": {"x": 251.77889404296874, "y": 257.40564880371096, "rx": 112.17569445032254, "ry": 103.38785600815378, "angle": 24.032, "i0": 1.1648, "n": 1, "c": 2}, "bulge": {"x": 254.63541666666666, "y": 255.0, "rx": 12.896901739821937, "ry": 10.81570508939288, "angle": 45.609, "i0": 1.0, "n": 0.5, "c": 2}, "bar": null}