{"disk": {"x": 254.454347156343, "y": 255.90389360700334, "rx": 152.47673979684416, "ry": 134.3707279784306, "angle": 166.734, "i0": 1.0595238095238098, "n": 1, "c": 2}, "bulge": null, "bar": null}