{"disk": {"x": 262.32051213582355, "y": 253.49799728393555, "rx": 118.65075051186876, "ry": 109.21140278258275, "angle": 57.708, "i0": 1.25, "n": 1, "c": 2}, "bulge": {"x": 261.32902090890065, "y": 253.73350742885046, "rx": 14.73608321287953, "ry": 11.540625434354757, "angle": 115.676, "i0": 1.1085714285714285, "n": 0.8842857142857143, "c": 2}, "bar": null}