{"disk": {"x": 261.85373757102275, "y": 260.09665471857244, "rx": 128.82677348946763, "ry": 99.35809410684375, "angle": 102.789, "i0": 1.4836363636363636, "n": 1, "c": 2}, "bulge": null, "bar": null}