{"disk": {"x": 257.60634143535907, "y": 257.4765859750601, "rx": 167.82447372803387, "ry": 96.97151484822683, "angle": 24.771, "i0": 1.06, "n": 1, "c": 2}, "bulge": null, "bar": null}