{"disk": {"x": 255.0187225341797, "y": 254.4994831085205, "rx": 144.99353625282987, "ry": 105.83286119938262, "angle": 77.61, "i0": 1.453125, "n": 1, "c": 2}, "bulge": {"x": 255.4518347846137, "y": 250.5541025797526, "rx": 22.33851266962806, "ry": 20.169753251057237, "angle": 53.578, "i0": 1.1977777777777778, "n": 0.9188888888888889, "c": 2}, "bar": {"width": 102.37713493110303, "height": 33.19845875274229, "x": 204.89060085415053, "y": 233.36106534713966, "angle": 136.868, "i0": 0.5650000000000001, "n": 0.16999999999999998, "c": 0.8075}}