{"disk": {"x": 244.97744196111506, "y": 259.6001933704723, "rx": 145.3217132920675, "ry": 85.0454234482188, "angle": 45.739, "i0": 1.4700000000000002, "n": 1, "c": 2}, "bulge": null, "bar": null}