{"disk": {"x": 257.30934143066406, "y": 253.84930928548178, "rx": 133.29486657256066, "ry": 73.259951858436, "angle": 103.846, "i0": 1.0493333333333335, "n": 1, "c": 2}, "bulge": {"x": 255.69608633858817, "y": 254.75901467459542, "rx": 21.65558996003833, "ry": 19.849356126188564, "angle": 96.528, "i0": 1.1785714285714288, "n": 0.86, "c": 2}, "bar": null}