{"disk": {"x": 260.834886932373, "y": 266.88880615234376, "rx": 185.49965939084328, "ry": 83.84212194815805, "angle": 112.698, "i0": 1.167, "n": 1, "c": 2}, "bulge": {"x": 258.71739501953124, "y": 250.92666625976562, "rx": 37.249937123346406, "ry": 18.603991173357677, "angle": 98.42, "i0": 1.14, "n": 0.438, "c": 2}, "bar": null}