{"disk": {"x": 256.672810236613, "y": 258.24572499593097, "rx": 182.03976537548294, "ry": 95.85537312914782, "angle": 69.198, "i0": 1.1483333333333334, "n": 1, "c": 2}, "bulge": {"x": 256.0292371114095, "y": 255.94987360636392, "rx": 12.514649000238594, "ry": 10.25475631135183, "angle": 44.772, "i0": 1.2133333333333334, "n": 1.2766666666666666, "c": 2}, "bar": null}