{"disk": {"x": 254.90651931762696, "y": 254.60619049072267, "rx": 174.8132755716951, "ry": 100.01348005961124, "angle": 161.969, "i0": 1.1915, "n": 1, "c": 2}, "bulge": null, "bar": {"width": 62.45233511528275, "height": 18.588692743418157, "x": 224.99130261142597, "y": 250.59208818334452, "angle": 101.262, "i0": 1.2149999999999999, "n": 0.24, "c": 0.52}}