{"disk": {"x": 258.1758790857652, "y": 253.89107558306526, "rx": 140.3362475281047, "ry": 79.52747238761182, "angle": 36.114, "i0": 1.1411764705882352, "n": 1, "c": 2}, "bulge": {"x": 257.7739944458008, "y": 255.6036319732666, "rx": 21.94429395481842, "ry": 11.4748444297997, "angle": 17.232, "i0": 0.95625, "n": 0.53625, "c": 2}, "bar": null}