{"disk": {"x": 255.14229583740234, "y": 258.6642309335562, "rx": 108.88965615341824, "ry": 95.05757204873917, "angle": 103.055, "i0": 1.1957692307692307, "n": 1, "c": 2}, "bulge": {"x": 255.78103535970052, "y": 256.01446634928385, "rx": 17.529389548185865, "ry": 13.886995384521414, "angle": 135.006, "i0": 1.0406666666666666, "n": 0.5973333333333334, "c": 2}, "bar": null}