{"disk": {"x": 259.10265197753904, "y": 258.3428924560547, "rx": 147.7180558662874, "ry": 95.86287561746194, "angle": 170.443, "i0": 1.1464, "n": 1, "c": 2}, "bulge": {"x": 260.22291564941406, "y": 257.2167739868164, "rx": 44.61552071669887, "ry": 21.354181539211176, "angle": 156.204, "i0": 1.082, "n": 0.45600000000000007, "c": 2}, "bar": {"width": 32.80065146766452, "height": 15.198919494028033, "x": 242.07329181987868, "y": 246.26842393523697, "angle": 86.162, "i0": 0.935, "n": 0.5575000000000001, "c": 0.4275}}