{"disk": {"x": 256.70468215942384, "y": 256.05048446655275, "rx": 160.55774307042643, "ry": 104.36951504868537, "angle": 133.91, "i0": 1.0905, "n": 1, "c": 2}, "bulge": {"x": 256.2100006103516, "y": 257.1081237792969, "rx": 23.019683588155125, "ry": 13.247817967251123, "angle": 56.005, "i0": 1.026, "n": 0.5740000000000001, "c": 2}, "bar": {"width": 63.1738476114401, "height": 18.0540933929126, "x": 223.80487459515885, "y": 247.48095348664924, "angle": 119.63, "i0": 1.1300000000000001, "n": 0.168, "c": 0.954}}