{"disk": {"x": 259.7174078623454, "y": 266.80849329630536, "rx": 151.16457736562106, "ry": 104.16658949895363, "angle": 6.044, "i0": 0.9558333333333332, "n": 1, "c": 2}, "bulge": {"x": 257.64585571289064, "y": 256.3897644042969, "rx": 20.90164267778856, "ry": 16.619934467376794, "angle": 117.77, "i0": 1.158, "n": 0.844, "c": 2}, "bar": null}