{"disk": {"x": 254.53399724545687, "y": 256.25090557595956, "rx": 132.77455615180224, "ry": 86.6625335530112, "angle": 165.827, "i0": 1.0317391304347825, "n": 1, "c": 2}, "bulge": {"x": 258.0714776175363, "y": 254.08008466448103, "rx": 22.334897611812824, "ry": 11.489994486390183, "angle": 164.512, "i0": 0.9, "n": 0.5378571428571429, "c": 2}, "bar": null}