{"disk": {"x": 257.44840039704974, "y": 254.44804583097758, "rx": 127.59159708381499, "ry": 90.84936710832905, "angle": 132.181, "i0": 0.9894736842105264, "n": 1, "c": 2}, "bulge": {"x": 258.46331509676844, "y": 255.53702753240412, "rx": 12.470802450979606, "ry": 10.487958819489746, "angle": 136.526, "i0": 1.3872727272727272, "n": 0.5645454545454545, "c": 2}, "bar": {"width": 109.83773059383245, "height": 30.519573781936423, "x": 203.37434606782983, "y": 241.19182291127782, "angle": 30.89, "i0": 0.604, "n": 0.4800000000000001, "c": 1.042}}