{"disk": {"x": 254.67768669128418, "y": 257.96472867329913, "rx": 187.5722176090933, "ry": 100.24199559992947, "angle": 18.644, "i0": 0.9716666666666667, "n": 1, "c": 2}, "bulge": {"x": 257.5847198486328, "y": 257.1505828857422, "rx": 19.098175057082216, "ry": 13.93600447211752, "angle": 22.82, "i0": 0.734, "n": 0.5700000000000001, "c": 2}, "bar": null}