{"disk": {"x": 260.91914035962975, "y": 258.2973977793818, "rx": 156.77200170510554, "ry": 129.25270126107213, "angle": 175.126, "i0": 1.1043478260869564, "n": 1, "c": 2}, "bulge": {"x": 256.98077392578125, "y": 257.609711710612, "rx": 23.450428258457688, "ry": 18.269418910998755, "angle": 32.358, "i0": 1.1173333333333333, "n": 0.638, "c": 2}, "bar": null}