{"disk": {"x": 255.87226308186848, "y": 252.52737477620443, "rx": 158.22377113985104, "ry": 115.4097841108655, "angle": 115.3, "i0": 0.8766666666666667, "n": 1, "c": 2}, "bulge": {"x": 256.59080505371094, "y": 257.0903540717231, "rx": 20.916519236959036, "ry": 11.92334297048162, "angle": 154.668, "i0": 0.9755555555555557, "n": 0.48500000000000004, "c": 2}, "bar": null}