{"disk": {"x": 257.1067410982572, "y": 253.68016991248498, "rx": 195.25740291232967, "ry": 127.78361412092964, "angle": 80.975, "i0": 1.0076923076923079, "n": 1, "c": 2}, "bulge": null, "bar": null}