{"disk": {"x": 256.71939239501955, "y": 254.78099212646484, "rx": 121.85699893637953, "ry": 81.17491181693403, "angle": 97.747, "i0": 0.915, "n": 1, "c": 2}, "bulge": {"x": 258.3697814941406, "y": 254.1525310169567, "rx": 16.87898666207227, "ry": 14.684926235634084, "angle": 81.85, "i0": 1.1700000000000002, "n": 0.6554545454545454, "c": 2}, "bar": {"width": 79.62518413548752, "height": 21.607565198935536, "x": 217.98542851518891, "y": 243.3904723490749, "angle": 148.685, "i0": 0.8576923076923078, "n": 0.2692307692307693, "c": 0.8084615384615385}}