{"disk": {"x": 255.58976162181182, "y": 256.4991293514476, "rx": 155.53057659510344, "ry": 105.02724971266834, "angle": 13.736, "i0": 1.2411764705882353, "n": 1, "c": 2}, "bulge": {"x": 256.17083435058595, "y": 254.546875, "rx": 42.220579029223806, "ry": 20.812115748174723, "angle": 138.619, "i0": 1.284, "n": 0.366, "c": 2}, "bar": {"width": 75.93615145286941, "height": 26.537303773124993, "x": 217.411734182962, "y": 242.80406556813597, "angle": 41.343, "i0": 0.6333333333333333, "n": 0.3188888888888889, "c": 0.6944444444444444}}