{"disk": {"x": 252.90577625093005, "y": 253.62539890834265, "rx": 157.31178819470713, "ry": 107.4916899338587, "angle": 99.15, "i0": 1.0866666666666667, "n": 1, "c": 2}, "bulge": {"x": 257.2956771850586, "y": 258.0848358154297, "rx": 21.673569136907723, "ry": 17.677217029665208, "angle": 128.319, "i0": 0.908, "n": 0.5269999999999999, "c": 2}, "bar": null}