{"disk": {"x": 253.6415812174479, "y": 257.76273345947266, "rx": 237.89962778377085, "ry": 141.8141007784903, "angle": 78.679, "i0": 1.0383333333333333, "n": 1, "c": 2}, "bulge": {"x": 257.6483739217122, "y": 256.8888130187988, "rx": 14.06332397021824, "ry": 9.9250443652114, "angle": 44.736, "i0": 1.3150000000000002, "n": 0.5858333333333334, "c": 2}, "bar": null}