{"disk": {"x": 255.3035479093853, "y": 255.20797408254523, "rx": 117.84083262878357, "ry": 100.69267934091222, "angle": 111.126, "i0": 0.9731578947368422, "n": 1, "c": 2}, "bulge": {"x": 256.048676924272, "y": 255.71847534179688, "rx": 23.654364760675232, "ry": 17.31099991916393, "angle": 17.949, "i0": 1.2472727272727275, "n": 0.4609090909090909, "c": 2}, "bar": null}