{"disk": {"x": 259.91797214084204, "y": 253.82656521267361, "rx": 192.761094103449, "ry": 121.86204075029991, "angle": 173.776, "i0": 0.9888888888888889, "n": 1, "c": 2}, "bulge": null, "bar": {"width": 113.66681837274255, "height": 25.227165827710593, "x": 202.0695896016449, "y": 240.14656418087128, "angle": 51.156, "i0": 1.197142857142857, "n": 0.3285714285714286, "c": 0.7028571428571428}}