{"disk": {"x": 255.91055387609146, "y": 255.0889039881089, "rx": 136.72031070607576, "ry": 119.82504691684383, "angle": 47.791, "i0": 1.0952941176470588, "n": 1, "c": 2}, "bulge": null, "bar": null}