{"disk": {"x": 255.73447704315186, "y": 255.70405387878418, "rx": 138.8593069425204, "ry": 100.28078143086827, "angle": 175.705, "i0": 1.028125, "n": 1, "c": 2}, "bulge": {"x": 256.38639678955076, "y": 253.3781311035156, "rx": 27.092249794215853, "ry": 19.547915225921738, "angle": 54.531, "i0": 1.34, "n": 0.43, "c": 2}, "bar": null}