{"disk": {"x": 259.98861224834735, "y": 248.00339097243088, "rx": 238.28330596791017, "ry": 126.86329300691297, "angle": 6.006, "i0": 1.1207692307692307, "n": 1, "c": 2}, "bulge": {"x": 263.4402770996094, "y": 249.02274068196616, "rx": 79.88127916282959, "ry": 39.854393627334396, "angle": 4.117, "i0": 0.8683333333333333, "n": 0.44333333333333336, "c": 2}, "bar": {"width": 135.79941131629838, "height": 42.591372581429965, "x": 201.6673096718476, "y": 225.34216033810986, "angle": 178.473, "i0": 1.2300000000000002, "n": 0.20166666666666666, "c": 0.48666666666666664}}