{"disk": {"x": 260.0364735921224, "y": 253.30235036214194, "rx": 199.45785088249946, "ry": 159.60878532486998, "angle": 92.03, "i0": 1.0333333333333332, "n": 1, "c": 2}, "bulge": {"x": 259.9967258998326, "y": 251.80386788504464, "rx": 13.717601273092965, "ry": 11.65971356509184, "angle": 135.413, "i0": 1.3657142857142859, "n": 0.8942857142857142, "c": 2}, "bar": null}