{"disk": {"x": 258.4491930509868, "y": 254.3396036248458, "rx": 114.18131020950527, "ry": 55.96574817480917, "angle": 136.858, "i0": 0.9847368421052632, "n": 1, "c": 2}, "bulge": {"x": 259.1649230957031, "y": 254.50964965820313, "rx": 7.503846130727654, "ry": 6.913557651234299, "angle": 145.269, "i0": 1.2719999999999998, "n": 0.62, "c": 2}, "bar": null}