{"disk": {"x": 254.0690907069615, "y": 254.91312735421317, "rx": 68.35084883022937, "ry": 33.65194377867637, "angle": 65.099, "i0": 1.0785714285714285, "n": 1, "c": 2}, "bulge": {"x": 254.85577138264975, "y": 257.1679382324219, "rx": 12.027948811959133, "ry": 10.616338630190205, "angle": 105.067, "i0": 0.8033333333333333, "n": 0.7166666666666667, "c": 2}, "bar": null}