{"disk": {"x": 256.10187174479165, "y": 258.607666015625, "rx": 155.4154166470673, "ry": 81.55584447763871, "angle": 68.787, "i0": 0.9353333333333331, "n": 1, "c": 2}, "bulge": {"x": 257.0550003051758, "y": 255.85519561767578, "rx": 22.564776503088186, "ry": 17.027514363997103, "angle": 64.857, "i0": 0.959, "n": 0.481, "c": 2}, "bar": null}