{"disk": {"x": 247.63624064127603, "y": 239.5633276076544, "rx": 190.5432636358748, "ry": 88.38453513879125, "angle": 125.916, "i0": 1.0280952380952382, "n": 1, "c": 2}, "bulge": {"x": 260.9961802164714, "y": 256.83298746744794, "rx": 21.54806599381377, "ry": 14.360076667819136, "angle": 115.216, "i0": 1.2166666666666668, "n": 0.61, "c": 2}, "bar": null}