{"disk": {"x": 253.66644083658855, "y": 256.9203582763672, "rx": 125.19819862541152, "ry": 106.5510051309952, "angle": 62.475, "i0": 1.0053333333333332, "n": 1, "c": 2}, "bulge": null, "bar": null}