{"disk": {"x": 257.5365636488971, "y": 256.88261862362134, "rx": 135.07529678153156, "ry": 124.51318183760225, "angle": 141.424, "i0": 1.3482352941176472, "n": 1, "c": 2}, "bulge": null, "bar": null}