{"disk": {"x": 256.0900230407715, "y": 259.30371742248536, "rx": 162.0593633352347, "ry": 132.1626494010879, "angle": 122.271, "i0": 1.1460000000000001, "n": 1, "c": 2}, "bulge": null, "bar": null}