{"disk": {"x": 254.21272411346436, "y": 253.05613231658936, "rx": 198.37572240472628, "ry": 102.72195419731293, "angle": 141.381, "i0": 1.1649999999999998, "n": 1, "c": 2}, "bulge": {"x": 255.26024510310248, "y": 253.77045381986179, "rx": 31.75555286642007, "ry": 17.96688708179403, "angle": 142.422, "i0": 1.2384615384615385, "n": 0.5792307692307692, "c": 2}, "bar": {"width": 58.275532085664935, "height": 18.82603595543901, "x": 228.35853370081986, "y": 244.6555626497219, "angle": 39.96, "i0": 1.065, "n": 0.1825, "c": 0.5775}}