{"disk": {"x": 259.81840260823566, "y": 255.20034790039062, "rx": 122.50581295541396, "ry": 85.32834328828517, "angle": 23.723, "i0": 0.9883333333333334, "n": 1, "c": 2}, "bulge": {"x": 258.0019073486328, "y": 254.83323669433594, "rx": 12.216274160011958, "ry": 7.638151793420327, "angle": 0.0, "i0": 1.3533333333333333, "n": 0.9049999999999999, "c": 2}, "bar": null}