{"disk": {"x": 256.19708521225874, "y": 255.06696813246782, "rx": 155.0511706167794, "ry": 123.26481972558368, "angle": 50.311, "i0": 1.0205882352941178, "n": 1, "c": 2}, "bulge": {"x": 257.65980052948, "y": 253.3684206008911, "rx": 23.36958268514777, "ry": 20.087827044615384, "angle": 94.052, "i0": 0.985, "n": 0.499375, "c": 2}, "bar": null}