{"disk": {"x": 257.4180840386285, "y": 257.60190836588544, "rx": 112.15313331932583, "ry": 79.69317526080759, "angle": 68.3, "i0": 0.991111111111111, "n": 1, "c": 2}, "bulge": null, "bar": null}