{"disk": {"x": 254.40873424823468, "y": 255.88937377929688, "rx": 164.4472414469937, "ry": 89.33708528940247, "angle": 39.563, "i0": 1.0546153846153847, "n": 1, "c": 2}, "bulge": {"x": 254.5562504359654, "y": 255.1731175013951, "rx": 29.336590856992014, "ry": 15.766777061506989, "angle": 30.104, "i0": 0.9285714285714286, "n": 0.5271428571428571, "c": 2}, "bar": null}