{"disk": {"x": 254.94194259643555, "y": 254.7013282775879, "rx": 58.26846752333718, "ry": 31.278366430041547, "angle": 80.102, "i0": 1.2774999999999999, "n": 1, "c": 2}, "bulge": {"x": 255.38562150435015, "y": 254.73440967906606, "rx": 13.249704193869492, "ry": 10.428833023678079, "angle": 119.91, "i0": 1.0445454545454547, "n": 0.9554545454545452, "c": 2}, "bar": null}