{"disk": {"x": 258.06834093729657, "y": 256.9293400446574, "rx": 173.0453571391889, "ry": 85.36030652262087, "angle": 40.629, "i0": 1.1702083333333333, "n": 1, "c": 2}, "bulge": {"x": 256.154924063847, "y": 254.80858901451373, "rx": 47.92632681282057, "ry": 26.058638614319626, "angle": 40.703, "i0": 0.9751724137931034, "n": 0.5227586206896553, "c": 2}, "bar": null}