{"disk": {"x": 258.29349617336106, "y": 253.53469450577447, "rx": 168.55300577955225, "ry": 101.42099812829449, "angle": 66.481, "i0": 1.168695652173913, "n": 1, "c": 2}, "bulge": {"x": 257.9440580095564, "y": 254.8834184919085, "rx": 38.3217460466197, "ry": 19.71622949841901, "angle": 82.383, "i0": 0.9628571428571429, "n": 0.5135714285714286, "c": 2}, "bar": null}