{"disk": {"x": 256.48324495203354, "y": 255.2694589951459, "rx": 155.91274003271366, "ry": 81.39486057161274, "angle": 137.896, "i0": 1.1244117647058824, "n": 1, "c": 2}, "bulge": {"x": 256.29286193847656, "y": 256.547612508138, "rx": 12.39238086154336, "ry": 10.712191405836736, "angle": 115.939, "i0": 1.2422222222222221, "n": 1.2433333333333334, "c": 2}, "bar": null}