{"disk": {"x": 256.57003106011285, "y": 256.7634794447157, "rx": 128.57012011244444, "ry": 110.11648634309842, "angle": 78.349, "i0": 1.2377777777777779, "n": 1, "c": 2}, "bulge": {"x": 256.99542236328125, "y": 256.3041109357561, "rx": 15.87890895228062, "ry": 12.327074622757587, "angle": 92.772, "i0": 1.1157142857142857, "n": 0.6292857142857142, "c": 2}, "bar": null}