{"disk": {"x": 254.93653143019904, "y": 254.6140616280692, "rx": 150.5607867978559, "ry": 96.47859858270388, "angle": 82.367, "i0": 1.1938095238095239, "n": 1, "c": 2}, "bulge": null, "bar": null}