{"disk": {"x": 258.7669486999512, "y": 254.68029403686523, "rx": 122.4379797604136, "ry": 116.21894088579421, "angle": 65.555, "i0": 1.1775000000000002, "n": 1, "c": 2}, "bulge": {"x": 258.08202171325684, "y": 255.29401206970215, "rx": 25.21952550796704, "ry": 13.176188984060705, "angle": 34.922, "i0": 1.25125, "n": 0.48875, "c": 2}, "bar": {"width": 54.17220389935377, "height": 25.238539920363092, "x": 230.53654819680733, "y": 243.09123139276446, "angle": 145.108, "i0": 1.2316666666666667, "n": 0.19166666666666668, "c": 1.055}}