{"disk": {"x": 256.5581810992697, "y": 255.52047331436822, "rx": 150.74851634192441, "ry": 107.06287274757196, "angle": 118.956, "i0": 1.193478260869565, "n": 1, "c": 2}, "bulge": {"x": 256.28520638602123, "y": 253.22149440220423, "rx": 25.9444725413782, "ry": 18.27388772754833, "angle": 125.967, "i0": 1.030714285714286, "n": 0.8150000000000002, "c": 2}, "bar": {"width": 88.50330003879972, "height": 30.17792542055065, "x": 213.55969832349564, "y": 239.65748656950987, "angle": 44.599, "i0": 0.924, "n": 0.21000000000000002, "c": 0.836}}