{"disk": {"x": 256.0511814464222, "y": 254.88775912198153, "rx": 143.05095000756353, "ry": 89.68226080518774, "angle": 102.794, "i0": 1.0536363636363637, "n": 1, "c": 2}, "bulge": {"x": 257.32798767089844, "y": 255.14988708496094, "rx": 12.80013575519051, "ry": 9.53317295401613, "angle": 105.382, "i0": 1.0133333333333334, "n": 0.5933333333333333, "c": 2}, "bar": null}