{"disk": {"x": 257.04420013427733, "y": 254.77969703674316, "rx": 161.2151960305686, "ry": 93.62477179781612, "angle": 102.233, "i0": 1.0804999999999998, "n": 1, "c": 2}, "bulge": null, "bar": null}