{"disk": {"x": 258.7671356201172, "y": 255.7323740641276, "rx": 173.54193042099232, "ry": 120.3723689093509, "angle": 93.792, "i0": 1.0153333333333332, "n": 1, "c": 2}, "bulge": {"x": 259.5452444893973, "y": 256.24180385044644, "rx": 22.5282694632263, "ry": 15.762413263253356, "angle": 98.819, "i0": 0.9800000000000001, "n": 0.6114285714285714, "c": 2}, "bar": null}