{"disk": {"x": 257.02099270290796, "y": 256.28934054904516, "rx": 146.29592317749905, "ry": 83.50163448396955, "angle": 130.628, "i0": 1.085, "n": 1, "c": 2}, "bulge": {"x": 258.0646480984158, "y": 257.1637183295356, "rx": 19.810942154918237, "ry": 17.65619496594302, "angle": 161.995, "i0": 0.9733333333333333, "n": 1.0000000000000002, "c": 2}, "bar": null}