{"disk": {"x": 254.1129180908203, "y": 254.76432342529296, "rx": 192.38912177244168, "ry": 92.6083411519357, "angle": 165.287, "i0": 1.0989999999999998, "n": 1, "c": 2}, "bulge": {"x": 259.1755879720052, "y": 255.5477786593967, "rx": 24.069691509943524, "ry": 20.59780765623374, "angle": 157.315, "i0": 1.0411111111111113, "n": 0.4388888888888889, "c": 2}, "bar": null}