{"disk": {"x": 256.60513516689866, "y": 253.75758248187125, "rx": 128.4897011092885, "ry": 99.76511916409892, "angle": 104.087, "i0": 1.106595744680851, "n": 1, "c": 2}, "bulge": {"x": 257.58094177246096, "y": 253.98989028930663, "rx": 13.342319995510518, "ry": 9.662033284044172, "angle": 110.661, "i0": 1.1515, "n": 0.651, "c": 2}, "bar": null}