{"disk": {"x": 257.43677814190204, "y": 258.1531149057242, "rx": 199.90640785431, "ry": 138.78822243774496, "angle": 121.311, "i0": 1.146153846153846, "n": 1, "c": 2}, "bulge": {"x": 258.11889457702637, "y": 256.0121955871582, "rx": 15.20314675841519, "ry": 13.833533758405158, "angle": 165.503, "i0": 1.24, "n": 0.79625, "c": 2}, "bar": null}