{"disk": {"x": 252.67075066817435, "y": 257.32027395148026, "rx": 111.36153424170777, "ry": 57.25126721336624, "angle": 153.572, "i0": 1.0847368421052632, "n": 1, "c": 2}, "bulge": null, "bar": null}