{"disk": {"x": 255.31092130220853, "y": 256.10320458045373, "rx": 165.53117406188983, "ry": 87.94818343829542, "angle": 23.236, "i0": 1.3292307692307692, "n": 1, "c": 2}, "bulge": {"x": 256.72072245279946, "y": 253.68237711588543, "rx": 14.652731126521221, "ry": 12.415143261718761, "angle": 77.968, "i0": 1.3920000000000001, "n": 0.8926666666666667, "c": 2}, "bar": null}