{"disk": {"x": 252.6201027318051, "y": 246.29238550286544, "rx": 171.97838774479374, "ry": 103.46532775919088, "angle": 150.894, "i0": 1.163157894736842, "n": 1, "c": 2}, "bulge": null, "bar": null}