{"disk": {"x": 255.52988815307617, "y": 256.78943099975584, "rx": 162.5467618222457, "ry": 144.8232512636347, "angle": 25.312, "i0": 1.005, "n": 1, "c": 2}, "bulge": {"x": 256.56064224243164, "y": 255.72589365641275, "rx": 18.89976263047154, "ry": 15.613914159996595, "angle": 167.542, "i0": 0.9716666666666667, "n": 0.4808333333333334, "c": 2}, "bar": null}