{"disk": {"x": 258.40003356933596, "y": 250.03204223632812, "rx": 130.20231753675043, "ry": 99.61262899382581, "angle": 9.527, "i0": 1.2819999999999998, "n": 1, "c": 2}, "bulge": {"x": 258.29498087565105, "y": 250.74979349772136, "rx": 25.01811194489572, "ry": 21.181667229152602, "angle": 137.477, "i0": 1.2733333333333332, "n": 0.5273333333333333, "c": 2}, "bar": null}