{"disk": {"x": 257.3767078944615, "y": 257.3112269810268, "rx": 122.15609107216677, "ry": 101.78534415998881, "angle": 0.0, "i0": 1.0692857142857142, "n": 1, "c": 2}, "bulge": null, "bar": null}