{"disk": {"x": 253.9718483818902, "y": 255.10116492377387, "rx": 145.02443584725359, "ry": 97.31143863216352, "angle": 176.823, "i0": 1.2738888888888888, "n": 1, "c": 2}, "bulge": null, "bar": null}