{"disk": {"x": 255.8715168346058, "y": 258.60000702829075, "rx": 141.21702507659947, "ry": 104.61155576136481, "angle": 49.389, "i0": 1.1127272727272728, "n": 1, "c": 2}, "bulge": {"x": 257.2111930847168, "y": 256.3027286529541, "rx": 17.74754908963839, "ry": 13.043689206184226, "angle": 131.814, "i0": 1.2375, "n": 0.954375, "c": 2}, "bar": {"width": 35.516427407084294, "height": 18.75487689218808, "x": 241.1560051990457, "y": 247.5345049895749, "angle": 23.369, "i0": 0.7975, "n": 0.22749999999999998, "c": 0.4425}}