{"disk": {"x": 252.45063049316406, "y": 256.94072265625, "rx": 179.76170309058662, "ry": 88.37306867165624, "angle": 130.312, "i0": 1.0136, "n": 1, "c": 2}, "bulge": null, "bar": null}