{"disk": {"x": 253.8433868408203, "y": 254.15344467163087, "rx": 129.70678141885463, "ry": 84.07106333479805, "angle": 50.888, "i0": 1.041, "n": 1, "c": 2}, "bulge": null, "bar": {"width": 53.33533629349442, "height": 21.138031513075525, "x": 228.17372742210043, "y": 244.2526173916556, "angle": 6.31, "i0": 0.9720000000000001, "n": 0.24800000000000005, "c": 0.579}}