{"disk": {"x": 253.43396134810015, "y": 254.9799381602894, "rx": 135.69228028474168, "ry": 101.35128968744694, "angle": 108.315, "i0": 0.9254545454545454, "n": 1, "c": 2}, "bulge": {"x": 255.3739013671875, "y": 255.7499508327908, "rx": 11.877041812815612, "ry": 10.183527394575309, "angle": 144.159, "i0": 1.0455555555555556, "n": 0.5566666666666666, "c": 2}, "bar": null}