{"disk": {"x": 257.83344039916994, "y": 256.45726852416993, "rx": 178.70086658820907, "ry": 149.72108132325351, "angle": 76.917, "i0": 1.061, "n": 1, "c": 2}, "bulge": null, "bar": null}