{"disk": {"x": 254.4504723799856, "y": 254.47206918816818, "rx": 152.58054524639715, "ry": 113.3394213208308, "angle": 167.645, "i0": 1.0373684210526315, "n": 1, "c": 2}, "bulge": null, "bar": null}