{"disk": {"x": 255.28911455939797, "y": 256.8863606172449, "rx": 125.39712134821336, "ry": 112.01956498349804, "angle": 62.09, "i0": 1.151764705882353, "n": 1, "c": 2}, "bulge": null, "bar": null}