{"disk": {"x": 256.69654647163725, "y": 252.44809424358866, "rx": 156.84500909559478, "ry": 73.81992957206865, "angle": 179.626, "i0": 1.0460869565217392, "n": 1, "c": 2}, "bulge": {"x": 257.06815447126115, "y": 253.76532854352678, "rx": 17.546429921460902, "ry": 16.59782985156641, "angle": 150.772, "i0": 1.162857142857143, "n": 0.5885714285714286, "c": 2}, "bar": null}