{"disk": {"x": 258.22785739240976, "y": 254.3143915636786, "rx": 129.43021295340614, "ry": 70.79632248957675, "angle": 170.376, "i0": 1.0955172413793104, "n": 1, "c": 2}, "bulge": {"x": 256.7489972795759, "y": 251.18124389648438, "rx": 17.725722653796023, "ry": 14.46861518515689, "angle": 131.84, "i0": 0.9752380952380952, "n": 0.5638095238095238, "c": 2}, "bar": null}