{"disk": {"x": 254.5987960152004, "y": 257.62586378014606, "rx": 140.57526232680536, "ry": 114.85325787517534, "angle": 9.918, "i0": 1.2682608695652173, "n": 1, "c": 2}, "bulge": {"x": 255.78367614746094, "y": 256.11729431152344, "rx": 18.18789669714803, "ry": 10.400522815520052, "angle": 81.314, "i0": 1.1033333333333333, "n": 0.57, "c": 2}, "bar": null}