{"disk": {"x": 260.1804396311442, "y": 253.17032750447592, "rx": 162.35635102064475, "ry": 115.32067216797087, "angle": 79.298, "i0": 1.1604166666666667, "n": 1, "c": 2}, "bulge": {"x": 258.29655287000867, "y": 253.38185458713107, "rx": 24.337087148057375, "ry": 17.780018344383816, "angle": 39.989, "i0": 1.038888888888889, "n": 0.6222222222222222, "c": 2}, "bar": null}