{"disk": {"x": 259.9674398488012, "y": 252.14383723818023, "rx": 128.13252217259273, "ry": 68.63326523469891, "angle": 53.888, "i0": 1.0651724137931036, "n": 1, "c": 2}, "bulge": {"x": 256.77122599283854, "y": 254.09120381673176, "rx": 14.490590776067759, "ry": 9.630833857603385, "angle": 75.552, "i0": 1.0193333333333332, "n": 0.9186666666666666, "c": 2}, "bar": {"width": 64.93630175100381, "height": 23.315681488941223, "x": 224.66798994786228, "y": 246.8693637690792, "angle": 101.911, "i0": 0.8025, "n": 0.1825, "c": 0.35000000000000003}}