{"disk": {"x": 262.6602081298828, "y": 260.2146362304687, "rx": 192.03741504230985, "ry": 110.80716138229423, "angle": 119.313, "i0": 1.0459999999999998, "n": 1, "c": 2}, "bulge": {"x": 259.6988800048828, "y": 255.1830627441406, "rx": 11.984968319681485, "ry": 10.433643010211698, "angle": 84.314, "i0": 1.276, "n": 0.5519999999999999, "c": 2}, "bar": null}