{"disk": {"x": 257.2083104451497, "y": 256.0119806925456, "rx": 210.69449660578678, "ry": 129.80119560265004, "angle": 177.918, "i0": 1.0733333333333335, "n": 1, "c": 2}, "bulge": {"x": 256.3974304199219, "y": 256.2858450753348, "rx": 24.608010188705446, "ry": 12.437428803641964, "angle": 3.88, "i0": 1.032142857142857, "n": 0.4228571428571429, "c": 2}, "bar": null}