{"disk": {"x": 257.09038602388824, "y": 258.16156710111176, "rx": 120.2357370947357, "ry": 87.54328898849703, "angle": 18.301, "i0": 1.5069230769230768, "n": 1, "c": 2}, "bulge": {"x": 255.7427764892578, "y": 258.05140380859376, "rx": 15.330294400980838, "ry": 14.034295909533224, "angle": 134.927, "i0": 1.058, "n": 0.8119999999999999, "c": 2}, "bar": null}