{"disk": {"x": 258.9426735772027, "y": 252.76612006293402, "rx": 184.96567975272794, "ry": 100.2943003284866, "angle": 133.552, "i0": 1.0872222222222225, "n": 1, "c": 2}, "bulge": {"x": 260.34291381835936, "y": 253.8620849609375, "rx": 22.24906703340576, "ry": 19.615804191111824, "angle": 141.192, "i0": 0.992, "n": 0.5, "c": 2}, "bar": null}