{"disk": {"x": 256.36234368218317, "y": 251.2833980984158, "rx": 168.21184953144643, "ry": 114.31762531638995, "angle": 92.257, "i0": 0.9488888888888888, "n": 1, "c": 2}, "bulge": null, "bar": {"width": 81.23496077807407, "height": 24.697768095380944, "x": 218.05856026037702, "y": 240.88445335465326, "angle": 87.09, "i0": 1.0325, "n": 0.21749999999999997, "c": 0.5225}}