{"disk": {"x": 259.0213348388672, "y": 252.4662124633789, "rx": 108.92190481869474, "ry": 85.4443010777851, "angle": 82.971, "i0": 1.037, "n": 1, "c": 2}, "bulge": null, "bar": null}