{"disk": {"x": 254.4525604248047, "y": 254.51020159040178, "rx": 103.42923154484966, "ry": 54.63957184998201, "angle": 21.129, "i0": 0.8892857142857142, "n": 1, "c": 2}, "bulge": {"x": 255.7185801188151, "y": 254.32003072102864, "rx": 13.657031566689836, "ry": 11.24318195473166, "angle": 11.11, "i0": 1.2013333333333334, "n": 0.8973333333333334, "c": 2}, "bar": null}