{"disk": {"x": 257.65503946940106, "y": 246.72816848754883, "rx": 215.56881294658493, "ry": 150.6448062761945, "angle": 92.345, "i0": 1.0733333333333335, "n": 1, "c": 2}, "bulge": null, "bar": {"width": 116.24427901470698, "height": 35.22221535063932, "x": 203.84264702218752, "y": 231.4598714430275, "angle": 162.805, "i0": 1.2225000000000001, "n": 0.24, "c": 0.44375}}