{"disk": {"x": 261.89890455163044, "y": 251.95495870838994, "rx": 177.78933306935735, "ry": 105.93710808440744, "angle": 140.031, "i0": 1.2434782608695651, "n": 1, "c": 2}, "bulge": {"x": 261.2704334259033, "y": 252.0917501449585, "rx": 28.460168362529725, "ry": 18.977971664118705, "angle": 144.533, "i0": 1.1075000000000002, "n": 0.659375, "c": 2}, "bar": null}