{"disk": {"x": 252.92654527936662, "y": 257.86949920654297, "rx": 154.54359458154178, "ry": 117.68070121190374, "angle": 164.367, "i0": 1.0078571428571428, "n": 1, "c": 2}, "bulge": {"x": 254.39103507995605, "y": 258.10668563842773, "rx": 19.770523534342203, "ry": 17.931752117032303, "angle": 137.485, "i0": 1.0375, "n": 0.6475, "c": 2}, "bar": null}