{"disk": {"x": 256.61525429619684, "y": 257.01937527126734, "rx": 156.9165724592406, "ry": 76.87545056768957, "angle": 61.494, "i0": 1.125, "n": 1, "c": 2}, "bulge": {"x": 259.95604750689336, "y": 252.51445815142463, "rx": 23.977664364831803, "ry": 15.009851325091049, "angle": 57.114, "i0": 1.3258823529411765, "n": 0.5852941176470587, "c": 2}, "bar": null}