{"disk": {"x": 257.9457263946533, "y": 254.77632331848145, "rx": 142.54675215373152, "ry": 135.58521922167444, "angle": 172.264, "i0": 1.52625, "n": 1, "c": 2}, "bulge": {"x": 259.1993072509766, "y": 254.32372436523437, "rx": 15.858486176438669, "ry": 13.651422590923, "angle": 22.798, "i0": 1.176, "n": 0.8009999999999999, "c": 2}, "bar": null}