{"disk": {"x": 253.24793752034506, "y": 255.4809226989746, "rx": 196.55329008465094, "ry": 114.66036490712641, "angle": 7.316, "i0": 1.0579166666666666, "n": 1, "c": 2}, "bulge": {"x": 256.48592291937933, "y": 255.34617275661893, "rx": 13.813233038207475, "ry": 11.633356675118943, "angle": 64.916, "i0": 1.1333333333333333, "n": 0.7144444444444445, "c": 2}, "bar": null}