{"disk": {"x": 247.51693071637834, "y": 255.6078589303153, "rx": 169.49233241962247, "ry": 76.43934954716867, "angle": 160.754, "i0": 1.015, "n": 1, "c": 2}, "bulge": null, "bar": null}