{"disk": {"x": 252.87320772806802, "y": 257.74681027730304, "rx": 171.18668280708098, "ry": 93.01577506411427, "angle": 52.663, "i0": 1.1833333333333333, "n": 1, "c": 2}, "bulge": {"x": 254.38071899414064, "y": 256.6725021362305, "rx": 26.794656641421803, "ry": 15.662647688192047, "angle": 42.938, "i0": 1.1645, "n": 0.499, "c": 2}, "bar": null}