{"disk": {"x": 255.57593994140626, "y": 253.9780014038086, "rx": 177.41390170190854, "ry": 114.28603244470936, "angle": 136.81, "i0": 1.0739999999999998, "n": 1, "c": 2}, "bulge": {"x": 258.1829609590418, "y": 254.39953703038833, "rx": 20.730444865875103, "ry": 12.953514400471498, "angle": 152.56, "i0": 1.0852941176470587, "n": 0.48176470588235293, "c": 2}, "bar": null}