{"disk": {"x": 258.7977211078008, "y": 254.8542137145996, "rx": 96.60237865530557, "ry": 66.22776141549492, "angle": 178.947, "i0": 1.0329166666666667, "n": 1, "c": 2}, "bulge": {"x": 256.9714782714844, "y": 254.1280303955078, "rx": 12.879714541222398, "ry": 8.503358976457099, "angle": 131.511, "i0": 1.206, "n": 0.5279999999999999, "c": 2}, "bar": null}