{"disk": {"x": 258.9522103702321, "y": 255.3090847239775, "rx": 142.0543654118761, "ry": 87.98568007801931, "angle": 107.843, "i0": 1.1829411764705882, "n": 1, "c": 2}, "bulge": {"x": 258.2703063964844, "y": 253.32187194824218, "rx": 38.01115130261691, "ry": 15.91221475605908, "angle": 99.547, "i0": 1.266, "n": 0.49400000000000005, "c": 2}, "bar": {"width": 127.24297229481257, "height": 24.58487513945877, "x": 193.1531377234433, "y": 243.3645372227511, "angle": 82.281, "i0": 1.0350000000000001, "n": 0.1725, "c": 0.875}}