{"disk": {"x": 254.7445515950521, "y": 254.26813761393228, "rx": 139.89300635179808, "ry": 110.2097144523311, "angle": 73.148, "i0": 0.7826666666666667, "n": 1, "c": 2}, "bulge": {"x": 255.50090942382812, "y": 252.86945190429688, "rx": 12.573072625052722, "ry": 10.49233108588558, "angle": 102.349, "i0": 1.369, "n": 0.717, "c": 2}, "bar": {"width": 73.7100396586743, "height": 17.50779564480297, "x": 218.97105710208646, "y": 246.45679045071054, "angle": 91.306, "i0": 0.7155555555555555, "n": 0.19, "c": 0.7444444444444445}}