{"disk": {"x": 253.36745516459146, "y": 258.4149360656738, "rx": 137.74001253621543, "ry": 90.31666703181656, "angle": 8.391, "i0": 0.8612500000000001, "n": 1, "c": 2}, "bulge": {"x": 256.1673614501953, "y": 255.93035685221355, "rx": 18.520820616946455, "ry": 13.741631930901743, "angle": 0.0, "i0": 0.9400000000000001, "n": 0.7006666666666667, "c": 2}, "bar": null}