{"disk": {"x": 260.41951642717635, "y": 249.61442129952567, "rx": 123.69653012417481, "ry": 113.80070188436355, "angle": 75.002, "i0": 0.8542857142857142, "n": 1, "c": 2}, "bulge": null, "bar": null}