{"disk": {"x": 260.1647024715648, "y": 258.34028042063994, "rx": 173.93363412606323, "ry": 75.21659998471597, "angle": 60.173, "i0": 1.0476470588235294, "n": 1, "c": 2}, "bulge": {"x": 262.606440226237, "y": 247.17709604899088, "rx": 41.78306395475828, "ry": 17.385646444861596, "angle": 75.192, "i0": 1.1916666666666667, "n": 0.8716666666666667, "c": 2}, "bar": null}