{"disk": {"x": 256.1913626534598, "y": 254.04970223563058, "rx": 152.1634812288815, "ry": 84.87207811898895, "angle": 31.029, "i0": 0.9757142857142858, "n": 1, "c": 2}, "bulge": {"x": 257.7692169189453, "y": 253.94632873535156, "rx": 11.357593862618991, "ry": 8.80792741043075, "angle": 38.543, "i0": 0.7899999999999999, "n": 0.492, "c": 2}, "bar": null}