{"disk": {"x": 253.50328911675348, "y": 254.70750257703992, "rx": 72.23493875721812, "ry": 39.775951669832615, "angle": 85.908, "i0": 1.13, "n": 1, "c": 2}, "bulge": {"x": 253.7767357459435, "y": 253.4698709341196, "rx": 26.474375878009592, "ry": 18.675932950036298, "angle": 86.79, "i0": 1.3492307692307692, "n": 0.9284615384615383, "c": 2}, "bar": null}