{"disk": {"x": 259.27423898797286, "y": 255.51933770430716, "rx": 126.68721840818425, "ry": 98.25371659786947, "angle": 74.471, "i0": 1.1221052631578947, "n": 1, "c": 2}, "bulge": {"x": 254.09624590192522, "y": 254.55536760602678, "rx": 29.80673051336671, "ry": 14.903365256683355, "angle": 44.858, "i0": 1.0557142857142856, "n": 0.5442857142857143, "c": 2}, "bar": {"width": 58.968325237225535, "height": 16.895734276881665, "x": 228.42854462348598, "y": 244.64951861484397, "angle": 133.592, "i0": 0.931818181818182, "n": 0.3118181818181818, "c": 0.7645454545454545}}