{"disk": {"x": 253.82313040028447, "y": 258.7127911111583, "rx": 177.34613005714792, "ry": 99.99692325218757, "angle": 34.093, "i0": 1.2017391304347826, "n": 1, "c": 2}, "bulge": {"x": 256.08014526367185, "y": 256.09029998779295, "rx": 17.575450333073935, "ry": 12.313435517435607, "angle": 47.247, "i0": 1.118, "n": 0.8880000000000001, "c": 2}, "bar": null}