{"disk": {"x": 256.59635586208765, "y": 251.1612065633138, "rx": 172.3058113989861, "ry": 117.08498432059491, "angle": 73.952, "i0": 1.038333333333333, "n": 1, "c": 2}, "bulge": {"x": 256.316801591353, "y": 252.18766091086647, "rx": 14.985100420133358, "ry": 12.956067835609407, "angle": 49.207, "i0": 1.0990909090909091, "n": 1.0672727272727272, "c": 2}, "bar": {"width": 69.58130508052338, "height": 27.56215766363537, "x": 220.20237419313668, "y": 237.4521193340758, "angle": 120.503, "i0": 0.6275, "n": 0.31, "c": 0.6275000000000001}}