{"disk": {"x": 258.20815149943036, "y": 254.00868352254233, "rx": 188.88171464328124, "ry": 96.65510498388369, "angle": 51.313, "i0": 1.065, "n": 1, "c": 2}, "bulge": {"x": 255.94426345825195, "y": 255.24199676513672, "rx": 33.98944144485545, "ry": 16.726930102821395, "angle": 54.366, "i0": 1.034375, "n": 0.5818749999999999, "c": 2}, "bar": null}