{"disk": {"x": 256.7922842843192, "y": 255.91543797084265, "rx": 130.1212184643269, "ry": 118.7888615642453, "angle": 64.538, "i0": 1.137142857142857, "n": 1, "c": 2}, "bulge": {"x": 257.7366058349609, "y": 256.1883911132812, "rx": 10.286660439054206, "ry": 6.193974838651295, "angle": 88.359, "i0": 1.214, "n": 0.6100000000000001, "c": 2}, "bar": null}