{"disk": {"x": 256.39658203125, "y": 257.17478739420574, "rx": 144.52369794617746, "ry": 123.92536287066261, "angle": 67.163, "i0": 1.1179999999999999, "n": 1, "c": 2}, "bulge": {"x": 257.0313480922154, "y": 256.6906215122768, "rx": 11.491515933561473, "ry": 10.282398680833937, "angle": 134.756, "i0": 1.0814285714285714, "n": 0.5314285714285715, "c": 2}, "bar": null}