{"disk": {"x": 252.2173948287964, "y": 258.96562480926514, "rx": 110.24185332139037, "ry": 77.28021936989599, "angle": 102.003, "i0": 0.859375, "n": 1, "c": 2}, "bulge": {"x": 253.07788721720377, "y": 257.99822489420575, "rx": 17.364251626166038, "ry": 14.788107607259724, "angle": 67.72, "i0": 0.8708333333333332, "n": 0.8225000000000001, "c": 2}, "bar": null}