{"disk": {"x": 253.95158850628397, "y": 258.39710335109544, "rx": 173.42519892991626, "ry": 109.01651527180324, "angle": 146.318, "i0": 1.1578260869565218, "n": 1, "c": 2}, "bulge": null, "bar": null}