{"disk": {"x": 255.16593170166016, "y": 249.16474494934081, "rx": 172.2224464397371, "ry": 128.4033535950959, "angle": 112.725, "i0": 1.206, "n": 1, "c": 2}, "bulge": {"x": 258.42342703683033, "y": 258.961905343192, "rx": 38.36030933132595, "ry": 19.56211586272231, "angle": 107.092, "i0": 0.97, "n": 0.53, "c": 2}, "bar": null}