{"disk": {"x": 256.6665982333097, "y": 254.62451033158735, "rx": 146.81397376218789, "ry": 83.2451443398835, "angle": 127.959, "i0": 0.8572727272727273, "n": 1, "c": 2}, "bulge": {"x": 257.04403250558033, "y": 255.30487932477678, "rx": 19.706572166209565, "ry": 14.202790587251927, "angle": 135.138, "i0": 0.8785714285714287, "n": 0.8071428571428572, "c": 2}, "bar": null}