{"disk": {"x": 254.69682401769302, "y": 251.42520680147058, "rx": 146.2059839657447, "ry": 103.91116182410397, "angle": 18.366, "i0": 1.276470588235294, "n": 1, "c": 2}, "bulge": {"x": 257.04335021972656, "y": 251.87287521362305, "rx": 17.987652442362606, "ry": 15.127102718397673, "angle": 179.843, "i0": 1.0608333333333333, "n": 1.1816666666666666, "c": 2}, "bar": null}