{"disk": {"x": 255.2730047052557, "y": 258.0023748224432, "rx": 121.30999687248669, "ry": 112.70388080254514, "angle": 138.776, "i0": 1.2554545454545454, "n": 1, "c": 2}, "bulge": null, "bar": null}