{"disk": {"x": 256.6254992675781, "y": 254.42557647705078, "rx": 161.27985008557928, "ry": 92.52286067855161, "angle": 136.843, "i0": 1.0304, "n": 1, "c": 2}, "bulge": {"x": 257.1049058702257, "y": 253.82113647460938, "rx": 18.04486208413393, "ry": 15.26381048186721, "angle": 111.549, "i0": 0.9877777777777776, "n": 0.77, "c": 2}, "bar": null}