{"disk": {"x": 258.1594596862793, "y": 254.88422698974608, "rx": 155.11180628195288, "ry": 136.27827001144902, "angle": 0.0, "i0": 0.977, "n": 1, "c": 2}, "bulge": {"x": 257.77183532714844, "y": 256.02681308322485, "rx": 18.89133612142149, "ry": 16.031293970096883, "angle": 116.211, "i0": 0.9122222222222222, "n": 0.6544444444444444, "c": 2}, "bar": null}