{"disk": {"x": 256.29586310135693, "y": 257.09119937294406, "rx": 161.6055548533839, "ry": 82.12569446427749, "angle": 114.067, "i0": 0.966842105263158, "n": 1, "c": 2}, "bulge": {"x": 255.94862920587713, "y": 255.41844454678622, "rx": 13.80542327205482, "ry": 12.339181813192813, "angle": 72.586, "i0": 1.34, "n": 0.8127272727272726, "c": 2}, "bar": null}