{"disk": {"x": 257.346801170936, "y": 256.9394331711989, "rx": 182.09134924007125, "ry": 92.75433269721202, "angle": 48.509, "i0": 1.3084615384615386, "n": 1, "c": 2}, "bulge": {"x": 256.57928059895835, "y": 255.64006652832032, "rx": 31.05606801749793, "ry": 16.11791976122828, "angle": 43.715, "i0": 1.0106666666666666, "n": 0.6006666666666667, "c": 2}, "bar": {"width": 47.87187882725028, "height": 18.819786973810782, "x": 234.676582711619, "y": 244.35764394799045, "angle": 134.291, "i0": 0.8500000000000001, "n": 0.2783333333333333, "c": 0.7016666666666667}}