{"disk": {"x": 257.684076218378, "y": 251.5153071085612, "rx": 161.06550218839908, "ry": 80.77970620220198, "angle": 66.568, "i0": 1.1376190476190478, "n": 1, "c": 2}, "bulge": {"x": 257.8362274169922, "y": 251.74131774902344, "rx": 15.306770693051135, "ry": 13.046443809615866, "angle": 21.082, "i0": 1.2249999999999999, "n": 1.0633333333333335, "c": 2}, "bar": null}