{"disk": {"x": 260.12133135114397, "y": 254.84165736607142, "rx": 104.1485035651625, "ry": 83.09153149640764, "angle": 31.933, "i0": 0.959047619047619, "n": 1, "c": 2}, "bulge": {"x": 260.574405670166, "y": 253.4909839630127, "rx": 10.926473263920812, "ry": 10.323374999202537, "angle": 26.271, "i0": 1.1400000000000001, "n": 1.0150000000000001, "c": 2}, "bar": {"width": 76.57596079686964, "height": 20.73753481108317, "x": 220.7912680299099, "y": 245.83420691391643, "angle": 135.303, "i0": 0.9550000000000001, "n": 0.15000000000000002, "c": 0.515}}