{"disk": {"x": 253.29226056267234, "y": 249.71669365377988, "rx": 195.26639736735268, "ry": 111.43822004606663, "angle": 34.988, "i0": 1.0411764705882351, "n": 1, "c": 2}, "bulge": {"x": 255.78926908052884, "y": 248.70939049353967, "rx": 24.49380240673344, "ry": 21.566891979200363, "angle": 86.188, "i0": 1.0692307692307692, "n": 1.0723076923076924, "c": 2}, "bar": null}