{"disk": {"x": 256.74261389838324, "y": 258.09952969021265, "rx": 126.9002831280111, "ry": 103.32249851533203, "angle": 82.548, "i0": 1.142777777777778, "n": 1, "c": 2}, "bulge": {"x": 255.23790130615234, "y": 257.5955871582031, "rx": 12.255543688211127, "ry": 10.325659605476329, "angle": 73.128, "i0": 1.218, "n": 0.53, "c": 2}, "bar": null}