{"disk": {"x": 255.07554557106712, "y": 250.06874119151723, "rx": 154.87128242182928, "ry": 113.50203011592727, "angle": 124.352, "i0": 1.1072727272727274, "n": 1, "c": 2}, "bulge": {"x": 257.3101745605469, "y": 250.81704711914062, "rx": 22.719578416976823, "ry": 20.108979508105186, "angle": 99.708, "i0": 1.026, "n": 0.5700000000000001, "c": 2}, "bar": {"width": 55.20049671270851, "height": 16.499642056369805, "x": 229.81684968899486, "y": 242.68778578333854, "angle": 2.9, "i0": 1.01, "n": 0.22000000000000003, "c": 0.6212500000000001}}