{"disk": {"x": 256.91055951799666, "y": 254.10193743024553, "rx": 196.04155729887998, "ry": 150.26345975937602, "angle": 84.204, "i0": 0.9400000000000001, "n": 1, "c": 2}, "bulge": null, "bar": null}