{"disk": {"x": 251.78155919125206, "y": 249.6010926899157, "rx": 129.4414805181084, "ry": 94.74511938358732, "angle": 118.071, "i0": 0.9736842105263158, "n": 1, "c": 2}, "bulge": {"x": 255.44600746848366, "y": 253.31614962491122, "rx": 23.76963780409127, "ry": 13.463443562587361, "angle": 89.507, "i0": 1.0463636363636366, "n": 0.47, "c": 2}, "bar": {"width": 48.595307082022224, "height": 20.669712489365985, "x": 230.71437583433766, "y": 242.73970691798442, "angle": 82.281, "i0": 0.88, "n": 0.1757142857142857, "c": 0.4942857142857143}}