{"disk": {"x": 256.87730290339545, "y": 252.7741945706881, "rx": 108.5695421472504, "ry": 82.78882159674937, "angle": 10.795, "i0": 1.1523076923076923, "n": 1, "c": 2}, "bulge": {"x": 258.9769982231988, "y": 253.22357347276477, "rx": 21.176253189860216, "ry": 17.95354258507591, "angle": 78.093, "i0": 0.9466666666666667, "n": 0.7077777777777778, "c": 2}, "bar": null}