{"disk": {"x": 248.97474803095278, "y": 261.83805382770043, "rx": 189.56702247847497, "ry": 111.26520195773386, "angle": 44.298, "i0": 1.051304347826087, "n": 1, "c": 2}, "bulge": {"x": 255.3033935546875, "y": 258.18724060058594, "rx": 27.79637798199384, "ry": 22.728305580535224, "angle": 38.637, "i0": 1.0399999999999998, "n": 0.518, "c": 2}, "bar": null}