{"disk": {"x": 259.0947769165039, "y": 253.4980209350586, "rx": 104.5220924354725, "ry": 64.61536320047232, "angle": 142.982, "i0": 0.8125, "n": 1, "c": 2}, "bulge": {"x": 259.359375, "y": 253.47001320975167, "rx": 13.170847068010804, "ry": 11.433613747792412, "angle": 113.711, "i0": 1.0607142857142857, "n": 0.9542857142857144, "c": 2}, "bar": null}