{"disk": {"x": 258.1287224509499, "y": 258.20408630371094, "rx": 149.33115809205347, "ry": 101.91587040707464, "angle": 5.135, "i0": 0.97, "n": 1, "c": 2}, "bulge": null, "bar": {"width": 40.79541534111367, "height": 17.744029215064558, "x": 237.50260666049786, "y": 248.4818763836787, "angle": 45.743, "i0": 0.5850000000000001, "n": 0.33099999999999996, "c": 0.681}}