{"disk": {"x": 257.9466061062283, "y": 254.9152103000217, "rx": 127.7181892846885, "ry": 96.46676861893864, "angle": 81.021, "i0": 0.8288888888888889, "n": 1, "c": 2}, "bulge": {"x": 257.64891815185547, "y": 255.17557271321616, "rx": 6.69485665684472, "ry": 5.647814159002326, "angle": 81.868, "i0": 1.0216666666666667, "n": 0.9716666666666667, "c": 2}, "bar": null}