{"disk": {"x": 247.30724681507456, "y": 256.8644936301491, "rx": 125.18287946776859, "ry": 109.93156266519162, "angle": 107.559, "i0": 0.9563636363636363, "n": 1, "c": 2}, "bulge": {"x": 257.871875, "y": 257.2875, "rx": 20.070585762721365, "ry": 14.688167158831998, "angle": 128.745, "i0": 1.0100000000000002, "n": 1.0599999999999998, "c": 2}, "bar": null}