{"disk": {"x": 255.24492390950522, "y": 255.04733339945474, "rx": 118.0485694735706, "ry": 68.23336731394116, "angle": 38.923, "i0": 1.0441666666666667, "n": 1, "c": 2}, "bulge": {"x": 255.26971871512276, "y": 255.4823259626116, "rx": 12.64742996422215, "ry": 11.398650123149196, "angle": 91.96, "i0": 1.1571428571428573, "n": 0.8957142857142857, "c": 2}, "bar": null}