{"disk": {"x": 258.29502036354756, "y": 256.0286428278143, "rx": 184.6491592775825, "ry": 89.57346001948775, "angle": 131.608, "i0": 1.1777272727272727, "n": 1, "c": 2}, "bulge": {"x": 257.4538792201451, "y": 254.16510772705078, "rx": 26.368313452457535, "ry": 19.16534275927367, "angle": 117.088, "i0": 1.0085714285714285, "n": 0.65, "c": 2}, "bar": null}