{"disk": {"x": 254.50544929504395, "y": 258.69909286499023, "rx": 164.40328426820133, "ry": 120.54196694200809, "angle": 38.182, "i0": 0.9437500000000001, "n": 1, "c": 2}, "bulge": null, "bar": null}