{"disk": {"x": 258.08384094238284, "y": 254.76165695190429, "rx": 124.2087104063417, "ry": 72.04333322795995, "angle": 37.346, "i0": 0.85, "n": 1, "c": 2}, "bulge": {"x": 259.4324716421274, "y": 254.59530404897836, "rx": 13.414713159321318, "ry": 11.816370552558208, "angle": 93.505, "i0": 1.043076923076923, "n": 1.3223076923076924, "c": 2}, "bar": null}