{"disk": {"x": 252.64787920783547, "y": 255.33480072021484, "rx": 163.25431232150862, "ry": 82.60048039389348, "angle": 81.412, "i0": 1.321764705882353, "n": 1, "c": 2}, "bulge": {"x": 256.56238555908203, "y": 252.78075154622397, "rx": 16.812960095239987, "ry": 14.909278620905157, "angle": 62.831, "i0": 1.3466666666666667, "n": 1.2, "c": 2}, "bar": null}