{"disk": {"x": 253.17660236358643, "y": 256.051344871521, "rx": 158.42684609282077, "ry": 106.01654376315528, "angle": 64.798, "i0": 0.9875, "n": 1, "c": 2}, "bulge": null, "bar": null}