{"disk": {"x": 264.58075375027124, "y": 248.61285146077475, "rx": 154.58180300935274, "ry": 134.14294104743314, "angle": 111.482, "i0": 1.267777777777778, "n": 1, "c": 2}, "bulge": null, "bar": null}