{"disk": {"x": 260.61270395914715, "y": 259.42186143663196, "rx": 147.73976274504554, "ry": 105.51154113162333, "angle": 131.77, "i0": 1.015, "n": 1, "c": 2}, "bulge": null, "bar": null}