{"disk": {"x": 254.5936085094105, "y": 258.5269608931108, "rx": 155.8294763802902, "ry": 124.83143960141962, "angle": 26.143, "i0": 1.0613636363636365, "n": 1, "c": 2}, "bulge": {"x": 256.30254892202527, "y": 259.7583923339844, "rx": 16.286112479255667, "ry": 14.874383625233328, "angle": 130.147, "i0": 1.223076923076923, "n": 0.7461538461538463, "c": 2}, "bar": null}