{"disk": {"x": 256.9724979400635, "y": 253.2841935591264, "rx": 135.1609927506084, "ry": 80.15969968900055, "angle": 162.146, "i0": 1.0022727272727272, "n": 1, "c": 2}, "bulge": {"x": 257.9534116472517, "y": 253.9606944492885, "rx": 28.918787932949794, "ry": 23.409874493340396, "angle": 174.609, "i0": 1.0414285714285714, "n": 0.7585714285714286, "c": 2}, "bar": null}