{"disk": {"x": 258.0140032958984, "y": 257.59628723144533, "rx": 180.23016252645002, "ry": 106.41391572650933, "angle": 100.186, "i0": 1.1891999999999998, "n": 1, "c": 2}, "bulge": {"x": 257.19241768973217, "y": 253.455562046596, "rx": 30.129102848709817, "ry": 17.13074034190837, "angle": 28.453, "i0": 0.9214285714285715, "n": 0.4314285714285714, "c": 2}, "bar": null}