{"disk": {"x": 252.2892565046038, "y": 256.7957531156994, "rx": 169.63128896345458, "ry": 91.28715973855238, "angle": 120.253, "i0": 1.2142857142857142, "n": 1, "c": 2}, "bulge": null, "bar": {"width": 84.59907406134663, "height": 25.245393050026127, "x": 212.83277083937412, "y": 244.15592242378716, "angle": 1.564, "i0": 1.0085714285714285, "n": 0.21428571428571427, "c": 0.6314285714285715}}