{"disk": {"x": 256.0518976847331, "y": 257.9814198811849, "rx": 146.26660646409167, "ry": 119.48436103220213, "angle": 121.372, "i0": 0.9027777777777778, "n": 1, "c": 2}, "bulge": {"x": 255.36788635253907, "y": 256.321875, "rx": 28.317827622914358, "ry": 13.500934653773314, "angle": 140.918, "i0": 1.308, "n": 0.46799999999999997, "c": 2}, "bar": {"width": 43.68943854011268, "height": 17.464551354567195, "x": 233.457364063277, "y": 248.85626598938308, "angle": 41.738, "i0": 0.8533333333333334, "n": 0.325, "c": 0.8033333333333333}}