{"disk": {"x": 257.6962174635667, "y": 255.573972261869, "rx": 109.56054343605935, "ry": 100.56884323993268, "angle": 69.246, "i0": 1.1615384615384616, "n": 1, "c": 2}, "bulge": {"x": 257.6387145996094, "y": 255.38157653808594, "rx": 39.211800805835416, "ry": 34.48000737103987, "angle": 33.66, "i0": 0.9179999999999999, "n": 0.372, "c": 2}, "bar": null}