{"disk": {"x": 255.63224129054856, "y": 251.83657903256625, "rx": 149.98610667803902, "ry": 91.07830076743943, "angle": 31.446, "i0": 1.174782608695652, "n": 1, "c": 2}, "bulge": {"x": 255.91740544637045, "y": 253.45484161376953, "rx": 19.62899008409207, "ry": 13.937947323813864, "angle": 44.388, "i0": 1.1841666666666666, "n": 0.7358333333333333, "c": 2}, "bar": {"width": 136.67762504300455, "height": 28.921733442046207, "x": 190.28379511835539, "y": 236.65609516688147, "angle": 144.963, "i0": 0.6900000000000001, "n": 0.1465714285714286, "c": 0.5671428571428572}}