{"disk": {"x": 259.25303867885043, "y": 253.03267451695032, "rx": 135.34764268713485, "ry": 58.482761254261426, "angle": 2.043, "i0": 0.9935714285714285, "n": 1, "c": 2}, "bulge": {"x": 258.33948008219403, "y": 253.62151082356772, "rx": 18.38628130281188, "ry": 15.121416039625489, "angle": 0.0, "i0": 0.8833333333333333, "n": 0.6483333333333334, "c": 2}, "bar": null}