{"disk": {"x": 255.99727666945685, "y": 256.98567780994233, "rx": 151.0041583860735, "ry": 75.77108969773788, "angle": 82.1, "i0": 1.1214285714285717, "n": 1, "c": 2}, "bulge": {"x": 256.1422462463379, "y": 253.73126983642578, "rx": 16.652550122703058, "ry": 11.143980821191604, "angle": 77.989, "i0": 1.13, "n": 0.665, "c": 2}, "bar": null}