{"disk": {"x": 251.45315842401413, "y": 259.030282156808, "rx": 178.62829224879596, "ry": 119.4358039380225, "angle": 34.14, "i0": 1.060952380952381, "n": 1, "c": 2}, "bulge": {"x": 257.5941550514915, "y": 258.0296936035156, "rx": 17.726761468034763, "ry": 14.313236434822864, "angle": 22.572, "i0": 1.008181818181818, "n": 0.6081818181818182, "c": 2}, "bar": null}