{"disk": {"x": 254.91689453125, "y": 253.3742541503906, "rx": 191.9565085719136, "ry": 88.85537105110288, "angle": 138.446, "i0": 1.0604, "n": 1, "c": 2}, "bulge": null, "bar": null}