{"disk": {"x": 256.03123266046697, "y": 252.37990847500888, "rx": 147.4472454980597, "ry": 98.3532719405707, "angle": 28.775, "i0": 1.0645454545454545, "n": 1, "c": 2}, "bulge": {"x": 259.02111400257456, "y": 253.29206570712003, "rx": 23.381082298492366, "ry": 16.913683561236226, "angle": 13.906, "i0": 1.0000000000000002, "n": 0.7354545454545455, "c": 2}, "bar": null}