{"disk": {"x": 255.33367919921875, "y": 259.0880126953125, "rx": 155.80494792429639, "ry": 95.52639080451864, "angle": 161.792, "i0": 0.7584615384615384, "n": 1, "c": 2}, "bulge": {"x": 254.52070388793945, "y": 257.8971572875977, "rx": 27.303336913420992, "ry": 22.470456534892833, "angle": 54.409, "i0": 1.0545, "n": 0.7875, "c": 2}, "bar": null}