{"disk": {"x": 259.52396965026855, "y": 253.97442118326822, "rx": 153.14412383062998, "ry": 87.10609671784759, "angle": 127.531, "i0": 0.9054166666666666, "n": 1, "c": 2}, "bulge": null, "bar": null}