{"disk": {"x": 251.78739129929315, "y": 257.2418736049107, "rx": 153.87042924906345, "ry": 85.74954131722845, "angle": 8.78, "i0": 1.1442857142857146, "n": 1, "c": 2}, "bulge": null, "bar": null}