{"disk": {"x": 256.17310826918657, "y": 256.11875646254595, "rx": 35.44021945469874, "ry": 22.169111157739486, "angle": 22.862, "i0": 0.8941176470588236, "n": 1, "c": 2}, "bulge": null, "bar": null}