{"disk": {"x": 257.4142592580695, "y": 256.38619834498354, "rx": 157.52481910805488, "ry": 90.38621213790853, "angle": 134.876, "i0": 1.1121052631578947, "n": 1, "c": 2}, "bulge": {"x": 258.1008559006911, "y": 255.34602238581732, "rx": 14.81015549258753, "ry": 8.568522060610743, "angle": 153.927, "i0": 1.1515384615384616, "n": 0.6692307692307692, "c": 2}, "bar": {"width": 35.60408995479201, "height": 11.064507330942872, "x": 241.31210793092924, "y": 250.6252837948557, "angle": 2.661, "i0": 0.6925, "n": 0.1925, "c": 0.875}}