{"disk": {"x": 253.6617896038553, "y": 253.99578227167544, "rx": 151.39436907478844, "ry": 127.92504414677877, "angle": 8.429, "i0": 1.2504347826086957, "n": 1, "c": 2}, "bulge": null, "bar": null}