{"disk": {"x": 255.96874128069197, "y": 252.12625994001115, "rx": 129.30304492674782, "ry": 99.35630292547482, "angle": 11.442, "i0": 0.9276190476190477, "n": 1, "c": 2}, "bulge": null, "bar": {"width": 59.43279346455944, "height": 16.514105639336975, "x": 226.78952558522522, "y": 246.13637216812447, "angle": 144.573, "i0": 0.8325, "n": 0.2, "c": 0.5}}