{"disk": {"x": 254.66090857464334, "y": 256.0343481976053, "rx": 176.7489040113599, "ry": 100.03337432267607, "angle": 139.05, "i0": 1.096086956521739, "n": 1, "c": 2}, "bulge": {"x": 254.69170532226562, "y": 255.41083679199218, "rx": 23.520232926665646, "ry": 15.51032919608484, "angle": 139.74, "i0": 0.994, "n": 0.46799999999999997, "c": 2}, "bar": null}