{"disk": {"x": 240.120608859592, "y": 235.94865247938367, "rx": 127.58169567666538, "ry": 115.36061935409755, "angle": 159.416, "i0": 0.7333333333333333, "n": 1, "c": 2}, "bulge": null, "bar": null}