{"disk": {"x": 262.4452412923177, "y": 254.8386037190755, "rx": 172.20296434917373, "ry": 113.68728999635596, "angle": 137.618, "i0": 1.1553333333333335, "n": 1, "c": 2}, "bulge": {"x": 261.54126739501953, "y": 252.6796646118164, "rx": 45.75847891165455, "ry": 24.418347552333177, "angle": 136.791, "i0": 1.06, "n": 0.49666666666666665, "c": 2}, "bar": null}