{"disk": {"x": 256.134370283647, "y": 254.38318079168147, "rx": 151.0231026410236, "ry": 118.35036337853302, "angle": 70.257, "i0": 1.0377272727272728, "n": 1, "c": 2}, "bulge": {"x": 257.17529106140137, "y": 255.49200630187988, "rx": 22.03186427942881, "ry": 17.85336419903463, "angle": 162.524, "i0": 1.1612500000000001, "n": 0.5875, "c": 2}, "bar": null}