{"disk": {"x": 254.34363854449728, "y": 258.67342277195144, "rx": 158.27297876614574, "ry": 80.93551280540144, "angle": 7.142, "i0": 1.1586956521739131, "n": 1, "c": 2}, "bulge": {"x": 256.1214351654053, "y": 255.59025382995605, "rx": 26.45866290736057, "ry": 14.80607553839712, "angle": 107.515, "i0": 1.1575, "n": 0.7925, "c": 2}, "bar": {"width": 48.801560977054315, "height": 17.86714875205373, "x": 231.18112542141986, "y": 247.15416257116902, "angle": 71.114, "i0": 1.0071428571428571, "n": 0.22428571428571425, "c": 0.48857142857142855}}