{"disk": {"x": 255.94971024362664, "y": 253.78363117418792, "rx": 146.69668392482288, "ry": 111.67940319847744, "angle": 114.152, "i0": 1.153157894736842, "n": 1, "c": 2}, "bulge": {"x": 255.43671875, "y": 257.4828125, "rx": 13.746607836994945, "ry": 11.509330877034833, "angle": 62.219, "i0": 1.1, "n": 0.388, "c": 2}, "bar": null}