{"disk": {"x": 254.44017906188964, "y": 253.9821647644043, "rx": 163.78145290924476, "ry": 110.66978291228926, "angle": 161.684, "i0": 0.9724999999999999, "n": 1, "c": 2}, "bulge": null, "bar": null}