{"disk": {"x": 258.80193693741506, "y": 263.6826609735904, "rx": 163.63561853987432, "ry": 101.35024967275577, "angle": 100.922, "i0": 1.1378260869565218, "n": 1, "c": 2}, "bulge": {"x": 257.79989207874644, "y": 258.8328885165128, "rx": 21.803116982178974, "ry": 13.292713631794213, "angle": 104.228, "i0": 1.1436363636363636, "n": 0.6727272727272727, "c": 2}, "bar": null}