{"disk": {"x": 255.9284951346261, "y": 256.3439200265067, "rx": 141.93218269039028, "ry": 105.73212069372, "angle": 133.565, "i0": 1.1335714285714285, "n": 1, "c": 2}, "bulge": {"x": 256.2092227935791, "y": 255.16724014282227, "rx": 14.447917026113483, "ry": 12.434374354303568, "angle": 126.306, "i0": 0.9650000000000001, "n": 0.925, "c": 2}, "bar": null}