{"disk": {"x": 255.73062561035155, "y": 260.9634408569336, "rx": 168.4300391131765, "ry": 127.49042333247704, "angle": 129.302, "i0": 1.132, "n": 1, "c": 2}, "bulge": {"x": 254.5786837064303, "y": 256.8450153057392, "rx": 29.063600327382122, "ry": 18.905833746369243, "angle": 151.466, "i0": 1.0753846153846154, "n": 0.5846153846153848, "c": 2}, "bar": null}