{"disk": {"x": 258.27024913969495, "y": 253.54923865908668, "rx": 169.02984469437774, "ry": 92.33648563289242, "angle": 59.876, "i0": 1.090952380952381, "n": 1, "c": 2}, "bulge": null, "bar": null}