{"disk": {"x": 254.49027557373046, "y": 257.25288314819335, "rx": 162.13278819871178, "ry": 95.48339089395718, "angle": 108.484, "i0": 1.0870000000000002, "n": 1, "c": 2}, "bulge": {"x": 256.6918182373047, "y": 255.21305411202567, "rx": 22.31697738333918, "ry": 18.434384373670582, "angle": 150.391, "i0": 1.0285714285714287, "n": 0.5114285714285715, "c": 2}, "bar": null}