{"disk": {"x": 255.70620727539062, "y": 255.448671875, "rx": 145.86484678014648, "ry": 108.98256365810187, "angle": 174.127, "i0": 1.1955999999999998, "n": 1, "c": 2}, "bulge": {"x": 258.6585625542535, "y": 254.60702345106336, "rx": 16.992321287575077, "ry": 10.175788221003891, "angle": 142.339, "i0": 0.9966666666666667, "n": 0.43666666666666665, "c": 2}, "bar": null}