{"disk": {"x": 257.52190738254126, "y": 252.8618630303277, "rx": 167.24019815485326, "ry": 108.74803781607017, "angle": 94.946, "i0": 1.2000000000000002, "n": 1, "c": 2}, "bulge": {"x": 258.2462473551432, "y": 256.0427256266276, "rx": 18.913937492880418, "ry": 16.54625400619705, "angle": 28.99, "i0": 1.0339999999999998, "n": 0.6693333333333334, "c": 2}, "bar": null}