{"disk": {"x": 263.75080523283583, "y": 252.1705318948497, "rx": 120.06107885305221, "ry": 101.23634845033746, "angle": 161.835, "i0": 1.1282608695652174, "n": 1, "c": 2}, "bulge": {"x": 260.8130100795201, "y": 255.52904401506697, "rx": 16.740913989514304, "ry": 14.311566438734792, "angle": 0.456, "i0": 0.9842857142857142, "n": 0.42428571428571427, "c": 2}, "bar": null}