{"disk": {"x": 258.62621515447444, "y": 260.08750221946025, "rx": 177.22075195141088, "ry": 86.92717801136396, "angle": 40.903, "i0": 1.1095454545454546, "n": 1, "c": 2}, "bulge": {"x": 257.57270982530383, "y": 257.4094746907552, "rx": 24.66770105267524, "ry": 12.82296910197491, "angle": 43.703, "i0": 1.1277777777777778, "n": 0.6533333333333334, "c": 2}, "bar": null}