{"disk": {"x": 255.4527913873846, "y": 257.06914312189275, "rx": 147.25732900489245, "ry": 110.0969594174309, "angle": 77.245, "i0": 0.8177272727272726, "n": 1, "c": 2}, "bulge": {"x": 255.90233201246994, "y": 255.77352905273438, "rx": 20.965347014941617, "ry": 13.84502264922762, "angle": 83.284, "i0": 0.8846153846153846, "n": 0.513076923076923, "c": 2}, "bar": null}