{"disk": {"x": 254.0293172200521, "y": 256.93189366658527, "rx": 123.55429813460921, "ry": 93.16198434474472, "angle": 153.72, "i0": 0.87, "n": 1, "c": 2}, "bulge": {"x": 255.70877685546876, "y": 255.79763793945312, "rx": 16.988611813903425, "ry": 11.10490912936941, "angle": 179.747, "i0": 1.034, "n": 0.7300000000000001, "c": 2}, "bar": null}