{"disk": {"x": 256.3403015136719, "y": 257.7353963216146, "rx": 125.04868294463944, "ry": 114.19709898486158, "angle": 53.132, "i0": 0.8426666666666667, "n": 1, "c": 2}, "bulge": {"x": 256.32855834960935, "y": 254.57991638183594, "rx": 8.96111349782864, "ry": 8.31330359558211, "angle": 44.298, "i0": 0.8540000000000001, "n": 1.2340000000000002, "c": 2}, "bar": null}