{"disk": {"x": 261.1097230457124, "y": 257.81788853236606, "rx": 134.11417717428134, "ry": 77.14152698015803, "angle": 8.101, "i0": 1.1904761904761907, "n": 1, "c": 2}, "bulge": {"x": 256.7498070853097, "y": 255.87021963936942, "rx": 19.353022626358563, "ry": 9.982675813945258, "angle": 2.931, "i0": 1.1178571428571427, "n": 0.4742857142857143, "c": 2}, "bar": null}