{"disk": {"x": 260.7566655476888, "y": 257.3378431532118, "rx": 121.62774658189164, "ry": 80.97752863019379, "angle": 124.187, "i0": 1.0033333333333332, "n": 1, "c": 2}, "bulge": {"x": 256.9276140001085, "y": 253.29482184516058, "rx": 23.294504946690772, "ry": 12.770452607339543, "angle": 99.418, "i0": 0.8033333333333333, "n": 0.4788888888888889, "c": 2}, "bar": null}