{"disk": {"x": 259.5427001953125, "y": 252.4128631591797, "rx": 123.09030701878153, "ry": 110.68119413117188, "angle": 38.509, "i0": 1.3119999999999998, "n": 1, "c": 2}, "bulge": {"x": 258.66737196180554, "y": 254.97320895724826, "rx": 26.943472809407368, "ry": 12.716645637629226, "angle": 98.063, "i0": 1.0366666666666668, "n": 0.6044444444444443, "c": 2}, "bar": null}