{"disk": {"x": 255.89318974812826, "y": 255.00213305155435, "rx": 147.60505279519512, "ry": 95.59463104711786, "angle": 113.552, "i0": 0.94125, "n": 1, "c": 2}, "bulge": {"x": 255.81668663024902, "y": 254.87601470947266, "rx": 18.55151221245839, "ry": 9.714935160696841, "angle": 148.89, "i0": 0.94875, "n": 0.52875, "c": 2}, "bar": {"width": 31.9268195432715, "height": 13.86032420494427, "x": 240.79171145944335, "y": 249.0478900368101, "angle": 40.361, "i0": 0.7599999999999999, "n": 0.2725, "c": 0.9099999999999999}}