{"disk": {"x": 267.11311594645184, "y": 253.31054306030273, "rx": 174.47407455944844, "ry": 78.90185434836239, "angle": 24.477, "i0": 1.20375, "n": 1, "c": 2}, "bulge": {"x": 256.6349826388889, "y": 255.09441121419272, "rx": 19.75796394699166, "ry": 13.407056941076805, "angle": 30.268, "i0": 1.19, "n": 0.68, "c": 2}, "bar": null}