{"disk": {"x": 257.5762839939283, "y": 256.38212320078975, "rx": 168.94100357489077, "ry": 125.59697112638578, "angle": 115.585, "i0": 1.088695652173913, "n": 1, "c": 2}, "bulge": {"x": 257.11060485839846, "y": 253.48148040771486, "rx": 17.10838348492659, "ry": 9.832327617168568, "angle": 95.92, "i0": 0.993, "n": 0.511, "c": 2}, "bar": null}