{"disk": {"x": 256.08275349934894, "y": 261.1262478298611, "rx": 155.0438754080747, "ry": 128.63276278668846, "angle": 71.549, "i0": 1.2527777777777778, "n": 1, "c": 2}, "bulge": {"x": 256.3652038574219, "y": 256.6893746512277, "rx": 61.39445977405827, "ry": 54.8145874867548, "angle": 130.283, "i0": 0.8700000000000001, "n": 0.45285714285714285, "c": 2}, "bar": null}