{"disk": {"x": 254.06970977783203, "y": 257.81735305786134, "rx": 164.03511831101235, "ry": 140.20024108496074, "angle": 134.559, "i0": 1.0325, "n": 1, "c": 2}, "bulge": null, "bar": null}