{"disk": {"x": 260.1436916150545, "y": 258.9611438951994, "rx": 163.08890392157292, "ry": 88.964802258504, "angle": 175.615, "i0": 1.1210526315789473, "n": 1, "c": 2}, "bulge": {"x": 257.66654120551215, "y": 255.90945095486111, "rx": 19.65450825196178, "ry": 9.867621225923054, "angle": 0.542, "i0": 1.1188888888888888, "n": 0.44999999999999996, "c": 2}, "bar": null}