{"disk": {"x": 257.01635007505064, "y": 252.05589718288846, "rx": 169.17353326167256, "ry": 125.85859906146234, "angle": 122.48, "i0": 1.2251851851851854, "n": 1, "c": 2}, "bulge": {"x": 257.17576381138394, "y": 254.02610887799943, "rx": 28.458527069387404, "ry": 21.053146231541113, "angle": 122.291, "i0": 1.2635714285714286, "n": 0.762857142857143, "c": 2}, "bar": {"width": 55.32394644241212, "height": 24.314181083136496, "x": 229.85600773582516, "y": 241.93882925823644, "angle": 48.452, "i0": 1.246, "n": 0.198, "c": 1.234}}