{"disk": {"x": 253.59812757703992, "y": 254.32003529866537, "rx": 133.03899674420512, "ry": 86.91553244858436, "angle": 62.161, "i0": 0.9605555555555555, "n": 1, "c": 2}, "bulge": null, "bar": {"width": 58.09776739840051, "height": 19.069753333998644, "x": 225.42717199102015, "y": 244.24779349029703, "angle": 8.306, "i0": 1.0357142857142858, "n": 0.2542857142857143, "c": 0.7085714285714285}}