{"disk": {"x": 255.19330731560203, "y": 259.00032941032856, "rx": 179.13112700149293, "ry": 113.3476380022674, "angle": 13.896, "i0": 1.1847058823529413, "n": 1, "c": 2}, "bulge": {"x": 254.23007202148438, "y": 254.7291687011719, "rx": 22.586692368371253, "ry": 15.75787902741882, "angle": 138.053, "i0": 1.192, "n": 0.46799999999999997, "c": 2}, "bar": {"width": 65.15909273957915, "height": 22.81681205534009, "x": 222.90115126204634, "y": 243.4504065769616, "angle": 47.369, "i0": 0.9214285714285715, "n": 0.2842857142857143, "c": 0.5814285714285715}}