{"disk": {"x": 256.1803347938939, "y": 251.4348433645148, "rx": 137.20915920346692, "ry": 103.57114819244593, "angle": 117.267, "i0": 1.0731578947368419, "n": 1, "c": 2}, "bulge": {"x": 255.57605828179254, "y": 256.70665656195746, "rx": 15.784418883478729, "ry": 8.010192262048273, "angle": 69.888, "i0": 0.9533333333333334, "n": 0.8977777777777778, "c": 2}, "bar": {"width": 47.00524934836228, "height": 18.315151627420008, "x": 231.65788422338832, "y": 244.92157661142022, "angle": 107.555, "i0": 0.6411111111111111, "n": 0.15666666666666668, "c": 0.7644444444444445}}