{"disk": {"x": 253.9570625706723, "y": 256.4460738332648, "rx": 148.4744588588964, "ry": 115.47175423394401, "angle": 110.906, "i0": 1.0, "n": 1, "c": 2}, "bulge": null, "bar": {"width": 47.60907999674479, "height": 14.410980224609375, "x": 235.32153320312497, "y": 249.10904439290363, "angle": 178.315, "i0": 1.155, "n": 0.15500000000000003, "c": 1.14}}