{"disk": {"x": 263.1243913438585, "y": 251.83540852864584, "rx": 179.55818278077092, "ry": 103.87812409161675, "angle": 142.339, "i0": 1.4033333333333333, "n": 1, "c": 2}, "bulge": null, "bar": null}