{"disk": {"x": 259.48000981257513, "y": 254.83699387770432, "rx": 189.3836639860674, "ry": 104.14956257212157, "angle": 127.229, "i0": 0.9469230769230769, "n": 1, "c": 2}, "bulge": {"x": 259.4809095594618, "y": 255.19554477267795, "rx": 16.184831159464416, "ry": 13.47414827261343, "angle": 103.543, "i0": 1.2955555555555556, "n": 0.8977777777777778, "c": 2}, "bar": null}