{"disk": {"x": 257.98627014160155, "y": 254.5453281402588, "rx": 134.5413084894048, "ry": 76.79712630606461, "angle": 55.348, "i0": 1.0829999999999997, "n": 1, "c": 2}, "bulge": {"x": 257.19801025390626, "y": 254.65809733072916, "rx": 17.49608413118192, "ry": 9.84175428413805, "angle": 71.483, "i0": 1.1946666666666665, "n": 0.9446666666666668, "c": 2}, "bar": null}