{"disk": {"x": 257.9551355271112, "y": 259.54102870396207, "rx": 147.43484729433573, "ry": 104.68192563192183, "angle": 149.623, "i0": 1.1542857142857144, "n": 1, "c": 2}, "bulge": {"x": 255.853023822491, "y": 255.54874596228967, "rx": 14.548106535872275, "ry": 9.150253758700357, "angle": 136.189, "i0": 1.0376923076923077, "n": 0.45461538461538464, "c": 2}, "bar": null}