{"disk": {"x": 253.69253158569336, "y": 257.57462844848635, "rx": 178.85781106895905, "ry": 95.22227918116711, "angle": 19.208, "i0": 1.3505, "n": 1, "c": 2}, "bulge": {"x": 257.6493347167969, "y": 256.2077575683594, "rx": 21.47878034853203, "ry": 13.546558954909647, "angle": 34.72, "i0": 1.1119999999999999, "n": 0.48600000000000004, "c": 2}, "bar": null}