{"disk": {"x": 256.6153316497803, "y": 255.01743030548096, "rx": 135.873430336203, "ry": 117.41032126513795, "angle": 162.965, "i0": 1.1375, "n": 1, "c": 2}, "bulge": null, "bar": {"width": 52.71055111684166, "height": 26.31800470924336, "x": 232.62128694157917, "y": 241.91078943920152, "angle": 37.727, "i0": 1.0, "n": 0.2, "c": 0.45}}