{"disk": {"x": 259.6839065551758, "y": 254.41720151901245, "rx": 134.43087855928667, "ry": 123.44417837349917, "angle": 43.8, "i0": 1.36875, "n": 1, "c": 2}, "bulge": null, "bar": null}