{"disk": {"x": 258.2285950978597, "y": 252.74684842427573, "rx": 162.7714409473648, "ry": 92.97257418805707, "angle": 169.259, "i0": 1.2616666666666667, "n": 1, "c": 2}, "bulge": {"x": 257.0460861206055, "y": 251.55694122314452, "rx": 15.492401730791647, "ry": 13.420263741065096, "angle": 107.176, "i0": 1.078, "n": 0.843, "c": 2}, "bar": null}