{"disk": {"x": 254.14106941223145, "y": 254.69486618041992, "rx": 76.00847837114084, "ry": 39.61650417756322, "angle": 24.741, "i0": 1.0812499999999998, "n": 1, "c": 2}, "bulge": {"x": 255.12669067382814, "y": 254.41466064453124, "rx": 15.194692056724133, "ry": 14.255370580213953, "angle": 44.008, "i0": 1.126, "n": 0.9380000000000001, "c": 2}, "bar": null}