{"disk": {"x": 255.3900892469618, "y": 256.06799655490454, "rx": 112.01208825265736, "ry": 97.90606096745303, "angle": 89.747, "i0": 1.0699999999999998, "n": 1, "c": 2}, "bulge": null, "bar": null}