{"disk": {"x": 256.06382446289064, "y": 259.1817352294922, "rx": 184.1276691205365, "ry": 121.16390182719431, "angle": 26.086, "i0": 1.221, "n": 1, "c": 2}, "bulge": {"x": 254.8309555053711, "y": 258.208984375, "rx": 16.321963117184172, "ry": 12.288700724621703, "angle": 14.351, "i0": 1.07375, "n": 0.6425000000000001, "c": 2}, "bar": null}