{"disk": {"x": 256.716645304362, "y": 257.1009531656901, "rx": 181.56453712460507, "ry": 102.34438101854607, "angle": 72.227, "i0": 0.9486666666666667, "n": 1, "c": 2}, "bulge": null, "bar": null}