{"disk": {"x": 257.1483383178711, "y": 255.5223331451416, "rx": 130.74809755044663, "ry": 77.60541356034713, "angle": 108.337, "i0": 0.89625, "n": 1, "c": 2}, "bulge": {"x": 255.75207061767577, "y": 254.11846542358398, "rx": 23.72623706235435, "ry": 18.991382307871145, "angle": 82.316, "i0": 1.066, "n": 0.7965, "c": 2}, "bar": null}