{"disk": {"x": 256.60518646240234, "y": 254.5152954688439, "rx": 145.67415524859987, "ry": 89.94118878122796, "angle": 104.005, "i0": 1.0153846153846153, "n": 1, "c": 2}, "bulge": {"x": 257.05809238978793, "y": 253.681147984096, "rx": 13.60022391773833, "ry": 11.433317478689633, "angle": 142.354, "i0": 0.9371428571428572, "n": 0.6171428571428572, "c": 2}, "bar": null}