{"disk": {"x": 254.46187744140624, "y": 252.36744689941406, "rx": 89.4157930953922, "ry": 46.750317837789304, "angle": 82.584, "i0": 1.294, "n": 1, "c": 2}, "bulge": {"x": 254.26279625525842, "y": 253.09756821852463, "rx": 16.245428138548956, "ry": 13.640498028436784, "angle": 0.0, "i0": 1.2930769230769232, "n": 0.9961538461538461, "c": 2}, "bar": {"width": 111.22974243164063, "height": 25.68489990234375, "x": 199.19163513183594, "y": 240.26313171386718, "angle": 90.0, "i0": 0.74, "n": 0.20600000000000002, "c": 0.868}}