{"disk": {"x": 259.0409444173177, "y": 256.66017862955727, "rx": 137.37681176825174, "ry": 99.66129503031132, "angle": 171.089, "i0": 1.2866666666666666, "n": 1, "c": 2}, "bulge": {"x": 259.847705078125, "y": 255.79479370117187, "rx": 39.4543805142873, "ry": 21.15042644828022, "angle": 149.613, "i0": 1.152, "n": 0.404, "c": 2}, "bar": null}