{"disk": {"x": 252.452512105306, "y": 253.19529978434244, "rx": 145.92207960101834, "ry": 52.79751958808928, "angle": 165.144, "i0": 1.325, "n": 1, "c": 2}, "bulge": {"x": 257.7013651529948, "y": 254.99962361653647, "rx": 25.391782158103087, "ry": 21.33529344269316, "angle": 90.7, "i0": 1.1066666666666667, "n": 0.47000000000000003, "c": 2}, "bar": null}