{"disk": {"x": 255.39308166503906, "y": 256.6659035060717, "rx": 131.22248715271164, "ry": 125.48013399671264, "angle": 88.88, "i0": 1.5243478260869563, "n": 1, "c": 2}, "bulge": {"x": 258.03890555245533, "y": 255.9747358049665, "rx": 17.932537319514505, "ry": 16.243013281565087, "angle": 151.387, "i0": 0.7699999999999999, "n": 0.5814285714285715, "c": 2}, "bar": {"width": 47.2167226039501, "height": 9.406676632723805, "x": 233.96401494924567, "y": 252.11995918424844, "angle": 155.967, "i0": 0.9975, "n": 0.4075, "c": 0.9475}}