{"disk": {"x": 258.51240463256835, "y": 254.7932102203369, "rx": 158.10671197143463, "ry": 80.19017264495423, "angle": 59.104, "i0": 1.0615, "n": 1, "c": 2}, "bulge": {"x": 260.49590386284723, "y": 252.77410719129773, "rx": 18.92945425002393, "ry": 13.417520557063158, "angle": 62.556, "i0": 1.24, "n": 0.6877777777777777, "c": 2}, "bar": null}