{"disk": {"x": 257.5716807047526, "y": 253.98949178059897, "rx": 137.6520219076697, "ry": 108.01176645017114, "angle": 125.209, "i0": 1.0683333333333334, "n": 1, "c": 2}, "bulge": {"x": 256.36317749023436, "y": 257.8718231201172, "rx": 22.39603320776633, "ry": 13.476320818723417, "angle": 145.567, "i0": 0.967, "n": 0.984, "c": 2}, "bar": null}