{"disk": {"x": 253.89696005116338, "y": 256.99234075131625, "rx": 123.62671785858993, "ry": 62.3150253654808, "angle": 154.035, "i0": 0.9856521739130434, "n": 1, "c": 2}, "bulge": {"x": 254.63122776576452, "y": 258.16907174246654, "rx": 17.15407976447268, "ry": 13.372672632961997, "angle": 179.115, "i0": 1.0157142857142858, "n": 0.5142857142857143, "c": 2}, "bar": null}