{"disk": {"x": 259.59071826934814, "y": 251.67223644256592, "rx": 174.2991065337891, "ry": 116.46138997834606, "angle": 161.962, "i0": 1.226875, "n": 1, "c": 2}, "bulge": {"x": 262.1765075683594, "y": 249.36490173339843, "rx": 39.78324583190532, "ry": 32.776463733147196, "angle": 14.886, "i0": 1.168, "n": 0.43, "c": 2}, "bar": null}