{"disk": {"x": 257.2045582362584, "y": 253.58113997323173, "rx": 179.27160692815104, "ry": 108.99088937952149, "angle": 69.984, "i0": 1.2778571428571428, "n": 1, "c": 2}, "bulge": null, "bar": null}