{"disk": {"x": 260.27859150279653, "y": 250.77185544100675, "rx": 144.1158861529749, "ry": 119.61332127635238, "angle": 81.708, "i0": 1.1218181818181818, "n": 1, "c": 2}, "bulge": {"x": 259.8912696838379, "y": 252.3762378692627, "rx": 17.805846520652512, "ry": 15.48110585994366, "angle": 25.859, "i0": 1.0612499999999998, "n": 1.07375, "c": 2}, "bar": null}