{"disk": {"x": 251.685070535411, "y": 252.5069228462551, "rx": 162.17648765433245, "ry": 113.46476024977967, "angle": 91.173, "i0": 1.21, "n": 1, "c": 2}, "bulge": {"x": 257.02273686726886, "y": 257.14751561482746, "rx": 27.341385309736722, "ry": 22.48718329755199, "angle": 78.107, "i0": 1.1991666666666667, "n": 0.3333333333333333, "c": 2}, "bar": null}