{"disk": {"x": 260.2457336425781, "y": 261.0272811889648, "rx": 165.25473983976357, "ry": 117.8018333353981, "angle": 112.629, "i0": 1.3355, "n": 1, "c": 2}, "bulge": null, "bar": null}