{"disk": {"x": 255.04037560356988, "y": 255.42129262288412, "rx": 133.41792306163956, "ry": 118.8375677574467, "angle": 65.208, "i0": 0.8988888888888888, "n": 1, "c": 2}, "bulge": {"x": 256.2649180094401, "y": 255.7623036702474, "rx": 12.601287409657267, "ry": 7.203027890271353, "angle": 100.267, "i0": 0.6133333333333333, "n": 0.7000000000000001, "c": 2}, "bar": {"width": 53.57030530057477, "height": 16.751774465255, "x": 229.67395760972238, "y": 247.75223064660426, "angle": 83.769, "i0": 0.71, "n": 0.18666666666666665, "c": 0.39999999999999997}}