{"disk": {"x": 258.79449462890625, "y": 254.91777577119714, "rx": 171.93249589467237, "ry": 115.55809582419424, "angle": 78.08, "i0": 1.1105882352941179, "n": 1, "c": 2}, "bulge": null, "bar": null}