{"disk": {"x": 254.46916931152344, "y": 256.826064453125, "rx": 158.4105282979212, "ry": 114.99305844561363, "angle": 163.728, "i0": 0.9256, "n": 1, "c": 2}, "bulge": {"x": 254.70896218039772, "y": 257.0281025279652, "rx": 13.87456635506224, "ry": 11.687633825267147, "angle": 113.369, "i0": 1.1236363636363635, "n": 0.9827272727272728, "c": 2}, "bar": null}