{"disk": {"x": 259.8324228922526, "y": 251.38459269205728, "rx": 223.06646775519368, "ry": 149.3947389946587, "angle": 81.902, "i0": 1.1633333333333333, "n": 1, "c": 2}, "bulge": null, "bar": {"width": 69.50000381469727, "height": 22.250003814697266, "x": 224.75130081176758, "y": 239.79079818725586, "angle": 175.615, "i0": 1.27, "n": 0.14750000000000002, "c": 0.485}}