{"disk": {"x": 256.9338569641113, "y": 256.81262397766113, "rx": 139.72980993019445, "ry": 80.44541962953434, "angle": 37.061, "i0": 1.0437500000000002, "n": 1, "c": 2}, "bulge": {"x": 256.5601130894252, "y": 255.51419285365515, "rx": 18.90953401815899, "ry": 10.547034584027566, "angle": 6.032, "i0": 0.8971428571428571, "n": 0.5442857142857143, "c": 2}, "bar": {"width": 46.28829113355586, "height": 14.544640904483947, "x": 234.35413019005802, "y": 246.9976487250041, "angle": 164.478, "i0": 0.716, "n": 0.338, "c": 0.776}}