{"disk": {"x": 253.74883728027345, "y": 257.4050910949707, "rx": 197.77606339614343, "ry": 91.49174282744194, "angle": 130.415, "i0": 1.047, "n": 1, "c": 2}, "bulge": {"x": 254.61810025301847, "y": 256.8079820112749, "rx": 17.477827033256993, "ry": 13.588351993639952, "angle": 112.721, "i0": 1.1145454545454543, "n": 0.5490909090909091, "c": 2}, "bar": null}