{"disk": {"x": 257.06300354003906, "y": 256.2347428458078, "rx": 155.41018617815695, "ry": 111.14624366416258, "angle": 152.879, "i0": 1.320714285714286, "n": 1, "c": 2}, "bulge": null, "bar": null}