{"disk": {"x": 257.742226600647, "y": 256.8556241989136, "rx": 157.12682300723637, "ry": 86.21522058621164, "angle": 15.027, "i0": 1.13, "n": 1, "c": 2}, "bulge": {"x": 257.66181030273435, "y": 257.50022583007814, "rx": 15.236757330039172, "ry": 10.622692716125083, "angle": 117.492, "i0": 1.3519999999999999, "n": 0.518, "c": 2}, "bar": null}