{"disk": {"x": 258.68978445870533, "y": 252.707035609654, "rx": 107.19231825157202, "ry": 45.31683920925444, "angle": 135.437, "i0": 1.3057142857142858, "n": 1, "c": 2}, "bulge": {"x": 258.48085239955356, "y": 253.8643842424665, "rx": 10.821478316938748, "ry": 8.836814299333978, "angle": 132.271, "i0": 0.9757142857142858, "n": 1.42, "c": 2}, "bar": null}