{"disk": {"x": 255.87757471988076, "y": 254.57263745759664, "rx": 187.4894635691034, "ry": 115.36430899461548, "angle": 174.566, "i0": 1.0668421052631578, "n": 1, "c": 2}, "bulge": {"x": 259.7147959391276, "y": 251.81927388509115, "rx": 24.985523761666148, "ry": 18.75543674540124, "angle": 139.44, "i0": 1.1653333333333333, "n": 0.5486666666666665, "c": 2}, "bar": {"width": 141.15761704174838, "height": 31.65215411877483, "x": 187.00872776113533, "y": 232.0492120098942, "angle": 52.082, "i0": 1.0344444444444445, "n": 0.18333333333333332, "c": 0.5388888888888889}}