{"disk": {"x": 256.9163611275809, "y": 254.280640738351, "rx": 158.10124564833615, "ry": 132.47217183941385, "angle": 61.534, "i0": 1.09, "n": 1, "c": 2}, "bulge": {"x": 257.75705591837567, "y": 253.32840220133463, "rx": 21.664426429962862, "ry": 19.431372905255618, "angle": 48.553, "i0": 1.085, "n": 0.5191666666666667, "c": 2}, "bar": null}