{"disk": {"x": 259.5748030718635, "y": 256.07460560518155, "rx": 132.27730586670464, "ry": 116.94324954900713, "angle": 58.906, "i0": 1.2641176470588233, "n": 1, "c": 2}, "bulge": {"x": 257.7721682461825, "y": 255.72406075217506, "rx": 26.419005504265304, "ry": 12.989989561963819, "angle": 35.222, "i0": 1.0845454545454545, "n": 0.6681818181818182, "c": 2}, "bar": null}