{"disk": {"x": 256.14885671515214, "y": 252.70403048866675, "rx": 179.09812202200192, "ry": 111.35404682774245, "angle": 81.0, "i0": 1.2747368421052632, "n": 1, "c": 2}, "bulge": {"x": 255.6579326282848, "y": 254.2297599098899, "rx": 24.34857050247007, "ry": 14.748187866305829, "angle": 159.161, "i0": 1.2272727272727273, "n": 0.6281818181818182, "c": 2}, "bar": null}