{"disk": {"x": 249.52950356223366, "y": 243.8141791603782, "rx": 192.5722391831694, "ry": 94.54188775357525, "angle": 125.41, "i0": 1.2177272727272728, "n": 1, "c": 2}, "bulge": null, "bar": null}