{"disk": {"x": 256.45358207009053, "y": 253.489013671875, "rx": 142.76471164801094, "ry": 102.49742521038974, "angle": 177.926, "i0": 0.8945454545454545, "n": 1, "c": 2}, "bulge": null, "bar": null}