{"disk": {"x": 254.82686021592883, "y": 257.31858401828345, "rx": 167.8686017995561, "ry": 118.01100993730532, "angle": 174.123, "i0": 1.0377777777777777, "n": 1, "c": 2}, "bulge": {"x": 256.21317206488715, "y": 253.8622063530816, "rx": 18.57535672976522, "ry": 13.712358473260371, "angle": 159.093, "i0": 0.8622222222222223, "n": 0.4511111111111112, "c": 2}, "bar": null}