{"disk": {"x": 256.25361301587975, "y": 255.7552486917247, "rx": 182.62745467088968, "ry": 93.57507781897797, "angle": 78.059, "i0": 1.115217391304348, "n": 1, "c": 2}, "bulge": {"x": 257.07918548583984, "y": 257.11240577697754, "rx": 12.672982347312338, "ry": 10.753865475119785, "angle": 50.832, "i0": 0.9837499999999999, "n": 0.64, "c": 2}, "bar": {"width": 44.886424401912166, "height": 16.209640321976465, "x": 234.4761965972617, "y": 250.10059175002252, "angle": 128.404, "i0": 0.6475, "n": 0.14750000000000002, "c": 0.7050000000000001}}