{"disk": {"x": 256.2535800933838, "y": 256.030948638916, "rx": 86.01436453265205, "ry": 51.1146619328226, "angle": 42.854, "i0": 0.76375, "n": 1, "c": 2}, "bulge": null, "bar": {"width": 76.1920586976234, "height": 21.35383367422811, "x": 216.78886597589533, "y": 244.4241249567092, "angle": 55.673, "i0": 0.965, "n": 0.2475, "c": 0.79}}