{"disk": {"x": 253.51429578993054, "y": 255.42346700032553, "rx": 72.21920428478721, "ry": 36.15834878138236, "angle": 66.481, "i0": 1.151111111111111, "n": 1, "c": 2}, "bulge": null, "bar": null}