{"disk": {"x": 256.3658732096354, "y": 254.45196838378905, "rx": 129.85913477848402, "ry": 85.61302464352684, "angle": 32.4, "i0": 0.8926666666666667, "n": 1, "c": 2}, "bulge": {"x": 258.177282333374, "y": 254.98210334777832, "rx": 14.926256211529465, "ry": 9.770598116646404, "angle": 1.413, "i0": 0.9775, "n": 0.8825000000000001, "c": 2}, "bar": null}