{"disk": {"x": 257.1324228922526, "y": 254.26360982259115, "rx": 130.4385797754943, "ry": 110.86445966245469, "angle": 106.092, "i0": 1.0346666666666666, "n": 1, "c": 2}, "bulge": {"x": 257.633289882115, "y": 254.7524675641741, "rx": 13.024233727879126, "ry": 8.938940158077397, "angle": 81.188, "i0": 1.072857142857143, "n": 0.5828571428571429, "c": 2}, "bar": null}