{"disk": {"x": 262.2613772749901, "y": 247.8562355041504, "rx": 237.96289986532273, "ry": 125.50420451213502, "angle": 8.398, "i0": 1.0924999999999998, "n": 1, "c": 2}, "bulge": {"x": 262.0537902832031, "y": 251.02044067382812, "rx": 48.88421007784981, "ry": 24.082587234136366, "angle": 3.297, "i0": 1.298, "n": 0.692, "c": 2}, "bar": null}