{"disk": {"x": 257.2947223369892, "y": 254.09677124023438, "rx": 91.10780880986748, "ry": 51.19844071705144, "angle": 128.244, "i0": 0.9600000000000001, "n": 1, "c": 2}, "bulge": {"x": 257.57019933064777, "y": 254.61729685465494, "rx": 10.965713452985211, "ry": 9.974405987106291, "angle": 85.961, "i0": 0.9716666666666667, "n": 0.8483333333333333, "c": 2}, "bar": null}