{"disk": {"x": 256.14362548828126, "y": 255.81370849609374, "rx": 150.41960695714744, "ry": 81.82288588360937, "angle": 138.434, "i0": 1.0648, "n": 1, "c": 2}, "bulge": {"x": 256.9439804974724, "y": 257.40086364746094, "rx": 15.616017584345586, "ry": 14.176895773871044, "angle": 160.431, "i0": 1.0611764705882352, "n": 1.0070588235294118, "c": 2}, "bar": null}