{"disk": {"x": 257.2561798095703, "y": 259.78989576256794, "rx": 200.96659014668703, "ry": 102.73069425418458, "angle": 41.662, "i0": 1.076086956521739, "n": 1, "c": 2}, "bulge": {"x": 257.3666687011719, "y": 255.91910129123264, "rx": 63.74317943959618, "ry": 32.593813902132545, "angle": 39.566, "i0": 0.8977777777777778, "n": 0.4077777777777778, "c": 2}, "bar": null}