{"disk": {"x": 258.5176790677584, "y": 249.7147181584285, "rx": 138.99866960383486, "ry": 105.92368755895563, "angle": 14.432, "i0": 1.3923076923076925, "n": 1, "c": 2}, "bulge": {"x": 258.08460998535156, "y": 249.58251274956598, "rx": 24.417843135694003, "ry": 21.938892665101907, "angle": 113.694, "i0": 1.3511111111111112, "n": 0.7555555555555555, "c": 2}, "bar": null}