{"disk": {"x": 255.66184616088867, "y": 256.7520627975464, "rx": 164.98751659244232, "ry": 116.76766677911442, "angle": 84.323, "i0": 0.92875, "n": 1, "c": 2}, "bulge": null, "bar": null}