{"disk": {"x": 261.70259941948785, "y": 262.6858215332031, "rx": 170.5481240139072, "ry": 104.01930330296587, "angle": 10.649, "i0": 0.9694444444444444, "n": 1, "c": 2}, "bulge": {"x": 256.6431457519531, "y": 254.22292938232422, "rx": 17.804097605811428, "ry": 10.57607348868381, "angle": 109.003, "i0": 1.225, "n": 0.47400000000000003, "c": 2}, "bar": null}