{"disk": {"x": 259.1233381791548, "y": 253.50229159268466, "rx": 159.13594994234722, "ry": 82.77389357634605, "angle": 134.083, "i0": 1.1109090909090908, "n": 1, "c": 2}, "bulge": {"x": 258.53165435791016, "y": 254.06888961791992, "rx": 26.57058058603401, "ry": 15.503007178612151, "angle": 143.573, "i0": 0.8433333333333334, "n": 0.43999999999999995, "c": 2}, "bar": null}