{"disk": {"x": 255.9933571193529, "y": 256.057188614555, "rx": 179.85347853257565, "ry": 95.35753111921017, "angle": 21.932, "i0": 1.113913043478261, "n": 1, "c": 2}, "bulge": {"x": 256.6629695892334, "y": 254.51907920837402, "rx": 17.18558533206404, "ry": 14.492466886994379, "angle": 47.414, "i0": 1.1437499999999998, "n": 0.8075, "c": 2}, "bar": null}