{"disk": {"x": 256.9237874348958, "y": 256.21998596191406, "rx": 152.85595223942633, "ry": 86.51526819617078, "angle": 131.298, "i0": 1.0941666666666667, "n": 1, "c": 2}, "bulge": {"x": 259.48636518205916, "y": 257.11312212262834, "rx": 19.900783604545545, "ry": 17.119467582336878, "angle": 104.457, "i0": 0.9157142857142857, "n": 0.5528571428571428, "c": 2}, "bar": null}