{"disk": {"x": 256.2051513671875, "y": 260.9239776611328, "rx": 132.30511761338752, "ry": 111.25861374186027, "angle": 105.258, "i0": 1.4325, "n": 1, "c": 2}, "bulge": null, "bar": null}