{"disk": {"x": 257.27057684035526, "y": 258.72972397577195, "rx": 164.98851163454506, "ry": 127.98995617433205, "angle": 44.593, "i0": 1.1361904761904762, "n": 1, "c": 2}, "bulge": {"x": 256.89365931919644, "y": 257.73133850097656, "rx": 14.04965372704206, "ry": 12.694563395782998, "angle": 70.57, "i0": 0.9528571428571428, "n": 1.0785714285714285, "c": 2}, "bar": null}