{"disk": {"x": 260.2044033474392, "y": 252.63998074001736, "rx": 122.03301533370947, "ry": 103.04910174148321, "angle": 58.626, "i0": 1.1794444444444445, "n": 1, "c": 2}, "bulge": null, "bar": null}