{"disk": {"x": 255.52455215454103, "y": 249.95351638793946, "rx": 169.25493006973426, "ry": 108.41752910029302, "angle": 61.977, "i0": 1.2465, "n": 1, "c": 2}, "bulge": {"x": 256.489409383138, "y": 250.7363739013672, "rx": 23.74751594395822, "ry": 21.333991005278012, "angle": 58.473, "i0": 1.3626666666666667, "n": 0.9733333333333332, "c": 2}, "bar": null}