{"disk": {"x": 255.19365819295248, "y": 256.23191928863525, "rx": 161.33824153489965, "ry": 128.56557702853203, "angle": 84.805, "i0": 1.06375, "n": 1, "c": 2}, "bulge": {"x": 256.272119140625, "y": 256.5217224121094, "rx": 21.078358421596743, "ry": 18.243375914468885, "angle": 105.549, "i0": 0.8719999999999999, "n": 0.5680000000000001, "c": 2}, "bar": null}