{"disk": {"x": 245.46210410378197, "y": 261.6458018909801, "rx": 166.41345520933817, "ry": 98.24107116635632, "angle": 46.543, "i0": 1.2554545454545456, "n": 1, "c": 2}, "bulge": null, "bar": null}