{"disk": {"x": 254.31056518554686, "y": 255.0951370239258, "rx": 175.40440457815222, "ry": 96.02108484920811, "angle": 40.155, "i0": 1.058, "n": 1, "c": 2}, "bulge": {"x": 255.66819424099393, "y": 254.88833787706164, "rx": 22.179723011136964, "ry": 11.01715056392786, "angle": 26.357, "i0": 0.9822222222222222, "n": 0.52, "c": 2}, "bar": null}