{"disk": {"x": 257.3962240219116, "y": 254.9175853729248, "rx": 117.64898932350641, "ry": 100.44740569505399, "angle": 152.182, "i0": 1.05375, "n": 1, "c": 2}, "bulge": {"x": 258.0089141845703, "y": 255.31634724934895, "rx": 13.430895517279914, "ry": 12.313320737218444, "angle": 126.313, "i0": 1.2020000000000002, "n": 0.898, "c": 2}, "bar": {"width": 108.57228332391563, "height": 31.84883757753503, "x": 204.65786716525167, "y": 240.7042271081441, "angle": 33.899, "i0": 1.15125, "n": 0.18125000000000002, "c": 1.0}}