{"disk": {"x": 255.77887090047201, "y": 258.5269037882487, "rx": 203.28570982358448, "ry": 160.70967216837596, "angle": 123.329, "i0": 0.9299999999999998, "n": 1, "c": 2}, "bulge": {"x": 259.1058131626674, "y": 257.36256299700057, "rx": 17.242691705149547, "ry": 14.505369058376541, "angle": 149.611, "i0": 0.9742857142857143, "n": 0.6799999999999999, "c": 2}, "bar": null}