{"disk": {"x": 255.17892134817023, "y": 253.906150416324, "rx": 152.36803552795743, "ry": 78.5479289225225, "angle": 163.597, "i0": 1.1757894736842107, "n": 1, "c": 2}, "bulge": null, "bar": null}