{"disk": {"x": 255.37298278808595, "y": 254.7763702392578, "rx": 60.89401279615829, "ry": 31.851099017799594, "angle": 76.0, "i0": 1.2466666666666666, "n": 1, "c": 2}, "bulge": {"x": 256.0094264103816, "y": 254.79898423414963, "rx": 11.769936505254805, "ry": 10.562611544657914, "angle": 173.115, "i0": 1.1576923076923076, "n": 0.8538461538461538, "c": 2}, "bar": null}