{"disk": {"x": 261.2888008117676, "y": 257.20202560424804, "rx": 148.7450623087249, "ry": 130.36174473398836, "angle": 170.874, "i0": 1.0795, "n": 1, "c": 2}, "bulge": {"x": 257.55730895996095, "y": 258.16363728841145, "rx": 25.43540301047479, "ry": 19.387578500254385, "angle": 52.303, "i0": 1.024, "n": 0.61, "c": 2}, "bar": null}