{"disk": {"x": 258.35711669921875, "y": 252.21955148797286, "rx": 154.74225684850188, "ry": 75.91629895979877, "angle": 0.643, "i0": 1.1157894736842104, "n": 1, "c": 2}, "bulge": {"x": 256.7152976989746, "y": 254.78890228271484, "rx": 20.343833585061358, "ry": 17.45113792470564, "angle": 146.71, "i0": 1.135, "n": 0.5037499999999999, "c": 2}, "bar": null}