{"disk": {"x": 256.17090259898794, "y": 250.977031360973, "rx": 132.8626410674748, "ry": 93.61298713536152, "angle": 91.802, "i0": 1.2927272727272727, "n": 1, "c": 2}, "bulge": null, "bar": {"width": 84.20861682013356, "height": 17.905791068930178, "x": 217.1129004522379, "y": 241.23773251729273, "angle": 86.518, "i0": 0.9890000000000001, "n": 0.262, "c": 0.6529999999999999}}