{"disk": {"x": 253.8837636311849, "y": 256.2839365641276, "rx": 152.4398942111081, "ry": 116.19653627974768, "angle": 15.7, "i0": 1.3493333333333335, "n": 1, "c": 2}, "bulge": {"x": 255.4230209350586, "y": 256.233219909668, "rx": 20.021327682314926, "ry": 11.511720374507798, "angle": 72.167, "i0": 1.049, "n": 0.5239999999999999, "c": 2}, "bar": null}