{"disk": {"x": 255.51919234426398, "y": 252.41434438605057, "rx": 136.6477153149343, "ry": 96.79435528123257, "angle": 11.439, "i0": 1.0621052631578947, "n": 1, "c": 2}, "bulge": {"x": 254.81390380859375, "y": 255.26058523995536, "rx": 16.60979068160761, "ry": 9.265292977918577, "angle": 1.213, "i0": 0.9642857142857143, "n": 0.6071428571428571, "c": 2}, "bar": null}