{"disk": {"x": 255.67640963467684, "y": 254.27913457697088, "rx": 126.04844936112805, "ry": 91.4445161127675, "angle": 99.775, "i0": 1.0654545454545454, "n": 1, "c": 2}, "bulge": {"x": 257.976567586263, "y": 254.10289103190104, "rx": 15.10754038693861, "ry": 12.489615862317784, "angle": 32.785, "i0": 1.2113333333333334, "n": 0.8633333333333334, "c": 2}, "bar": {"width": 79.18012148142041, "height": 20.8625152868625, "x": 217.08711123892147, "y": 245.09571390110702, "angle": 149.642, "i0": 0.9192857142857144, "n": 0.18285714285714288, "c": 0.647142857142857}}