{"disk": {"x": 254.11439618197355, "y": 252.30187572132456, "rx": 218.7057763841601, "ry": 118.50112037606048, "angle": 140.442, "i0": 1.1195454545454546, "n": 1, "c": 2}, "bulge": {"x": 256.41206776012075, "y": 253.02770718661222, "rx": 31.191064795480226, "ry": 17.994873212739698, "angle": 139.199, "i0": 1.2, "n": 0.5072727272727273, "c": 2}, "bar": null}