{"disk": {"x": 256.4684546334403, "y": 257.36941964285717, "rx": 132.71799433245207, "ry": 114.71403020575984, "angle": 58.215, "i0": 1.095, "n": 1, "c": 2}, "bulge": {"x": 257.3405592176649, "y": 256.82969835069446, "rx": 21.459913717740363, "ry": 17.798626453939967, "angle": 78.403, "i0": 0.7322222222222222, "n": 0.5388888888888889, "c": 2}, "bar": null}