{"disk": {"x": 264.7899475097656, "y": 270.0060773577009, "rx": 173.61877901920167, "ry": 79.31235444679355, "angle": 114.229, "i0": 1.2395238095238095, "n": 1, "c": 2}, "bulge": {"x": 259.06427001953125, "y": 250.631201171875, "rx": 50.40648548514216, "ry": 25.064717371563198, "angle": 92.619, "i0": 1.1480000000000001, "n": 0.4539999999999999, "c": 2}, "bar": null}