{"disk": {"x": 252.35171813964843, "y": 254.38800455729168, "rx": 166.394687069956, "ry": 95.334309351698, "angle": 2.571, "i0": 1.0013333333333334, "n": 1, "c": 2}, "bulge": null, "bar": null}