{"disk": {"x": 258.49817581176757, "y": 256.72266044616697, "rx": 162.6080554890313, "ry": 136.25346785011374, "angle": 99.306, "i0": 1.279, "n": 1, "c": 2}, "bulge": {"x": 257.0343755086263, "y": 255.6564064025879, "rx": 20.854253768999353, "ry": 11.740514456952964, "angle": 54.862, "i0": 0.8099999999999999, "n": 0.5666666666666667, "c": 2}, "bar": {"width": 30.760189323014703, "height": 10.299860003375535, "x": 241.2369059183267, "y": 250.90528011183767, "angle": 126.095, "i0": 0.89, "n": 0.22000000000000003, "c": 0.4925}}