{"disk": {"x": 253.9809351382048, "y": 254.99259252133578, "rx": 146.5682918913366, "ry": 100.04988477275715, "angle": 90.94, "i0": 0.8965217391304346, "n": 1, "c": 2}, "bulge": {"x": 255.77411166104403, "y": 256.1957980069247, "rx": 12.86269223848198, "ry": 9.817791530411805, "angle": 168.734, "i0": 0.8663636363636363, "n": 0.6209090909090909, "c": 2}, "bar": null}