{"disk": {"x": 258.7201072291324, "y": 253.33451120476974, "rx": 163.64174284366186, "ry": 115.66516213102418, "angle": 81.441, "i0": 1.2752631578947369, "n": 1, "c": 2}, "bulge": {"x": 256.91541748046876, "y": 255.8648468017578, "rx": 22.62328995676216, "ry": 17.97322545979376, "angle": 52.47, "i0": 1.056, "n": 0.524, "c": 2}, "bar": null}