{"disk": {"x": 254.57292938232422, "y": 247.37677383422852, "rx": 169.71433611623132, "ry": 95.81377422160656, "angle": 155.271, "i0": 1.417, "n": 1, "c": 2}, "bulge": {"x": 255.22145189557756, "y": 251.36477552141463, "rx": 25.615745596890907, "ry": 19.544297915190135, "angle": 83.061, "i0": 1.2878571428571426, "n": 0.47071428571428575, "c": 2}, "bar": null}