{"disk": {"x": 257.3317217145647, "y": 252.8593561081659, "rx": 155.32418911852807, "ry": 142.28914540353725, "angle": 108.509, "i0": 1.1614285714285715, "n": 1, "c": 2}, "bulge": {"x": 260.65947875976565, "y": 256.7832305908203, "rx": 27.84356988221516, "ry": 14.19808149229157, "angle": 100.639, "i0": 0.8940000000000001, "n": 0.558, "c": 2}, "bar": null}