{"disk": {"x": 255.2015724182129, "y": 256.7402979532878, "rx": 145.48504173750433, "ry": 120.96754083361641, "angle": 12.125, "i0": 1.1508333333333334, "n": 1, "c": 2}, "bulge": null, "bar": null}