{"disk": {"x": 257.3806406656901, "y": 258.3960447765532, "rx": 165.47964467320267, "ry": 86.20219510500996, "angle": 69.264, "i0": 1.1004761904761904, "n": 1, "c": 2}, "bulge": {"x": 257.03749593098956, "y": 256.0, "rx": 11.521911903860937, "ry": 9.70075566821528, "angle": 89.753, "i0": 1.2833333333333332, "n": 0.7399999999999999, "c": 2}, "bar": null}