{"imageWidth": 512, "height": 98, "imageHeight": 512, "psf": [[0.0004748692153953016, 0.0010438080644235015, 0.0012834795052185655, 0.0017864537658169866, 0.0021975217387080193, 0.0024544945918023586, 0.002416373463347554, 0.0018997759325429797, 0.0015009966446086764, 0.0011457103537395597, 0.0006767236045561731], [0.0008767259423620999, 0.0014256447320804, 0.0021034609526395798, 0.0036115581169724464, 0.004902145825326443, 0.005472541321069002, 0.00512505741789937, 0.0038297937717288733, 0.002579726977273822, 0.001700430759228766, 0.0009581561898812652], [0.0012266029370948672, 0.0023627455811947584, 0.0037530448753386736, 0.006494181230664253, 0.009980179369449615, 0.011856796219944954, 0.010636216960847378, 0.007034034933894873, 0.004388353321701288, 0.002464435761794448, 0.001456166268326342], [0.0013886706437915564, 0.0029474361799657345, 0.006224611308425665, 0.011700758710503578, 0.019784634932875633, 0.024830814450979233, 0.020732050761580467, 0.012584361247718334, 0.006501728668808937, 0.0032677114941179752, 0.0016784991603344679], [0.0017097732052206993, 0.0036434312351047993, 0.008456995710730553, 0.01877557672560215, 0.03470683470368385, 0.04650186747312546, 0.035522233694791794, 0.018970830366015434, 0.00869203731417656, 0.00411955313757062, 0.0021049263887107372], [0.0018701740773394704, 0.0040719592943787575, 0.009420677088201046, 0.021875454112887383, 0.04598717391490936, 0.06241887807846069, 0.045143160969018936, 0.02136528305709362, 0.009623932652175426, 0.004370658192783594, 0.001933664781972766], [0.0016325103351846337, 0.0033836776856333017, 0.007837144657969475, 0.017707914113998413, 0.03692948818206787, 0.05002675950527191, 0.03666971996426582, 0.017706865444779396, 0.008053434081375599, 0.0039038625545799732, 0.0018921000882983208], [0.0014653537655249238, 0.0028948341496288776, 0.005495929159224033, 0.010538271628320217, 0.018228301778435707, 0.02300666645169258, 0.01793527789413929, 0.010299994610249996, 0.005278460215777159, 0.0028843332547694445, 0.001514987088739872], [0.0012012149672955275, 0.001980903558433056, 0.0035580007825046778, 0.005334683693945408, 0.007443039212375879, 0.008790450170636177, 0.0074567655101418495, 0.005319460295140743, 0.003246287815272808, 0.002051069401204586, 0.0010929135605692863], [0.000886529975105077, 0.0008543751901015639, 0.0017252949764952064, 0.0024580780882388353, 0.0031673996709287167, 0.0035160903353244066, 0.0030928365886211395, 0.0025728605687618256, 0.0017570658819749951, 0.0011788615956902504, 0.0006606920505873859], [0.0006259662332013249, 0.0007404935313388705, 0.000805493735242635, 0.0013078369665890932, 0.0013728599296882749, 0.0015886384062469006, 0.0014572645304724574, 0.0013444647192955017, 0.0011057000374421477, 0.0005124981398694217, 0.0004634781216736883]], "psfHeight": 11, "psfWidth": 11, "width": 98}