{"psfHeight": 11, "width": 178, "psf": [[0.0002660272584762424, 0.00036904626176692545, 0.0004600420070346445, 0.000634607276879251, 0.0009490397060289979, 0.0012428065529093146, 0.0010254881344735622, 0.0007453234866261482, 0.0005548453191295266, 0.00039141811430454254, 0.00017889418813865632], [0.00038048275746405125, 0.0005627804785035551, 0.0009920104639604688, 0.0014556579990312457, 0.002114268019795418, 0.002334757475182414, 0.0021589407697319984, 0.0016115884063765407, 0.0009921634336933494, 0.0006145808147266507, 0.00021830575133208185], [0.0006324422429315746, 0.0009830975905060768, 0.001814108109101653, 0.00360350520350039, 0.005852809175848961, 0.007610080763697624, 0.006436001975089312, 0.0036967576015740633, 0.001916501671075821, 0.0008974488009698689, 0.00033695847378112376], [0.0008039638632908463, 0.00146211008541286, 0.0033534057438373566, 0.008142538368701935, 0.01744534634053707, 0.02464587800204754, 0.018738653510808945, 0.008411849848926067, 0.003222916042432189, 0.0013309408677741885, 0.0006757985102012753], [0.0009957284200936556, 0.0017433814937248826, 0.005041693337261677, 0.015569796785712242, 0.0473010390996933, 0.07399708777666092, 0.04789238050580025, 0.015518796630203724, 0.004717416595667601, 0.0015124278143048286, 0.0007551755988970399], [0.001249693799763918, 0.0017949460307136178, 0.0060323430225253105, 0.019546061754226685, 0.07041905075311661, 0.11764729768037796, 0.06997443735599518, 0.01840050518512726, 0.005358775611966848, 0.0012798720272257924, 0.0008970596827566624], [0.0010855774162337184, 0.0018738635117188096, 0.004916911944746971, 0.013974647037684917, 0.04594303295016289, 0.07665758579969406, 0.047248922288417816, 0.01319505088031292, 0.004295011982321739, 0.0010853024432435632, 0.0007911191205494106], [0.0008493040804751217, 0.0014171069487929344, 0.0027971528470516205, 0.006045166403055191, 0.015142358839511871, 0.022901592776179314, 0.016103552654385567, 0.006441360805183649, 0.0024687962140887976, 0.0010489161359146237, 0.00045774513273499906], [0.0005479824612848461, 0.0008067558519542217, 0.0012816309463232756, 0.002394517185166478, 0.004555244464427233, 0.006355264689773321, 0.005160375498235226, 0.0027461641002446413, 0.0013292854418978095, 0.0006861502770334482, 0.0004524005635175854], [0.00033683652873151004, 0.0004825130745302886, 0.0006832029321230948, 0.0010650698095560074, 0.001544767408631742, 0.0019826169591397047, 0.0018670898862183094, 0.0012852331856265664, 0.0008512818603776395, 0.00044260063441470265, 0.00026481939130462706], [0.00023974900250323117, 0.0002720205229707062, 0.0003953400591854006, 0.0006519272574223578, 0.000810180208645761, 0.0010969741269946098, 0.0010816792491823435, 0.000728119513951242, 0.000473462714580819, 0.00027419684920459986, 0.00020331543055363]], "height": 178, "imageWidth": 512, "psfWidth": 11, "imageHeight": 512}