{"imageWidth": 512, "height": 103, "imageHeight": 512, "psf": [[0.0002532299258746207, 0.0004478244809433818, 0.0007756848353892565, 0.0010886202799156308, 0.0013722579460591078, 0.0013242264976724982, 0.001316584413871169, 0.0009123899508267641, 0.0006763293640688062, 0.0003946027427446097, 0.000225383453653194], [0.0004865780647378415, 0.0008059928077273071, 0.0014365362003445625, 0.0022603091783821583, 0.0033240739721804857, 0.0034626370761543512, 0.002904366934671998, 0.001983366208150983, 0.001293857116252184, 0.0007341354503296316, 0.00045692879939451814], [0.0006775146466679871, 0.00145150872413069, 0.002792038954794407, 0.005461264867335558, 0.008928971365094185, 0.009817310608923435, 0.007407670374959707, 0.004097116179764271, 0.0022366626653820276, 0.001129577518440783, 0.0005830327863804996], [0.0009755545179359615, 0.002202094765380025, 0.004928487818688154, 0.011604003608226776, 0.022413115948438644, 0.026504922658205032, 0.018742941319942474, 0.008929596282541752, 0.0038502162788063288, 0.001724535832181573, 0.0007249072077684104], [0.0010564624099060893, 0.002598235849291086, 0.007044771686196327, 0.01954585500061512, 0.04352091997861862, 0.056931618601083755, 0.039575714617967606, 0.016937708482146263, 0.006248369347304106, 0.002231927588582039, 0.0011440934613347054], [0.001326284371316433, 0.00290286960080266, 0.007858732715249062, 0.022390024736523628, 0.05345100536942482, 0.07564225047826767, 0.05443096533417702, 0.022428112104535103, 0.007818612270057201, 0.0029307841323316097, 0.0012921756133437157], [0.0011470434255897999, 0.0028137220069766045, 0.0067654685117304325, 0.017604026943445206, 0.03975410386919975, 0.05741502717137337, 0.0435786135494709, 0.019133012741804123, 0.007061802316457033, 0.00279319123364985, 0.0012996181612834334], [0.0010975259356200695, 0.0022263999562710524, 0.004525891505181789, 0.010052151046693325, 0.01941526308655739, 0.02618938498198986, 0.021005971357226372, 0.010798780247569084, 0.004614824429154396, 0.002068745903670788, 0.0010574006009846926], [0.0008252031402662396, 0.001381593057885766, 0.002684918697923422, 0.004702057223767042, 0.007860837504267693, 0.009362324140965939, 0.007642554119229317, 0.004751269239932299, 0.0024792151525616646, 0.0012336034560576081, 0.0007775779231451452], [0.000524347007740289, 0.0009310551104135811, 0.00149638915900141, 0.0022943285293877125, 0.0032286811619997025, 0.0035461534280329943, 0.002950809895992279, 0.0020745431538671255, 0.0013570943847298622, 0.0007758812862448394, 0.0004430892295204103], [0.0004449751868378371, 0.0006408293265849352, 0.0008577823173254728, 0.0012580130714923143, 0.0014482398983091116, 0.0014039763482287526, 0.0013022312195971608, 0.001025487552396953, 0.0006857175030745566, 0.00041880583739839494, 0.00034598633646965027]], "psfHeight": 11, "psfWidth": 11, "width": 103}