{"imageWidth": 512, "height": 125, "imageHeight": 512, "psf": [[0.00013402321201283485, 0.00015126698417589068, 0.0004752372915390879, 0.0004018736071884632, 0.0005432969192042947, 0.0009566912776790559, 0.0011091638589277864, 0.0009323638514615595, 0.0005892068729735911, 0.00037394079845398664, 0.0002568054187577218], [0.00015783775597810745, 0.000461062096292153, 0.0007723867893218994, 0.0012943901820108294, 0.0015206532552838326, 0.001184013090096414, 0.0014942692359909415, 0.0015492348466068506, 0.0007560938829556108, 0.0006217670161277056, 0.00042914715595543385], [0.0004525711410678923, 0.0006895597325637937, 0.0017295556608587503, 0.003219599835574627, 0.004941406659781933, 0.005568749271333218, 0.0048576844856143, 0.0032785809598863125, 0.0019855136051774025, 0.0010672019561752677, 0.0004910874413326383], [0.0008546244353055954, 0.0013322948943823576, 0.002563067013397813, 0.006841158494353294, 0.016150053590536118, 0.01999678835272789, 0.014483020640909672, 0.007223403546959162, 0.002546841511502862, 0.0014480793615803123, 0.0006785515579394996], [0.0006161435157991946, 0.0012866718461737037, 0.004169133957475424, 0.012790313921868801, 0.047428615391254425, 0.07840868085622787, 0.05236775800585747, 0.016754331067204475, 0.00561333354562521, 0.0015751367900520563, 0.0008300520130433142], [0.0009182089124806225, 0.0008092242060229182, 0.005448864307254553, 0.01786523312330246, 0.07765590399503708, 0.1281338632106781, 0.07822520285844803, 0.021346090361475945, 0.006733707617968321, 0.0013896740274503827, 0.0006051196251064539], [0.0006683910032734275, 0.0010700533166527748, 0.004349647555500269, 0.014193662442266941, 0.054067209362983704, 0.0785880759358406, 0.04505308344960213, 0.01322864182293415, 0.00434732623398304, 0.0014189108042046428, 0.0004025665402878076], [0.0004923093947581947, 0.0009850908536463976, 0.002409255364909768, 0.0060458434745669365, 0.015213234350085258, 0.02048507332801819, 0.013297566212713718, 0.005534893833100796, 0.002248506061732769, 0.0010693838121369481, 0.000620177248492837], [0.00038736252463422716, 0.0007023145444691181, 0.0011222061002627015, 0.002268395619466901, 0.004336216486990452, 0.005183010827749968, 0.00398599449545145, 0.0022559792269021273, 0.0010218849638476968, 0.000629436457529664, 0.00034975982271134853], [0.00012470429646782577, 0.00029539247043430805, 0.0005726852687075734, 0.0008877039654180408, 0.0009577564778737724, 0.0011294027790427208, 0.001258348231203854, 0.0009301483514718711, 0.0005784393870271742, 0.0003897814895026386, 0.00027831323677673936], [0.0001986001880140975, 0.0001766722707543522, 0.000420174328610301, 0.000590103620197624, 0.0007342271856032312, 0.0006608368712477386, 0.000761430012062192, 0.0006465358310379088, 0.0003010677173733711, 0.00032596534583717585, 0.0002149182982975617]], "psfHeight": 11, "psfWidth": 11, "width": 125}