{"psfHeight": 11, "width": 194, "psf": [[0.0003170552954543382, 0.0005894316709600389, 0.0007976499036885798, 0.0010041462955996394, 0.0011994349770247936, 0.0013369726948440075, 0.0013014645082876086, 0.0010466104140505195, 0.0007695838576182723, 0.0004674640076700598, 0.0003223952662665397], [0.0004144012928009033, 0.0008231851388700306, 0.0013114475877955556, 0.0019770425278693438, 0.00246044946834445, 0.002659382065758109, 0.002640293911099434, 0.001999679720029235, 0.0012637374456971884, 0.0007490177522413433, 0.0004014622245449573], [0.0005289898253977299, 0.001089185825549066, 0.0021132684778422117, 0.003908229526132345, 0.006357245147228241, 0.007911189459264278, 0.0068620676174759865, 0.004291572608053684, 0.002224759431555867, 0.001128636416979134, 0.0005914170760661364], [0.0006892973324283957, 0.0014595125103369355, 0.00329589587636292, 0.008336431346833706, 0.01738809049129486, 0.023902785032987595, 0.019174106419086456, 0.009717768989503384, 0.003914519678801298, 0.0016379401786252856, 0.0007984898402355611], [0.0008324705413542688, 0.0017173007363453507, 0.004965046886354685, 0.0158963892608881, 0.04492231830954552, 0.06774550676345825, 0.04734956473112106, 0.01842767745256424, 0.0060914126224815845, 0.0021552087273448706, 0.000995974405668676], [0.001026685000397265, 0.0018521022284403443, 0.006071931216865778, 0.020567288622260094, 0.0684744268655777, 0.10609236359596252, 0.0669434443116188, 0.022572357207536697, 0.006987710017710924, 0.002150734420865774, 0.001002335804514587], [0.001091466168873012, 0.0018827591557055712, 0.0051069180481135845, 0.015341545455157757, 0.04688885807991028, 0.07085966318845749, 0.04434869810938835, 0.015685442835092545, 0.00529690133407712, 0.001782603794708848, 0.0008840194204822183], [0.000944818661082536, 0.0017434812616556883, 0.0031835725530982018, 0.007213465869426727, 0.015857944265007973, 0.021468253806233406, 0.015189464204013348, 0.0071218181401491165, 0.0029859691858291626, 0.0012665274553000927, 0.0006284722476266325], [0.0006760607939213514, 0.001145745743997395, 0.0017124783480539918, 0.002891944255679846, 0.004964872263371944, 0.0060131605714559555, 0.004825491923838854, 0.002921936335042119, 0.001490462338551879, 0.0008319432381540537, 0.00040612349403090775], [0.0004442873178049922, 0.0006076243589632213, 0.0009176893508993089, 0.0013058482436463237, 0.0016306069446727633, 0.0017842407105490565, 0.0016524792881682515, 0.0012877123663201928, 0.0008892054902389646, 0.000504014955367893, 0.00028817582642659545], [0.00022524975065607578, 0.00041108785080723464, 0.0004695180687122047, 0.0006341694970615208, 0.0008448465960100293, 0.0008663444896228611, 0.0008471370674669743, 0.0007285359315574169, 0.0004686707106884569, 0.0003328547172714025, 0.00019280808919575065]], "height": 194, "imageWidth": 512, "psfWidth": 11, "imageHeight": 512}