{"psfHeight": 11, "width": 98, "psf": [[0.0003190687275491655, 0.0006089466623961926, 0.00045036576921120286, 0.0004821011971216649, 0.0006074562552385032, 0.0011764105875045061, 0.0009314054623246193, 0.0005776688340120018, 0.0004089476715307683, 0.00015151966363191605, 0.00011140023707412183], [0.00046936143189668655, 0.0007114456966519356, 0.0008304075454361737, 0.0008064680150710046, 0.0008885758579708636, 0.0007378815789707005, 0.0011960387928411365, 0.0009473240352235734, 0.0005313755245879292, 0.00034860987216234207, 0.0001473445154260844], [0.0005308457184582949, 0.0010561118833720684, 0.0016052414430305362, 0.0021261393558233976, 0.0034287224989384413, 0.005492209456861019, 0.004503470379859209, 0.002180668292567134, 0.0010282384464517236, 0.0005357631598599255, 0.0002959191333502531], [0.0005274434806779027, 0.001162479748018086, 0.00235986290499568, 0.004933043848723173, 0.010305036790668964, 0.015960022807121277, 0.012498493306338787, 0.00519624724984169, 0.0018350434256717563, 0.0007128306897357106, 0.0003861555887851864], [0.0006447190535254776, 0.0007140039815567434, 0.002997176256030798, 0.008419549092650414, 0.0432303361594677, 0.09446409344673157, 0.05346044525504112, 0.011741566471755505, 0.003994206432253122, 0.0005406155833043158, 0.0006910235388204455], [0.0010002251947298646, -0.00028692162595689297, 0.0044422573409974575, 0.008400308899581432, 0.0898996889591217, 0.20059919357299805, 0.0893794596195221, 0.01265803910791874, 0.005508475936949253, 6.688086432404816e-05, 0.0010688785696402192], [0.0006778207025490701, 0.000327226152876392, 0.003041357034817338, 0.007636954542249441, 0.051263704895973206, 0.09463424980640411, 0.040207475423812866, 0.00748407980427146, 0.002922229701653123, 0.0005386215052567422, 0.0005671632243320346], [0.0003887047350872308, 0.0008518107933923602, 0.0017655728152021766, 0.004086685366928577, 0.008871471509337425, 0.010325982235372066, 0.007311434019356966, 0.0031646587885916233, 0.0012179405894130468, 0.0004984979750588536, 0.00022948761761654168], [0.0005512288771569729, 0.0008609224460087717, 0.0011332896538078785, 0.0013541658408939838, 0.0028541116043925285, 0.0045900470577180386, 0.0026460050139576197, 0.001274525304324925, 0.0007475580205209553, 0.00043301700497977436, 0.00027819108800031245], [0.00042028151801787317, 0.0005965599557384849, 0.0006091134273447096, 0.0007616663933731616, 0.00036783181712962687, -9.234093886334449e-05, 0.0005988591583445668, 0.0006846312317065895, 0.00046846349141560495, 0.00034675636561587453, 0.00012857024557888508], [0.0002474314533174038, 0.00024193598073907197, 0.0003897241549566388, 0.00039628081140108407, 0.0005980304558761418, 0.0011616197880357504, 0.0006258840439841151, 0.0003705063136294484, 0.0002641485771164298, 0.0001760979212122038, 0.00016733817756175995]], "height": 98, "imageWidth": 512, "psfWidth": 11, "imageHeight": 512}