{"psfHeight": 11, "width": 231, "psf": [[0.00024273588496726006, 0.00028071957058273256, 0.0004038138431496918, 0.0005019968375563622, 0.0007325136102735996, 0.0009713279432617128, 0.0006926378118805587, 0.00048242363845929503, 0.0003743493289221078, 0.00021012868091929704, 0.00012049434008076787], [0.0003707716823555529, 0.0005378230707719922, 0.0007221890846267343, 0.0011681553442031145, 0.0012644842499867082, 0.0010634358040988445, 0.0013371201930567622, 0.0010876985033974051, 0.0006680724327452481, 0.0004076248442288488, 0.00018907520279753953], [0.00046710410970263183, 0.0007436013547703624, 0.0011959299445152283, 0.002360057784244418, 0.0044488608837127686, 0.005848272237926722, 0.004655675496906042, 0.0026778210885822773, 0.001337355119176209, 0.000639284320641309, 0.00022273352078627795], [0.00047281969455070794, 0.0009329323656857014, 0.00186800432857126, 0.00518700759857893, 0.012157507240772247, 0.01760457642376423, 0.014243516139686108, 0.005747214891016483, 0.0021579128224402666, 0.0008075041696429253, 0.0003049298538826406], [0.0008653891272842884, 0.0006733972695656121, 0.003852350637316704, 0.00794705655425787, 0.04617726057767868, 0.09307480603456497, 0.050142787396907806, 0.009498026221990585, 0.0036909785121679306, 0.0005390669102780521, 0.0006241594674065709], [0.0016579023795202374, 6.141146877780557e-05, 0.006689050234854221, 0.0077665988355875015, 0.08431326597929001, 0.18864573538303375, 0.08473299443721771, 0.009345568716526031, 0.004949480295181274, -1.3121797564963344e-05, 0.0011977966642007232], [0.001244465704075992, 0.0010689374757930636, 0.004442521836608648, 0.0068738157860934734, 0.0448463000357151, 0.09454801678657532, 0.04607507213950157, 0.007088521495461464, 0.0033010332845151424, 0.000396314833778888, 0.0007518874481320381], [0.0006671336595900357, 0.0009774825302883983, 0.0016387718496844172, 0.003399508073925972, 0.010114685632288456, 0.016506075859069824, 0.011181341484189034, 0.004093913361430168, 0.0016353060491383076, 0.0007039022166281939, 0.00040756494854576886], [0.0003343162243254483, 0.0005036854417994618, 0.0007325608166866004, 0.0014885530108585954, 0.00332077918574214, 0.005192492622882128, 0.0036285866517573595, 0.0016952091827988625, 0.0010223503923043609, 0.0006106761866249144, 0.0003547187661752105], [0.00018080946756526828, 0.00027932855300605297, 0.00041044107638299465, 0.0007363674812950194, 0.0010824333876371384, 0.001205091131851077, 0.0012225530808791518, 0.000909052265342325, 0.000600353057961911, 0.0004282506706658751, 0.00029600117704831064], [0.00014443664986174554, 0.00018908028141595423, 0.0003252684255130589, 0.00048683956265449524, 0.0008328926633112133, 0.0012602836359292269, 0.0008727280655875802, 0.0004830102261621505, 0.0003844663151539862, 0.0002848771691787988, 0.00019677176896948367]], "height": 231, "imageWidth": 512, "psfWidth": 11, "imageHeight": 512}