{"imageWidth": 512, "height": 153, "imageHeight": 512, "psf": [[0.0001312583190156147, 0.00021423283033072948, 0.00048235722351819277, 0.0007970649749040604, 0.0012959307059645653, 0.0011802806984633207, 0.0007819023448973894, 0.0005525024025700986, 0.00047734210966154933, 0.0005101806600578129, 0.00021500527509488165], [0.0001529380533611402, 0.00033644423820078373, 0.0007616769289597869, 0.0014546839520335197, 0.002053803065791726, 0.0018078384455293417, 0.00153445138130337, 0.0012573407730087638, 0.0009746903087943792, 0.000723060336895287, 0.0005166559712961316], [0.00034403055906295776, 0.0006671634037047625, 0.0015007625333964825, 0.0030854984652251005, 0.005277391988784075, 0.006219250150024891, 0.004588627256453037, 0.0029479144141077995, 0.0017420918447896838, 0.0008890462922863662, 0.0005014014896005392], [0.0005012877518311143, 0.001007751445285976, 0.002444538986310363, 0.0070458208210766315, 0.016667863354086876, 0.021098146215081215, 0.013899296522140503, 0.006635539699345827, 0.0029328695964068174, 0.0012857253896072507, 0.00044365206849761307], [0.0008818816859275103, 0.0012296673376113176, 0.004196127876639366, 0.012814334593713284, 0.051350709050893784, 0.08244184404611588, 0.04758293181657791, 0.01354235876351595, 0.003923491109162569, 0.001195258111692965, 0.0006142235943116248], [0.0011776834726333618, 0.0015355199575424194, 0.0057263500057160854, 0.017630314454436302, 0.07818152010440826, 0.14137737452983856, 0.08025913685560226, 0.016986632719635963, 0.004597839899361134, 0.0008860136149451137, 0.0007467751856893301], [0.0009390959748998284, 0.0012781629338860512, 0.004366173874586821, 0.013421744108200073, 0.04881137236952782, 0.08391374349594116, 0.048541322350502014, 0.011490236967802048, 0.003428288269788027, 0.001033859676681459, 0.0005006990395486355], [0.0004756250127684325, 0.0009690852020867169, 0.0022947783581912518, 0.00588248623535037, 0.013206924311816692, 0.018808433786034584, 0.01281770970672369, 0.00500448839738965, 0.0017470673192292452, 0.0007609110907651484, 0.00036634772550314665], [0.0002878174709621817, 0.0005600407021120191, 0.0010697889374569058, 0.0020804516971111298, 0.0034534651786088943, 0.004567898344248533, 0.0036021051928400993, 0.0018570029642432928, 0.0010929469717666507, 0.000531245896127075, 0.0004461481876205653], [0.0002094735245918855, 0.00031252243206836283, 0.0006364375585690141, 0.0008294942672364414, 0.001159805222414434, 0.0010301177389919758, 0.0009814882650971413, 0.0009027386549860239, 0.0005569768254645169, 0.00036736830952577293, 0.0002868991869036108], [9.547740046400577e-05, 0.0002585186739452183, 0.0003486029163468629, 0.0005402179667726159, 0.00063100311672315, 0.0007798236329108477, 0.0006272821337915957, 0.00040982465725392103, 0.0003351026098243892, 0.00018755723431240767, 9.061754099093378e-05]], "psfHeight": 11, "psfWidth": 11, "width": 153}