{"psfHeight": 11, "width": 102, "psf": [[0.00023337463790085167, 0.0004276736581232399, 0.000631774018984288, 0.0009522424661554396, 0.0013811365934088826, 0.0016889842227101326, 0.0013977335765957832, 0.0011025506537407637, 0.0007455946179106832, 0.0005404274561442435, 0.00013789793592877686], [0.00042305191163904965, 0.0008317201863974333, 0.001310048857703805, 0.002073241863399744, 0.0031447240617126226, 0.0036790717858821154, 0.003484621411189437, 0.0023877890780568123, 0.0016128498828038573, 0.0007018871838226914, 0.00029370503034442663], [0.000749673810787499, 0.0014109951443970203, 0.002401644131168723, 0.004787720739841461, 0.007936566136777401, 0.00966800469905138, 0.008556012064218521, 0.00519439484924078, 0.0027074830140918493, 0.001373950974084437, 0.0006874031969346106], [0.0007189885945990682, 0.0019692289642989635, 0.004664792213588953, 0.010122797451913357, 0.019767949357628822, 0.02575869858264923, 0.02035304717719555, 0.01076466590166092, 0.004903716035187244, 0.0021467043552547693, 0.0009286965359933674], [0.001213615178130567, 0.002291352953761816, 0.006538847927004099, 0.018171675503253937, 0.041634541004896164, 0.05682545527815819, 0.04139174520969391, 0.01884305104613304, 0.007158620748668909, 0.0026481710374355316, 0.0014685612404718995], [0.0010683522559702396, 0.0025806762278079987, 0.007202605251222849, 0.021654319018125534, 0.05654143542051315, 0.07871648669242859, 0.05511680245399475, 0.022784216329455376, 0.00824309978634119, 0.003345930716022849, 0.0015077036805450916], [0.0009765087743289769, 0.0022193037439137697, 0.0059642367996275425, 0.016986709088087082, 0.04230411350727081, 0.05780413746833801, 0.041344624012708664, 0.01867017336189747, 0.0070942980237305164, 0.0030817368533462286, 0.0013931068824604154], [0.0008184406324289739, 0.0014974460937082767, 0.003727397182956338, 0.009165001101791859, 0.018886949867010117, 0.02548094652593136, 0.02010302059352398, 0.010269119404256344, 0.004707965534180403, 0.00216892478056252, 0.001269462169148028], [0.00044966692803427577, 0.0010452070273458958, 0.002204360207542777, 0.0042810020968317986, 0.0072348699904978275, 0.008643556386232376, 0.007484890520572662, 0.004942343104630709, 0.0030551899690181017, 0.0015833574580028653, 0.0008955452358350158], [0.00045232204138301313, 0.0006169140688143671, 0.0012594670988619328, 0.0020983999129384756, 0.0029608968179672956, 0.003163016401231289, 0.002991128945723176, 0.0021919612772762775, 0.0013511821161955595, 0.0009651528671383858, 0.0005577856209129095], [0.0003370615013409406, 0.0005958373076282442, 0.0006914263940416276, 0.0009721379028633237, 0.001419602893292904, 0.001621929812245071, 0.001391872065141797, 0.00103854201734066, 0.0009009873028844595, 0.0005475091165862978, 0.00041874279850162566]], "height": 102, "imageWidth": 512, "psfWidth": 11, "imageHeight": 512}