{"imageWidth": 512, "height": 258, "imageHeight": 512, "psf": [[0.000313464377541095, 0.000342194369295612, 0.000363461731467396, 0.0007122856331989169, 0.0009369712206535041, 0.0012322786496952176, 0.0013123654061928391, 0.0012089202646166086, 0.00083480856847018, 0.0006853020749986172, 0.00033317384077236056], [0.0005518688703887165, 0.0005483065615408123, 0.0010894002625718713, 0.0019244985887780786, 0.002379467710852623, 0.0030166353099048138, 0.0025313985534012318, 0.002191364299505949, 0.0015402380377054214, 0.0010490352287888527, 0.0005804116954095662], [0.0006138194003142416, 0.0011431179009377956, 0.0022719751577824354, 0.00409636739641428, 0.006837202236056328, 0.007975347340106964, 0.006493984721601009, 0.004347543697804213, 0.002513984916731715, 0.0013435374712571502, 0.0006963799241930246], [0.0008245176286436617, 0.0018303116085007787, 0.0041289557702839375, 0.009080665186047554, 0.018405744805932045, 0.02432183548808098, 0.01865025982260704, 0.01022992841899395, 0.004572458099573851, 0.0021796603687107563, 0.0011468968586996198], [0.0008881568210199475, 0.002264148322865367, 0.005940872710198164, 0.017508383840322495, 0.042444415390491486, 0.05990587919950485, 0.04478820040822029, 0.020225588232278824, 0.0072332462295889854, 0.0027995507698506117, 0.0012664917157962918], [0.0011397096095606685, 0.00258640106767416, 0.007439934648573399, 0.023903394117951393, 0.06092137470841408, 0.08318863809108734, 0.059771955013275146, 0.025180822238326073, 0.008274230174720287, 0.00285151950083673, 0.0011880751699209213], [0.0009764425340108573, 0.002412285190075636, 0.0064317998476326466, 0.01960201933979988, 0.0456792451441288, 0.05953039601445198, 0.04206851124763489, 0.018777163699269295, 0.0068456563167274, 0.0024837227538228035, 0.0009532661642879248], [0.0007266071625053883, 0.001678847591392696, 0.004011707380414009, 0.009754396975040436, 0.0188770592212677, 0.02381305955350399, 0.01859193481504917, 0.009506165981292725, 0.004093435127288103, 0.0018284176476299763, 0.0009062011376954615], [0.0005308333202265203, 0.0010811202228069305, 0.0018486265325918794, 0.003800507402047515, 0.006480363663285971, 0.007780120708048344, 0.006755380425602198, 0.0041521210223436356, 0.002224902855232358, 0.001206737942993641, 0.0007376448484137654], [0.00041953669278882444, 0.0005634633125737309, 0.0010001875925809145, 0.001721340580843389, 0.0023583932779729366, 0.002594893565401435, 0.0024332674220204353, 0.0017550458433106542, 0.0012820735573768616, 0.000715688627678901, 0.0002871793694794178], [0.0002376857737544924, 0.0003729086311068386, 0.0006371978670358658, 0.0008511054329574108, 0.001042314455844462, 0.001101550878956914, 0.0009970717364922166, 0.0009462014422751963, 0.0006011532386764884, 0.0005104498122818768, 0.00033120388980023563]], "psfHeight": 11, "psfWidth": 11, "width": 258}