{"imageWidth": 512, "height": 102, "imageHeight": 512, "psf": [[0.00028774660313501954, 0.0005957919056527317, 0.00084191799396649, 0.0013437033630907536, 0.0017823580419644713, 0.001658000168390572, 0.0014897729270160198, 0.001110656070522964, 0.0007029836997389793, 0.0004307728086132556, 0.00026697979774326086], [0.00047959794756025076, 0.0008573801023885608, 0.0018178384052589536, 0.0030345420818775892, 0.004157175775617361, 0.004354747012257576, 0.0034179019276052713, 0.0023109475150704384, 0.0013495689490810037, 0.0008008452714420855, 0.00034507259260863066], [0.0007370301173068583, 0.001295394846238196, 0.003118411172181368, 0.006618373095989227, 0.01040022261440754, 0.011290795169770718, 0.00834414828568697, 0.004907089751213789, 0.0022318451665341854, 0.0011596044059842825, 0.0006949696107767522], [0.0009988005040213466, 0.001978205516934395, 0.004865854512900114, 0.012045711278915405, 0.023437241092324257, 0.028277073055505753, 0.019975321367383003, 0.009567342698574066, 0.0041488115675747395, 0.0017743054777383804, 0.000890794675797224], [0.001229998073540628, 0.002579500898718834, 0.006886934861540794, 0.018745001405477524, 0.04263048246502876, 0.056300804018974304, 0.03834179788827896, 0.016694750636816025, 0.006407573353499174, 0.002366178436204791, 0.0009875200921669602], [0.0012360599357634783, 0.002840992994606495, 0.00758649967610836, 0.02132868766784668, 0.05279678478837013, 0.07465170323848724, 0.05297016352415085, 0.02178921550512314, 0.007720425259321928, 0.0026595902163535357, 0.00122275878675282], [0.0011535667581483722, 0.002583314897492528, 0.006581668276339769, 0.016557658091187477, 0.039457760751247406, 0.05817277356982231, 0.043449535965919495, 0.01866382360458374, 0.00685789342969656, 0.002529389224946499, 0.0012110918760299683], [0.0010296539403498173, 0.0019264353904873133, 0.004208181984722614, 0.009422359056770802, 0.019034916535019875, 0.026797736063599586, 0.021277209743857384, 0.01069723628461361, 0.0044694263488054276, 0.0019065402448177338, 0.0010359346633777022], [0.0008137882105074823, 0.001196473021991551, 0.0024117929860949516, 0.0044934386387467384, 0.0073710959404706955, 0.00919518806040287, 0.00763097545132041, 0.004688810091465712, 0.0024332350585609674, 0.001309121260419488, 0.0007263171137310565], [0.000422560959123075, 0.000803437433205545, 0.0014143326552584767, 0.0021503411699086428, 0.0028408735524863005, 0.003090342739596963, 0.0026724773924797773, 0.0018146983347833157, 0.0012554338900372386, 0.0008189586806111038, 0.0005183839239180088], [0.00028319674311205745, 0.00047758303117007017, 0.0007795599522069097, 0.0010758097050711513, 0.0012706868583336473, 0.0014051751932129264, 0.0011669022496789694, 0.0009108284721150994, 0.0006252736202441156, 0.000438024231698364, 0.0003036764683201909]], "psfHeight": 11, "psfWidth": 11, "width": 102}