{"imageWidth": 512, "height": 128, "imageHeight": 512, "psf": [[0.00012993733980692923, 0.00018500495934858918, 0.0003314803761895746, 0.00046357561950571835, 0.0005895728245377541, 0.0007200288819149137, 0.000666521314997226, 0.0005615932168439031, 0.00040774320950731635, 0.00030539371073246, 0.00022647349396720529], [0.00022039961186237633, 0.0003302787954453379, 0.0006416820688173175, 0.0009112515836022794, 0.0012160316109657288, 0.0015999956522136927, 0.0016747789923101664, 0.0012893558014184237, 0.0009229693678207695, 0.0005932494532316923, 0.0004276725521776825], [0.00030731019796803594, 0.0006523097399622202, 0.0012990396935492754, 0.0024507849011570215, 0.004257627297192812, 0.005818065255880356, 0.005782749969512224, 0.004008709918707609, 0.0022633615881204605, 0.0011136364191770554, 0.0006314703496173024], [0.0004675453237723559, 0.0011231403332203627, 0.002931557595729828, 0.007033989764750004, 0.015014919452369213, 0.02280750498175621, 0.021238986402750015, 0.012045537121593952, 0.004541704896837473, 0.001677763881161809, 0.0007133345352485776], [0.000615941418800503, 0.0015833739889785647, 0.005024669226258993, 0.017091605812311172, 0.0453660748898983, 0.06648920476436615, 0.05299887806177139, 0.02315433882176876, 0.006230506114661694, 0.0017634171526879072, 0.0006477210554294288], [0.000698951946105808, 0.0019311034120619297, 0.006583955138921738, 0.02735077776014805, 0.07772847265005112, 0.10937123000621796, 0.07599303871393204, 0.025429509580135345, 0.005532615352421999, 0.0017056262586265802, 0.0006095787975937128], [0.000535033643245697, 0.001794320298358798, 0.005413207225501537, 0.020027892664074898, 0.051916904747486115, 0.07104447484016418, 0.04791899770498276, 0.015498584136366844, 0.0038751622196286917, 0.0012632148573175073, 0.0005806612898595631], [0.0005306389648467302, 0.0012388968607410789, 0.0026420948561280966, 0.006473974324762821, 0.01258299220353365, 0.015985991805791855, 0.012042741291224957, 0.005790076684206724, 0.002306951442733407, 0.0009271416929550469, 0.00046581748756580055], [0.00043341878335922956, 0.0006782219279557467, 0.001187655609101057, 0.0020786926615983248, 0.003444632748141885, 0.004087822511792183, 0.0033567261416465044, 0.002246762393042445, 0.0013701870338991284, 0.0008366000256501138, 0.0004743426397908479], [0.00025570570142008364, 0.000394596834667027, 0.0005861966637894511, 0.000684412254486233, 0.0008267159573733807, 0.0009429189958609641, 0.0010136839700862765, 0.001003978424705565, 0.0008925094152800739, 0.0006459070718847215, 0.00037371693179011345], [0.00016521081852260977, 0.0002149871434085071, 0.0003485321649350226, 0.0004492468142416328, 0.0006461091106757522, 0.0006993512506596744, 0.0005768132978118956, 0.0005335956811904907, 0.0004890108830295503, 0.00043032364919781685, 0.0002789869613479823]], "psfHeight": 11, "psfWidth": 11, "width": 128}