{"imageWidth": 512, "height": 127, "imageHeight": 512, "psf": [[0.00031085064983926713, 0.00048374233301728964, 0.0006714340415783226, 0.000582745298743248, 0.0008690805989317596, 0.0011746757663786411, 0.0008820866933092475, 0.0008064725552685559, 0.0003421469882596284, 0.00022286652529146522, 0.00019258815154898912], [0.0002951311180368066, 0.0005923191783949733, 0.0010045968228951097, 0.00136576930526644, 0.0014665035996586084, 0.0016851057298481464, 0.0017452689353376627, 0.0013438097666949034, 0.0007643743301741779, 0.000414727401221171, 0.0002752275613602251], [0.0004291345248930156, 0.0007070536375977099, 0.001506462343968451, 0.002683650702238083, 0.004380360245704651, 0.006191120482981205, 0.00522659532725811, 0.002855183556675911, 0.0014957973035052419, 0.0007616396760568023, 0.0003727026632986963], [0.000464603363070637, 0.0007913096924312413, 0.0022142427042126656, 0.005629907827824354, 0.013104656711220741, 0.020857464522123337, 0.01640240289270878, 0.007023626007139683, 0.0027908524498343468, 0.0011356640607118607, 0.00046690425369888544], [0.0005909100291319191, 0.0008729332475923002, 0.003102000104263425, 0.011393973603844643, 0.044034745544195175, 0.0802646055817604, 0.051931802183389664, 0.015587669797241688, 0.00503321411088109, 0.0015317939687520266, 0.0008373384480364621], [0.000795462285168469, 0.0009644894162192941, 0.004412447102367878, 0.017007719725370407, 0.08040976524353027, 0.13974840939044952, 0.07828188687562943, 0.02082889899611473, 0.006319622043520212, 0.0016204618150368333, 0.001029366161674261], [0.0007194181089289486, 0.0010678033577278256, 0.003871862543746829, 0.013595933094620705, 0.052480194717645645, 0.08079211413860321, 0.04515080526471138, 0.014128396287560463, 0.004415310453623533, 0.0014459168305620551, 0.0007519255159422755], [0.0005510702612809837, 0.0010780981974676251, 0.002418528776615858, 0.006101056467741728, 0.01373654417693615, 0.017800426110625267, 0.012382800690829754, 0.005628169979900122, 0.002444029087200761, 0.0010993798496201634, 0.0005727873067371547], [0.00045099796261638403, 0.0007284937310032547, 0.0014378586784005165, 0.0023762420751154423, 0.004159253556281328, 0.004872615914791822, 0.0036510617937892675, 0.002155277645215392, 0.0012595858424901962, 0.0006606457172892988, 0.00029894986073486507], [0.0002999581629410386, 0.0005656196735799313, 0.0007559318328276277, 0.00093980529345572, 0.0012145977234467864, 0.001295128371566534, 0.0010930887656286359, 0.0009702337556518614, 0.0006935271667316556, 0.00041487239650450647, 0.00032275242847390473], [0.00022749873460270464, 0.0003530193935148418, 0.0004062682273797691, 0.0005954146035946906, 0.0008907803567126393, 0.0009648269042372704, 0.0006585830706171691, 0.0004630456678569317, 0.000538017600774765, 0.000291337666567415, 0.00017971343186218292]], "psfHeight": 11, "psfWidth": 11, "width": 127}