{"psfHeight": 11, "width": 112, "psf": [[0.0002282757341163233, 0.00017592214862816036, 0.0005637199501506984, 0.0009031096706166863, 0.001100237830542028, 0.0009494208497926593, 0.0006181543576531112, 0.0005317728500813246, 0.0004102492821402848, 0.00025704767904244363, 0.00014637202548328787], [0.00019423254707362503, 0.0003761298139579594, 0.0007235857774503529, 0.0015474671963602304, 0.001714539248496294, 0.0012512526009231806, 0.001192394527606666, 0.0012181788915768266, 0.000690147397108376, 0.0004059889179188758, 0.00024982725153677166], [0.0004409280954860151, 0.00047054217429831624, 0.0011072575580328703, 0.002454662462696433, 0.004569842480123043, 0.005034005269408226, 0.0037776115350425243, 0.0024206454399973154, 0.0012485396582633257, 0.0006536867585964501, 0.0003218055353499949], [0.0005318473558872938, 0.0008234987035393715, 0.0017808414995670319, 0.005365729797631502, 0.01272792648524046, 0.01716340146958828, 0.012265396304428577, 0.005394423846155405, 0.0022627352736890316, 0.0009326320141553879, 0.0003267185529693961], [0.000777960813138634, 0.0011833354365080595, 0.0037367423065006733, 0.012698553502559662, 0.05045127123594284, 0.0830853059887886, 0.04584185406565666, 0.01186302024871111, 0.0036313249729573727, 0.0010810020612552762, 0.0006100143655203283], [0.0011123254662379622, 0.0012357725063338876, 0.0054038106463849545, 0.017968416213989258, 0.08758123219013214, 0.16161124408245087, 0.08656593412160873, 0.01860814355313778, 0.005268915556371212, 0.0009353975183330476, 0.0008192120585590601], [0.0009239166392944753, 0.0012416811659932137, 0.004001060500741005, 0.012410064227879047, 0.04471505060791969, 0.08337318897247314, 0.0526113286614418, 0.014286160469055176, 0.0043642884120345116, 0.0010638167150318623, 0.0006360876723192632], [0.00047019118210300803, 0.0009184469818137586, 0.0020310634281486273, 0.004951766226440668, 0.009543081745505333, 0.01333628036081791, 0.011777202598750591, 0.005612421315163374, 0.0022613813634961843, 0.000980827957391739, 0.0003997772291768342], [0.0003117508895229548, 0.0005500112310983241, 0.0010453169234097004, 0.002006670692935586, 0.003147545037791133, 0.0037900821771472692, 0.0033173987176269293, 0.0020308152306824923, 0.0012861605500802398, 0.0004867071402259171, 0.00020077661611139774], [0.0003068171499762684, 0.00031825306359678507, 0.0005013420013710856, 0.0008009254233911633, 0.0008068224415183067, 0.0004063464584760368, 0.000795390922576189, 0.0007584767299704254, 0.0005758498446084559, 0.0003614546440076083, 0.00022823912149760872], [0.0001430933189112693, 0.00022128305863589048, 0.0002528566983528435, 0.00043579068733379245, 0.0005733149591833353, 0.0008866553544066846, 0.0007412846316583455, 0.00044697109842672944, 0.0003511982795316726, 0.00025492077111266553, 0.0001569447631482035]], "height": 112, "imageWidth": 512, "psfWidth": 11, "imageHeight": 512}