{"imageWidth": 512, "height": 99, "imageHeight": 512, "psf": [[0.00021813277271576226, 0.0002092361100949347, 0.0004403996863402426, 0.0004951753653585911, 0.0008724266663193703, 0.001351411221548915, 0.0010432786075398326, 0.0007835243013687432, 0.0004191352636553347, 0.0004802687035407871, 0.0003160055784974247], [0.0002942409773822874, 0.00045021859114058316, 0.0008088015601970255, 0.0013965388061478734, 0.0017445265548303723, 0.0017436333000659943, 0.0019501909846439958, 0.0014444398693740368, 0.0009079781593754888, 0.00045741783105768263, 0.0002887957380153239], [0.0005969127523712814, 0.0007642112323082983, 0.0016809833468869328, 0.003098625922575593, 0.005877227522432804, 0.007164883427321911, 0.005575337912887335, 0.003445925423875451, 0.0018264353275299072, 0.0009635603637434542, 0.0005118948756717145], [0.0008788861450739205, 0.0014804081292822957, 0.003146969713270664, 0.006955245975404978, 0.01570456102490425, 0.02139984630048275, 0.015509664081037045, 0.007713935803622007, 0.0032818554900586605, 0.001385498559102416, 0.0006575712468475103], [0.0009827899048104882, 0.001608006889000535, 0.005163255613297224, 0.014154038392007351, 0.04852938652038574, 0.07819785922765732, 0.048836108297109604, 0.016178512945771217, 0.00534364627674222, 0.0019169796723872423, 0.000965688843280077], [0.000851177261210978, 0.0016788373468443751, 0.00435686856508255, 0.017442429438233376, 0.07752110809087753, 0.13157500326633453, 0.07598163187503815, 0.02063695527613163, 0.006152608431875706, 0.0019262927817180753, 0.0011628798674792051], [0.00044474538299255073, 0.0012757242657244205, 0.0034076396841555834, 0.012242520228028297, 0.0477483905851841, 0.08015350252389908, 0.047524359077215195, 0.01390894502401352, 0.004596516024321318, 0.0013880415353924036, 0.0007210747571662068], [0.0003270168381277472, 0.0007084831013344228, 0.002140550408512354, 0.004916475620120764, 0.012300712987780571, 0.01877649314701557, 0.01411543320864439, 0.005991294048726559, 0.0023286209907382727, 0.0009229671559296548, 0.0004328534996602684], [0.00032062464742921293, 0.0005953715299256146, 0.0011806091060861945, 0.0019812958780676126, 0.003923805896192789, 0.005977417808026075, 0.004281007684767246, 0.0025127818807959557, 0.0011699824826791883, 0.0005815345793962479, 0.0002539457054808736], [0.0002376401680521667, 0.000341628969181329, 0.0005777700571343303, 0.0009421685826964676, 0.0009561177575960755, 0.0010656644590198994, 0.0011079072719439864, 0.0009986481163650751, 0.0004548087017610669, 0.00035617209505289793, 0.00025060129701159894], [0.00011424164404161274, 0.00015175575390458107, 0.0002550364297349006, 0.00046467356150969863, 0.000817580905277282, 0.0009339458192698658, 0.0006971849943511188, 0.0005112065118737519, 0.0003483920590952039, 0.00010215655493084341, 0.00026568814064376056]], "psfHeight": 11, "psfWidth": 11, "width": 99}