{"psfHeight": 11, "width": 124, "psf": [[0.00011710281978594139, 0.00020256725838407874, 0.00039644897333346307, 0.0007145380368456244, 0.0009584758663550019, 0.00100945052690804, 0.0008489627507515252, 0.0005904498393647373, 0.00041240209247916937, 0.00019554233585949987, 0.00013422557094600052], [0.0002981412981171161, 0.00044970953604206443, 0.0007682201103307307, 0.0013729657512158155, 0.0019961672369390726, 0.002288190647959709, 0.002038221340626478, 0.0012568116653710604, 0.0007531348965130746, 0.00044763414189219475, 0.00031636611674912274], [0.000419822201365605, 0.0007340006995946169, 0.0014508693711832166, 0.003064895048737526, 0.0056425523944199085, 0.007139693479984999, 0.005369023885577917, 0.0028794310055673122, 0.001385212759487331, 0.0008222295437008142, 0.0005972569342702627], [0.00055950932437554, 0.0012645676033571362, 0.0031643779948353767, 0.007676942739635706, 0.01741674169898033, 0.02315705642104149, 0.016022540628910065, 0.006652253679931164, 0.0027081812731921673, 0.0014676183927804232, 0.000859689898788929], [0.0007536405464634299, 0.0016093581216409802, 0.004991375375539064, 0.017661362886428833, 0.050743475556373596, 0.07119879871606827, 0.04442644119262695, 0.014429382979869843, 0.004980413243174553, 0.0022212020121514797, 0.001043880358338356], [0.0008279573521576822, 0.001756751211360097, 0.005798928905278444, 0.022951234132051468, 0.07387764006853104, 0.10943622887134552, 0.0722716823220253, 0.02295362763106823, 0.0069047920405864716, 0.0023477808572351933, 0.0010678962571546435], [0.0007159205269999802, 0.0015279590152204037, 0.004355642478913069, 0.014239662326872349, 0.04460468515753746, 0.07091911137104034, 0.0530388318002224, 0.019117949530482292, 0.005866580177098513, 0.0022206667345017195, 0.0009826727909967303], [0.0005610413500107825, 0.0010085019748657942, 0.0024160826578736305, 0.006283772177994251, 0.01489178091287613, 0.021848302334547043, 0.017704445868730545, 0.008112720213830471, 0.00338017288595438, 0.0015340512618422508, 0.0008310197154060006], [0.0004142301913816482, 0.0007160273380577564, 0.0012758082011714578, 0.0025866813957691193, 0.0047873868606984615, 0.005683692637830973, 0.004810041282325983, 0.002977439435198903, 0.001561591518111527, 0.0009191472199745476, 0.0005461181863211095], [0.00023836139007471502, 0.0002538890694268048, 0.0006271146703511477, 0.0011069412576034665, 0.0015200100606307387, 0.001763395150192082, 0.001752424519509077, 0.0011987800244241953, 0.0007288387860171497, 0.0005693722632713616, 0.0003999696928076446], [0.0001774957199813798, 0.00027391777257435024, 0.0003627596306614578, 0.0005123489536345005, 0.0007358777220360935, 0.0008304097573272884, 0.0007691007922403514, 0.0006116151926107705, 0.00037718345993198454, 0.0002493404026608914, 0.00022706719755660743]], "height": 124, "imageWidth": 512, "psfWidth": 11, "imageHeight": 512}