{"imageWidth": 512, "height": 205, "imageHeight": 512, "psf": [[0.00026626637554727495, 0.0006932489923201501, 0.0013165760319679976, 0.0020204808097332716, 0.002406048122793436, 0.0029939182568341494, 0.002675354015082121, 0.0022962710354477167, 0.001775896642357111, 0.0012330227764323354, 0.000655270298011601], [0.00044175743823871017, 0.001302490010857582, 0.002531584817916155, 0.003774292068555951, 0.004838836845010519, 0.0055874730460345745, 0.0053586834110319614, 0.00437157554551959, 0.0026281748432666063, 0.0019345865584909916, 0.0011935667134821415], [0.0013567251153290272, 0.002209246391430497, 0.004228675737977028, 0.007036497816443443, 0.010091286152601242, 0.011906669475138187, 0.010685124434530735, 0.007504404988139868, 0.004628561902791262, 0.002626909641548991, 0.0015379353426396847], [0.0015365906292572618, 0.0031353579834103584, 0.006703886203467846, 0.01257200725376606, 0.01980758085846901, 0.024093518033623695, 0.020571960136294365, 0.012724453583359718, 0.006996972020715475, 0.0036390740424394608, 0.0019796870183199644], [0.002150124404579401, 0.004332149866968393, 0.009090577252209187, 0.01922784559428692, 0.033140748739242554, 0.04130139574408531, 0.03375120833516121, 0.019872471690177917, 0.009234088473021984, 0.004158844705671072, 0.002187715144827962], [0.0023526321165263653, 0.005023975856602192, 0.010739713907241821, 0.022475101053714752, 0.039900269359350204, 0.0501217283308506, 0.04149022698402405, 0.022278212010860443, 0.009415333159267902, 0.004270088858902454, 0.0017771126003935933], [0.0021595845464617014, 0.004644128028303385, 0.009167431853711605, 0.019048793241381645, 0.03356516361236572, 0.04221363738179207, 0.033916667103767395, 0.01784069836139679, 0.007933580316603184, 0.003523504361510277, 0.0016633091727271676], [0.001760657294653356, 0.0030378529336303473, 0.0064079943113029, 0.012638104148209095, 0.020734021440148354, 0.02528839372098446, 0.020138174295425415, 0.0114494189620018, 0.005389312747865915, 0.002537163905799389, 0.0013940533390268683], [0.00119756069034338, 0.0019745249301195145, 0.003678375855088234, 0.006873341277241707, 0.010284226387739182, 0.01125867385417223, 0.009176304563879967, 0.005595838185399771, 0.0030701335053890944, 0.001729027833789587, 0.0009722407558001578], [0.0008745661471039057, 0.0010242413263767958, 0.0020611591171473265, 0.0035701824817806482, 0.004252071958035231, 0.0046533201821148396, 0.004083327949047089, 0.0028645130805671215, 0.0018120608292520046, 0.001039878698065877, 0.0006854794919490814], [0.0004097451746929437, 0.0007886899984441698, 0.000980363809503615, 0.0014964614529162645, 0.0019795529078692198, 0.0022418173030018806, 0.0017442754469811916, 0.0012120717437937856, 0.0009232222801074386, 0.0005643657641485333, 0.00031667720759287477]], "psfHeight": 11, "psfWidth": 11, "width": 205}