{"imageWidth": 512, "height": 179, "imageHeight": 512, "psf": [[0.00011195156548637897, 0.00022014474961906672, 0.0003591037238948047, 0.0005881282268092036, 0.0009319187374785542, 0.0010780524462461472, 0.0008408339926972985, 0.0004915804020129144, 0.0003330789622850716, 0.00025980884674936533, 0.0001921155781019479], [0.00020194886019453406, 0.0003716711653396487, 0.0006895516416989267, 0.0013179500820115209, 0.0017412470187991858, 0.0014832461019977927, 0.0012649991549551487, 0.0009870941285043955, 0.000675803457852453, 0.0004660366103053093, 0.00033651263220235705], [0.00027351631433703005, 0.0006200479110702872, 0.0012901043519377708, 0.0028421003371477127, 0.005063915159553289, 0.006045334506779909, 0.004376798868179321, 0.0022552157752215862, 0.0012809340842068195, 0.0008486348669975996, 0.0006478613940998912], [0.0004040756612084806, 0.0010368687799200416, 0.0024585973005741835, 0.006712362635880709, 0.015467733144760132, 0.01906498707830906, 0.012896711006760597, 0.005896856542676687, 0.0026642275042831898, 0.001550803892314434, 0.00100328482221812], [0.0007173501653596759, 0.0011600570287555456, 0.004471358377486467, 0.013207473792135715, 0.04875773936510086, 0.08134381473064423, 0.049551647156476974, 0.01444865670055151, 0.004798467271029949, 0.0018637313041836023, 0.0011525622103363276], [0.0010008938843384385, 0.0012502043973654509, 0.005806452129036188, 0.017639867961406708, 0.07820122689008713, 0.14187711477279663, 0.08041549474000931, 0.018291544169187546, 0.005202160216867924, 0.0013199723325669765, 0.001019010436721146], [0.0009302589460276067, 0.0014462829567492008, 0.0049201552756130695, 0.014231844805181026, 0.051242124289274216, 0.08260033279657364, 0.04483937472105026, 0.011272444389760494, 0.0036049254704266787, 0.0010505077661946416, 0.0006706591811962426], [0.0005039291572757065, 0.0011186873307451606, 0.0027987321373075247, 0.006540738046169281, 0.014895220287144184, 0.019264468923211098, 0.012004178017377853, 0.005006043240427971, 0.002113479422405362, 0.0009586071246303618, 0.0005468324525281787], [0.0002979109704028815, 0.0006435795221477747, 0.0012906505726277828, 0.0023282840847969055, 0.004149292595684528, 0.005188569892197847, 0.0037152469158172607, 0.002136809518560767, 0.0012079598382115364, 0.0007323703612200916, 0.00044229961349628866], [0.00017744138312991709, 0.00034246849827468395, 0.0006217786576598883, 0.000977967050857842, 0.0012551785912364721, 0.0011163619346916676, 0.0010502029908820987, 0.0008862100075930357, 0.0006318900268524885, 0.00040850447840057313, 0.00033043709117919207], [0.00010114161705132574, 0.00016674885409884155, 0.0003186608082614839, 0.0004250151396263391, 0.0006249438738450408, 0.0008829888538457453, 0.0006703525432385504, 0.00044849791447632015, 0.000329302012687549, 0.00023754652647767216, 0.0001630295446375385]], "psfHeight": 11, "psfWidth": 11, "width": 179}