{"psfHeight": 11, "width": 148, "psf": [[0.0001123686452046968, 0.0002186851343140006, 0.0004065922985319048, 0.0007689180201850832, 0.0011157983681187034, 0.0011465849820524454, 0.000867036054842174, 0.0006179546471685171, 0.00053404550999403, 0.0004729286301881075, 0.0003004886966664344], [0.00021757498325314373, 0.00035715673584491014, 0.0006797097157686949, 0.0012828722828999162, 0.0018368003657087684, 0.0015538688749074936, 0.0014969140756875277, 0.0013073678128421307, 0.0009577418677508831, 0.0006654846365563571, 0.0004068043199367821], [0.00035020714858546853, 0.0005821292288601398, 0.0012666027760133147, 0.0026183014269918203, 0.004685122985392809, 0.006036971230059862, 0.004897465463727713, 0.003027526196092367, 0.0017372982110828161, 0.0009543484193272889, 0.0005063143908046186], [0.0004631055926438421, 0.0009209804702550173, 0.0022248337045311928, 0.005961291026324034, 0.013356374576687813, 0.01913951151072979, 0.014850489795207977, 0.006788322702050209, 0.0028611444868147373, 0.0012050680816173553, 0.0005318738985806704], [0.000761358707677573, 0.0011691923718899488, 0.00377161568030715, 0.011100925505161285, 0.04433687403798103, 0.08670567721128464, 0.05421454459428787, 0.01317077036947012, 0.00405326671898365, 0.0010611788602545857, 0.0006473158136941493], [0.0011810652213171124, 0.0010697856778278947, 0.005451773293316364, 0.014619079418480396, 0.082227423787117, 0.16278164088726044, 0.08257991820573807, 0.015387099236249924, 0.0044449386186897755, 0.0008881319663487375, 0.0007999578374437988], [0.0008511343039572239, 0.0010449858382344246, 0.004031246993690729, 0.010970911011099815, 0.05172087997198105, 0.0893358588218689, 0.04257011413574219, 0.010270755738019943, 0.0031130784191191196, 0.0008858443470671773, 0.0005471343756653368], [0.00044515368063002825, 0.0008598514250479639, 0.0018004585290327668, 0.00478000845760107, 0.011013038456439972, 0.015374397858977318, 0.01079493761062622, 0.0046264855191111565, 0.0017865241970866919, 0.0007330242660827935, 0.0004224602016620338], [0.0002898229577112943, 0.0004573640471789986, 0.0009107236983254552, 0.0017003158573061228, 0.0031706446316093206, 0.004088495392352343, 0.0029247854836285114, 0.001783098210580647, 0.0010222055716440082, 0.0005780605715699494, 0.0003258126089349389], [0.00021459186973515898, 0.00031084497459232807, 0.00043976641609333456, 0.0007001361227594316, 0.0007840902544558048, 0.0007268242770805955, 0.000899984035640955, 0.0007816962315700948, 0.0005038438830524683, 0.00035326837678439915, 0.0002333650627406314], [0.00013588227739091963, 0.00020071222388651222, 0.00029745447682216763, 0.0003870938962791115, 0.0006733598420396447, 0.0008277930901385844, 0.0005312574212439358, 0.00038994973874650896, 0.0002891613694373518, 0.00021453085355460644, 0.00016222054546233267]], "height": 148, "imageWidth": 512, "psfWidth": 11, "imageHeight": 512}