{"psfHeight": 11, "width": 84, "psf": [[0.0001514956820756197, 0.00026358774630352855, 0.0003965338401030749, 0.0005320722702890635, 0.0007635021465830505, 0.0009310926543548703, 0.0007641880656592548, 0.0006051523960195482, 0.0003976711886934936, 0.00024132044927682728, 0.00012892465747427195], [0.0002865064889192581, 0.0004454457084648311, 0.0007666872115805745, 0.0012322916882112622, 0.0016714839730411768, 0.0018575596623122692, 0.0016502531943842769, 0.001235020812600851, 0.0007341246819123626, 0.00041684744064696133, 0.00026363448705524206], [0.0004039394552819431, 0.0008880834211595356, 0.0016609415179118514, 0.0031770551577210426, 0.0053717633709311485, 0.006690533831715584, 0.005647797603160143, 0.003154495730996132, 0.0014848408754915, 0.0007258134428411722, 0.00041352343396283686], [0.0005558286793529987, 0.001436967053450644, 0.0033831291366368532, 0.007903164252638817, 0.01605265960097313, 0.022297902032732964, 0.018483346328139305, 0.008771746419370174, 0.003249167697504163, 0.001253299880772829, 0.0005889779422432184], [0.0008024953422136605, 0.0018716350896283984, 0.005503260530531406, 0.017346933484077454, 0.046707235276699066, 0.06957684457302094, 0.05100243538618088, 0.01956435665488243, 0.006127830129116774, 0.0019980566576123238, 0.0008772993460297585], [0.0009723347029648721, 0.00191841262858361, 0.006482988595962524, 0.022419944405555725, 0.0741715207695961, 0.1148771271109581, 0.07386178523302078, 0.023685194551944733, 0.006924159359186888, 0.0021759984083473682, 0.0010198622476309538], [0.0008169887587428093, 0.0015768354060128331, 0.005043381359428167, 0.015613610856235027, 0.04915215075016022, 0.07360651344060898, 0.04425353556871414, 0.013913092203438282, 0.004388005007058382, 0.001577524351887405, 0.0007492545992136002], [0.0005767408292740583, 0.0011480506509542465, 0.002883794018998742, 0.0070338016375899315, 0.01565098762512207, 0.020641224458813667, 0.013606654480099678, 0.0054965391755104065, 0.0020968278404325247, 0.0009389895130880177, 0.00047432162682525814], [0.00041915036854334176, 0.0007940768264234066, 0.0014565075980499387, 0.002724551595747471, 0.004566851072013378, 0.005735534708946943, 0.004457851871848106, 0.0021445145830512047, 0.0010087474947795272, 0.0005227427463978529, 0.00031827465863898396], [0.00027611030964180827, 0.0005142255686223507, 0.0007493302691727877, 0.0011076170485466719, 0.0014860165538266301, 0.0017490459140390158, 0.001704969210550189, 0.0010717568220570683, 0.0005640056915581226, 0.00031408300856128335, 0.000221931841224432], [0.00018078695575241, 0.00030457924003712833, 0.00041139713721349835, 0.0005244039930403233, 0.0007349200313910842, 0.0010315622203052044, 0.0010221024276688695, 0.0006688134162686765, 0.0003630048595368862, 0.0002335428580408916, 0.0001600368123035878]], "height": 84, "imageWidth": 512, "psfWidth": 11, "imageHeight": 512}