{"imageWidth": 512, "height": 253, "imageHeight": 512, "psf": [[0.00017420116637367755, 0.0003807322937063873, 0.0006328907329589128, 0.0007851556874811649, 0.000931061222217977, 0.0010591601021587849, 0.000912659103050828, 0.0007389585953205824, 0.00048089202027767897, 0.0002915586228482425, 0.0001757681166054681], [0.00033325867843814194, 0.0005182638415135443, 0.0009541346225887537, 0.0016303574666380882, 0.002110675908625126, 0.0021495656110346317, 0.0018930110381916165, 0.0014149569906294346, 0.0009189207339659333, 0.0005459408857859671, 0.00029889008146710694], [0.0005475515499711037, 0.0008822280215099454, 0.0016338115092366934, 0.003205654677003622, 0.005813114810734987, 0.007064213976264, 0.005797422491014004, 0.0034359481651335955, 0.0017270920798182487, 0.0008786229300312698, 0.0004634108336176723], [0.0008459550444968045, 0.0014783729566261172, 0.0029685136396437883, 0.007292129565030336, 0.016781717538833618, 0.023260917514562607, 0.01791275106370449, 0.008744899183511734, 0.003464692272245884, 0.0014011060120537877, 0.0006103598861955106], [0.001173829659819603, 0.001947492710314691, 0.005119744688272476, 0.014501811936497688, 0.04613317921757698, 0.07385718822479248, 0.04918154701590538, 0.016891825944185257, 0.0054263705387711525, 0.0015761550748720765, 0.0007842910708859563], [0.0012130956165492535, 0.0018325367709621787, 0.006112921517342329, 0.01876157522201538, 0.07224602997303009, 0.11983682960271835, 0.07153896987438202, 0.019691314548254013, 0.006173458881676197, 0.0015654821181669831, 0.0009134866995736957], [0.0009143897914327681, 0.0014153709635138512, 0.004481628071516752, 0.01379143912345171, 0.04814275726675987, 0.07589764147996902, 0.045172322541475296, 0.013623982667922974, 0.004697079304605722, 0.0014214287512004375, 0.0008186057675629854], [0.0005268282257020473, 0.0010441753547638655, 0.002478688722476363, 0.00662684952840209, 0.016009148210287094, 0.022277193143963814, 0.015146160498261452, 0.006375672295689583, 0.0026135160587728024, 0.0011104157892987132, 0.0006655951729044318], [0.000393388036172837, 0.0006867119227536023, 0.0013012986164540052, 0.002705162623897195, 0.004934691824018955, 0.006125201471149921, 0.004656391683965921, 0.0026192604564130306, 0.001388459699228406, 0.0007213567732833326, 0.0003912550746463239], [0.00019716461247298867, 0.00046876154374331236, 0.0008441649843007326, 0.001380409230478108, 0.0017952666385099292, 0.00171442492865026, 0.00152971176430583, 0.0011160100111737847, 0.0007848546956665814, 0.0005034162313677371, 0.00025008112424984574], [0.00025967066176235676, 0.00041414282168261707, 0.0006003884482197464, 0.0008202061871998012, 0.00092593755107373, 0.0008437391952611506, 0.0007888292311690748, 0.0005963377188891172, 0.00043577051837928593, 0.00032505198032595217, 0.0002110083296429366]], "psfHeight": 11, "psfWidth": 11, "width": 253}