{"psfHeight": 11, "width": 271, "psf": [[0.00029459281358867884, 0.0003184942761436105, 0.0005677937879227102, 0.0009335901122540236, 0.001318270107731223, 0.001378700602799654, 0.0011671826941892505, 0.0008540547569282353, 0.0005971561186015606, 0.00035550116444937885, 0.00018601732153911144], [0.0004437951429281384, 0.000718501047231257, 0.0011975864181295037, 0.0020764763467013836, 0.0028786419425159693, 0.003198042046278715, 0.0026020219083875418, 0.0018474120879545808, 0.0010846920777112246, 0.000660575577057898, 0.0004324687470216304], [0.0005958365509286523, 0.0011995737440884113, 0.0024503350723534822, 0.004678645636886358, 0.007531233597546816, 0.008769490756094456, 0.007161863148212433, 0.004298569168895483, 0.0022055720910429955, 0.0011363464873284101, 0.000644182728137821], [0.0007641178090125322, 0.0018794269999489188, 0.004432091023772955, 0.010492675006389618, 0.02008858509361744, 0.025421012192964554, 0.018957456573843956, 0.009415683336555958, 0.00401280727237463, 0.0016593552427366376, 0.0008336075698025525], [0.00100142287556082, 0.002293558092787862, 0.0063929432071745396, 0.018389970064163208, 0.04425233229994774, 0.0619855560362339, 0.043126195669174194, 0.01720377989113331, 0.006061978172510862, 0.0023857555352151394, 0.0011269960086792707], [0.001123305642977357, 0.002260626060888171, 0.0071659027598798275, 0.021700693294405937, 0.05933236703276634, 0.08939944952726364, 0.06015187129378319, 0.02136467583477497, 0.0070750112645328045, 0.0023865147959440947, 0.0011464456329122186], [0.0009924224577844143, 0.002175878966227174, 0.005781460553407669, 0.016391176730394363, 0.04242250323295593, 0.0636763796210289, 0.04377933219075203, 0.016276922076940536, 0.0054730200208723545, 0.0019765053875744343, 0.00089022156316787], [0.0007294743554666638, 0.0017079905373975635, 0.003975702915340662, 0.009082052856683731, 0.018692728132009506, 0.024883734062314034, 0.018369795754551888, 0.008408274501562119, 0.0034648997243493795, 0.0014228825457394123, 0.0006540155154652894], [0.0006006238982081413, 0.001263094018213451, 0.0025086011737585068, 0.004717736039310694, 0.007493683136999607, 0.008665816858410835, 0.006702909711748362, 0.003804991487413645, 0.0020037945359945297, 0.0009919697185978293, 0.0005882485420443118], [0.00042293444857932627, 0.0007636307273060083, 0.0014400623040273786, 0.002341336337849498, 0.003158062929287553, 0.003372389357537031, 0.002767266472801566, 0.0019208124140277505, 0.0012085471535101533, 0.0007533477037213743, 0.0003886841586790979], [0.00033875691588036716, 0.0004803219635505229, 0.0008376130717806518, 0.0010671918280422688, 0.0014356219908222556, 0.0015841454733163118, 0.0014370037242770195, 0.001145309186540544, 0.0006476546404883265, 0.0005379146314226091, 0.0003151880227960646]], "height": 271, "imageWidth": 512, "psfWidth": 11, "imageHeight": 512}