{"psfHeight": 11, "width": 75, "psf": [[0.0002491942432243377, 0.0004203234857413918, 0.0005718634929507971, 0.0008604468894191086, 0.0009253565804101527, 0.0009153370629064739, 0.000967001193203032, 0.0008028551237657666, 0.0005143707385286689, 0.0003282293037045747, 0.00019170048472005874], [0.0002752003783825785, 0.0004981699166819453, 0.0008379006176255643, 0.0016637705266475677, 0.0017570838099345565, 0.0017033148324117064, 0.0017131803324446082, 0.0013996444176882505, 0.0008165945764631033, 0.0005431533791124821, 0.00022160596563480794], [0.0003668494464363903, 0.000623825762886554, 0.0012855622917413712, 0.0028827416244894266, 0.0048744650557637215, 0.005710782948881388, 0.0048125134781003, 0.0028803052846342325, 0.0015804278664290905, 0.0008500460535287857, 0.00042942387517541647], [0.00044589798199012876, 0.0008712793933227658, 0.0018463890301063657, 0.005607872735708952, 0.014776254072785378, 0.02137155644595623, 0.01529216393828392, 0.0068925414234399796, 0.0026043346151709557, 0.0011280199978500605, 0.0006219440838322043], [0.0007465197704732418, 0.0010461034253239632, 0.0034745819866657257, 0.011715719476342201, 0.04802216961979866, 0.081752248108387, 0.048111435025930405, 0.014473888091742992, 0.004390889313071966, 0.0015054376563057303, 0.0007045221864245832], [0.0008690364193171263, 0.0012868397170677781, 0.00461942795664072, 0.017173267900943756, 0.07867572456598282, 0.13809415698051453, 0.07630442082881927, 0.020418981090188026, 0.005755248013883829, 0.0016719811828806996, 0.0008196906419470906], [0.0007706597680225968, 0.001478161895647645, 0.003870312124490738, 0.013449620455503464, 0.047759708017110825, 0.08183600753545761, 0.049825482070446014, 0.015155425295233727, 0.004450085107237101, 0.001473735785111785, 0.0007798298029229045], [0.0006058709695935249, 0.0011210364755243063, 0.0022801600862294436, 0.005968550220131874, 0.01274337898939848, 0.01887495256960392, 0.015179689973592758, 0.006484092213213444, 0.002489311620593071, 0.0011297051096335053, 0.000516590429469943], [0.00037051341496407986, 0.0006790175684727728, 0.0011945674195885658, 0.0021132263354957104, 0.00375840300694108, 0.004817919339984655, 0.004229801241308451, 0.0025560162030160427, 0.0012390033807605505, 0.0007080023642629385, 0.00033240311313420534], [0.0002854655613191426, 0.0004154324415139854, 0.0006302241235971451, 0.0009605659870430827, 0.0011365454411134124, 0.000980488839559257, 0.0013197624357417226, 0.001094202627427876, 0.0005628282087855041, 0.000262792338617146, 0.00023951813636813313], [0.00016050798876676708, 0.00022386174532584846, 0.0003845948667731136, 0.00044942612294107676, 0.0005946644814684987, 0.0006972088594920933, 0.0006705693085677922, 0.0005128969787620008, 0.0002696423325687647, 0.00020537024829536676, 0.0001383833441650495]], "height": 75, "imageWidth": 512, "psfWidth": 11, "imageHeight": 512}