{"imageWidth": 512, "height": 237, "imageHeight": 512, "psf": [[0.00040187101694755256, 0.0006806066376157105, 0.0008760641794651747, 0.0013988028513267636, 0.0016945162788033485, 0.0020058711525052786, 0.0018512812675908208, 0.001383919850923121, 0.0010246334131807089, 0.0006824324373155832, 0.00039014933281578124], [0.0005611582309938967, 0.0010839368915185332, 0.0017060823738574982, 0.0028134325984865427, 0.00397983705624938, 0.00432161521166563, 0.004043718799948692, 0.0029736412689089775, 0.001988339936360717, 0.0010067156981676817, 0.0004925777902826667], [0.000887660717125982, 0.0017682028701528907, 0.0033880900591611862, 0.00601684395223856, 0.00907428003847599, 0.010765055194497108, 0.009752507321536541, 0.006488128565251827, 0.003512841649353504, 0.00185879017226398, 0.0008967446046881378], [0.0012101554311811924, 0.002458280883729458, 0.005359048955142498, 0.011195934377610683, 0.020156068727374077, 0.025542406365275383, 0.021327098831534386, 0.01239917054772377, 0.005859763361513615, 0.0026856812182813883, 0.0012532237451523542], [0.001533254748210311, 0.0031979132909327745, 0.007883270271122456, 0.019159533083438873, 0.037981629371643066, 0.05007863789796829, 0.03935939446091652, 0.019647613167762756, 0.008000052534043789, 0.0031310110352933407, 0.0013777848798781633], [0.001807958702556789, 0.003553955815732479, 0.008989132940769196, 0.02339685894548893, 0.04987187311053276, 0.0666937604546547, 0.04975968599319458, 0.023051662370562553, 0.008681569248437881, 0.003422510577365756, 0.0013621944235637784], [0.001497388817369938, 0.0032907926943153143, 0.007647150661796331, 0.019057191908359528, 0.03941349312663078, 0.05222821235656738, 0.038915544748306274, 0.017817791551351547, 0.007198558188974857, 0.0029205793980509043, 0.0012496551498770714], [0.0011188893113285303, 0.002241310430690646, 0.005017868708819151, 0.01080444548279047, 0.019878001883625984, 0.02506851591169834, 0.019593525677919388, 0.010077262297272682, 0.004465659614652395, 0.0021652569994330406, 0.0009969777893275023], [0.000891338859219104, 0.0014931525802239776, 0.002803043695166707, 0.0050674742087721825, 0.00814467016607523, 0.009569065645337105, 0.007822521030902863, 0.00471116928383708, 0.002394134411588311, 0.0013254344230517745, 0.0006566623924300075], [0.000369930115994066, 0.0008499069954268634, 0.0014401832595467567, 0.0024082770105451345, 0.0033272558357566595, 0.0036223195493221283, 0.00307318102568388, 0.0020802305079996586, 0.0014001944800838828, 0.0007620625547133386, 0.00045649352250620723], [0.00031483860220760107, 0.00039992117672227323, 0.000796086504124105, 0.001132311997935176, 0.0014237401774153113, 0.0015664740931242704, 0.0014276428846642375, 0.001027761842124164, 0.0006575954612344503, 0.0004856437735725194, 0.0002768747217487544]], "psfHeight": 11, "psfWidth": 11, "width": 237}