{"imageWidth": 512, "height": 225, "imageHeight": 512, "psf": [[0.00010133659088751301, 0.0001366071228403598, 0.000694360351189971, 0.0008245462668128312, 0.0010573515901342034, 0.0008531369385309517, 0.000516932865139097, 0.0006465383339673281, 0.0004851194971706718, 0.00022704976436216384, 0.0001461366773582995], [0.00019224149582441896, 0.0003567518724594265, 0.0007246565073728561, 0.00153541739564389, 0.0017466031713411212, 0.001309240935370326, 0.00133004249073565, 0.0012627802789211273, 0.0005995033425278962, 0.00046003394527360797, 0.0001873766304925084], [0.0003760819381568581, 0.0003863447636831552, 0.0011465169955044985, 0.0023758967872709036, 0.004258338361978531, 0.004686854314059019, 0.0037989739794284105, 0.0025263908319175243, 0.001194528304040432, 0.0006390413618646562, 0.0004206827434245497], [0.00048502173740416765, 0.0007368049118667841, 0.0017535085789859295, 0.005029004067182541, 0.012058560736477375, 0.01716337911784649, 0.012522240169346333, 0.005441170185804367, 0.0022583247628062963, 0.0008653156110085547, 0.000278263702057302], [0.0007240777486003935, 0.001043840078637004, 0.0036091336514800787, 0.011432056315243244, 0.047783322632312775, 0.08458340167999268, 0.04629028961062431, 0.011476501822471619, 0.0034016442950814962, 0.0011987899197265506, 0.000573743658605963], [0.0010941742220893502, 0.0010434568393975496, 0.0057034860365092754, 0.01621340773999691, 0.08942489326000214, 0.171866774559021, 0.08868473768234253, 0.018556002527475357, 0.004940864630043507, 0.0009197759791277349, 0.0007389139500446618], [0.0009885000763460994, 0.0012510544620454311, 0.004277483560144901, 0.0115594994276762, 0.04528256505727768, 0.08411139994859695, 0.051014501601457596, 0.01384138222783804, 0.004199052695184946, 0.0010254086228087544, 0.0005043289856985211], [0.0003597073373384774, 0.0008939544204622507, 0.0018452610820531845, 0.004836710635572672, 0.008984372019767761, 0.011809943243861198, 0.010534602217376232, 0.005086454562842846, 0.0021652786526829004, 0.0008780253119766712, 0.00047667371109128], [0.0003780881525017321, 0.0005788402049802244, 0.001012008753605187, 0.0020869073923677206, 0.0031290664337575436, 0.0036135572008788586, 0.003036587266251445, 0.001778034376911819, 0.0012456011027097702, 0.00038204994052648544, 5.460483953356743e-05], [0.00029760863981209695, 0.00029436699696816504, 0.0005399009096436203, 0.0006395060336217284, 0.0006850550998933613, 0.0002377497439738363, 0.0007112757302820683, 0.0007726540789008141, 0.0005372822051867843, 0.00024182148627005517, 0.0002727877872530371], [0.00021965705673210323, 0.00013735932589042932, 0.00015661271754652262, 0.000433857727330178, 0.0005797192570753396, 0.000981359975412488, 0.0006954339914955199, 0.00042953857337124646, 0.00035029021091759205, 0.00021622556960210204, 0.00025015053688548505]], "psfHeight": 11, "psfWidth": 11, "width": 225}