{"imageWidth": 512, "height": 114, "imageHeight": 512, "psf": [[0.00024198430764954537, 0.00020793802104890347, 0.00035871259751729667, 0.0006088927038945258, 0.000770876940805465, 0.000992516172118485, 0.0008938468527048826, 0.0009284011903218925, 0.0005335999303497374, 0.0004047553229611367, 0.00035517296055331826], [0.00015881079889368266, 0.00039988363278098404, 0.0007538130739703774, 0.001270935987122357, 0.0018496258417144418, 0.002420173492282629, 0.0024460882414132357, 0.001820392208173871, 0.0009876420954242349, 0.0007243776344694197, 0.0003396960673853755], [0.000333155709085986, 0.001055025728419423, 0.0014728984097018838, 0.002984212012961507, 0.005354537628591061, 0.007543560117483139, 0.007452620659023523, 0.004193596076220274, 0.0019310805946588516, 0.0008321641362272203, 0.00045950411004014313], [0.0006273226463235915, 0.0015353545313701034, 0.0033550988882780075, 0.007550708018243313, 0.01555879320949316, 0.024848876520991325, 0.022568490356206894, 0.009678233414888382, 0.0029970735777169466, 0.0011483202688395977, 0.000703416473697871], [0.0010056819301098585, 0.00203882809728384, 0.005690414924174547, 0.018381228670477867, 0.047082431614398956, 0.06967131793498993, 0.051028184592723846, 0.01717638038098812, 0.00444722268730402, 0.001295953756198287, 0.0007365398341789842], [0.0009733046754263341, 0.002230812096968293, 0.006108448840677738, 0.022910425439476967, 0.06935296207666397, 0.10537653416395187, 0.06595088541507721, 0.018722981214523315, 0.0050048562698066235, 0.0013798556756228209, 0.0006424832390621305], [0.0008019312517717481, 0.001662681926973164, 0.004724893253296614, 0.013472729362547398, 0.041991159319877625, 0.07503525167703629, 0.04844014346599579, 0.01336110383272171, 0.004487549886107445, 0.0011767031392082572, 0.0007407090743072331], [0.0006339548854157329, 0.0013494181912392378, 0.002853734651580453, 0.007278590463101864, 0.016139134764671326, 0.024945469573140144, 0.01818099431693554, 0.006982036866247654, 0.002847595140337944, 0.0011392298620194197, 0.0005619062576442957], [0.000638116558548063, 0.0011446299031376839, 0.0019386385101824999, 0.0034301425330340862, 0.005441193003207445, 0.006482789292931557, 0.005189064424484968, 0.0031575127504765987, 0.001506682951003313, 0.0007531337323598564, 0.00047014676965773106], [0.0005188262439332902, 0.001000907039269805, 0.001174218370579183, 0.00172843795735389, 0.00192005536518991, 0.0018524411134421825, 0.0018947093049064279, 0.0015395566588267684, 0.0009050414082594216, 0.0004956302000209689, 0.00025958227342925966], [0.0002542953297961503, 0.000606258399784565, 0.0007636022637598217, 0.0007332999957725406, 0.0009654833120293915, 0.000927935354411602, 0.0006945889326743782, 0.0007753613172098994, 0.0005835648044012487, 0.00029058309155516326, 0.0002967416075989604]], "psfHeight": 11, "psfWidth": 11, "width": 114}