{"psfHeight": 11, "width": 190, "psf": [[0.0002965152671094984, 0.0005172135424800217, 0.0006354794604703784, 0.0005386182456277311, 0.000734821311198175, 0.0010625505819916725, 0.0009663754608482122, 0.0006403345614671707, 0.0003511375980451703, 0.000286202528513968, 0.00011421302770031616], [0.00028359354473650455, 0.0006519895978271961, 0.001195136341266334, 0.0012770830653607845, 0.0012742351973429322, 0.0015034364769235253, 0.0016355905681848526, 0.0013534873723983765, 0.0009215968893840909, 0.0004046047106385231, 0.00023539613175671548], [0.000352664414094761, 0.0007677782559767365, 0.0017825347604230046, 0.002904211636632681, 0.004218820482492447, 0.005817777942866087, 0.00509581808000803, 0.0029795838054269552, 0.0014597843401134014, 0.000675869348924607, 0.00035419847699813545], [0.0003902577154804021, 0.0008007688447833061, 0.0021096346899867058, 0.005595932248979807, 0.012739801779389381, 0.019022755324840546, 0.014788985252380371, 0.0061622983776032925, 0.002391490852460265, 0.0011387126287445426, 0.00048692000564187765], [0.0005143534508533776, 0.0008452052134089172, 0.002967801410704851, 0.010706810280680656, 0.0464935377240181, 0.08529474586248398, 0.0493052713572979, 0.01369531825184822, 0.004156086593866348, 0.0014840345829725266, 0.0007489758427254856], [0.000912282383069396, 0.0008480405085720122, 0.004086288623511791, 0.01500001735985279, 0.08148008584976196, 0.15679574012756348, 0.08097487688064575, 0.01891733892261982, 0.00526826549321413, 0.001495871227234602, 0.0008045039721764624], [0.0006602969951927662, 0.0011901274556294084, 0.0035839173942804337, 0.011712316423654556, 0.050051428377628326, 0.08632126450538635, 0.045914746820926666, 0.012815076857805252, 0.003992942627519369, 0.0012205009115859866, 0.0006378086982294917], [0.0005708274547941983, 0.0011710375547409058, 0.0022472182754427195, 0.005402209237217903, 0.012015986256301403, 0.01564295031130314, 0.010781723074615002, 0.005209168419241905, 0.002182888798415661, 0.0010485404636710882, 0.0004544969997368753], [0.0004530010628513992, 0.0006930591189302504, 0.0011961327400058508, 0.002065324457362294, 0.0038220032583922148, 0.005030273925513029, 0.003565180813893676, 0.0020468595903366804, 0.0010286497417837381, 0.0005770716816186905, 0.0003440977307036519], [0.0003301106917206198, 0.00035704419133253396, 0.0005174752441234887, 0.0009974886197596788, 0.0011174934916198254, 0.0010400612372905016, 0.001051741885021329, 0.0008904070127755404, 0.0005728674586862326, 0.0002487671736162156, 0.00017091946210712194], [0.00015360199904534966, 0.0002535208477638662, 0.00040322417044080794, 0.0004732955130748451, 0.0008577499538660049, 0.0012303083203732967, 0.0007710187346674502, 0.0004873252473771572, 0.0003571531269699335, 0.00019764303578995168, 0.00015999320021364838]], "height": 190, "imageWidth": 512, "psfWidth": 11, "imageHeight": 512}