{"imageWidth": 512, "height": 121, "imageHeight": 512, "psf": [[0.00042515527456998825, 0.0003963577910326421, 0.000634196272585541, 0.0006424777675420046, 0.000821599387563765, 0.0010140144731849432, 0.0009562597842887044, 0.0009379350813105702, 0.0008566605974920094, 0.0007347462815232575, 0.00047923577949404716], [0.00048100866843014956, 0.0007997479988262057, 0.0010354829719290137, 0.0014085641596466303, 0.0018624349031597376, 0.0022689623292535543, 0.0021390782203525305, 0.0019491319544613361, 0.001473694108426571, 0.001060427981428802, 0.0006481377640739083], [0.0005717778694815934, 0.001059103524312377, 0.001971174729987979, 0.003403634764254093, 0.0054964288137853146, 0.007218013517558575, 0.006315478589385748, 0.004217975772917271, 0.0025214673951268196, 0.0014669708907604218, 0.0007741385488770902], [0.0006609169067814946, 0.0014769118279218674, 0.003554221708327532, 0.008588140830397606, 0.017060743644833565, 0.022272348403930664, 0.0172551479190588, 0.010146680288016796, 0.005063620861619711, 0.0021786773577332497, 0.0011225632624700665], [0.0007954981410875916, 0.00184579286724329, 0.005383714102208614, 0.018080543726682663, 0.04597819596529007, 0.06181709095835686, 0.04199486970901489, 0.020867085084319115, 0.009023143909871578, 0.0030140432063490152, 0.0013929102569818497], [0.0008111836505122483, 0.0018997061997652054, 0.006134943105280399, 0.023829279467463493, 0.06993418186903, 0.09646762907505035, 0.06541922688484192, 0.028579698875546455, 0.010481590405106544, 0.0033507023472338915, 0.0015384271973744035], [0.000743902928661555, 0.001579235540702939, 0.004752811975777149, 0.016350528225302696, 0.04468684643507004, 0.0629521906375885, 0.04654599726200104, 0.02139095589518547, 0.008124087005853653, 0.0028335175011307, 0.0013194822240620852], [0.0005687162629328668, 0.0010869447141885757, 0.002729967702180147, 0.006808750797063112, 0.014413990080356598, 0.019419778138399124, 0.01606346108019352, 0.009203135967254639, 0.004311473574489355, 0.001851832028478384, 0.0010417213197797537], [0.0004219184338580817, 0.0006971941329538822, 0.0014181028818711638, 0.002709756139665842, 0.00489713903516531, 0.005837653297930956, 0.0049193548038601875, 0.0034381519071757793, 0.0019218485103920102, 0.001075951149687171, 0.000616269011516124], [0.000293149147182703, 0.000505481322761625, 0.0008088239701464772, 0.001232328824698925, 0.0017385961255058646, 0.0018520838348194957, 0.0016300301067531109, 0.0013651500921696424, 0.0009780634427443147, 0.0005990021163597703, 0.00041715431143529713], [0.00020022255193907768, 0.0002943751751445234, 0.00038177488022483885, 0.0006234616157598794, 0.0009117019944824278, 0.0009037874988280237, 0.0008403965039178729, 0.0005787362460978329, 0.00044942006934434175, 0.00036165170604363084, 0.00024105269403662533]], "psfHeight": 11, "psfWidth": 11, "width": 121}