{"imageWidth": 512, "height": 110, "imageHeight": 512, "psf": [[0.00016665209841448814, 0.0003458321443758905, 0.0004993268521502614, 0.0010059371124953032, 0.0014615088002756238, 0.0013179935049265623, 0.0012934912228956819, 0.0010076358448714018, 0.0007547657587565482, 0.0004781220923177898, 0.00029126793378964067], [0.00030722483643330634, 0.0005088611505925655, 0.001078214612789452, 0.001760415849275887, 0.002628793241456151, 0.003064227756112814, 0.0028028790839016438, 0.0021884434390813112, 0.0013914289884269238, 0.0008046694565564394, 0.0004186631413176656], [0.0005222192266955972, 0.0010289849014952779, 0.0020137017127126455, 0.003743063658475876, 0.006383712403476238, 0.008332391269505024, 0.0076478468254208565, 0.004767491947859526, 0.002500129397958517, 0.0011643297038972378, 0.0005332675063982606], [0.0008246261859312654, 0.0017414451576769352, 0.003913666121661663, 0.009026625193655491, 0.018302951008081436, 0.025898657739162445, 0.02152627892792225, 0.010546904988586903, 0.0038776921574026346, 0.0016026818193495274, 0.0007150897290557623], [0.0009982670890167356, 0.0024430700577795506, 0.006206233985722065, 0.01780981384217739, 0.044432032853364944, 0.06345367431640625, 0.04802156612277031, 0.019407687708735466, 0.005921157542616129, 0.0020415049511939287, 0.000773431034758687], [0.001183720538392663, 0.002544368151575327, 0.007121266331523657, 0.022677624598145485, 0.06314357370138168, 0.09138036519289017, 0.06242282688617706, 0.02252388559281826, 0.006776353344321251, 0.002076268196105957, 0.0008691660477779806], [0.0011380845680832863, 0.002039749175310135, 0.005464570596814156, 0.017051629722118378, 0.046522676944732666, 0.06683915108442307, 0.04385903850197792, 0.01608300395309925, 0.0053604599088430405, 0.0017818609485402703, 0.0009289326262660325], [0.0007610821630805731, 0.0015137381851673126, 0.0030503091402351856, 0.008427777327597141, 0.018685132265090942, 0.02481997385621071, 0.01770491525530815, 0.007946732454001904, 0.003216247772797942, 0.0013889055699110031, 0.0006273189792409539], [0.0004828287928830832, 0.000921794620808214, 0.0017425065161660314, 0.0034752548672258854, 0.0055281249806284904, 0.006764610763639212, 0.00532869715243578, 0.003006409853696823, 0.0017103751888498664, 0.0009107774239964783, 0.0004984709084965289], [0.000404297694331035, 0.0005568137858062983, 0.0009458098211325705, 0.001428578165359795, 0.0018734658369794488, 0.0020411056466400623, 0.0017934703500941396, 0.001300694770179689, 0.000852990138810128, 0.000533896847628057, 0.0004125935083720833], [0.00034344883169978857, 0.0003334089706186205, 0.00045594319817610085, 0.0006277755601331592, 0.0007958232890814543, 0.0008364130626432598, 0.0008036214858293533, 0.0006056635756976902, 0.0004408224194776267, 0.00033930354402400553, 0.00027489205240271986]], "psfHeight": 11, "psfWidth": 11, "width": 110}