{"psfHeight": 11, "width": 210, "psf": [[0.0002982949372380972, 0.0005923726712353528, 0.0006656807381659746, 0.0009210974094457924, 0.0011573511874303222, 0.0012448470806702971, 0.001082314527593553, 0.000848269322887063, 0.0005979943089187145, 0.00040318482206203043, 0.0002233302075183019], [0.00034264352871105075, 0.0006026451592333615, 0.0011408698046579957, 0.0016081647481769323, 0.00232774973846972, 0.002679788740351796, 0.002713071648031473, 0.0017836164915934205, 0.0010551100131124258, 0.0005243735504336655, 0.00033241912024095654], [0.0005155283724889159, 0.0008363425731658936, 0.0017789978301152587, 0.0033733306918293238, 0.006001766305416822, 0.008507399819791317, 0.007344917859882116, 0.004149628337472677, 0.0019661984406411648, 0.000828595133498311, 0.0004815597494598478], [0.0005388052668422461, 0.001029302249662578, 0.002377380384132266, 0.0066905999556183815, 0.018257616087794304, 0.02818620204925537, 0.021334700286388397, 0.009735926985740662, 0.0037502890918403864, 0.0012695447076112032, 0.0006870167562738061], [0.000543102971278131, 0.0009771166369318962, 0.0034577143378555775, 0.012453721836209297, 0.0463997982442379, 0.07315924763679504, 0.046877723187208176, 0.018407534807920456, 0.005872405134141445, 0.0020631568040698767, 0.000820184126496315], [0.000650913396384567, 0.0011116416426375508, 0.004336735233664513, 0.01712965779006481, 0.07057829946279526, 0.1113622710108757, 0.06782007217407227, 0.024581950157880783, 0.007107208017259836, 0.002824831986799836, 0.0009082852047868073], [0.000666271080262959, 0.0011091449996456504, 0.0034236053470522165, 0.014033496379852295, 0.051581189036369324, 0.07571272552013397, 0.046095237135887146, 0.01708151027560234, 0.005286787170916796, 0.0019523677183315158, 0.0007961114752106369], [0.0005615805857814848, 0.0009113353444263339, 0.00236418005079031, 0.006501742172986269, 0.01653636060655117, 0.02095259353518486, 0.013768605887889862, 0.006658659782260656, 0.0027043218724429607, 0.0009521147003397346, 0.000547477975487709], [0.00035513483453541994, 0.0006990490364842117, 0.0014705020003020763, 0.0025713334325701, 0.004336904268711805, 0.004976073279976845, 0.004026773385703564, 0.002324474509805441, 0.0014451051829382777, 0.0006530994432978332, 0.0002701092744246125], [0.00019781445735134184, 0.0006073138792999089, 0.0010005871299654245, 0.0011314540170133114, 0.0014219708973541856, 0.0014891116879880428, 0.0012651131255552173, 0.0009308714652433991, 0.0007002474158070982, 0.0004761539457831532, 9.564212086843327e-05], [0.00023106505977921188, 0.0003802381397690624, 0.0005687661468982697, 0.0005441633984446526, 0.0006189189152792096, 0.0009442466543987393, 0.0005610805237665772, 0.0004899839404970407, 0.00031347788171842694, 0.00020992427016608417, 0.0002654271374922246]], "height": 210, "imageWidth": 512, "psfWidth": 11, "imageHeight": 512}