{"psfHeight": 11, "width": 199, "psf": [[0.0002008996671065688, 0.00031677694641985, 0.0005706578376702964, 0.000816600862890482, 0.001220267964527011, 0.0015063491882756352, 0.0013229273026809096, 0.0010651374468579888, 0.0007031905697658658, 0.0004454403533600271, 0.00035270009539090097], [0.00037118297768756747, 0.0005898786475881934, 0.0010885687079280615, 0.0017855236073955894, 0.002556280232965946, 0.003014074405655265, 0.002620074898004532, 0.0019173526670783758, 0.0012572736013680696, 0.0007907009567134082, 0.0005244004423730075], [0.0005318554467521608, 0.001027200254611671, 0.002132437424734235, 0.004173882771283388, 0.0068092248402535915, 0.008076421916484833, 0.0066763306967914104, 0.004331246018409729, 0.0024036511313170195, 0.0012868402991443872, 0.0007572122267447412], [0.0008159852586686611, 0.00171900843270123, 0.0038934461772441864, 0.0093286307528615, 0.019344355911016464, 0.024868082255125046, 0.019117694348096848, 0.010010577738285065, 0.004348804242908955, 0.0019772860687226057, 0.0009476778213866055], [0.0010882638162001967, 0.0022797337733209133, 0.006106843240559101, 0.017432549968361855, 0.04441394284367561, 0.06282461434602737, 0.045565877109766006, 0.01966322958469391, 0.006593693047761917, 0.002385845175012946, 0.0010297811822965741], [0.0011240682797506452, 0.0023706085048615932, 0.007119129877537489, 0.02260659821331501, 0.06221345439553261, 0.08999475091695786, 0.06216869130730629, 0.02417977899312973, 0.007368639577180147, 0.002368125831708312, 0.0010359140578657389], [0.000911551236640662, 0.00196930393576622, 0.005767511669546366, 0.017823368310928345, 0.04623229429125786, 0.06405322253704071, 0.043330561369657516, 0.017250334843993187, 0.005738092586398125, 0.002051128074526787, 0.0009169940603896976], [0.0006541983457282186, 0.0014251432148739696, 0.0035137548111379147, 0.009027544409036636, 0.01902434416115284, 0.02453790418803692, 0.01781255379319191, 0.008305327035486698, 0.0033568176440894604, 0.001415200880728662, 0.0006893729441799223], [0.0004827633092645556, 0.0008610619115643203, 0.0018362704431638122, 0.003639794886112213, 0.006054338067770004, 0.007424050476402044, 0.006007219199091196, 0.0034960159100592136, 0.0018009715713560581, 0.000906054861843586, 0.0005169473588466644], [0.00031848213984631, 0.0005788827547803521, 0.0008798745111562312, 0.0015613216673955321, 0.002123359590768814, 0.0022822401951998472, 0.002059098333120346, 0.001470831804908812, 0.000961754412855953, 0.0005824847612529993, 0.00038004491943866014], [0.00022301299031823874, 0.000359858269803226, 0.0005144909955561161, 0.0007612088229507208, 0.0008873678743839264, 0.0009469981305301189, 0.0008985318709164858, 0.0007203970453701913, 0.0005325772217474878, 0.0003658679488580674, 0.00021104184270370752]], "height": 199, "imageWidth": 512, "psfWidth": 11, "imageHeight": 512}