{"imageWidth": 512, "height": 62, "imageHeight": 512, "psf": [[0.00027916947146877646, 0.0005697040469385684, 0.0009181014029309154, 0.0011531250784173608, 0.001530829700641334, 0.001813795417547226, 0.0014131140196695924, 0.0013588411966338754, 0.001171980402432382, 0.0006236754124984145, 0.0005412074388004839], [0.0004565257113426924, 0.000995561946183443, 0.0014711575349792838, 0.0023489724844694138, 0.003380801761522889, 0.003861411474645138, 0.0030761673115193844, 0.002613796154037118, 0.0018302189419046044, 0.0009995484724640846, 0.0006048573413863778], [0.0008416619384661317, 0.001282008714042604, 0.0024412530474364758, 0.004772702232003212, 0.008197125047445297, 0.009878037497401237, 0.00857246108353138, 0.005578868556767702, 0.0030449090991169214, 0.0016068138647824526, 0.0007912457804195583], [0.00106194952968508, 0.0018205587984994054, 0.0043443357571959496, 0.010518914088606834, 0.019628727808594704, 0.025092903524637222, 0.020611664280295372, 0.011754755862057209, 0.005544604267925024, 0.0025124303065240383, 0.0010861058253794909], [0.001129195443354547, 0.002667186548933387, 0.007012403104454279, 0.018418092280626297, 0.04078587889671326, 0.05444987863302231, 0.04135837033390999, 0.01969124563038349, 0.007773339748382568, 0.0027952827513217926, 0.001033979351632297], [0.0013779967557638884, 0.0031799913849681616, 0.008342850022017956, 0.023569105193018913, 0.054877154529094696, 0.07431238144636154, 0.05397193133831024, 0.024142170324921608, 0.008923743851482868, 0.0031838968861848116, 0.0012247634585946798], [0.001428641495294869, 0.002750907326117158, 0.006699319928884506, 0.01911640539765358, 0.04161974787712097, 0.05572548136115074, 0.04121871292591095, 0.019038217142224312, 0.007484640460461378, 0.0028312834911048412, 0.000922463252209127], [0.001112846308387816, 0.0020881483796983957, 0.0045110974460840225, 0.009502130560576916, 0.0190835390239954, 0.0247857253998518, 0.018886178731918335, 0.009713362902402878, 0.00429624505341053, 0.0020816954784095287, 0.0008889405871741474], [0.0006680800579488277, 0.0012363282730802894, 0.0025479693431407213, 0.004544933792203665, 0.0072532352060079575, 0.008407225832343102, 0.007119614630937576, 0.004574361722916365, 0.0023981251288205385, 0.0011802162043750286, 0.0006997101008892059], [0.0006814090302214026, 0.0007842921768315136, 0.001042405841872096, 0.0019344128668308258, 0.0026207405608147383, 0.0031833904795348644, 0.0027324040420353413, 0.001990155316889286, 0.0011768824188038707, 0.0006457621930167079, 0.0004383337218314409], [0.00022478218306787312, 0.0006044934270903468, 0.000721431861165911, 0.001034738845191896, 0.001025413628667593, 0.0012945192866027355, 0.0011479128152132034, 0.0009501430904492736, 0.0006763387937098742, 0.00020855464390479028, 0.0002485325385350734]], "psfHeight": 11, "psfWidth": 11, "width": 62}