{"psfHeight": 11, "width": 140, "psf": [[0.00026763000641949475, 0.0003229050780646503, 0.0005748240510001779, 0.0008664359920658171, 0.0011489852331578732, 0.001267594750970602, 0.0012626152019947767, 0.00096148467855528, 0.0007891236455179751, 0.0005651443498209119, 0.0003130772092845291], [0.000424493890022859, 0.0006520760944113135, 0.0010681933490559459, 0.0016837691655382514, 0.0023832046426832676, 0.0028500009793788195, 0.00266628828831017, 0.0021713043097406626, 0.001323513686656952, 0.0008509542094543576, 0.0004930209252052009], [0.0005232891417108476, 0.001037927926518023, 0.0019597646314650774, 0.0037246057763695717, 0.006227939389646053, 0.0077749984338879585, 0.007088033948093653, 0.004706147126853466, 0.0026872919406741858, 0.001423019915819168, 0.0008298998000100255], [0.0008664756314828992, 0.001617211732082069, 0.00388200837187469, 0.009022677317261696, 0.017696304246783257, 0.023550353944301605, 0.019693486392498016, 0.011044551618397236, 0.0051513551734387875, 0.002309765899553895, 0.0010083898669108748], [0.0010056719183921814, 0.0023048492148518562, 0.006421148777008057, 0.018221985548734665, 0.041833505034446716, 0.056972142308950424, 0.04430195689201355, 0.02167726866900921, 0.008292104117572308, 0.0031389857176691294, 0.001284294412471354], [0.0011195990955457091, 0.002649698406457901, 0.008010119199752808, 0.02546827122569084, 0.05998200923204422, 0.0795551985502243, 0.058379415422677994, 0.027085334062576294, 0.009641068056225777, 0.003368810750544071, 0.001404742943122983], [0.001023170887492597, 0.0023769971448928118, 0.006794215179979801, 0.02066928893327713, 0.045646943151950836, 0.0569913312792778, 0.04118287190794945, 0.0203037541359663, 0.007820178754627705, 0.003122846595942974, 0.0012087736977264285], [0.000816037820186466, 0.001596862100996077, 0.004036605358123779, 0.009989050216972828, 0.01907641440629959, 0.022893724963068962, 0.01782766543328762, 0.010196337476372719, 0.004835028201341629, 0.0021496759727597237, 0.0010055213933810592], [0.0006281679961830378, 0.0010573784820735455, 0.0019860307220369577, 0.003858917858451605, 0.006102598272264004, 0.007368480321019888, 0.0062813120894134045, 0.004286201670765877, 0.0025315394159406424, 0.0012474189279600978, 0.0006850295467302203], [0.00048814696492627263, 0.0006834463565610349, 0.0010084557579830289, 0.0016063033835962415, 0.002070543821901083, 0.0024054106324911118, 0.0022084747906774282, 0.001705282717011869, 0.0012056350242346525, 0.000741605123039335, 0.0004192476044408977], [0.0002723340003285557, 0.00042596759158186615, 0.0006006008479744196, 0.0007578139775432646, 0.0008706543012522161, 0.0010354553814977407, 0.0009411756764166057, 0.0007666918099857867, 0.0006117494194768369, 0.0004196807276457548, 0.00030865808366797864]], "height": 140, "imageWidth": 512, "psfWidth": 11, "imageHeight": 512}