{"psfHeight": 11, "width": 151, "psf": [[0.00019138099742121994, 0.00025276184896938503, 0.00047382275806739926, 0.0005719788605347276, 0.0007526824483647943, 0.0009992922423407435, 0.000822797475848347, 0.0005532769137062132, 0.0003801318525802344, 0.00021000727429054677, 0.00014421861851587892], [0.00028689714963547885, 0.0005873884656466544, 0.0009436627151444554, 0.0014343980001285672, 0.0018345038406550884, 0.0018616683082655072, 0.0016059462213888764, 0.0011155108222737908, 0.0007058902410790324, 0.0005072897183708847, 0.00031435920391231775], [0.0003840957360807806, 0.0009411601931788027, 0.001852597575634718, 0.003547188127413392, 0.0058539560995996, 0.006649737246334553, 0.004875902086496353, 0.0025651240721344948, 0.001463812543079257, 0.0006446045008487999, 0.00037601892836391926], [0.0005715653533115983, 0.0013082231162115932, 0.0033786881249397993, 0.00926435086876154, 0.01961345225572586, 0.02282615937292576, 0.01525889802724123, 0.0066197155974805355, 0.0025975597091019154, 0.001037218957208097, 0.0005152040394023061], [0.0007706976030021906, 0.001545260427519679, 0.0048324912786483765, 0.016703128814697266, 0.051883403211832047, 0.0756281167268753, 0.04580618813633919, 0.01448648888617754, 0.00421098992228508, 0.0015514356782659888, 0.0007901249919086695], [0.0008735419833101332, 0.0015691464068368077, 0.005540588404983282, 0.019020317122340202, 0.07128806412220001, 0.1217861920595169, 0.07373868674039841, 0.01892673783004284, 0.005281161051243544, 0.0016567222774028778, 0.0009622256038710475], [0.0007224317523650825, 0.0015996415168046951, 0.004724988713860512, 0.01404452696442604, 0.04602537304162979, 0.07798663526773453, 0.048601120710372925, 0.01335668470710516, 0.004076558165252209, 0.0013255708618089557, 0.0008115163655020297], [0.0006095421267673373, 0.001343803945928812, 0.002979846904054284, 0.006978996563702822, 0.015913397073745728, 0.02240290679037571, 0.015048736706376076, 0.005899055395275354, 0.0022074945736676455, 0.0009918070863932371, 0.000472356186946854], [0.0006168530089780688, 0.0009722571121528745, 0.001801147940568626, 0.0028677235823124647, 0.004901845473796129, 0.006131103727966547, 0.00468621589243412, 0.0026230793446302414, 0.0012653751764446497, 0.0007089544669725001, 0.0004292168014217168], [0.0004353508702479303, 0.0005529099144041538, 0.0008702754857949913, 0.0011638541473075747, 0.0017353692092001438, 0.002019227249547839, 0.001654009218327701, 0.0012360800756141543, 0.0006963110063225031, 0.0004776208952534944, 0.00025844326592050493], [0.0002985414466820657, 0.00029833868029527366, 0.00045032420894131064, 0.0006637182086706161, 0.001027507008984685, 0.0011282553896307945, 0.000988363171927631, 0.0005831223097629845, 0.00040626409463584423, 0.0002363927778787911, 0.00014618891873396933]], "height": 151, "imageWidth": 512, "psfWidth": 11, "imageHeight": 512}