{"psfHeight": 11, "width": 69, "psf": [[0.0002035039506154135, 0.0003482683969195932, 0.0006669774302281439, 0.0008239238522946835, 0.0009486792259849608, 0.0008759108022786677, 0.0007097656489349902, 0.0005478846142068505, 0.00043216737685725093, 0.0003799702972173691, 0.0003796773962676525], [0.0003880911972373724, 0.0006063757464289665, 0.0009857838740572333, 0.001637079520151019, 0.001857084222137928, 0.0017827929696068168, 0.0016643096460029483, 0.0013691908679902554, 0.0009611194836907089, 0.0008100442355498672, 0.000512368802446872], [0.000493908766657114, 0.0007801403407938778, 0.001802927115932107, 0.0035330133978277445, 0.0056575569324195385, 0.006373487878590822, 0.005137569736689329, 0.0033928127959370613, 0.0020151669159531593, 0.0011684010969474912, 0.000696902337949723], [0.0005224415217526257, 0.0011905926512554288, 0.0030520607251673937, 0.008531343191862106, 0.018161088228225708, 0.02206707000732422, 0.01600118726491928, 0.008067877031862736, 0.0034851254895329475, 0.0016436830628663301, 0.0008562454022467136], [0.0007579808589071035, 0.0016673690406605601, 0.004840192850679159, 0.01728842407464981, 0.05199563130736351, 0.06904783099889755, 0.04376655071973801, 0.016483061015605927, 0.005274042021483183, 0.0021178806200623512, 0.0010196660878136754], [0.0008478901581838727, 0.001789179746992886, 0.005638248287141323, 0.021151162683963776, 0.07115757465362549, 0.10660271346569061, 0.06966287642717361, 0.023540131747722626, 0.006598048843443394, 0.0022401129826903343, 0.0010401224717497826], [0.0007410161197185516, 0.0015872686635702848, 0.00432887626811862, 0.014700105413794518, 0.04383128508925438, 0.06967378407716751, 0.051080215722322464, 0.019200531765818596, 0.005941590294241905, 0.0021765364799648523, 0.0009991000406444073], [0.0005853493930771947, 0.001157417893409729, 0.002698826603591442, 0.006915386766195297, 0.0157967247068882, 0.02193535305559635, 0.017634006217122078, 0.008994163013994694, 0.0038548153825104237, 0.0018174783326685429, 0.0009507687063887715], [0.0004329326329752803, 0.0007452985155396163, 0.0014866841956973076, 0.0029190860223025084, 0.004733598791062832, 0.005974634550511837, 0.005234813317656517, 0.0033879131078720093, 0.001914425054565072, 0.0011622753227129579, 0.0006815652013756335], [0.0003391768259461969, 0.0005092380451969802, 0.0008284064824692905, 0.00125662493519485, 0.001728534116409719, 0.001598734874278307, 0.0015597338788211346, 0.0014712612610310316, 0.0008856520871631801, 0.0005474801873788238, 0.0004136262577958405], [9.485222108196467e-05, 0.00031428810325451195, 0.000494337931741029, 0.0005947737954556942, 0.0007406955701299012, 0.0009374213987030089, 0.000803232891485095, 0.0005994332022964954, 0.00045065651647746563, 0.00026954591157846153, 0.00024017339455895126]], "height": 69, "imageWidth": 512, "psfWidth": 11, "imageHeight": 512}