{"psfHeight": 11, "width": 142, "psf": [[0.0002594931283965707, 0.0001989485026570037, 0.000284368172287941, 0.00033123488537967205, 0.0008448598673567176, 0.0012610334670171142, 0.0009621367789804935, 0.0007938594790175557, 0.0003713550104293972, 0.0002775030443444848, 0.00016145537665579468], [0.00027749460423365235, 0.00043914071284234524, 0.0003572759742382914, 0.0007119493675418198, 0.0009748883312568069, 0.0009507700451649725, 0.0013196299551054835, 0.001152010285295546, 0.0007200498366728425, 0.0004398899618536234, 0.00021995876159053296], [0.0005510831833817065, 0.000608821224886924, 0.0010134185431525111, 0.0016291660722345114, 0.003882539924234152, 0.006227246485650539, 0.004588582552969456, 0.002298983745276928, 0.0012362794950604439, 0.0006332957418635488, 0.0003996639861725271], [0.0007716874242760241, 0.0010639034444466233, 0.0020309723913669586, 0.004409964196383953, 0.010065360926091671, 0.01860523410141468, 0.014122041873633862, 0.005513424519449472, 0.0023745507933199406, 0.0010516109177842736, 0.0005301510682329535], [0.0008814826142042875, 0.001145999995060265, 0.0032887354027479887, 0.00987976137548685, 0.045152612030506134, 0.09154774993658066, 0.051978278905153275, 0.011147620156407356, 0.00434879120439291, 0.0009706893470138311, 0.0007411104161292315], [0.0010587155120447278, 0.00037319917464628816, 0.0040250858291983604, 0.013329783454537392, 0.08486488461494446, 0.16336947679519653, 0.08321578800678253, 0.014379962347447872, 0.005243866238743067, 0.0005834365147165954, 0.000907926878426224], [0.0007557779317721725, 0.0005337062175385654, 0.003223117208108306, 0.00983918271958828, 0.053851980715990067, 0.09139622002840042, 0.04707641527056694, 0.0099714994430542, 0.0034786618780344725, 0.0008637352730147541, 0.0007130863377824426], [0.00027092741220258176, 0.0007872446440160275, 0.0019307680195197463, 0.004556307569146156, 0.012559118680655956, 0.018339095637202263, 0.011667225509881973, 0.004453816916793585, 0.002062166342511773, 0.0007993198814801872, 0.00032290484523400664], [0.00021092285169288516, 0.0005457359366118908, 0.0011305902153253555, 0.0017415237380191684, 0.003495834767818451, 0.0054878536611795425, 0.0040261512622237206, 0.0018320681992918253, 0.0008805932011455297, 0.0004253033548593521, 0.00022602753597311676], [0.00021940976148471236, 0.00019485705706756562, 0.0005527311586774886, 0.0007039930787868798, 0.0007715901592746377, 0.0009599910699762404, 0.0011180033907294273, 0.0009518858278170228, 0.0004427945241332054, 0.00025912380078807473, 0.00010696952813304961], [0.0001298438583035022, 0.00020820763893425465, 0.0003220546350348741, 0.0004027449758723378, 0.0008273737039417028, 0.0011025641579180956, 0.0007825958309695125, 0.0005149508942849934, 0.00040697003714740276, 7.918189658084884e-05, 0.00013506636605598032]], "height": 142, "imageWidth": 512, "psfWidth": 11, "imageHeight": 512}