{"imageWidth": 512, "height": 74, "imageHeight": 512, "psf": [[0.00016263543511740863, 0.0003251777379773557, 0.0006928012007847428, 0.0009660389623604715, 0.0010467151878401637, 0.0009732481557875872, 0.0007789442897774279, 0.0006436233525164425, 0.0006251148879528046, 0.0003758966049645096, 0.00025575552717782557], [0.0002040981053141877, 0.00046651033335365355, 0.0009259338257834315, 0.0016129964496940374, 0.001851952401921153, 0.0019340369617566466, 0.0016927083488553762, 0.0012773917987942696, 0.0009463726310059428, 0.0005967463366687298, 0.00024520157603546977], [0.000255780789302662, 0.0006245617987588048, 0.0013766717165708542, 0.002819204702973366, 0.005074057728052139, 0.00597839942201972, 0.004709620960056782, 0.002899751765653491, 0.0015452381921932101, 0.0007873047725297511, 0.0003743050619959831], [0.00040150454151444137, 0.0009424749878235161, 0.0025637070648372173, 0.006396287586539984, 0.015205719508230686, 0.022284574806690216, 0.015820413827896118, 0.006407108623534441, 0.0025541672948747873, 0.0009498880826868117, 0.0005141723668202758], [0.0007533557363785803, 0.001070777652785182, 0.0037933012936264277, 0.012120774947106838, 0.04815572127699852, 0.08472011983394623, 0.05210604518651962, 0.013008225709199905, 0.0038678038399666548, 0.0009182237554341555, 0.0005663616466335952], [0.0010819461895152926, 0.0010007189121097326, 0.005188341252505779, 0.015095977112650871, 0.07893477380275726, 0.1462191641330719, 0.07918953895568848, 0.01557742990553379, 0.0046075754798948765, 0.0006756163784302771, 0.0007550452137365937], [0.0011191756930202246, 0.0012585092335939407, 0.004350224509835243, 0.011479982174932957, 0.05072968080639839, 0.08718524128198624, 0.04601563885807991, 0.010947445407509804, 0.0033842651173472404, 0.0008117630495689809, 0.0005418980144895613], [0.000713842804543674, 0.0009518012520857155, 0.002142331562936306, 0.005213816184550524, 0.013572977855801582, 0.019905908033251762, 0.013024935498833656, 0.005094395484775305, 0.002061531413346529, 0.0007639157120138407, 0.00034023853368125856], [0.00035918827052228153, 0.0005736940656788647, 0.0009688605787232518, 0.0017971554771065712, 0.003507614368572831, 0.004456946160644293, 0.003439321182668209, 0.0019436285365372896, 0.0010124077089130878, 0.0005445112474262714, 0.0003056808782275766], [0.00021701968216802925, 0.0003793792275246233, 0.0004818915913347155, 0.0007795068668201566, 0.0010443206410855055, 0.001016309019178152, 0.0010062162764370441, 0.0008083219290710986, 0.0005793907912448049, 0.0003990314726252109, 0.0001789531233953312], [0.00010230601037619635, 0.00021392285998445004, 0.00031414630939252675, 0.0004848310782108456, 0.0005641600000672042, 0.0007676739478483796, 0.0005663800984621048, 0.00040049562812782824, 0.0002959475386887789, 0.00023617097758688033, 0.00015351349429693073]], "psfHeight": 11, "psfWidth": 11, "width": 74}