{"psfHeight": 11, "width": 129, "psf": [[0.000307351176161319, 0.0004710574576165527, 0.000619752099737525, 0.0007580810342915356, 0.0011773863807320595, 0.0012922912137582898, 0.0011090810876339674, 0.0009185140370391309, 0.0005974220694042742, 0.00036091028596274555, 0.0002660274913068861], [0.0004752666864078492, 0.0007635841611772776, 0.0011932785855606198, 0.0018947537755593657, 0.002913996810093522, 0.0034107959363609552, 0.002876992104575038, 0.0019883408676832914, 0.0011764008086174726, 0.0007052725413814187, 0.0004826798976864666], [0.0007174399215728045, 0.0011662441538646817, 0.0023175303358584642, 0.00459793396294117, 0.008102563209831715, 0.010381660424172878, 0.008331291377544403, 0.004500660113990307, 0.0022419390734285116, 0.0010808388469740748, 0.0005558694247156382], [0.0007473740843124688, 0.0016958150081336498, 0.004355674143880606, 0.010629354976117611, 0.023396195843815804, 0.03115236572921276, 0.022302987053990364, 0.010321896523237228, 0.004078768193721771, 0.0016502619255334139, 0.0007956950576044619], [0.0009126475779339671, 0.002165757352486253, 0.006106444168835878, 0.017807643860578537, 0.04245755448937416, 0.059371717274188995, 0.04397289454936981, 0.019251609221100807, 0.0067019094713032246, 0.0023907646536827087, 0.0009580218465998769], [0.0009137267479673028, 0.0022978107444941998, 0.006517873145639896, 0.020242789760231972, 0.05066024512052536, 0.07125074416399002, 0.0528869703412056, 0.023096663877367973, 0.007792324759066105, 0.00269776931963861, 0.001058852532878518], [0.0006984136998653412, 0.00180630583781749, 0.005633593071252108, 0.017828935757279396, 0.04528983309864998, 0.059402961283922195, 0.03960594907402992, 0.016613667830824852, 0.006016423460096121, 0.002324341330677271, 0.0010925157694146037], [0.0006278571090660989, 0.001503240899182856, 0.004005393013358116, 0.011748203076422215, 0.027009975165128708, 0.03210404887795448, 0.02001318335533142, 0.008450821042060852, 0.0036101173609495163, 0.0015502598835155368, 0.0007096048211678863], [0.0005246876971796155, 0.0010518354829400778, 0.0024104579351842403, 0.005513482261449099, 0.00986183900386095, 0.010942159220576286, 0.007387752179056406, 0.0037697546649724245, 0.001775355078279972, 0.0008998085395433009, 0.0005045738071203232], [0.00046971000847406685, 0.0007883113576099277, 0.0013574812328442931, 0.002267954172566533, 0.003129049437120557, 0.0032389492262154818, 0.002487949328497052, 0.0016740025021135807, 0.0009085763012990355, 0.0005563770537264645, 0.0003917580470442772], [0.00035791954724118114, 0.0004829027457162738, 0.0007403905037790537, 0.000990597647614777, 0.0011893593473359942, 0.0011784258531406522, 0.0011217917781323195, 0.0008021655376069248, 0.0005441278335638344, 0.00038847950054332614, 0.00025401246966794133]], "height": 129, "imageWidth": 512, "psfWidth": 11, "imageHeight": 512}