{"psfHeight": 11, "width": 242, "psf": [[0.0002966111642308533, 0.0004513603344094008, 0.0006435556570068002, 0.0007383712800219655, 0.0008307756506837904, 0.0011600216384977102, 0.0010733893141150475, 0.0007942714728415012, 0.0004958190256729722, 0.00031094197765924037, 0.00014180662401486188], [0.0003500698949210346, 0.0006161168566904962, 0.001000485848635435, 0.0013708856422454119, 0.0015730686718598008, 0.0017480625538155437, 0.0019974445458501577, 0.0015607541427016258, 0.0008805611869320273, 0.00041512949974276125, 0.00025993899907916784], [0.0004079295613337308, 0.0007670165505260229, 0.0015545417554676533, 0.002930654911324382, 0.004935302771627903, 0.0068460130132734776, 0.005839310586452484, 0.0032585980370640755, 0.001501778606325388, 0.0007022562786005437, 0.000379242846975103], [0.0004818434827029705, 0.0009916374692693353, 0.0024150176905095577, 0.006127139553427696, 0.014041475020349026, 0.021496348083019257, 0.016589291393756866, 0.007129297126084566, 0.0024696174077689648, 0.000988126965239644, 0.00047833588905632496], [0.0006315637729130685, 0.0010318247368559241, 0.00361667200922966, 0.011510387994349003, 0.0454418770968914, 0.08390248566865921, 0.05046809837222099, 0.013626853004097939, 0.004155752249062061, 0.0012074519181624055, 0.0006579814944416285], [0.0008288495591841638, 0.00090764433844015, 0.00470244325697422, 0.01579293981194496, 0.08008894324302673, 0.15038730204105377, 0.07899461686611176, 0.017184020951390266, 0.005334182642400265, 0.001148212468251586, 0.0008155099349096417], [0.0007662491407245398, 0.0011399548966437578, 0.0039036725647747517, 0.012311789207160473, 0.05003485828638077, 0.08515314012765884, 0.04596086964011192, 0.0120667340233922, 0.004029563162475824, 0.0011906985891982913, 0.0006636723410338163], [0.0006579377222806215, 0.001231798785738647, 0.00229820073582232, 0.005399884190410376, 0.011921051889657974, 0.016070431098341942, 0.011316224001348019, 0.005148235242813826, 0.0020030029118061066, 0.0008218318107537925, 0.00041198189137503505], [0.0005748907569795847, 0.0008713995339348912, 0.0012014597887173295, 0.00199141469784081, 0.003606007434427738, 0.0047567193396389484, 0.0034180020447820425, 0.0019376318668946624, 0.0010478670010343194, 0.0005432959296740592, 0.0003086879733018577], [0.00033607581281103194, 0.00046417064731940627, 0.0006642701919190586, 0.0009274527546949685, 0.0008570604841224849, 0.0006236928747966886, 0.0008911748300306499, 0.0009611903806217015, 0.000630617025308311, 0.0003453234094195068, 0.00017894837947096676], [0.000201641334570013, 0.00024146224313881248, 0.00036853813799098134, 0.0004981466918252409, 0.000715299102012068, 0.0008888993179425597, 0.0006554741412401199, 0.0005327289691194892, 0.0004030971322208643, 0.00023939281527418643, 0.00014036419452168047]], "height": 242, "imageWidth": 512, "psfWidth": 11, "imageHeight": 512}