{"psfHeight": 11, "width": 155, "psf": [[0.0003630286955740303, 0.000565138238016516, 0.0006740068201906979, 0.0009944812627509236, 0.0013432108098641038, 0.0014971335185691714, 0.001387995551340282, 0.001014898531138897, 0.0006798632675781846, 0.0004165905702393502, 0.0003724932612385601], [0.00046493340050801635, 0.0008291529375128448, 0.0013548211427405477, 0.002161131938919425, 0.0027936992701143026, 0.003167523769661784, 0.002963133854791522, 0.0020395091269165277, 0.001166531816124916, 0.000757895759306848, 0.0004141231474932283], [0.0009145421790890396, 0.0013566133566200733, 0.0025840606540441513, 0.004570888355374336, 0.007154145278036594, 0.008992085233330727, 0.007574030198156834, 0.004678346216678619, 0.0024367666337639093, 0.0011681226314976811, 0.0006101778708398342], [0.0008320826455019414, 0.0017263534246012568, 0.004247355740517378, 0.009864105843007565, 0.01936744898557663, 0.02550610341131687, 0.020177582278847694, 0.010191145353019238, 0.004388006404042244, 0.0019711488857865334, 0.0007934886962175369], [0.0010996671626344323, 0.001866156468167901, 0.006218057591468096, 0.017752962186932564, 0.04324984923005104, 0.060917750000953674, 0.04415352642536163, 0.01861218735575676, 0.006668508518487215, 0.0025204685516655445, 0.0009841294959187508], [0.0013634604401886463, 0.0017553070792928338, 0.0071281748823821545, 0.022634023800492287, 0.05955616012215614, 0.0864853486418724, 0.0598810650408268, 0.022489720955491066, 0.007905304431915283, 0.0025783975142985582, 0.0012699757935479283], [0.0009849799098446965, 0.0015463430900126696, 0.006017123814672232, 0.01788429170846939, 0.044605545699596405, 0.06238587200641632, 0.04324117675423622, 0.017164131626486778, 0.006411544978618622, 0.0022781924344599247, 0.001099489047192037], [0.0007931250729598105, 0.0015457042027264833, 0.003954294603317976, 0.00937274843454361, 0.01915210299193859, 0.02459474466741085, 0.0180292259901762, 0.008841589093208313, 0.003917268477380276, 0.0017621638253331184, 0.00079702417133376], [0.0006118330056779087, 0.0011852484894916415, 0.0022398410364985466, 0.003998484928160906, 0.00648990273475647, 0.007719134446233511, 0.006137648597359657, 0.0037044279742985964, 0.0019279090920463204, 0.0009659954230301082, 0.0005975258536636829], [0.0005242465413175523, 0.0006701407837681472, 0.0011033050250262022, 0.0016788156935945153, 0.002228630008175969, 0.0025033876299858093, 0.002189826685935259, 0.001742538996040821, 0.0010538044152781367, 0.0006935828714631498, 0.0005137003026902676], [0.0003766873851418495, 0.00045061000855639577, 0.0006320587126538157, 0.0007891596178524196, 0.0009803224820643663, 0.001029601669870317, 0.0011300587793812156, 0.000759393791668117, 0.0005655782297253609, 0.0004803191695827991, 0.0003314583154860884]], "height": 155, "imageWidth": 512, "psfWidth": 11, "imageHeight": 512}