{"imageWidth": 512, "height": 175, "imageHeight": 512, "psf": [[0.00043432589154690504, 0.000591922493185848, 0.0006240876391530037, 0.0008421970997005701, 0.0010208204621449113, 0.0011168004712089896, 0.0009596217423677444, 0.0009842418367043138, 0.0007277752738445997, 0.0005201366147957742, 0.0003612326690927148], [0.0004287765477783978, 0.0007672299980185926, 0.0012812846107408404, 0.0018249225104227662, 0.002482291078194976, 0.0027370189782232046, 0.0025884252972900867, 0.0019221428083255887, 0.0015096846036612988, 0.0009611392160877585, 0.0005674415733665228], [0.0006796062807552516, 0.0010833038249984384, 0.002291844692081213, 0.004347947891801596, 0.006911752745509148, 0.0080834636464715, 0.007021926809102297, 0.004412251524627209, 0.00246926280669868, 0.0014246603241190314, 0.0007390467217192054], [0.000797423766925931, 0.001738377963192761, 0.004193855915218592, 0.009787339717149734, 0.01851886324584484, 0.024165160953998566, 0.019329078495502472, 0.009692644700407982, 0.004527682438492775, 0.0021733236499130726, 0.0011557218385860324], [0.0009817268000915647, 0.0023684196639806032, 0.0067721279338002205, 0.019547026604413986, 0.04502226784825325, 0.06141214445233345, 0.044094268232584, 0.018490513786673546, 0.007000751793384552, 0.002644197316840291, 0.001361287897452712], [0.0012149657122790813, 0.002426886698231101, 0.008428932167589664, 0.02592138946056366, 0.06216464564204216, 0.08593612164258957, 0.061168089509010315, 0.0248270221054554, 0.008854716084897518, 0.0031800498254597187, 0.0016279988922178745], [0.0009001425351016223, 0.0019234492210671306, 0.006067989394068718, 0.018611937761306763, 0.0443526953458786, 0.06129705533385277, 0.045951977372169495, 0.02049960382282734, 0.007525863591581583, 0.0027518111746758223, 0.0011900571407750249], [0.0003707398136612028, 0.0006185548263601959, 0.002190571278333664, 0.007634690962731838, 0.017783010378479958, 0.02401418797671795, 0.019735712558031082, 0.010560045018792152, 0.004334398545324802, 0.0018694817554205656, 0.0010642224224284291], [0.00021666823886334896, -0.00033474716474302113, -0.0004643438442144543, 0.0016557658091187477, 0.004991327412426472, 0.007242908701300621, 0.006652860902249813, 0.004418252035975456, 0.0024657209869474173, 0.0011106252204626799, 0.0006629738491028547], [1.4450951312028337e-05, -0.0004247579781804234, -0.0007441766210831702, 3.288442894699983e-05, 0.0013868864625692368, 0.0024981547612696886, 0.002328386763110757, 0.001597791095264256, 0.001145162619650364, 0.0006859673885628581, 0.00033212758717127144], [7.189081225078553e-05, 1.3503495210898109e-05, -7.408859528368339e-05, 0.00021069252397865057, 0.000751028535887599, 0.0010885178344324231, 0.0010624083224684, 0.0007972772000357509, 0.0005865993443876505, 0.00028370798099786043, 0.0002457576629240066]], "psfHeight": 11, "psfWidth": 11, "width": 175}