{"imageWidth": 512, "height": 186, "imageHeight": 512, "psf": [[0.00010633472993504256, 0.00023943118867464364, 0.0002669651003088802, 0.000536830339115113, 0.0010858172317966819, 0.0009465444600209594, 0.0009673332097008824, 0.0009866757318377495, 0.0009103405172936618, 0.0005703979986719787, 0.00022869755048304796], [0.00015954242553561926, 0.0003500038874335587, 0.0005773609154857695, 0.0010079306084662676, 0.0020611381623893976, 0.0029609084594994783, 0.002533834893256426, 0.002167697995901108, 0.0013544498942792416, 0.0006041488377377391, 0.0003548302629496902], [0.00026122599956579506, 0.0006789323524571955, 0.001351597486063838, 0.002362704137340188, 0.00435652257874608, 0.006745596881955862, 0.008083958178758621, 0.0047811237163841724, 0.0016304373275488615, 0.000539439613930881, 0.00020347161625977606], [0.000483956333482638, 0.0012699237558990717, 0.0030603634659200907, 0.007347576320171356, 0.017414148896932602, 0.029880810528993607, 0.029927074909210205, 0.011185703799128532, 0.002216861117631197, 0.0008529996848665178, 0.0002733662258833647], [0.0007149730226956308, 0.0016905020456761122, 0.004624851047992706, 0.016188304871320724, 0.04817714914679527, 0.07173518091440201, 0.061620939522981644, 0.022280922159552574, 0.003369885729625821, 0.0013679142575711012, 0.000371664238628], [0.000847912160679698, 0.0016865365905687213, 0.00449477368965745, 0.01836240105330944, 0.06602005660533905, 0.08466553688049316, 0.061122965067625046, 0.024133557453751564, 0.003910645376890898, 0.001435358077287674, 0.0004287059709895402], [0.000855625607073307, 0.0010870429687201977, 0.003526472020894289, 0.0128703024238348, 0.05659467726945877, 0.08066431432962418, 0.04108834266662598, 0.014631330966949463, 0.0038073090836405754, 0.001097042695619166, 0.0005494164070114493], [0.0004759191069751978, 0.0008561143185943365, 0.0022833412513136864, 0.0066548301838338375, 0.023809358477592468, 0.033316269516944885, 0.01584838144481182, 0.005916805472224951, 0.002404890488833189, 0.0010982024250552058, 0.0004951850278303027], [0.0002464840072207153, 0.0005786365363746881, 0.0011494827922433615, 0.0026808353140950203, 0.005212566815316677, 0.005026586819440126, 0.0033318824134767056, 0.0017063847044482827, 0.0009936952264979482, 0.0007203494315035641, 0.0003294257912784815], [0.0001939578214660287, 0.0003798621182795614, 0.0006998164462856948, 0.0012689188588410616, 0.001798637444153428, 0.0019714180380105972, 0.0014403695240616798, 0.0008337046019732952, 0.00036807527067139745, 0.0003112104313913733, 0.00015589140821248293], [8.455866191070527e-05, 0.00018739710503723472, 0.0003493867989163846, 0.00048633356345817447, 0.0007023252546787262, 0.00040904610068537295, 0.0004553084436338395, 0.00036150190862827003, 0.0002913455246016383, 0.00013639856479130685, 7.136787462513894e-05]], "psfHeight": 11, "psfWidth": 11, "width": 186}