{"psfHeight": 11, "width": 87, "psf": [[0.0002450738684274256, 0.00030546743073500693, 0.00041203555883839726, 0.0006174875888973475, 0.0007926137186586857, 0.0009330901084467769, 0.0008054839563556015, 0.0005052488995715976, 0.00031579393544234335, 0.0002077678800560534, 4.594875645125285e-05], [0.0004332068201620132, 0.0006655417964793742, 0.000852445897180587, 0.001397954300045967, 0.0019644377753138542, 0.0020435061305761337, 0.0017327778041362762, 0.0011915834620594978, 0.0007851403788663447, 0.0003399736597202718, 0.00021568663942161947], [0.000373880029655993, 0.0007699497509747744, 0.0018723204266279936, 0.0034552894067019224, 0.0057386308908462524, 0.0067390501499176025, 0.0052253748290240765, 0.0032536527141928673, 0.0017030277522280812, 0.0006410852074623108, 0.0003553020360413939], [0.0004717493720818311, 0.0012657775077968836, 0.003237447701394558, 0.008241581730544567, 0.01742924191057682, 0.023010898381471634, 0.016919195652008057, 0.007944819517433643, 0.003298700787127018, 0.0013102395460009575, 0.0006710952147841454], [0.0008453134796582162, 0.0018655589083209634, 0.005440084729343653, 0.017218146473169327, 0.04765474423766136, 0.0712512657046318, 0.047904953360557556, 0.017215704545378685, 0.005749070551246405, 0.001994345337152481, 0.0009463454480282962], [0.0010513885645195842, 0.0016222246922552586, 0.006328057497739792, 0.021263286471366882, 0.07180337607860565, 0.11605071276426315, 0.07276814430952072, 0.021288026124238968, 0.006663215812295675, 0.001895248075015843, 0.0010393591364845634], [0.0007897136965766549, 0.0013942610239610076, 0.004788609221577644, 0.014355662278831005, 0.047185350209474564, 0.07406327873468399, 0.045871552079916, 0.014414950273931026, 0.0047585922293365, 0.0015504800248891115, 0.0008495106012560427], [0.0005769766867160797, 0.00107468047644943, 0.002738534240052104, 0.006534827873110771, 0.015097430907189846, 0.02118031680583954, 0.014736018143594265, 0.006373682990670204, 0.0027257902547717094, 0.0012534847483038902, 0.0006502974429167807], [0.00047495297621935606, 0.0008557846304029226, 0.0015332669718191028, 0.0025873787235468626, 0.004667018074542284, 0.006418528035283089, 0.0051807016134262085, 0.0028257218655198812, 0.0013210901524871588, 0.000768061785493046, 0.0004740833828691393], [0.00032909115543588996, 0.0006264554103836417, 0.0008429597364738584, 0.0011349794222041965, 0.0018801575060933828, 0.002306508831679821, 0.0020987940952181816, 0.0014021339593455195, 0.0006340302061289549, 0.00033953148522414267, 0.0002662888146005571], [0.0002554036327637732, 0.0003821830323431641, 0.0005023936973884702, 0.0007077516638673842, 0.0009522672626189888, 0.0014199481811374426, 0.001421512570232153, 0.0007835104479454458, 0.0005163027090020478, 0.0004004046495538205, 0.00013158794899936765]], "height": 87, "imageWidth": 512, "psfWidth": 11, "imageHeight": 512}