{"imageWidth": 512, "height": 76, "imageHeight": 512, "psf": [[0.00015546497888863087, 0.0002377224445808679, 0.00038990829489193857, 0.0007154853083193302, 0.0009453817619942129, 0.0011827409034594893, 0.001023860415443778, 0.0007955716573633254, 0.0006183436489664018, 0.0004007602983620018, 0.00031404936453327537], [0.00019642984261736274, 0.00039080847636796534, 0.0007634649518877268, 0.0013834997080266476, 0.0019855729769915342, 0.002270284341648221, 0.0020239076111465693, 0.0015602709027007222, 0.0011285179061815143, 0.0006755378562957048, 0.00044673917000181973], [0.00037397665437310934, 0.0007171722245402634, 0.001638917252421379, 0.003376277396455407, 0.005592113360762596, 0.006724985782057047, 0.005558261182159185, 0.0036676968447864056, 0.002011433709412813, 0.001086684875190258, 0.0006453235982917249], [0.0005445971037261188, 0.0011597775155678391, 0.0029656970873475075, 0.007909371517598629, 0.01781940832734108, 0.024457165971398354, 0.018074123188853264, 0.008419067598879337, 0.003407117212191224, 0.0014134675730019808, 0.0007424719515256584], [0.0007781486492604017, 0.001510388683527708, 0.004639702849090099, 0.015477928332984447, 0.04730736464262009, 0.07229846715927124, 0.04935066029429436, 0.017697177827358246, 0.005039587616920471, 0.0016089382115751505, 0.000748563907109201], [0.0008492018096148968, 0.0015753940679132938, 0.005281919147819281, 0.02048308402299881, 0.06961862742900848, 0.10546509921550751, 0.068626768887043, 0.02280380204319954, 0.005843687802553177, 0.0016359727596864104, 0.0007604635320603848], [0.0007997516659088433, 0.0013237345265224576, 0.00405918899923563, 0.016174254938960075, 0.04983346909284592, 0.0723586231470108, 0.046773701906204224, 0.01632121577858925, 0.004698900505900383, 0.0014669597148895264, 0.0006497101858258247], [0.0006162792560644448, 0.0011975675588473678, 0.002842158079147339, 0.007482613902539015, 0.01805088482797146, 0.025050507858395576, 0.018093209713697433, 0.007855646312236786, 0.002736989175900817, 0.0010726337786763906, 0.0005219999584369361], [0.00042941508581861854, 0.0007529567810706794, 0.0014485003193840384, 0.002814300823956728, 0.004961941856890917, 0.006321133580058813, 0.005445429123938084, 0.0031494891736656427, 0.0014646273339167237, 0.0006587794050574303, 0.0003804025473073125], [0.00027118128491565585, 0.00046452830429188907, 0.000711037078872323, 0.0012191408313810825, 0.001570221851579845, 0.0018287133425474167, 0.0016050167614594102, 0.0011494039790704846, 0.0006725321291014552, 0.0004281642904970795, 0.00029139406979084015], [0.00014986835594754666, 0.00026621436700224876, 0.0003655922773759812, 0.0005614700494334102, 0.0006753127672709525, 0.0007016420131549239, 0.0006809743936173618, 0.0005036084330640733, 0.0002976141986437142, 0.00022661661205347627, 0.0002423671685392037]], "psfHeight": 11, "psfWidth": 11, "width": 76}