{"psfHeight": 11, "width": 180, "psf": [[0.00017903538537211716, 0.0003256120253354311, 0.00047794810961931944, 0.0008182532619684935, 0.0012875089887529612, 0.0013698939001187682, 0.0011872489703819156, 0.0009051735978573561, 0.0006499113515019417, 0.00024556118296459317, 0.0002942809951491654], [0.0004622026172000915, 0.0006815336528234184, 0.001227145199663937, 0.002029101364314556, 0.002787324134260416, 0.0031714518554508686, 0.0027762672398239374, 0.001815914991311729, 0.0010185238206759095, 0.0007013646536506712, 0.0002906025038100779], [0.000773366482462734, 0.0012906750198453665, 0.0022132231388241053, 0.004617512691766024, 0.00785655714571476, 0.008972049690783024, 0.006984662730246782, 0.0038402925711125135, 0.002146867336705327, 0.0010579006047919393, 0.00035737029975280166], [0.0009773651836439967, 0.0018195511074736714, 0.0045703561045229435, 0.010847009718418121, 0.021282710134983063, 0.0264259185642004, 0.01854402758181095, 0.00880097970366478, 0.003587026847526431, 0.0015287469141185284, 0.0006638069171458483], [0.0012039777357131243, 0.0024605283979326487, 0.006895254831761122, 0.01994013413786888, 0.0479559563100338, 0.06312938034534454, 0.04242074489593506, 0.016820762306451797, 0.00544380396604538, 0.0017964344006031752, 0.0008468243759125471], [0.0011312017450109124, 0.0025710926856845617, 0.0069625526666641235, 0.023072097450494766, 0.06315793097019196, 0.09232877939939499, 0.06316063553094864, 0.022346533834934235, 0.005946632474660873, 0.001993683399632573, 0.0010834522545337677], [0.0010900144698098302, 0.002078361576423049, 0.00558176776394248, 0.015549693256616592, 0.04193679988384247, 0.06658241897821426, 0.04877234995365143, 0.017849262803792953, 0.005497328471392393, 0.0018265650141984224, 0.0009224399691447616], [0.0009461832232773304, 0.0017575365491211414, 0.003498159348964691, 0.00725003145635128, 0.015150316059589386, 0.023046232759952545, 0.01937675103545189, 0.009065811522305012, 0.003660795511677861, 0.0014806222170591354, 0.0006696963682770729], [0.0006334246136248112, 0.0011521057458594441, 0.001850973116233945, 0.0028929279651492834, 0.004899458959698677, 0.006386850960552692, 0.005898012779653072, 0.0036499868147075176, 0.001949368161149323, 0.0009090675157494843, 0.0004346054047346115], [0.00044725660700351, 0.0006765784928575158, 0.0009277358185499907, 0.0011740224435925484, 0.0015177743043750525, 0.0021379771642386913, 0.0021515802945941687, 0.0014886029530316591, 0.0011592133669182658, 0.0005324811791069806, 0.00028582275263033807], [0.00025014139828272164, 0.0003364640870131552, 0.0004451968998182565, 0.00034940618206746876, 0.0008496043737977743, 0.0009170512785203755, 0.0011584005551412702, 0.0010288135381415486, 0.0005837277858518064, 0.0005685919313691556, 0.0002393618633504957]], "height": 180, "imageWidth": 512, "psfWidth": 11, "imageHeight": 512}