{"psfHeight": 11, "width": 140, "psf": [[0.00015379149408545345, 0.0003276070056017488, 0.0006410367786884308, 0.0009649163694120944, 0.0010558736976236105, 0.0010439378675073385, 0.0008080684347078204, 0.0007032011053524911, 0.0005542363505810499, 0.0003772385825868696, 0.0002904583525378257], [0.0002442353288643062, 0.00043116428423672915, 0.0008968105539679527, 0.0016449082177132368, 0.0019161892123520374, 0.0018483075546100736, 0.0016529553104192019, 0.0013488131808117032, 0.0009328556479886174, 0.0005506784655153751, 0.0003318778472021222], [0.0003595688322093338, 0.0006431437795981765, 0.0013908487744629383, 0.0029585068114101887, 0.005124653223901987, 0.006180623546242714, 0.004827651660889387, 0.0029095602221786976, 0.0015899066347628832, 0.0008196500712074339, 0.0003464123292360455], [0.0004324282053858042, 0.001022184849716723, 0.0026261124294251204, 0.006701064296066761, 0.01575796864926815, 0.022197144106030464, 0.015391560271382332, 0.00637822737917304, 0.002434849040582776, 0.0010145253036171198, 0.0004754450055770576], [0.0006548251258209348, 0.001168945338577032, 0.0038264342583715916, 0.012703164480626583, 0.049158744513988495, 0.08537730574607849, 0.049763329327106476, 0.012843219563364983, 0.003611575346440077, 0.001064321375451982, 0.0005827872664667666], [0.0009045363403856754, 0.0013686700258404016, 0.00479550939053297, 0.01582973450422287, 0.07719376683235168, 0.1464158147573471, 0.07718990743160248, 0.015873746946454048, 0.004285776987671852, 0.000986088765785098, 0.0006064731860533357], [0.0009531349642202258, 0.0013828043593093753, 0.004024462774395943, 0.011936004273593426, 0.04826626926660538, 0.08776478469371796, 0.046949781477451324, 0.011373014189302921, 0.003392584156244993, 0.0009110739338211715, 0.0004972765455022454], [0.0006620932836085558, 0.001041534123942256, 0.0021638371981680393, 0.005307627841830254, 0.013535375706851482, 0.020286938175559044, 0.013452315703034401, 0.005347381345927715, 0.002032859716564417, 0.0008597412379458547, 0.00039861485129222274], [0.0003522922925185412, 0.0005986183532513678, 0.0010555542539805174, 0.0019591294694691896, 0.003523071063682437, 0.004606219474226236, 0.0035903870593756437, 0.0020358224865049124, 0.0010625371942296624, 0.0005540631827898324, 0.00030621507903560996], [0.00022925317171029747, 0.0002884902060031891, 0.0005199967417865992, 0.0008061205735430121, 0.001050871331244707, 0.0011453010374680161, 0.0011724927462637424, 0.0008772424189373851, 0.0005670677055604756, 0.00033788339351303875, 0.00022307742619886994], [0.00011603372695390135, 0.00018931517843157053, 0.000280266220215708, 0.00040352236828766763, 0.0006492598913609982, 0.0007306788465939462, 0.0006099913152866066, 0.0004220514965709299, 0.0003096624568570405, 0.00023016623163130134, 0.0001519567595096305]], "height": 140, "imageWidth": 512, "psfWidth": 11, "imageHeight": 512}