{"imageWidth": 512, "height": 199, "imageHeight": 512, "psf": [[0.00022198686201591045, 0.00022438830637838691, 0.0003512497351039201, 0.00042924575973302126, 0.0006916850688867271, 0.0010243806755170226, 0.0010787327773869038, 0.001051378552801907, 0.0007179633830673993, 0.00048234398127533495, 0.00022364372853189707], [0.00035412254510447383, 0.00044418973266147077, 0.0007855569128878415, 0.001123680965974927, 0.0012928255600854754, 0.0013251726049929857, 0.0016059399349614978, 0.0016324141761288047, 0.001080312649719417, 0.0007255023228935897, 0.0003314136411063373], [0.000686453829985112, 0.0009227636037394404, 0.0014566584723070264, 0.0022925492376089096, 0.004176528658717871, 0.005327864084392786, 0.005260740406811237, 0.0035562454722821712, 0.001536860945634544, 0.0009412749204784632, 0.000604775152169168], [0.0006575139123015106, 0.001057764166034758, 0.0027720348443835974, 0.006501743104308844, 0.013238733634352684, 0.01774359680712223, 0.014730998314917088, 0.008003747090697289, 0.0032253763638436794, 0.0016187661094591022, 0.0009929579682648182], [0.0008487468585371971, 0.001152118551544845, 0.004587062168866396, 0.013330002315342426, 0.04594816640019417, 0.07405275851488113, 0.05466786026954651, 0.01754790171980858, 0.00460321269929409, 0.00189991295337677, 0.000764968222938478], [0.001020678668282926, 0.0012259577633813024, 0.005917355418205261, 0.020865676924586296, 0.08090062439441681, 0.12785568833351135, 0.08133435249328613, 0.020934076979756355, 0.004804444964975119, 0.0018358553061261773, 0.0007445627707056701], [0.0007718386477790773, 0.0015948062064126134, 0.004991712048649788, 0.017818940803408623, 0.05352013558149338, 0.07574793696403503, 0.04391021281480789, 0.012072689831256866, 0.0037004328332841396, 0.0012777630472555757, 0.0007168057491071522], [0.0005259828758426011, 0.0013675384689122438, 0.0028276958037167788, 0.0072260587476193905, 0.01383151300251484, 0.016789576038718224, 0.01251062098890543, 0.00530583318322897, 0.002244356321170926, 0.0010741751175373793, 0.0005487013841047883], [0.00044478345080278814, 0.0006713259499520063, 0.0013861979823559523, 0.002646656706929207, 0.004120836034417152, 0.004952678456902504, 0.004198185633867979, 0.002529601799324155, 0.0013471421552821994, 0.0008422976825386286, 0.0004442748031578958], [0.0003285884449724108, 0.000510788056999445, 0.0009413230000063777, 0.0010823511984199286, 0.0010897698812186718, 0.0010303567396476865, 0.0012698853388428688, 0.001260903081856668, 0.0006694954354315996, 0.000550535973161459, 0.00029318200540728867], [0.00020327194943092763, 0.0003984652867075056, 0.00043655410991050303, 0.0006207665428519249, 0.0007509460556320846, 0.0008641226449981332, 0.0008025425486266613, 0.000556544226128608, 0.0004649433249142021, 0.000397904688725248, 0.00017141405260190368]], "psfHeight": 11, "psfWidth": 11, "width": 199}