{"psfHeight": 11, "width": 75, "psf": [[9.549650712870061e-05, 0.00039373248000629246, 0.0005796778132207692, 0.0007581490790471435, 0.0008938249666243792, 0.0010763972532004118, 0.001146534108556807, 0.0010812238324433565, 0.0006771166808903217, 0.0004739791329484433, 0.0002385131811024621], [0.00031950531410984695, 0.0005081660347059369, 0.0008633846882730722, 0.0015990310348570347, 0.0020792551804333925, 0.002079128986224532, 0.002147498307749629, 0.0017765366937965155, 0.0010550236329436302, 0.000615325290709734, 0.00038430048152804375], [0.00040587509283795953, 0.0007974645704962313, 0.0015136757865548134, 0.003118198597803712, 0.005131433717906475, 0.006127127446234226, 0.004983912687748671, 0.0031690415926277637, 0.0015201361384242773, 0.0007479263003915548, 0.00032968935556709766], [0.00045380150550045073, 0.0012431349605321884, 0.0034316200762987137, 0.009578097611665726, 0.019025802612304688, 0.02307751029729843, 0.016120649874210358, 0.006613782607018948, 0.002299028914421797, 0.000944815285038203, 0.0005615290720015764], [0.000613425683695823, 0.0017488343873992562, 0.005654395557940006, 0.021430548280477524, 0.058845099061727524, 0.06889232993125916, 0.04494720697402954, 0.01641504280269146, 0.003860249649733305, 0.0014454155461862683, 0.000720050185918808], [0.000857608625665307, 0.0015179497422650456, 0.005919788498431444, 0.02155083231627941, 0.07506328821182251, 0.1048140823841095, 0.0718427374958992, 0.026716766878962517, 0.005545351654291153, 0.0016165075358003378, 0.0005876293289475143], [0.0007744836620986462, 0.0013261940330266953, 0.003968173172324896, 0.012272286228835583, 0.04140410199761391, 0.07358325272798538, 0.056328073143959045, 0.02118067815899849, 0.00569185521453619, 0.0014562859432771802, 0.0006164424703456461], [0.0006153764552436769, 0.0009740780224092305, 0.002074717078357935, 0.005003485828638077, 0.012318789027631283, 0.022158466279506683, 0.019080432131886482, 0.008365442976355553, 0.003130620578303933, 0.0012231932487338781, 0.0004600267857313156], [0.0004322368185967207, 0.0005728238029405475, 0.0011495016515254974, 0.00170128233730793, 0.0033157512079924345, 0.004553701728582382, 0.0037559340707957745, 0.0025935820303857327, 0.0012852069921791553, 0.000697762647178024, 0.0004952825256623328], [0.00023842665541451424, 0.0003518284356687218, 0.000520629808306694, 0.0009576865122653544, 0.001082732924260199, 0.0013672008644789457, 0.0013643591664731503, 0.0009661467047408223, 0.0007025294471532106, 0.0004632857162505388, 0.0002898192033171654], [0.00024538469733670354, 0.00020622600277420133, 0.00045612844405695796, 0.0004417726886458695, 0.0006559683824889362, 0.000717736838851124, 0.0006655612960457802, 0.00042447858140803874, 0.00027586324722506106, 0.0002261207700939849, 0.0001794165000319481]], "height": 75, "imageWidth": 512, "psfWidth": 11, "imageHeight": 512}