{"imageWidth": 512, "height": 104, "imageHeight": 512, "psf": [[0.00021682688384316862, 0.00039724342059344053, 0.0005824128747917712, 0.0007146537536755204, 0.0009086014470085502, 0.0010105489054694772, 0.0010735680116340518, 0.001045132172293961, 0.0010193559573963284, 0.0007961152005009353, 0.0005718270549550653], [0.00039423274574801326, 0.0006170499837026, 0.0010813702829182148, 0.0014820932410657406, 0.002047683112323284, 0.002551329554989934, 0.0027368259616196156, 0.0027275104075670242, 0.0021971550304442644, 0.0014230269007384777, 0.0007995949708856642], [0.0005551001522690058, 0.0010664465371519327, 0.0019816276617348194, 0.0036352425813674927, 0.005884712561964989, 0.007780128158628941, 0.008456818759441376, 0.007265720050781965, 0.004489438608288765, 0.0022024032659828663, 0.0010876987362280488], [0.0007332493551075459, 0.0017487063305452466, 0.004290794488042593, 0.009496080689132214, 0.016301045194268227, 0.022289546206593513, 0.023257769644260406, 0.01689336635172367, 0.007945981808006763, 0.0030909893102943897, 0.001217931741848588], [0.000978264957666397, 0.0024799504317343235, 0.007811740040779114, 0.01997012458741665, 0.03646526113152504, 0.0485711395740509, 0.04465315118432045, 0.02690141834318638, 0.010509571060538292, 0.0035157836973667145, 0.0012839275877922773], [0.0010741142323240638, 0.002964518265798688, 0.01000591367483139, 0.027668559923768044, 0.051729489117860794, 0.06330153346061707, 0.050187934190034866, 0.026084139943122864, 0.009664087556302547, 0.0032134633511304855, 0.0012040863512083888], [0.0010075836908072233, 0.0027190344408154488, 0.008588985539972782, 0.023364484310150146, 0.04245784506201744, 0.04820116236805916, 0.03493877872824669, 0.01771012507379055, 0.007107976824045181, 0.0026044808328151703, 0.0010960366344079375], [0.0008672146359458566, 0.002067869994789362, 0.005535104312002659, 0.013591047376394272, 0.023115722462534904, 0.025411058217287064, 0.018836360424757004, 0.010331004858016968, 0.0048132590018212795, 0.0021548650693148375, 0.0010095657780766487], [0.0005792969022877514, 0.0012829666957259178, 0.0029011189471930265, 0.005685059819370508, 0.008889644406735897, 0.009679519571363926, 0.007780127227306366, 0.0050283195450901985, 0.0029119811952114105, 0.0016668715979903936, 0.0008956704405136406], [0.00041546448483131826, 0.0007303057936951518, 0.0012094919802621007, 0.0020282119512557983, 0.00279125920496881, 0.003063878510147333, 0.0028048360254615545, 0.0022092319559305906, 0.0015945890918374062, 0.001054464722983539, 0.0006761692930012941], [0.00026573456125333905, 0.00036814025952480733, 0.0006026808987371624, 0.000845474423840642, 0.001047117286361754, 0.0012227039551362395, 0.0011739000910893083, 0.0009637605980969965, 0.0008108706097118556, 0.0005861741374246776, 0.0004022842622362077]], "psfHeight": 11, "psfWidth": 11, "width": 104}