{"imageWidth": 512, "height": 138, "imageHeight": 512, "psf": [[0.00016122343367896974, 0.00031110126292333007, 0.0004896029713563621, 0.0006527166115120053, 0.0007754210964776576, 0.0008733308059163392, 0.0008469073800370097, 0.0006921271560713649, 0.00044672132935374975, 0.0002525912714190781, 0.0002322162763448432], [0.0002327676338609308, 0.0004924429231323302, 0.0010062067303806543, 0.0015745606506243348, 0.0019582160748541355, 0.0020584960002452135, 0.0019032772397622466, 0.001418407540768385, 0.0007524675456807017, 0.0004404078354127705, 0.0002855350321624428], [0.00045144028263166547, 0.0009216202306561172, 0.0020252151880413294, 0.004060862120240927, 0.006229102611541748, 0.007128158584237099, 0.0056243473663926125, 0.003113633021712303, 0.0013391635147854686, 0.0007065911195240915, 0.00041288809734396636], [0.0006142237689346075, 0.0013547346461564302, 0.0035904347896575928, 0.009875139221549034, 0.020409468561410904, 0.025343449786305428, 0.01798686385154724, 0.007502303924411535, 0.002676288830116391, 0.0011856575729325414, 0.0006835665553808212], [0.0007366037461906672, 0.0017751941923052073, 0.005194683559238911, 0.018156321719288826, 0.04898124188184738, 0.0699409618973732, 0.0471232645213604, 0.01573633775115013, 0.004626493435353041, 0.001538859331049025, 0.000790740770753473], [0.0008823238895274699, 0.0019227846059948206, 0.005768871400505304, 0.021723762154579163, 0.06647832691669464, 0.10262617468833923, 0.06816990673542023, 0.02075999602675438, 0.005829321686178446, 0.0017048335867002606, 0.0008830212755128741], [0.0008448632434010506, 0.0017217628192156553, 0.004878947511315346, 0.015733571723103523, 0.04697193205356598, 0.07189837098121643, 0.04763759300112724, 0.015450114384293556, 0.00491307070478797, 0.0015559728490188718, 0.0008372648735530674], [0.0008055702783167362, 0.0014095131773501635, 0.0032174030784517527, 0.007889713160693645, 0.018185770139098167, 0.024872571229934692, 0.01692165434360504, 0.007246110122650862, 0.0028830445371568203, 0.0012796844821423292, 0.0007014853181317449], [0.0006456042756326497, 0.0010700949933379889, 0.0019171318272128701, 0.003715712809935212, 0.005877086892724037, 0.006417982745915651, 0.004905464593321085, 0.002841335255652666, 0.0015213300939649343, 0.0008053539786487818, 0.000399834883864969], [0.00042056929669342935, 0.0006972379051148891, 0.0011507018934935331, 0.0018352995393797755, 0.0022551589645445347, 0.0021255789324641228, 0.0016937688924372196, 0.0011794330785050988, 0.0007753869867883623, 0.00046001008013263345, 0.00027228143881075084], [0.00030371095635928214, 0.00040410313522443175, 0.0007144741248339415, 0.001024137600325048, 0.0010896777966991067, 0.0009794606594368815, 0.0007732241065241396, 0.0005561396246775985, 0.000421699631260708, 0.00025918008759617805, 0.00019393241382203996]], "psfHeight": 11, "psfWidth": 11, "width": 138}