{"disk": {"mu": [126.41048347949982, 128.45410412549973], "roll": 1.2360594894780823, "rEff": 110.46771710744584, "axRatio": 1.698565965656227, "i0": 0.13, "c": 2, "n": 1}, "bulge": {"mu": [129.43392097949982, 128.06217277050018], "roll": 1.0303768265243125, "rEff": 11.635482288917082, "axRatio": 1.9369367924460092, "i0": 0.6, "c": 2, "n": 0.78}, "bar": {"mu": [129.68587410449982, 127.67024910449982], "roll": 1.192924989697078, "rEff": 10.430859374999999, "axRatio": 2.8125, "i0": 0.12, "c": 2.0, "n": 0.73}, "spiral": [[[[129.50390625, 127.5890625], [129.755859375, 127.5890625], [130.058203125, 127.841015625], [130.562109375, 127.841015625], [130.8140625, 127.841015625], [131.11640624999998, 128.09296874999998], [131.36835937499998, 128.09296874999998], [131.92265625000002, 128.09296874999998], [131.92265625000002, 128.39531250000002], [132.17460937500002, 128.39531250000002], [132.42656250000002, 128.39531250000002], [132.72890625, 128.39531250000002], [132.980859375, 128.39531250000002], [133.2328125, 128.39531250000002], [133.53515625, 128.39531250000002], [133.787109375, 128.39531250000002], [134.0390625, 128.39531250000002], [134.34140625, 128.39531250000002], [134.593359375, 128.39531250000002], [134.8453125, 128.39531250000002], [135.097265625, 128.39531250000002], [135.39960937499998, 128.39531250000002], [135.65156249999998, 128.39531250000002], [136.20585937500002, 128.39531250000002], [136.45781250000002, 128.39531250000002], [136.70976562500002, 128.39531250000002], [137.012109375, 128.39531250000002], [137.2640625, 128.39531250000002], [137.818359375, 128.39531250000002], [138.0703125, 128.09296874999998], [138.322265625, 128.09296874999998], [138.322265625, 127.841015625], [138.624609375, 127.841015625], [139.128515625, 127.5890625], [139.43085937499998, 127.5890625], [139.68281249999998, 127.28671874999999], [139.93476562499998, 126.78281249999999], [140.48906250000002, 126.53085937499999], [140.48906250000002, 126.228515625], [140.48906250000002, 125.724609375], [140.74101562500002, 125.42226562500001], [141.2953125, 125.42226562500001], [141.2953125, 125.17031250000001], [141.547265625, 124.91835937500001], [141.547265625, 124.616015625], [141.79921875, 124.3640625], [141.79921875, 124.112109375], [141.79921875, 123.809765625], [141.79921875, 123.5578125], [141.79921875, 123.305859375], [141.79921875, 123.00351562499999], [141.79921875, 122.75156249999999], [141.79921875, 122.24765624999999], [141.79921875, 121.9453125], [141.79921875, 121.693359375], [141.79921875, 121.44140625], [141.79921875, 121.13906250000001], [141.547265625, 121.13906250000001], [140.99296875000002, 121.13906250000001], [140.99296875000002, 120.63515625000001], [140.74101562500002, 120.3328125], [140.48906250000002, 120.080859375], [140.48906250000002, 119.82890625], [140.48906250000002, 119.5265625], [140.48906250000002, 119.274609375], [140.18671874999998, 119.02265625], [139.93476562499998, 118.72031249999999], [139.68281249999998, 118.72031249999999], [139.43085937499998, 118.46835937499999], [139.43085937499998, 118.21640624999999], [138.8765625, 117.9140625], [138.8765625, 117.41015625], [138.624609375, 117.158203125], [138.624609375, 116.85585937500001], [138.322265625, 116.35195312500001], [138.322265625, 116.049609375], [138.322265625, 115.79765625], [138.0703125, 115.243359375], [137.818359375, 115.243359375], [137.818359375, 114.99140625], [137.516015625, 114.739453125], [137.2640625, 114.43710937499999], [137.012109375, 114.43710937499999], [137.012109375, 114.18515624999999], [136.45781250000002, 113.630859375], [136.45781250000002, 113.37890625], [136.20585937500002, 113.37890625], [135.90351562499998, 113.37890625], [135.65156249999998, 113.37890625], [135.65156249999998, 113.126953125], [135.39960937499998, 112.875], [135.097265625, 112.875], [135.097265625, 112.57265625000001], [134.8453125, 112.57265625000001], [134.593359375, 112.57265625000001], [134.0390625, 112.57265625000001], [134.0390625, 112.32070312500001], [134.0390625, 112.06875000000001], [133.53515625, 111.514453125], [133.2328125, 111.514453125], [132.980859375, 111.2625], [132.42656250000002, 110.96015625], [132.17460937500002, 110.96015625], [131.92265625000002, 110.96015625], [131.92265625000002, 110.708203125], [131.92265625000002, 110.45625], [131.36835937499998, 110.45625], [131.11640624999998, 110.15390624999999], [130.562109375, 109.64999999999999], [130.058203125, 109.64999999999999], [129.50390625, 109.34765625], [129.50390625, 109.095703125], [128.949609375, 108.84375], [128.69765625, 108.84375], [128.445703125, 108.84375], [128.14335937500002, 108.28945312500001], [127.639453125, 108.28945312500001], [127.337109375, 108.28945312500001], [127.08515625, 108.28945312500001], [126.53085937499999, 108.28945312500001], [126.27890624999999, 108.28945312500001], [125.724609375, 108.28945312500001], [125.47265625, 108.03750000000001], [125.220703125, 108.03750000000001], [124.66640625000001, 108.03750000000001], [123.86015625, 108.03750000000001], [123.608203125, 108.03750000000001], [123.35625, 107.78554687500001], [122.801953125, 107.78554687500001], [122.24765624999999, 107.78554687500001], [121.99570312499999, 107.78554687500001], [121.74374999999999, 107.78554687500001], [121.189453125, 107.78554687500001], [120.685546875, 107.78554687500001], [120.38320312500001, 107.78554687500001], [120.13125000000001, 107.78554687500001], [119.576953125, 108.03750000000001], [119.073046875, 108.03750000000001], [118.770703125, 108.28945312500001], [118.51875, 108.54140625000001], [117.71249999999999, 108.54140625000001], [117.46054687499999, 108.84375], [116.90625, 108.84375], [116.654296875, 109.095703125], [116.654296875, 109.34765625], [116.10000000000001, 109.34765625], [115.84804687500001, 109.34765625], [115.29375, 109.34765625], [114.78984375, 109.34765625], [114.78984375, 109.64999999999999], [114.235546875, 109.64999999999999], [113.42929687499999, 109.64999999999999], [112.875, 109.64999999999999], [112.623046875, 109.64999999999999], [112.06875000000001, 109.90195312499999], [111.56484375000001, 109.90195312499999], [110.75859375, 110.45625], [109.95234375, 110.45625], [109.39804687499999, 110.708203125], [108.89414062499999, 110.96015625], [108.33984375, 111.2625], [107.53359375000001, 111.514453125], [107.28164062500001, 112.06875000000001], [106.475390625, 112.32070312500001], [106.2234375, 112.32070312500001], [105.4171875, 112.57265625000001], [104.61093749999999, 112.57265625000001], [104.056640625, 113.126953125], [103.25039062500001, 113.126953125], [102.99843750000001, 113.630859375], [102.1921875, 113.93320312499999], [101.3859375, 114.43710937499999], [100.83164062499999, 114.739453125], [100.57968749999999, 114.739453125], [99.7734375, 115.545703125], [99.521484375, 116.049609375], [99.21914062500001, 116.60390625000001], [98.96718750000001, 116.85585937500001], [98.71523437500001, 117.41015625], [98.1609375, 118.21640624999999], [97.908984375, 118.72031249999999], [97.606640625, 119.5265625], [97.3546875, 120.080859375], [97.102734375, 120.88710937500001], [96.85078125, 121.13906250000001], [96.29648437499999, 121.13906250000001], [96.29648437499999, 121.44140625], [95.7421875, 121.9453125], [95.490234375, 121.9453125], [95.490234375, 122.75156249999999], [95.23828125, 123.305859375], [94.68398437500001, 123.5578125], [94.43203125000001, 124.91835937500001], [94.43203125000001, 125.42226562500001], [94.1296875, 126.53085937499999], [94.1296875, 126.78281249999999], [94.1296875, 127.5890625], [94.1296875, 128.39531250000002], [94.1296875, 128.89921875000002], [93.877734375, 129.70546875], [93.62578125, 129.70546875], [93.62578125, 130.8140625], [93.62578125, 131.066015625], [93.62578125, 131.87226562499998], [93.3234375, 131.87226562499998], [93.3234375, 132.67851562500002], [93.3234375, 133.18242187500002], [93.3234375, 133.988671875], [93.3234375, 134.54296875], [93.3234375, 135.34921875], [93.3234375, 135.601171875], [93.62578125, 136.40742187499998], 